protein_key	mutation_label	sequence_index	field	target_shape	reconstructed_shape	shape_match	exact_equal	allclose_atol_1e-6_rtol_1e-6	max_abs_diff	target_dtype	reconstructed_dtype
1amqA	C191Y	179	center_mut_wild_energy	scalar	scalar	True	False	True	1.78813934326e-07	float64	float32
1amqA	C191Y	179	center_mut_max_energy	scalar	scalar	True	False	True	1.78813934326e-07	float64	float32
1amqA	C191Y	179	center_entropy	scalar	scalar	True	True	True	0	float64	float32
1amqA	C191Y	179	weighted_neighbor_entropies	scalar	scalar	True	False	True	2.38418579102e-07	float32	float32
1amqA	C191Y	179	weighted_neighbor_energy_changes	scalar	scalar	True	False	True	8.37220198946e-07	float64	float32
1amqA	C191Y	179	backward_weighted_neighbor_energy_changes	scalar	scalar	True	False	True	1.59720663007e-06	float64	float32
1amqA	C191Y	179	V2_backward_weighted_neighbor_energy_changes	scalar	scalar	True	False	True	7.76176634076e-09	float64	float32
1amqA	C191Y	179	weighted_neighbor_forward_KL	scalar	scalar	True	True	True	0	float32	float32
1amqA	C191Y	179	weighted_neighbor_backward_KL	scalar	scalar	True	True	True	0	float32	float32
1amqA	C191Y	179	backward_weighted_neighbor_backward_KL	scalar	scalar	True	True	True	0	float32	float32
1amqA	C191Y	179	V2_backward_weighted_neighbor_backward_KL	scalar	scalar	True	True	True	0	float32	float32
1amqA	C191Y	179	weighted_neighbor_entropy_changes	scalar	scalar	True	True	True	0	float32	float32
1amqA	C191Y	179	backward_weighted_neighbor_entropy_changes	scalar	scalar	True	True	True	0	float32	float32
1amqA	C191Y	179	V2_backward_weighted_neighbor_entropy_changes	scalar	scalar	True	True	True	0	float32	float32
1amqA	C191Y	179	center_neighbor_weight_check_m_w	scalar	scalar	True	True	True	0	float32	float32
1amqA	C191Y	179	center_neighbor_weight_check_w_m	scalar	scalar	True	True	True	0	float32	float32
1amqA	C191Y	179	neighbor_embedding_change_m_w	scalar	scalar	True	True	True	0	float32	float32
1amqA	C191Y	179	neighbor_embedding_change_m_w_raw	15x128	15x128	True	True	True	0	float32	float32
1amqA	C191Y	179	neighbor_message_change_m_w	scalar	scalar	True	True	True	0	float32	float32
1amqA	C191Y	179	neighbor_message_change_m_w_raw	15x128x1	15x128x1	True	True	True	0	float32	float32
1amqA	C191Y	179	unweighted_backward_KL	scalar	scalar	True	True	True	0	float32	float32
1amqA	C191Y	179	unweighted_forward_KL	scalar	scalar	True	True	True	0	float32	float32
1amqA	C191Y	179	wild_pssm	scalar	scalar	True	True	True	0	float64	float64
1amqA	C191Y	179	alternate_pssm	scalar	scalar	True	True	True	0	float64	float64
1amqA	C191F	179	center_mut_wild_energy	scalar	scalar	True	False	True	1.49011611938e-07	float64	float32
1amqA	C191F	179	center_mut_max_energy	scalar	scalar	True	False	True	1.49011611938e-07	float64	float32
1amqA	C191F	179	center_entropy	scalar	scalar	True	True	True	0	float64	float32
1amqA	C191F	179	weighted_neighbor_entropies	scalar	scalar	True	False	True	1.19209289551e-07	float32	float32
1amqA	C191F	179	weighted_neighbor_energy_changes	scalar	scalar	True	False	True	3.45708521365e-07	float64	float32
1amqA	C191F	179	backward_weighted_neighbor_energy_changes	scalar	scalar	True	False	True	8.0287320614e-07	float64	float32
1amqA	C191F	179	V2_backward_weighted_neighbor_energy_changes	scalar	scalar	True	False	True	3.58333366535e-07	float64	float32
1amqA	C191F	179	weighted_neighbor_forward_KL	scalar	scalar	True	True	True	0	float32	float32
1amqA	C191F	179	weighted_neighbor_backward_KL	scalar	scalar	True	True	True	0	float32	float32
1amqA	C191F	179	backward_weighted_neighbor_backward_KL	scalar	scalar	True	True	True	0	float32	float32
1amqA	C191F	179	V2_backward_weighted_neighbor_backward_KL	scalar	scalar	True	True	True	0	float32	float32
1amqA	C191F	179	weighted_neighbor_entropy_changes	scalar	scalar	True	True	True	0	float32	float32
1amqA	C191F	179	backward_weighted_neighbor_entropy_changes	scalar	scalar	True	True	True	0	float32	float32
1amqA	C191F	179	V2_backward_weighted_neighbor_entropy_changes	scalar	scalar	True	True	True	0	float32	float32
1amqA	C191F	179	center_neighbor_weight_check_m_w	scalar	scalar	True	True	True	0	float32	float32
1amqA	C191F	179	center_neighbor_weight_check_w_m	scalar	scalar	True	True	True	0	float32	float32
1amqA	C191F	179	neighbor_embedding_change_m_w	scalar	scalar	True	True	True	0	float32	float32
1amqA	C191F	179	neighbor_embedding_change_m_w_raw	15x128	15x128	True	True	True	0	float32	float32
1amqA	C191F	179	neighbor_message_change_m_w	scalar	scalar	True	True	True	0	float32	float32
1amqA	C191F	179	neighbor_message_change_m_w_raw	15x128x1	15x128x1	True	True	True	0	float32	float32
1amqA	C191F	179	unweighted_backward_KL	scalar	scalar	True	True	True	0	float32	float32
1amqA	C191F	179	unweighted_forward_KL	scalar	scalar	True	True	True	0	float32	float32
1amqA	C191F	179	wild_pssm	scalar	scalar	True	True	True	0	float64	float64
1amqA	C191F	179	alternate_pssm	scalar	scalar	True	True	True	0	float64	float64
1amqA	C191W	179	center_mut_wild_energy	scalar	scalar	True	False	True	2.08616256714e-07	float64	float32
1amqA	C191W	179	center_mut_max_energy	scalar	scalar	True	False	True	2.08616256714e-07	float64	float32
1amqA	C191W	179	center_entropy	scalar	scalar	True	True	True	0	float64	float32
1amqA	C191W	179	weighted_neighbor_entropies	scalar	scalar	True	True	True	0	float32	float32
1amqA	C191W	179	weighted_neighbor_energy_changes	scalar	scalar	True	False	True	4.13742817784e-08	float64	float32
1amqA	C191W	179	backward_weighted_neighbor_energy_changes	scalar	scalar	True	False	True	8.30923431394e-07	float64	float32
1amqA	C191W	179	V2_backward_weighted_neighbor_energy_changes	scalar	scalar	True	False	True	5.61862796289e-07	float64	float32
1amqA	C191W	179	weighted_neighbor_forward_KL	scalar	scalar	True	True	True	0	float32	float32
1amqA	C191W	179	weighted_neighbor_backward_KL	scalar	scalar	True	True	True	0	float32	float32
1amqA	C191W	179	backward_weighted_neighbor_backward_KL	scalar	scalar	True	True	True	0	float32	float32
1amqA	C191W	179	V2_backward_weighted_neighbor_backward_KL	scalar	scalar	True	True	True	0	float32	float32
1amqA	C191W	179	weighted_neighbor_entropy_changes	scalar	scalar	True	True	True	0	float32	float32
1amqA	C191W	179	backward_weighted_neighbor_entropy_changes	scalar	scalar	True	True	True	0	float32	float32
1amqA	C191W	179	V2_backward_weighted_neighbor_entropy_changes	scalar	scalar	True	True	True	0	float32	float32
1amqA	C191W	179	center_neighbor_weight_check_m_w	scalar	scalar	True	True	True	0	float32	float32
1amqA	C191W	179	center_neighbor_weight_check_w_m	scalar	scalar	True	True	True	0	float32	float32
1amqA	C191W	179	neighbor_embedding_change_m_w	scalar	scalar	True	False	True	9.53674316406e-07	float32	float32
1amqA	C191W	179	neighbor_embedding_change_m_w_raw	15x128	15x128	True	True	True	0	float32	float32
1amqA	C191W	179	neighbor_message_change_m_w	scalar	scalar	True	True	True	0	float32	float32
1amqA	C191W	179	neighbor_message_change_m_w_raw	15x128x1	15x128x1	True	True	True	0	float32	float32
1amqA	C191W	179	unweighted_backward_KL	scalar	scalar	True	True	True	0	float32	float32
1amqA	C191W	179	unweighted_forward_KL	scalar	scalar	True	True	True	0	float32	float32
1amqA	C191W	179	wild_pssm	scalar	scalar	True	True	True	0	float64	float64
1amqA	C191W	179	alternate_pssm	scalar	scalar	True	True	True	0	float64	float64
1amqA	C191S	179	center_mut_wild_energy	scalar	scalar	True	True	True	0	float64	float32
1amqA	C191S	179	center_mut_max_energy	scalar	scalar	True	True	True	0	float64	float32
1amqA	C191S	179	center_entropy	scalar	scalar	True	True	True	0	float64	float32
1amqA	C191S	179	weighted_neighbor_entropies	scalar	scalar	True	False	True	1.19209289551e-07	float32	float32
1amqA	C191S	179	weighted_neighbor_energy_changes	scalar	scalar	True	False	True	3.92044154918e-07	float64	float32
1amqA	C191S	179	backward_weighted_neighbor_energy_changes	scalar	scalar	True	False	True	2.14974762436e-08	float64	float32
1amqA	C191S	179	V2_backward_weighted_neighbor_energy_changes	scalar	scalar	True	False	True	2.71402074148e-08	float64	float32
1amqA	C191S	179	weighted_neighbor_forward_KL	scalar	scalar	True	True	True	0	float32	float32
1amqA	C191S	179	weighted_neighbor_backward_KL	scalar	scalar	True	True	True	0	float32	float32
1amqA	C191S	179	backward_weighted_neighbor_backward_KL	scalar	scalar	True	True	True	0	float32	float32
1amqA	C191S	179	V2_backward_weighted_neighbor_backward_KL	scalar	scalar	True	True	True	0	float32	float32
1amqA	C191S	179	weighted_neighbor_entropy_changes	scalar	scalar	True	True	True	0	float32	float32
1amqA	C191S	179	backward_weighted_neighbor_entropy_changes	scalar	scalar	True	True	True	0	float32	float32
1amqA	C191S	179	V2_backward_weighted_neighbor_entropy_changes	scalar	scalar	True	True	True	0	float32	float32
1amqA	C191S	179	center_neighbor_weight_check_m_w	scalar	scalar	True	True	True	0	float32	float32
1amqA	C191S	179	center_neighbor_weight_check_w_m	scalar	scalar	True	True	True	0	float32	float32
1amqA	C191S	179	neighbor_embedding_change_m_w	scalar	scalar	True	True	True	0	float32	float32
1amqA	C191S	179	neighbor_embedding_change_m_w_raw	15x128	15x128	True	True	True	0	float32	float32
1amqA	C191S	179	neighbor_message_change_m_w	scalar	scalar	True	True	True	0	float32	float32
1amqA	C191S	179	neighbor_message_change_m_w_raw	15x128x1	15x128x1	True	True	True	0	float32	float32
1amqA	C191S	179	unweighted_backward_KL	scalar	scalar	True	True	True	0	float32	float32
1amqA	C191S	179	unweighted_forward_KL	scalar	scalar	True	True	True	0	float32	float32
1amqA	C191S	179	wild_pssm	scalar	scalar	True	True	True	0	float64	float64
1amqA	C191S	179	alternate_pssm	scalar	scalar	True	True	True	0	float64	float64
1bniA	F7L	4	center_mut_wild_energy	scalar	scalar	True	True	True	0	float64	float32
1bniA	F7L	4	center_mut_max_energy	scalar	scalar	True	True	True	0	float64	float32
1bniA	F7L	4	center_entropy	scalar	scalar	True	True	True	0	float64	float32
1bniA	F7L	4	weighted_neighbor_entropies	scalar	scalar	True	False	True	2.38418579102e-07	float32	float32
1bniA	F7L	4	weighted_neighbor_energy_changes	scalar	scalar	True	False	True	8.9231090783e-07	float64	float32
1bniA	F7L	4	backward_weighted_neighbor_energy_changes	scalar	scalar	True	False	True	1.85896909244e-06	float64	float32
1bniA	F7L	4	V2_backward_weighted_neighbor_energy_changes	scalar	scalar	True	False	True	1.41612434845e-06	float64	float32
1bniA	F7L	4	weighted_neighbor_forward_KL	scalar	scalar	True	True	True	0	float32	float32
1bniA	F7L	4	weighted_neighbor_backward_KL	scalar	scalar	True	True	True	0	float32	float32
1bniA	F7L	4	backward_weighted_neighbor_backward_KL	scalar	scalar	True	True	True	0	float32	float32
1bniA	F7L	4	V2_backward_weighted_neighbor_backward_KL	scalar	scalar	True	True	True	0	float32	float32
1bniA	F7L	4	weighted_neighbor_entropy_changes	scalar	scalar	True	True	True	0	float32	float32
1bniA	F7L	4	backward_weighted_neighbor_entropy_changes	scalar	scalar	True	True	True	0	float32	float32
1bniA	F7L	4	V2_backward_weighted_neighbor_entropy_changes	scalar	scalar	True	True	True	0	float32	float32
1bniA	F7L	4	center_neighbor_weight_check_m_w	scalar	scalar	True	True	True	0	float32	float32
1bniA	F7L	4	center_neighbor_weight_check_w_m	scalar	scalar	True	True	True	0	float32	float32
1bniA	F7L	4	neighbor_embedding_change_m_w	scalar	scalar	True	True	True	0	float32	float32
1bniA	F7L	4	neighbor_embedding_change_m_w_raw	15x128	15x128	True	True	True	0	float32	float32
1bniA	F7L	4	neighbor_message_change_m_w	scalar	scalar	True	True	True	0	float32	float32
1bniA	F7L	4	neighbor_message_change_m_w_raw	15x128x1	15x128x1	True	True	True	0	float32	float32
1bniA	F7L	4	unweighted_backward_KL	scalar	scalar	True	True	True	0	float32	float32
1bniA	F7L	4	unweighted_forward_KL	scalar	scalar	True	True	True	0	float32	float32
1bniA	F7L	4	wild_pssm	scalar	scalar	True	True	True	0	float64	float64
1bniA	F7L	4	alternate_pssm	scalar	scalar	True	True	True	0	float64	float64
1bniA	L14A	11	center_mut_wild_energy	scalar	scalar	True	True	True	0	float64	float32
1bniA	L14A	11	center_mut_max_energy	scalar	scalar	True	False	True	2.23517417908e-07	float64	float32
1bniA	L14A	11	center_entropy	scalar	scalar	True	True	True	0	float64	float32
1bniA	L14A	11	weighted_neighbor_entropies	scalar	scalar	True	False	True	2.38418579102e-07	float32	float32
1bniA	L14A	11	weighted_neighbor_energy_changes	scalar	scalar	True	False	True	5.83021062539e-08	float64	float32
1bniA	L14A	11	backward_weighted_neighbor_energy_changes	scalar	scalar	True	False	True	2.89518240493e-08	float64	float32
1bniA	L14A	11	V2_backward_weighted_neighbor_energy_changes	scalar	scalar	True	False	True	5.10427611289e-08	float64	float32
1bniA	L14A	11	weighted_neighbor_forward_KL	scalar	scalar	True	True	True	0	float32	float32
1bniA	L14A	11	weighted_neighbor_backward_KL	scalar	scalar	True	True	True	0	float32	float32
1bniA	L14A	11	backward_weighted_neighbor_backward_KL	scalar	scalar	True	True	True	0	float32	float32
1bniA	L14A	11	V2_backward_weighted_neighbor_backward_KL	scalar	scalar	True	True	True	0	float32	float32
1bniA	L14A	11	weighted_neighbor_entropy_changes	scalar	scalar	True	True	True	0	float32	float32
1bniA	L14A	11	backward_weighted_neighbor_entropy_changes	scalar	scalar	True	True	True	0	float32	float32
1bniA	L14A	11	V2_backward_weighted_neighbor_entropy_changes	scalar	scalar	True	True	True	0	float32	float32
1bniA	L14A	11	center_neighbor_weight_check_m_w	scalar	scalar	True	True	True	0	float32	float32
1bniA	L14A	11	center_neighbor_weight_check_w_m	scalar	scalar	True	True	True	0	float32	float32
1bniA	L14A	11	neighbor_embedding_change_m_w	scalar	scalar	True	True	True	0	float32	float32
1bniA	L14A	11	neighbor_embedding_change_m_w_raw	15x128	15x128	True	True	True	0	float32	float32
1bniA	L14A	11	neighbor_message_change_m_w	scalar	scalar	True	False	True	9.53674316406e-07	float32	float32
1bniA	L14A	11	neighbor_message_change_m_w_raw	15x128x1	15x128x1	True	True	True	0	float32	float32
1bniA	L14A	11	unweighted_backward_KL	scalar	scalar	True	True	True	0	float32	float32
1bniA	L14A	11	unweighted_forward_KL	scalar	scalar	True	True	True	0	float32	float32
1bniA	L14A	11	wild_pssm	scalar	scalar	True	True	True	0	float64	float64
1bniA	L14A	11	alternate_pssm	scalar	scalar	True	True	True	0	float64	float64
1bniA	T26A	23	center_mut_wild_energy	scalar	scalar	True	False	True	8.94069671631e-08	float64	float32
1bniA	T26A	23	center_mut_max_energy	scalar	scalar	True	False	True	8.94069671631e-08	float64	float32
1bniA	T26A	23	center_entropy	scalar	scalar	True	True	True	0	float64	float32
1bniA	T26A	23	weighted_neighbor_entropies	scalar	scalar	True	False	True	1.19209289551e-07	float32	float32
1bniA	T26A	23	weighted_neighbor_energy_changes	scalar	scalar	True	False	True	9.25122591866e-08	float64	float32
1bniA	T26A	23	backward_weighted_neighbor_energy_changes	scalar	scalar	True	False	True	2.38196282254e-07	float64	float32
1bniA	T26A	23	V2_backward_weighted_neighbor_energy_changes	scalar	scalar	True	False	True	5.68656357558e-08	float64	float32
1bniA	T26A	23	weighted_neighbor_forward_KL	scalar	scalar	True	True	True	0	float32	float32
1bniA	T26A	23	weighted_neighbor_backward_KL	scalar	scalar	True	True	True	0	float32	float32
1bniA	T26A	23	backward_weighted_neighbor_backward_KL	scalar	scalar	True	True	True	0	float32	float32
1bniA	T26A	23	V2_backward_weighted_neighbor_backward_KL	scalar	scalar	True	True	True	0	float32	float32
1bniA	T26A	23	weighted_neighbor_entropy_changes	scalar	scalar	True	True	True	0	float32	float32
1bniA	T26A	23	backward_weighted_neighbor_entropy_changes	scalar	scalar	True	True	True	0	float32	float32
1bniA	T26A	23	V2_backward_weighted_neighbor_entropy_changes	scalar	scalar	True	True	True	0	float32	float32
1bniA	T26A	23	center_neighbor_weight_check_m_w	scalar	scalar	True	True	True	0	float32	float32
1bniA	T26A	23	center_neighbor_weight_check_w_m	scalar	scalar	True	True	True	0	float32	float32
1bniA	T26A	23	neighbor_embedding_change_m_w	scalar	scalar	True	True	True	0	float32	float32
1bniA	T26A	23	neighbor_embedding_change_m_w_raw	15x128	15x128	True	True	True	0	float32	float32
1bniA	T26A	23	neighbor_message_change_m_w	scalar	scalar	True	True	True	0	float32	float32
1bniA	T26A	23	neighbor_message_change_m_w_raw	15x128x1	15x128x1	True	True	True	0	float32	float32
1bniA	T26A	23	unweighted_backward_KL	scalar	scalar	True	True	True	0	float32	float32
1bniA	T26A	23	unweighted_forward_KL	scalar	scalar	True	True	True	0	float32	float32
1bniA	T26A	23	wild_pssm	scalar	scalar	True	True	True	0	float64	float64
1bniA	T26A	23	alternate_pssm	scalar	scalar	True	True	True	0	float64	float64
1bniA	I51V	48	center_mut_wild_energy	scalar	scalar	True	False	True	1.19209289551e-07	float64	float32
1bniA	I51V	48	center_mut_max_energy	scalar	scalar	True	False	True	1.19209289551e-07	float64	float32
1bniA	I51V	48	center_entropy	scalar	scalar	True	True	True	0	float64	float32
1bniA	I51V	48	weighted_neighbor_entropies	scalar	scalar	True	False	True	2.38418579102e-07	float32	float32
1bniA	I51V	48	weighted_neighbor_energy_changes	scalar	scalar	True	False	True	9.28050210014e-08	float64	float32
1bniA	I51V	48	backward_weighted_neighbor_energy_changes	scalar	scalar	True	False	True	8.63091567105e-08	float64	float32
1bniA	I51V	48	V2_backward_weighted_neighbor_energy_changes	scalar	scalar	True	False	True	7.55807296748e-08	float64	float32
1bniA	I51V	48	weighted_neighbor_forward_KL	scalar	scalar	True	True	True	0	float32	float32
1bniA	I51V	48	weighted_neighbor_backward_KL	scalar	scalar	True	True	True	0	float32	float32
1bniA	I51V	48	backward_weighted_neighbor_backward_KL	scalar	scalar	True	True	True	0	float32	float32
1bniA	I51V	48	V2_backward_weighted_neighbor_backward_KL	scalar	scalar	True	True	True	0	float32	float32
1bniA	I51V	48	weighted_neighbor_entropy_changes	scalar	scalar	True	True	True	0	float32	float32
1bniA	I51V	48	backward_weighted_neighbor_entropy_changes	scalar	scalar	True	True	True	0	float32	float32
1bniA	I51V	48	V2_backward_weighted_neighbor_entropy_changes	scalar	scalar	True	True	True	0	float32	float32
1bniA	I51V	48	center_neighbor_weight_check_m_w	scalar	scalar	True	True	True	0	float32	float32
1bniA	I51V	48	center_neighbor_weight_check_w_m	scalar	scalar	True	True	True	0	float32	float32
1bniA	I51V	48	neighbor_embedding_change_m_w	scalar	scalar	True	True	True	0	float32	float32
1bniA	I51V	48	neighbor_embedding_change_m_w_raw	15x128	15x128	True	True	True	0	float32	float32
1bniA	I51V	48	neighbor_message_change_m_w	scalar	scalar	True	True	True	0	float32	float32
1bniA	I51V	48	neighbor_message_change_m_w_raw	15x128x1	15x128x1	True	True	True	0	float32	float32
1bniA	I51V	48	unweighted_backward_KL	scalar	scalar	True	True	True	0	float32	float32
1bniA	I51V	48	unweighted_forward_KL	scalar	scalar	True	True	True	0	float32	float32
1bniA	I51V	48	wild_pssm	scalar	scalar	True	True	True	0	float64	float64
1bniA	I51V	48	alternate_pssm	scalar	scalar	True	True	True	0	float64	float64
1bniA	I76A	73	center_mut_wild_energy	scalar	scalar	True	False	True	5.96046447754e-08	float64	float32
1bniA	I76A	73	center_mut_max_energy	scalar	scalar	True	False	True	5.96046447754e-08	float64	float32
1bniA	I76A	73	center_entropy	scalar	scalar	True	True	True	0	float64	float32
1bniA	I76A	73	weighted_neighbor_entropies	scalar	scalar	True	False	True	3.57627868652e-07	float32	float32
1bniA	I76A	73	weighted_neighbor_energy_changes	scalar	scalar	True	False	True	4.37042388057e-07	float64	float32
1bniA	I76A	73	backward_weighted_neighbor_energy_changes	scalar	scalar	True	False	True	1.93831169781e-07	float64	float32
1bniA	I76A	73	V2_backward_weighted_neighbor_energy_changes	scalar	scalar	True	False	True	1.46264551404e-06	float64	float32
1bniA	I76A	73	weighted_neighbor_forward_KL	scalar	scalar	True	True	True	0	float32	float32
1bniA	I76A	73	weighted_neighbor_backward_KL	scalar	scalar	True	True	True	0	float32	float32
1bniA	I76A	73	backward_weighted_neighbor_backward_KL	scalar	scalar	True	True	True	0	float32	float32
1bniA	I76A	73	V2_backward_weighted_neighbor_backward_KL	scalar	scalar	True	True	True	0	float32	float32
1bniA	I76A	73	weighted_neighbor_entropy_changes	scalar	scalar	True	True	True	0	float32	float32
1bniA	I76A	73	backward_weighted_neighbor_entropy_changes	scalar	scalar	True	True	True	0	float32	float32
1bniA	I76A	73	V2_backward_weighted_neighbor_entropy_changes	scalar	scalar	True	True	True	0	float32	float32
1bniA	I76A	73	center_neighbor_weight_check_m_w	scalar	scalar	True	True	True	0	float32	float32
1bniA	I76A	73	center_neighbor_weight_check_w_m	scalar	scalar	True	True	True	0	float32	float32
1bniA	I76A	73	neighbor_embedding_change_m_w	scalar	scalar	True	True	True	0	float32	float32
1bniA	I76A	73	neighbor_embedding_change_m_w_raw	15x128	15x128	True	True	True	0	float32	float32
1bniA	I76A	73	neighbor_message_change_m_w	scalar	scalar	True	False	True	4.76837158203e-07	float32	float32
1bniA	I76A	73	neighbor_message_change_m_w_raw	15x128x1	15x128x1	True	True	True	0	float32	float32
1bniA	I76A	73	unweighted_backward_KL	scalar	scalar	True	True	True	0	float32	float32
1bniA	I76A	73	unweighted_forward_KL	scalar	scalar	True	True	True	0	float32	float32
1bniA	I76A	73	wild_pssm	scalar	scalar	True	True	True	0	float64	float64
1bniA	I76A	73	alternate_pssm	scalar	scalar	True	True	True	0	float64	float64
1bniA	I76V	73	center_mut_wild_energy	scalar	scalar	True	True	True	0	float64	float32
1bniA	I76V	73	center_mut_max_energy	scalar	scalar	True	True	True	0	float64	float32
1bniA	I76V	73	center_entropy	scalar	scalar	True	True	True	0	float64	float32
1bniA	I76V	73	weighted_neighbor_entropies	scalar	scalar	True	False	True	2.38418579102e-07	float32	float32
1bniA	I76V	73	weighted_neighbor_energy_changes	scalar	scalar	True	False	True	9.10076565219e-08	float64	float32
1bniA	I76V	73	backward_weighted_neighbor_energy_changes	scalar	scalar	True	False	True	2.23704435864e-07	float64	float32
1bniA	I76V	73	V2_backward_weighted_neighbor_energy_changes	scalar	scalar	True	False	True	4.90026903499e-08	float64	float32
1bniA	I76V	73	weighted_neighbor_forward_KL	scalar	scalar	True	True	True	0	float32	float32
1bniA	I76V	73	weighted_neighbor_backward_KL	scalar	scalar	True	True	True	0	float32	float32
1bniA	I76V	73	backward_weighted_neighbor_backward_KL	scalar	scalar	True	True	True	0	float32	float32
1bniA	I76V	73	V2_backward_weighted_neighbor_backward_KL	scalar	scalar	True	True	True	0	float32	float32
1bniA	I76V	73	weighted_neighbor_entropy_changes	scalar	scalar	True	True	True	0	float32	float32
1bniA	I76V	73	backward_weighted_neighbor_entropy_changes	scalar	scalar	True	True	True	0	float32	float32
1bniA	I76V	73	V2_backward_weighted_neighbor_entropy_changes	scalar	scalar	True	True	True	0	float32	float32
1bniA	I76V	73	center_neighbor_weight_check_m_w	scalar	scalar	True	True	True	0	float32	float32
1bniA	I76V	73	center_neighbor_weight_check_w_m	scalar	scalar	True	True	True	0	float32	float32
1bniA	I76V	73	neighbor_embedding_change_m_w	scalar	scalar	True	True	True	0	float32	float32
1bniA	I76V	73	neighbor_embedding_change_m_w_raw	15x128	15x128	True	True	True	0	float32	float32
1bniA	I76V	73	neighbor_message_change_m_w	scalar	scalar	True	True	True	0	float32	float32
1bniA	I76V	73	neighbor_message_change_m_w_raw	15x128x1	15x128x1	True	True	True	0	float32	float32
1bniA	I76V	73	unweighted_backward_KL	scalar	scalar	True	True	True	0	float32	float32
1bniA	I76V	73	unweighted_forward_KL	scalar	scalar	True	True	True	0	float32	float32
1bniA	I76V	73	wild_pssm	scalar	scalar	True	True	True	0	float64	float64
1bniA	I76V	73	alternate_pssm	scalar	scalar	True	True	True	0	float64	float64
1bniA	Y78F	75	center_mut_wild_energy	scalar	scalar	True	False	True	1.04308128357e-07	float64	float32
1bniA	Y78F	75	center_mut_max_energy	scalar	scalar	True	False	True	1.04308128357e-07	float64	float32
1bniA	Y78F	75	center_entropy	scalar	scalar	True	True	True	0	float64	float32
1bniA	Y78F	75	weighted_neighbor_entropies	scalar	scalar	True	False	True	7.15255737305e-07	float32	float32
1bniA	Y78F	75	weighted_neighbor_energy_changes	scalar	scalar	True	False	True	8.37186266978e-07	float64	float32
1bniA	Y78F	75	backward_weighted_neighbor_energy_changes	scalar	scalar	True	False	True	1.26588739491e-06	float64	float32
1bniA	Y78F	75	V2_backward_weighted_neighbor_energy_changes	scalar	scalar	True	False	True	6.96265832545e-07	float64	float32
1bniA	Y78F	75	weighted_neighbor_forward_KL	scalar	scalar	True	True	True	0	float32	float32
1bniA	Y78F	75	weighted_neighbor_backward_KL	scalar	scalar	True	True	True	0	float32	float32
1bniA	Y78F	75	backward_weighted_neighbor_backward_KL	scalar	scalar	True	True	True	0	float32	float32
1bniA	Y78F	75	V2_backward_weighted_neighbor_backward_KL	scalar	scalar	True	True	True	0	float32	float32
1bniA	Y78F	75	weighted_neighbor_entropy_changes	scalar	scalar	True	True	True	0	float32	float32
1bniA	Y78F	75	backward_weighted_neighbor_entropy_changes	scalar	scalar	True	True	True	0	float32	float32
1bniA	Y78F	75	V2_backward_weighted_neighbor_entropy_changes	scalar	scalar	True	True	True	0	float32	float32
1bniA	Y78F	75	center_neighbor_weight_check_m_w	scalar	scalar	True	True	True	0	float32	float32
1bniA	Y78F	75	center_neighbor_weight_check_w_m	scalar	scalar	True	True	True	0	float32	float32
1bniA	Y78F	75	neighbor_embedding_change_m_w	scalar	scalar	True	True	True	0	float32	float32
1bniA	Y78F	75	neighbor_embedding_change_m_w_raw	15x128	15x128	True	True	True	0	float32	float32
1bniA	Y78F	75	neighbor_message_change_m_w	scalar	scalar	True	True	True	0	float32	float32
1bniA	Y78F	75	neighbor_message_change_m_w_raw	15x128x1	15x128x1	True	True	True	0	float32	float32
1bniA	Y78F	75	unweighted_backward_KL	scalar	scalar	True	True	True	0	float32	float32
1bniA	Y78F	75	unweighted_forward_KL	scalar	scalar	True	True	True	0	float32	float32
1bniA	Y78F	75	wild_pssm	scalar	scalar	True	True	True	0	float64	float64
1bniA	Y78F	75	alternate_pssm	scalar	scalar	True	True	True	0	float64	float64
1bniA	I88A	85	center_mut_wild_energy	scalar	scalar	True	False	True	5.96046447754e-08	float64	float32
1bniA	I88A	85	center_mut_max_energy	scalar	scalar	True	False	True	5.96046447754e-08	float64	float32
1bniA	I88A	85	center_entropy	scalar	scalar	True	True	True	0	float64	float32
1bniA	I88A	85	weighted_neighbor_entropies	scalar	scalar	True	False	True	1.19209289551e-07	float32	float32
1bniA	I88A	85	weighted_neighbor_energy_changes	scalar	scalar	True	False	True	1.23254210571e-06	float64	float32
1bniA	I88A	85	backward_weighted_neighbor_energy_changes	scalar	scalar	True	False	True	1.23023968257e-06	float64	float32
1bniA	I88A	85	V2_backward_weighted_neighbor_energy_changes	scalar	scalar	True	False	True	1.31773655632e-06	float64	float32
1bniA	I88A	85	weighted_neighbor_forward_KL	scalar	scalar	True	True	True	0	float32	float32
1bniA	I88A	85	weighted_neighbor_backward_KL	scalar	scalar	True	True	True	0	float32	float32
1bniA	I88A	85	backward_weighted_neighbor_backward_KL	scalar	scalar	True	True	True	0	float32	float32
1bniA	I88A	85	V2_backward_weighted_neighbor_backward_KL	scalar	scalar	True	True	True	0	float32	float32
1bniA	I88A	85	weighted_neighbor_entropy_changes	scalar	scalar	True	True	True	0	float32	float32
1bniA	I88A	85	backward_weighted_neighbor_entropy_changes	scalar	scalar	True	True	True	0	float32	float32
1bniA	I88A	85	V2_backward_weighted_neighbor_entropy_changes	scalar	scalar	True	True	True	0	float32	float32
1bniA	I88A	85	center_neighbor_weight_check_m_w	scalar	scalar	True	True	True	0	float32	float32
1bniA	I88A	85	center_neighbor_weight_check_w_m	scalar	scalar	True	True	True	0	float32	float32
1bniA	I88A	85	neighbor_embedding_change_m_w	scalar	scalar	True	True	True	0	float32	float32
1bniA	I88A	85	neighbor_embedding_change_m_w_raw	15x128	15x128	True	True	True	0	float32	float32
1bniA	I88A	85	neighbor_message_change_m_w	scalar	scalar	True	True	True	0	float32	float32
1bniA	I88A	85	neighbor_message_change_m_w_raw	15x128x1	15x128x1	True	True	True	0	float32	float32
1bniA	I88A	85	unweighted_backward_KL	scalar	scalar	True	True	True	0	float32	float32
1bniA	I88A	85	unweighted_forward_KL	scalar	scalar	True	True	True	0	float32	float32
1bniA	I88A	85	wild_pssm	scalar	scalar	True	True	True	0	float64	float64
1bniA	I88A	85	alternate_pssm	scalar	scalar	True	True	True	0	float64	float64
1bniA	I88V	85	center_mut_wild_energy	scalar	scalar	True	False	True	5.96046447754e-08	float64	float32
1bniA	I88V	85	center_mut_max_energy	scalar	scalar	True	False	True	5.96046447754e-08	float64	float32
1bniA	I88V	85	center_entropy	scalar	scalar	True	True	True	0	float64	float32
1bniA	I88V	85	weighted_neighbor_entropies	scalar	scalar	True	False	True	3.57627868652e-07	float32	float32
1bniA	I88V	85	weighted_neighbor_energy_changes	scalar	scalar	True	False	True	3.16761957997e-07	float64	float32
1bniA	I88V	85	backward_weighted_neighbor_energy_changes	scalar	scalar	True	False	True	7.67621166631e-08	float64	float32
1bniA	I88V	85	V2_backward_weighted_neighbor_energy_changes	scalar	scalar	True	False	True	7.75504851447e-08	float64	float32
1bniA	I88V	85	weighted_neighbor_forward_KL	scalar	scalar	True	True	True	0	float32	float32
1bniA	I88V	85	weighted_neighbor_backward_KL	scalar	scalar	True	True	True	0	float32	float32
1bniA	I88V	85	backward_weighted_neighbor_backward_KL	scalar	scalar	True	True	True	0	float32	float32
1bniA	I88V	85	V2_backward_weighted_neighbor_backward_KL	scalar	scalar	True	True	True	0	float32	float32
1bniA	I88V	85	weighted_neighbor_entropy_changes	scalar	scalar	True	True	True	0	float32	float32
1bniA	I88V	85	backward_weighted_neighbor_entropy_changes	scalar	scalar	True	True	True	0	float32	float32
1bniA	I88V	85	V2_backward_weighted_neighbor_entropy_changes	scalar	scalar	True	True	True	0	float32	float32
1bniA	I88V	85	center_neighbor_weight_check_m_w	scalar	scalar	True	True	True	0	float32	float32
1bniA	I88V	85	center_neighbor_weight_check_w_m	scalar	scalar	True	True	True	0	float32	float32
1bniA	I88V	85	neighbor_embedding_change_m_w	scalar	scalar	True	True	True	0	float32	float32
1bniA	I88V	85	neighbor_embedding_change_m_w_raw	15x128	15x128	True	True	True	0	float32	float32
1bniA	I88V	85	neighbor_message_change_m_w	scalar	scalar	True	True	True	0	float32	float32
1bniA	I88V	85	neighbor_message_change_m_w_raw	15x128x1	15x128x1	True	True	True	0	float32	float32
1bniA	I88V	85	unweighted_backward_KL	scalar	scalar	True	True	True	0	float32	float32
1bniA	I88V	85	unweighted_forward_KL	scalar	scalar	True	True	True	0	float32	float32
1bniA	I88V	85	wild_pssm	scalar	scalar	True	True	True	0	float64	float64
1bniA	I88V	85	alternate_pssm	scalar	scalar	True	True	True	0	float64	float64
1bniA	L89V	86	center_mut_wild_energy	scalar	scalar	True	True	True	0	float64	float32
1bniA	L89V	86	center_mut_max_energy	scalar	scalar	True	False	True	5.96046447754e-08	float64	float32
1bniA	L89V	86	center_entropy	scalar	scalar	True	True	True	0	float64	float32
1bniA	L89V	86	weighted_neighbor_entropies	scalar	scalar	True	False	True	2.38418579102e-07	float32	float32
1bniA	L89V	86	weighted_neighbor_energy_changes	scalar	scalar	True	False	True	5.33998274932e-07	float64	float32
1bniA	L89V	86	backward_weighted_neighbor_energy_changes	scalar	scalar	True	False	True	5.79616937557e-07	float64	float32
1bniA	L89V	86	V2_backward_weighted_neighbor_energy_changes	scalar	scalar	True	False	True	4.038644974e-07	float64	float32
1bniA	L89V	86	weighted_neighbor_forward_KL	scalar	scalar	True	True	True	0	float32	float32
1bniA	L89V	86	weighted_neighbor_backward_KL	scalar	scalar	True	True	True	0	float32	float32
1bniA	L89V	86	backward_weighted_neighbor_backward_KL	scalar	scalar	True	True	True	0	float32	float32
1bniA	L89V	86	V2_backward_weighted_neighbor_backward_KL	scalar	scalar	True	True	True	0	float32	float32
1bniA	L89V	86	weighted_neighbor_entropy_changes	scalar	scalar	True	True	True	0	float32	float32
1bniA	L89V	86	backward_weighted_neighbor_entropy_changes	scalar	scalar	True	True	True	0	float32	float32
1bniA	L89V	86	V2_backward_weighted_neighbor_entropy_changes	scalar	scalar	True	True	True	0	float32	float32
1bniA	L89V	86	center_neighbor_weight_check_m_w	scalar	scalar	True	True	True	0	float32	float32
1bniA	L89V	86	center_neighbor_weight_check_w_m	scalar	scalar	True	True	True	0	float32	float32
1bniA	L89V	86	neighbor_embedding_change_m_w	scalar	scalar	True	True	True	0	float32	float32
1bniA	L89V	86	neighbor_embedding_change_m_w_raw	15x128	15x128	True	True	True	0	float32	float32
1bniA	L89V	86	neighbor_message_change_m_w	scalar	scalar	True	True	True	0	float32	float32
1bniA	L89V	86	neighbor_message_change_m_w_raw	15x128x1	15x128x1	True	True	True	0	float32	float32
1bniA	L89V	86	unweighted_backward_KL	scalar	scalar	True	True	True	0	float32	float32
1bniA	L89V	86	unweighted_forward_KL	scalar	scalar	True	True	True	0	float32	float32
1bniA	L89V	86	wild_pssm	scalar	scalar	True	True	True	0	float64	float64
1bniA	L89V	86	alternate_pssm	scalar	scalar	True	True	True	0	float64	float64
1bniA	S91A	88	center_mut_wild_energy	scalar	scalar	True	False	True	1.49011611938e-07	float64	float32
1bniA	S91A	88	center_mut_max_energy	scalar	scalar	True	False	True	1.49011611938e-07	float64	float32
1bniA	S91A	88	center_entropy	scalar	scalar	True	True	True	0	float64	float32
1bniA	S91A	88	weighted_neighbor_entropies	scalar	scalar	True	True	True	0	float32	float32
1bniA	S91A	88	weighted_neighbor_energy_changes	scalar	scalar	True	False	True	2.54421749446e-07	float64	float32
1bniA	S91A	88	backward_weighted_neighbor_energy_changes	scalar	scalar	True	False	True	1.15216122865e-07	float64	float32
1bniA	S91A	88	V2_backward_weighted_neighbor_energy_changes	scalar	scalar	True	False	True	1.34764839288e-08	float64	float32
1bniA	S91A	88	weighted_neighbor_forward_KL	scalar	scalar	True	True	True	0	float32	float32
1bniA	S91A	88	weighted_neighbor_backward_KL	scalar	scalar	True	True	True	0	float32	float32
1bniA	S91A	88	backward_weighted_neighbor_backward_KL	scalar	scalar	True	True	True	0	float32	float32
1bniA	S91A	88	V2_backward_weighted_neighbor_backward_KL	scalar	scalar	True	True	True	0	float32	float32
1bniA	S91A	88	weighted_neighbor_entropy_changes	scalar	scalar	True	True	True	0	float32	float32
1bniA	S91A	88	backward_weighted_neighbor_entropy_changes	scalar	scalar	True	True	True	0	float32	float32
1bniA	S91A	88	V2_backward_weighted_neighbor_entropy_changes	scalar	scalar	True	True	True	0	float32	float32
1bniA	S91A	88	center_neighbor_weight_check_m_w	scalar	scalar	True	True	True	0	float32	float32
1bniA	S91A	88	center_neighbor_weight_check_w_m	scalar	scalar	True	True	True	0	float32	float32
1bniA	S91A	88	neighbor_embedding_change_m_w	scalar	scalar	True	True	True	0	float32	float32
1bniA	S91A	88	neighbor_embedding_change_m_w_raw	15x128	15x128	True	True	True	0	float32	float32
1bniA	S91A	88	neighbor_message_change_m_w	scalar	scalar	True	True	True	0	float32	float32
1bniA	S91A	88	neighbor_message_change_m_w_raw	15x128x1	15x128x1	True	True	True	0	float32	float32
1bniA	S91A	88	unweighted_backward_KL	scalar	scalar	True	True	True	0	float32	float32
1bniA	S91A	88	unweighted_forward_KL	scalar	scalar	True	True	True	0	float32	float32
1bniA	S91A	88	wild_pssm	scalar	scalar	True	True	True	0	float64	float64
1bniA	S91A	88	alternate_pssm	scalar	scalar	True	True	True	0	float64	float64
1bniA	I96A	93	center_mut_wild_energy	scalar	scalar	True	False	True	2.08616256714e-07	float64	float32
1bniA	I96A	93	center_mut_max_energy	scalar	scalar	True	False	True	2.08616256714e-07	float64	float32
1bniA	I96A	93	center_entropy	scalar	scalar	True	True	True	0	float64	float32
1bniA	I96A	93	weighted_neighbor_entropies	scalar	scalar	True	False	True	1.19209289551e-07	float32	float32
1bniA	I96A	93	weighted_neighbor_energy_changes	scalar	scalar	True	False	True	1.40783171787e-07	float64	float32
1bniA	I96A	93	backward_weighted_neighbor_energy_changes	scalar	scalar	True	False	True	2.14751821659e-07	float64	float32
1bniA	I96A	93	V2_backward_weighted_neighbor_energy_changes	scalar	scalar	True	False	True	8.55844277226e-07	float64	float32
1bniA	I96A	93	weighted_neighbor_forward_KL	scalar	scalar	True	True	True	0	float32	float32
1bniA	I96A	93	weighted_neighbor_backward_KL	scalar	scalar	True	True	True	0	float32	float32
1bniA	I96A	93	backward_weighted_neighbor_backward_KL	scalar	scalar	True	True	True	0	float32	float32
1bniA	I96A	93	V2_backward_weighted_neighbor_backward_KL	scalar	scalar	True	True	True	0	float32	float32
1bniA	I96A	93	weighted_neighbor_entropy_changes	scalar	scalar	True	True	True	0	float32	float32
1bniA	I96A	93	backward_weighted_neighbor_entropy_changes	scalar	scalar	True	True	True	0	float32	float32
1bniA	I96A	93	V2_backward_weighted_neighbor_entropy_changes	scalar	scalar	True	True	True	0	float32	float32
1bniA	I96A	93	center_neighbor_weight_check_m_w	scalar	scalar	True	True	True	0	float32	float32
1bniA	I96A	93	center_neighbor_weight_check_w_m	scalar	scalar	True	True	True	0	float32	float32
1bniA	I96A	93	neighbor_embedding_change_m_w	scalar	scalar	True	True	True	0	float32	float32
1bniA	I96A	93	neighbor_embedding_change_m_w_raw	15x128	15x128	True	True	True	0	float32	float32
1bniA	I96A	93	neighbor_message_change_m_w	scalar	scalar	True	True	True	0	float32	float32
1bniA	I96A	93	neighbor_message_change_m_w_raw	15x128x1	15x128x1	True	True	True	0	float32	float32
1bniA	I96A	93	unweighted_backward_KL	scalar	scalar	True	True	True	0	float32	float32
1bniA	I96A	93	unweighted_forward_KL	scalar	scalar	True	True	True	0	float32	float32
1bniA	I96A	93	wild_pssm	scalar	scalar	True	True	True	0	float64	float64
1bniA	I96A	93	alternate_pssm	scalar	scalar	True	True	True	0	float64	float64
1bniA	I96V	93	center_mut_wild_energy	scalar	scalar	True	True	True	0	float64	float32
1bniA	I96V	93	center_mut_max_energy	scalar	scalar	True	True	True	0	float64	float32
1bniA	I96V	93	center_entropy	scalar	scalar	True	True	True	0	float64	float32
1bniA	I96V	93	weighted_neighbor_entropies	scalar	scalar	True	False	True	3.57627868652e-07	float32	float32
1bniA	I96V	93	weighted_neighbor_energy_changes	scalar	scalar	True	False	True	3.87350507225e-09	float64	float32
1bniA	I96V	93	backward_weighted_neighbor_energy_changes	scalar	scalar	True	False	True	1.35698595916e-07	float64	float32
1bniA	I96V	93	V2_backward_weighted_neighbor_energy_changes	scalar	scalar	True	False	True	2.79519912105e-07	float64	float32
1bniA	I96V	93	weighted_neighbor_forward_KL	scalar	scalar	True	True	True	0	float32	float32
1bniA	I96V	93	weighted_neighbor_backward_KL	scalar	scalar	True	True	True	0	float32	float32
1bniA	I96V	93	backward_weighted_neighbor_backward_KL	scalar	scalar	True	True	True	0	float32	float32
1bniA	I96V	93	V2_backward_weighted_neighbor_backward_KL	scalar	scalar	True	True	True	0	float32	float32
1bniA	I96V	93	weighted_neighbor_entropy_changes	scalar	scalar	True	True	True	0	float32	float32
1bniA	I96V	93	backward_weighted_neighbor_entropy_changes	scalar	scalar	True	True	True	0	float32	float32
1bniA	I96V	93	V2_backward_weighted_neighbor_entropy_changes	scalar	scalar	True	True	True	0	float32	float32
1bniA	I96V	93	center_neighbor_weight_check_m_w	scalar	scalar	True	True	True	0	float32	float32
1bniA	I96V	93	center_neighbor_weight_check_w_m	scalar	scalar	True	True	True	0	float32	float32
1bniA	I96V	93	neighbor_embedding_change_m_w	scalar	scalar	True	True	True	0	float32	float32
1bniA	I96V	93	neighbor_embedding_change_m_w_raw	15x128	15x128	True	True	True	0	float32	float32
1bniA	I96V	93	neighbor_message_change_m_w	scalar	scalar	True	True	True	0	float32	float32
1bniA	I96V	93	neighbor_message_change_m_w_raw	15x128x1	15x128x1	True	True	True	0	float32	float32
1bniA	I96V	93	unweighted_backward_KL	scalar	scalar	True	True	True	0	float32	float32
1bniA	I96V	93	unweighted_forward_KL	scalar	scalar	True	True	True	0	float32	float32
1bniA	I96V	93	wild_pssm	scalar	scalar	True	True	True	0	float64	float64
1bniA	I96V	93	alternate_pssm	scalar	scalar	True	True	True	0	float64	float64
1ceyA	D12A	10	center_mut_wild_energy	scalar	scalar	True	True	True	0	float64	float32
1ceyA	D12A	10	center_mut_max_energy	scalar	scalar	True	True	True	0	float64	float32
1ceyA	D12A	10	center_entropy	scalar	scalar	True	True	True	0	float64	float32
1ceyA	D12A	10	weighted_neighbor_entropies	scalar	scalar	True	False	True	2.38418579102e-07	float32	float32
1ceyA	D12A	10	weighted_neighbor_energy_changes	scalar	scalar	True	False	True	2.67097771456e-07	float64	float32
1ceyA	D12A	10	backward_weighted_neighbor_energy_changes	scalar	scalar	True	False	True	1.91749222722e-07	float64	float32
1ceyA	D12A	10	V2_backward_weighted_neighbor_energy_changes	scalar	scalar	True	False	True	1.4830284556e-08	float64	float32
1ceyA	D12A	10	weighted_neighbor_forward_KL	scalar	scalar	True	True	True	0	float32	float32
1ceyA	D12A	10	weighted_neighbor_backward_KL	scalar	scalar	True	True	True	0	float32	float32
1ceyA	D12A	10	backward_weighted_neighbor_backward_KL	scalar	scalar	True	True	True	0	float32	float32
1ceyA	D12A	10	V2_backward_weighted_neighbor_backward_KL	scalar	scalar	True	True	True	0	float32	float32
1ceyA	D12A	10	weighted_neighbor_entropy_changes	scalar	scalar	True	True	True	0	float32	float32
1ceyA	D12A	10	backward_weighted_neighbor_entropy_changes	scalar	scalar	True	True	True	0	float32	float32
1ceyA	D12A	10	V2_backward_weighted_neighbor_entropy_changes	scalar	scalar	True	True	True	0	float32	float32
1ceyA	D12A	10	center_neighbor_weight_check_m_w	scalar	scalar	True	True	True	0	float32	float32
1ceyA	D12A	10	center_neighbor_weight_check_w_m	scalar	scalar	True	True	True	0	float32	float32
1ceyA	D12A	10	neighbor_embedding_change_m_w	scalar	scalar	True	True	True	0	float32	float32
1ceyA	D12A	10	neighbor_embedding_change_m_w_raw	15x128	15x128	True	True	True	0	float32	float32
1ceyA	D12A	10	neighbor_message_change_m_w	scalar	scalar	True	True	True	0	float32	float32
1ceyA	D12A	10	neighbor_message_change_m_w_raw	15x128x1	15x128x1	True	True	True	0	float32	float32
1ceyA	D12A	10	unweighted_backward_KL	scalar	scalar	True	True	True	0	float32	float32
1ceyA	D12A	10	unweighted_forward_KL	scalar	scalar	True	True	True	0	float32	float32
1ceyA	D12A	10	wild_pssm	scalar	scalar	True	True	True	0	float64	float64
1ceyA	D12A	10	alternate_pssm	scalar	scalar	True	True	True	0	float64	float64
1ceyA	D13A	11	center_mut_wild_energy	scalar	scalar	True	True	True	0	float64	float32
1ceyA	D13A	11	center_mut_max_energy	scalar	scalar	True	True	True	0	float64	float32
1ceyA	D13A	11	center_entropy	scalar	scalar	True	True	True	0	float64	float32
1ceyA	D13A	11	weighted_neighbor_entropies	scalar	scalar	True	False	True	2.38418579102e-07	float32	float32
1ceyA	D13A	11	weighted_neighbor_energy_changes	scalar	scalar	True	False	True	8.19046874767e-09	float64	float32
1ceyA	D13A	11	backward_weighted_neighbor_energy_changes	scalar	scalar	True	False	True	7.92889807144e-08	float64	float32
1ceyA	D13A	11	V2_backward_weighted_neighbor_energy_changes	scalar	scalar	True	False	True	2.6128503805e-08	float64	float32
1ceyA	D13A	11	weighted_neighbor_forward_KL	scalar	scalar	True	True	True	0	float32	float32
1ceyA	D13A	11	weighted_neighbor_backward_KL	scalar	scalar	True	True	True	0	float32	float32
1ceyA	D13A	11	backward_weighted_neighbor_backward_KL	scalar	scalar	True	True	True	0	float32	float32
1ceyA	D13A	11	V2_backward_weighted_neighbor_backward_KL	scalar	scalar	True	True	True	0	float32	float32
1ceyA	D13A	11	weighted_neighbor_entropy_changes	scalar	scalar	True	True	True	0	float32	float32
1ceyA	D13A	11	backward_weighted_neighbor_entropy_changes	scalar	scalar	True	True	True	0	float32	float32
1ceyA	D13A	11	V2_backward_weighted_neighbor_entropy_changes	scalar	scalar	True	True	True	0	float32	float32
1ceyA	D13A	11	center_neighbor_weight_check_m_w	scalar	scalar	True	True	True	0	float32	float32
1ceyA	D13A	11	center_neighbor_weight_check_w_m	scalar	scalar	True	True	True	0	float32	float32
1ceyA	D13A	11	neighbor_embedding_change_m_w	scalar	scalar	True	True	True	0	float32	float32
1ceyA	D13A	11	neighbor_embedding_change_m_w_raw	15x128	15x128	True	True	True	0	float32	float32
1ceyA	D13A	11	neighbor_message_change_m_w	scalar	scalar	True	False	True	9.53674316406e-07	float32	float32
1ceyA	D13A	11	neighbor_message_change_m_w_raw	15x128x1	15x128x1	True	True	True	0	float32	float32
1ceyA	D13A	11	unweighted_backward_KL	scalar	scalar	True	True	True	0	float32	float32
1ceyA	D13A	11	unweighted_forward_KL	scalar	scalar	True	True	True	0	float32	float32
1ceyA	D13A	11	wild_pssm	scalar	scalar	True	True	True	0	float64	float64
1ceyA	D13A	11	alternate_pssm	scalar	scalar	True	True	True	0	float64	float64
1ceyA	D57A	55	center_mut_wild_energy	scalar	scalar	True	True	True	0	float64	float32
1ceyA	D57A	55	center_mut_max_energy	scalar	scalar	True	True	True	0	float64	float32
1ceyA	D57A	55	center_entropy	scalar	scalar	True	True	True	0	float64	float32
1ceyA	D57A	55	weighted_neighbor_entropies	scalar	scalar	True	True	True	0	float32	float32
1ceyA	D57A	55	weighted_neighbor_energy_changes	scalar	scalar	True	False	True	1.5434467926e-07	float64	float32
1ceyA	D57A	55	backward_weighted_neighbor_energy_changes	scalar	scalar	True	False	True	1.57924022304e-07	float64	float32
1ceyA	D57A	55	V2_backward_weighted_neighbor_energy_changes	scalar	scalar	True	False	True	2.17586112683e-07	float64	float32
1ceyA	D57A	55	weighted_neighbor_forward_KL	scalar	scalar	True	True	True	0	float32	float32
1ceyA	D57A	55	weighted_neighbor_backward_KL	scalar	scalar	True	True	True	0	float32	float32
1ceyA	D57A	55	backward_weighted_neighbor_backward_KL	scalar	scalar	True	True	True	0	float32	float32
1ceyA	D57A	55	V2_backward_weighted_neighbor_backward_KL	scalar	scalar	True	True	True	0	float32	float32
1ceyA	D57A	55	weighted_neighbor_entropy_changes	scalar	scalar	True	True	True	0	float32	float32
1ceyA	D57A	55	backward_weighted_neighbor_entropy_changes	scalar	scalar	True	True	True	0	float32	float32
1ceyA	D57A	55	V2_backward_weighted_neighbor_entropy_changes	scalar	scalar	True	True	True	0	float32	float32
1ceyA	D57A	55	center_neighbor_weight_check_m_w	scalar	scalar	True	True	True	0	float32	float32
1ceyA	D57A	55	center_neighbor_weight_check_w_m	scalar	scalar	True	True	True	0	float32	float32
1ceyA	D57A	55	neighbor_embedding_change_m_w	scalar	scalar	True	True	True	0	float32	float32
1ceyA	D57A	55	neighbor_embedding_change_m_w_raw	15x128	15x128	True	True	True	0	float32	float32
1ceyA	D57A	55	neighbor_message_change_m_w	scalar	scalar	True	True	True	0	float32	float32
1ceyA	D57A	55	neighbor_message_change_m_w_raw	15x128x1	15x128x1	True	True	True	0	float32	float32
1ceyA	D57A	55	unweighted_backward_KL	scalar	scalar	True	True	True	0	float32	float32
1ceyA	D57A	55	unweighted_forward_KL	scalar	scalar	True	True	True	0	float32	float32
1ceyA	D57A	55	wild_pssm	scalar	scalar	True	True	True	0	float64	float64
1ceyA	D57A	55	alternate_pssm	scalar	scalar	True	True	True	0	float64	float64
1ey0A	T22C	16	center_mut_wild_energy	scalar	scalar	True	True	True	0	float64	float32
1ey0A	T22C	16	center_mut_max_energy	scalar	scalar	True	False	True	5.96046447754e-08	float64	float32
1ey0A	T22C	16	center_entropy	scalar	scalar	True	True	True	0	float64	float32
1ey0A	T22C	16	weighted_neighbor_entropies	scalar	scalar	True	False	True	1.19209289551e-07	float32	float32
1ey0A	T22C	16	weighted_neighbor_energy_changes	scalar	scalar	True	False	True	3.63919205881e-08	float64	float32
1ey0A	T22C	16	backward_weighted_neighbor_energy_changes	scalar	scalar	True	False	True	1.83344642579e-07	float64	float32
1ey0A	T22C	16	V2_backward_weighted_neighbor_energy_changes	scalar	scalar	True	False	True	5.15037896776e-08	float64	float32
1ey0A	T22C	16	weighted_neighbor_forward_KL	scalar	scalar	True	True	True	0	float32	float32
1ey0A	T22C	16	weighted_neighbor_backward_KL	scalar	scalar	True	True	True	0	float32	float32
1ey0A	T22C	16	backward_weighted_neighbor_backward_KL	scalar	scalar	True	True	True	0	float32	float32
1ey0A	T22C	16	V2_backward_weighted_neighbor_backward_KL	scalar	scalar	True	True	True	0	float32	float32
1ey0A	T22C	16	weighted_neighbor_entropy_changes	scalar	scalar	True	True	True	0	float32	float32
1ey0A	T22C	16	backward_weighted_neighbor_entropy_changes	scalar	scalar	True	True	True	0	float32	float32
1ey0A	T22C	16	V2_backward_weighted_neighbor_entropy_changes	scalar	scalar	True	True	True	0	float32	float32
1ey0A	T22C	16	center_neighbor_weight_check_m_w	scalar	scalar	True	True	True	0	float32	float32
1ey0A	T22C	16	center_neighbor_weight_check_w_m	scalar	scalar	True	True	True	0	float32	float32
1ey0A	T22C	16	neighbor_embedding_change_m_w	scalar	scalar	True	False	True	4.76837158203e-07	float32	float32
1ey0A	T22C	16	neighbor_embedding_change_m_w_raw	15x128	15x128	True	True	True	0	float32	float32
1ey0A	T22C	16	neighbor_message_change_m_w	scalar	scalar	True	True	True	0	float32	float32
1ey0A	T22C	16	neighbor_message_change_m_w_raw	15x128x1	15x128x1	True	True	True	0	float32	float32
1ey0A	T22C	16	unweighted_backward_KL	scalar	scalar	True	True	True	0	float32	float32
1ey0A	T22C	16	unweighted_forward_KL	scalar	scalar	True	True	True	0	float32	float32
1ey0A	T22C	16	wild_pssm	scalar	scalar	True	True	True	0	float64	float64
1ey0A	T22C	16	alternate_pssm	scalar	scalar	True	True	True	0	float64	float64
1ey0A	T22V	16	center_mut_wild_energy	scalar	scalar	True	True	True	0	float64	float32
1ey0A	T22V	16	center_mut_max_energy	scalar	scalar	True	False	True	5.96046447754e-08	float64	float32
1ey0A	T22V	16	center_entropy	scalar	scalar	True	True	True	0	float64	float32
1ey0A	T22V	16	weighted_neighbor_entropies	scalar	scalar	True	False	True	2.38418579102e-07	float32	float32
1ey0A	T22V	16	weighted_neighbor_energy_changes	scalar	scalar	True	False	True	1.74595570002e-07	float64	float32
1ey0A	T22V	16	backward_weighted_neighbor_energy_changes	scalar	scalar	True	False	True	5.81797250376e-07	float64	float32
1ey0A	T22V	16	V2_backward_weighted_neighbor_energy_changes	scalar	scalar	True	False	True	7.92510512326e-07	float64	float32
1ey0A	T22V	16	weighted_neighbor_forward_KL	scalar	scalar	True	True	True	0	float32	float32
1ey0A	T22V	16	weighted_neighbor_backward_KL	scalar	scalar	True	True	True	0	float32	float32
1ey0A	T22V	16	backward_weighted_neighbor_backward_KL	scalar	scalar	True	True	True	0	float32	float32
1ey0A	T22V	16	V2_backward_weighted_neighbor_backward_KL	scalar	scalar	True	True	True	0	float32	float32
1ey0A	T22V	16	weighted_neighbor_entropy_changes	scalar	scalar	True	True	True	0	float32	float32
1ey0A	T22V	16	backward_weighted_neighbor_entropy_changes	scalar	scalar	True	True	True	0	float32	float32
1ey0A	T22V	16	V2_backward_weighted_neighbor_entropy_changes	scalar	scalar	True	True	True	0	float32	float32
1ey0A	T22V	16	center_neighbor_weight_check_m_w	scalar	scalar	True	True	True	0	float32	float32
1ey0A	T22V	16	center_neighbor_weight_check_w_m	scalar	scalar	True	True	True	0	float32	float32
1ey0A	T22V	16	neighbor_embedding_change_m_w	scalar	scalar	True	True	True	0	float32	float32
1ey0A	T22V	16	neighbor_embedding_change_m_w_raw	15x128	15x128	True	True	True	0	float32	float32
1ey0A	T22V	16	neighbor_message_change_m_w	scalar	scalar	True	True	True	0	float32	float32
1ey0A	T22V	16	neighbor_message_change_m_w_raw	15x128x1	15x128x1	True	True	True	0	float32	float32
1ey0A	T22V	16	unweighted_backward_KL	scalar	scalar	True	True	True	0	float32	float32
1ey0A	T22V	16	unweighted_forward_KL	scalar	scalar	True	True	True	0	float32	float32
1ey0A	T22V	16	wild_pssm	scalar	scalar	True	True	True	0	float64	float64
1ey0A	T22V	16	alternate_pssm	scalar	scalar	True	True	True	0	float64	float64
1ey0A	V23L	17	center_mut_wild_energy	scalar	scalar	True	False	True	2.98023223877e-08	float64	float32
1ey0A	V23L	17	center_mut_max_energy	scalar	scalar	True	False	True	2.98023223877e-08	float64	float32
1ey0A	V23L	17	center_entropy	scalar	scalar	True	True	True	0	float64	float32
1ey0A	V23L	17	weighted_neighbor_entropies	scalar	scalar	True	True	True	0	float32	float32
1ey0A	V23L	17	weighted_neighbor_energy_changes	scalar	scalar	True	False	True	1.62803202031e-07	float64	float32
1ey0A	V23L	17	backward_weighted_neighbor_energy_changes	scalar	scalar	True	False	True	2.02969133944e-07	float64	float32
1ey0A	V23L	17	V2_backward_weighted_neighbor_energy_changes	scalar	scalar	True	False	True	3.62977093715e-07	float64	float32
1ey0A	V23L	17	weighted_neighbor_forward_KL	scalar	scalar	True	True	True	0	float32	float32
1ey0A	V23L	17	weighted_neighbor_backward_KL	scalar	scalar	True	True	True	0	float32	float32
1ey0A	V23L	17	backward_weighted_neighbor_backward_KL	scalar	scalar	True	True	True	0	float32	float32
1ey0A	V23L	17	V2_backward_weighted_neighbor_backward_KL	scalar	scalar	True	True	True	0	float32	float32
1ey0A	V23L	17	weighted_neighbor_entropy_changes	scalar	scalar	True	True	True	0	float32	float32
1ey0A	V23L	17	backward_weighted_neighbor_entropy_changes	scalar	scalar	True	True	True	0	float32	float32
1ey0A	V23L	17	V2_backward_weighted_neighbor_entropy_changes	scalar	scalar	True	True	True	0	float32	float32
1ey0A	V23L	17	center_neighbor_weight_check_m_w	scalar	scalar	True	True	True	0	float32	float32
1ey0A	V23L	17	center_neighbor_weight_check_w_m	scalar	scalar	True	True	True	0	float32	float32
1ey0A	V23L	17	neighbor_embedding_change_m_w	scalar	scalar	True	True	True	0	float32	float32
1ey0A	V23L	17	neighbor_embedding_change_m_w_raw	15x128	15x128	True	True	True	0	float32	float32
1ey0A	V23L	17	neighbor_message_change_m_w	scalar	scalar	True	True	True	0	float32	float32
1ey0A	V23L	17	neighbor_message_change_m_w_raw	15x128x1	15x128x1	True	True	True	0	float32	float32
1ey0A	V23L	17	unweighted_backward_KL	scalar	scalar	True	True	True	0	float32	float32
1ey0A	V23L	17	unweighted_forward_KL	scalar	scalar	True	True	True	0	float32	float32
1ey0A	V23L	17	wild_pssm	scalar	scalar	True	True	True	0	float64	float64
1ey0A	V23L	17	alternate_pssm	scalar	scalar	True	True	True	0	float64	float64
1ey0A	L25I	19	center_mut_wild_energy	scalar	scalar	True	False	True	2.38418579102e-07	float64	float32
1ey0A	L25I	19	center_mut_max_energy	scalar	scalar	True	False	True	2.38418579102e-07	float64	float32
1ey0A	L25I	19	center_entropy	scalar	scalar	True	True	True	0	float64	float32
1ey0A	L25I	19	weighted_neighbor_entropies	scalar	scalar	True	False	True	3.57627868652e-07	float32	float32
1ey0A	L25I	19	weighted_neighbor_energy_changes	scalar	scalar	True	False	True	2.40453585931e-08	float64	float32
1ey0A	L25I	19	backward_weighted_neighbor_energy_changes	scalar	scalar	True	False	True	1.15831167768e-07	float64	float32
1ey0A	L25I	19	V2_backward_weighted_neighbor_energy_changes	scalar	scalar	True	False	True	3.35565002452e-07	float64	float32
1ey0A	L25I	19	weighted_neighbor_forward_KL	scalar	scalar	True	True	True	0	float32	float32
1ey0A	L25I	19	weighted_neighbor_backward_KL	scalar	scalar	True	True	True	0	float32	float32
1ey0A	L25I	19	backward_weighted_neighbor_backward_KL	scalar	scalar	True	True	True	0	float32	float32
1ey0A	L25I	19	V2_backward_weighted_neighbor_backward_KL	scalar	scalar	True	True	True	0	float32	float32
1ey0A	L25I	19	weighted_neighbor_entropy_changes	scalar	scalar	True	True	True	0	float32	float32
1ey0A	L25I	19	backward_weighted_neighbor_entropy_changes	scalar	scalar	True	True	True	0	float32	float32
1ey0A	L25I	19	V2_backward_weighted_neighbor_entropy_changes	scalar	scalar	True	True	True	0	float32	float32
1ey0A	L25I	19	center_neighbor_weight_check_m_w	scalar	scalar	True	True	True	0	float32	float32
1ey0A	L25I	19	center_neighbor_weight_check_w_m	scalar	scalar	True	True	True	0	float32	float32
1ey0A	L25I	19	neighbor_embedding_change_m_w	scalar	scalar	True	True	True	0	float32	float32
1ey0A	L25I	19	neighbor_embedding_change_m_w_raw	15x128	15x128	True	True	True	0	float32	float32
1ey0A	L25I	19	neighbor_message_change_m_w	scalar	scalar	True	True	True	0	float32	float32
1ey0A	L25I	19	neighbor_message_change_m_w_raw	15x128x1	15x128x1	True	True	True	0	float32	float32
1ey0A	L25I	19	unweighted_backward_KL	scalar	scalar	True	True	True	0	float32	float32
1ey0A	L25I	19	unweighted_forward_KL	scalar	scalar	True	True	True	0	float32	float32
1ey0A	L25I	19	wild_pssm	scalar	scalar	True	True	True	0	float64	float64
1ey0A	L25I	19	alternate_pssm	scalar	scalar	True	True	True	0	float64	float64
1ey0A	T33V	27	center_mut_wild_energy	scalar	scalar	True	True	True	0	float64	float32
1ey0A	T33V	27	center_mut_max_energy	scalar	scalar	True	True	True	0	float64	float32
1ey0A	T33V	27	center_entropy	scalar	scalar	True	True	True	0	float64	float32
1ey0A	T33V	27	weighted_neighbor_entropies	scalar	scalar	True	True	True	0	float32	float32
1ey0A	T33V	27	weighted_neighbor_energy_changes	scalar	scalar	True	False	True	2.56746822913e-07	float64	float32
1ey0A	T33V	27	backward_weighted_neighbor_energy_changes	scalar	scalar	True	True	True	0	float64	float64
1ey0A	T33V	27	V2_backward_weighted_neighbor_energy_changes	scalar	scalar	True	True	True	0	float64	float64
1ey0A	T33V	27	weighted_neighbor_forward_KL	scalar	scalar	True	True	True	0	float32	float32
1ey0A	T33V	27	weighted_neighbor_backward_KL	scalar	scalar	True	True	True	0	float32	float32
1ey0A	T33V	27	backward_weighted_neighbor_backward_KL	scalar	scalar	True	True	True	0	float64	float64
1ey0A	T33V	27	V2_backward_weighted_neighbor_backward_KL	scalar	scalar	True	True	True	0	float64	float64
1ey0A	T33V	27	weighted_neighbor_entropy_changes	scalar	scalar	True	True	True	0	float32	float32
1ey0A	T33V	27	backward_weighted_neighbor_entropy_changes	scalar	scalar	True	True	True	0	float64	float64
1ey0A	T33V	27	V2_backward_weighted_neighbor_entropy_changes	scalar	scalar	True	True	True	0	float64	float64
1ey0A	T33V	27	center_neighbor_weight_check_m_w	scalar	scalar	True	True	True	0	float64	float64
1ey0A	T33V	27	center_neighbor_weight_check_w_m	scalar	scalar	True	True	True	0	float64	float64
1ey0A	T33V	27	neighbor_embedding_change_m_w	scalar	scalar	True	True	True	0	float32	float32
1ey0A	T33V	27	neighbor_embedding_change_m_w_raw	15x128	15x128	True	True	True	0	float32	float32
1ey0A	T33V	27	neighbor_message_change_m_w	scalar	scalar	True	False	True	1.49011611938e-07	float64	float64
1ey0A	T33V	27	neighbor_message_change_m_w_raw	15x128x1	15x128x1	True	True	True	0	float64	float64
1ey0A	T33V	27	unweighted_backward_KL	scalar	scalar	True	True	True	0	float32	float32
1ey0A	T33V	27	unweighted_forward_KL	scalar	scalar	True	True	True	0	float32	float32
1ey0A	T33V	27	wild_pssm	scalar	scalar	True	True	True	0	float64	float64
1ey0A	T33V	27	alternate_pssm	scalar	scalar	True	True	True	0	float64	float64
1ey0A	T41C	35	center_mut_wild_energy	scalar	scalar	True	True	True	0	float64	float32
1ey0A	T41C	35	center_mut_max_energy	scalar	scalar	True	True	True	0	float64	float32
1ey0A	T41C	35	center_entropy	scalar	scalar	True	True	True	0	float64	float32
1ey0A	T41C	35	weighted_neighbor_entropies	scalar	scalar	True	True	True	0	float32	float32
1ey0A	T41C	35	weighted_neighbor_energy_changes	scalar	scalar	True	False	True	7.99850203848e-08	float64	float32
1ey0A	T41C	35	backward_weighted_neighbor_energy_changes	scalar	scalar	True	False	True	3.58912481957e-07	float64	float32
1ey0A	T41C	35	V2_backward_weighted_neighbor_energy_changes	scalar	scalar	True	False	True	2.23439347025e-08	float64	float32
1ey0A	T41C	35	weighted_neighbor_forward_KL	scalar	scalar	True	True	True	0	float32	float32
1ey0A	T41C	35	weighted_neighbor_backward_KL	scalar	scalar	True	True	True	0	float32	float32
1ey0A	T41C	35	backward_weighted_neighbor_backward_KL	scalar	scalar	True	True	True	0	float32	float32
1ey0A	T41C	35	V2_backward_weighted_neighbor_backward_KL	scalar	scalar	True	True	True	0	float32	float32
1ey0A	T41C	35	weighted_neighbor_entropy_changes	scalar	scalar	True	True	True	0	float32	float32
1ey0A	T41C	35	backward_weighted_neighbor_entropy_changes	scalar	scalar	True	True	True	0	float32	float32
1ey0A	T41C	35	V2_backward_weighted_neighbor_entropy_changes	scalar	scalar	True	True	True	0	float32	float32
1ey0A	T41C	35	center_neighbor_weight_check_m_w	scalar	scalar	True	True	True	0	float32	float32
1ey0A	T41C	35	center_neighbor_weight_check_w_m	scalar	scalar	True	True	True	0	float32	float32
1ey0A	T41C	35	neighbor_embedding_change_m_w	scalar	scalar	True	True	True	0	float32	float32
1ey0A	T41C	35	neighbor_embedding_change_m_w_raw	15x128	15x128	True	True	True	0	float32	float32
1ey0A	T41C	35	neighbor_message_change_m_w	scalar	scalar	True	True	True	0	float32	float32
1ey0A	T41C	35	neighbor_message_change_m_w_raw	15x128x1	15x128x1	True	True	True	0	float32	float32
1ey0A	T41C	35	unweighted_backward_KL	scalar	scalar	True	True	True	0	float32	float32
1ey0A	T41C	35	unweighted_forward_KL	scalar	scalar	True	True	True	0	float32	float32
1ey0A	T41C	35	wild_pssm	scalar	scalar	True	True	True	0	float64	float64
1ey0A	T41C	35	alternate_pssm	scalar	scalar	True	True	True	0	float64	float64
1ey0A	T41I	35	center_mut_wild_energy	scalar	scalar	True	True	True	0	float64	float32
1ey0A	T41I	35	center_mut_max_energy	scalar	scalar	True	True	True	0	float64	float32
1ey0A	T41I	35	center_entropy	scalar	scalar	True	True	True	0	float64	float32
1ey0A	T41I	35	weighted_neighbor_entropies	scalar	scalar	True	True	True	0	float32	float32
1ey0A	T41I	35	weighted_neighbor_energy_changes	scalar	scalar	True	False	True	4.61742386548e-08	float64	float32
1ey0A	T41I	35	backward_weighted_neighbor_energy_changes	scalar	scalar	True	False	True	1.92515054565e-07	float64	float32
1ey0A	T41I	35	V2_backward_weighted_neighbor_energy_changes	scalar	scalar	True	False	True	8.41608942537e-08	float64	float32
1ey0A	T41I	35	weighted_neighbor_forward_KL	scalar	scalar	True	True	True	0	float32	float32
1ey0A	T41I	35	weighted_neighbor_backward_KL	scalar	scalar	True	True	True	0	float32	float32
1ey0A	T41I	35	backward_weighted_neighbor_backward_KL	scalar	scalar	True	True	True	0	float32	float32
1ey0A	T41I	35	V2_backward_weighted_neighbor_backward_KL	scalar	scalar	True	True	True	0	float32	float32
1ey0A	T41I	35	weighted_neighbor_entropy_changes	scalar	scalar	True	True	True	0	float32	float32
1ey0A	T41I	35	backward_weighted_neighbor_entropy_changes	scalar	scalar	True	True	True	0	float32	float32
1ey0A	T41I	35	V2_backward_weighted_neighbor_entropy_changes	scalar	scalar	True	True	True	0	float32	float32
1ey0A	T41I	35	center_neighbor_weight_check_m_w	scalar	scalar	True	True	True	0	float32	float32
1ey0A	T41I	35	center_neighbor_weight_check_w_m	scalar	scalar	True	True	True	0	float32	float32
1ey0A	T41I	35	neighbor_embedding_change_m_w	scalar	scalar	True	True	True	0	float32	float32
1ey0A	T41I	35	neighbor_embedding_change_m_w_raw	15x128	15x128	True	True	True	0	float32	float32
1ey0A	T41I	35	neighbor_message_change_m_w	scalar	scalar	True	True	True	0	float32	float32
1ey0A	T41I	35	neighbor_message_change_m_w_raw	15x128x1	15x128x1	True	True	True	0	float32	float32
1ey0A	T41I	35	unweighted_backward_KL	scalar	scalar	True	True	True	0	float32	float32
1ey0A	T41I	35	unweighted_forward_KL	scalar	scalar	True	True	True	0	float32	float32
1ey0A	T41I	35	wild_pssm	scalar	scalar	True	True	True	0	float64	float64
1ey0A	T41I	35	alternate_pssm	scalar	scalar	True	True	True	0	float64	float64
1ey0A	T41S	35	center_mut_wild_energy	scalar	scalar	True	True	True	0	float64	float32
1ey0A	T41S	35	center_mut_max_energy	scalar	scalar	True	True	True	0	float64	float32
1ey0A	T41S	35	center_entropy	scalar	scalar	True	True	True	0	float64	float32
1ey0A	T41S	35	weighted_neighbor_entropies	scalar	scalar	True	False	True	1.19209289551e-07	float32	float32
1ey0A	T41S	35	weighted_neighbor_energy_changes	scalar	scalar	True	False	True	2.63927688593e-08	float64	float32
1ey0A	T41S	35	backward_weighted_neighbor_energy_changes	scalar	scalar	True	False	True	2.32417505686e-07	float64	float32
1ey0A	T41S	35	V2_backward_weighted_neighbor_energy_changes	scalar	scalar	True	False	True	5.43867052727e-07	float64	float32
1ey0A	T41S	35	weighted_neighbor_forward_KL	scalar	scalar	True	True	True	0	float32	float32
1ey0A	T41S	35	weighted_neighbor_backward_KL	scalar	scalar	True	True	True	0	float32	float32
1ey0A	T41S	35	backward_weighted_neighbor_backward_KL	scalar	scalar	True	True	True	0	float32	float32
1ey0A	T41S	35	V2_backward_weighted_neighbor_backward_KL	scalar	scalar	True	True	True	0	float32	float32
1ey0A	T41S	35	weighted_neighbor_entropy_changes	scalar	scalar	True	True	True	0	float32	float32
1ey0A	T41S	35	backward_weighted_neighbor_entropy_changes	scalar	scalar	True	True	True	0	float32	float32
1ey0A	T41S	35	V2_backward_weighted_neighbor_entropy_changes	scalar	scalar	True	True	True	0	float32	float32
1ey0A	T41S	35	center_neighbor_weight_check_m_w	scalar	scalar	True	True	True	0	float32	float32
1ey0A	T41S	35	center_neighbor_weight_check_w_m	scalar	scalar	True	True	True	0	float32	float32
1ey0A	T41S	35	neighbor_embedding_change_m_w	scalar	scalar	True	True	True	0	float32	float32
1ey0A	T41S	35	neighbor_embedding_change_m_w_raw	15x128	15x128	True	True	True	0	float32	float32
1ey0A	T41S	35	neighbor_message_change_m_w	scalar	scalar	True	True	True	0	float32	float32
1ey0A	T41S	35	neighbor_message_change_m_w_raw	15x128x1	15x128x1	True	True	True	0	float32	float32
1ey0A	T41S	35	unweighted_backward_KL	scalar	scalar	True	True	True	0	float32	float32
1ey0A	T41S	35	unweighted_forward_KL	scalar	scalar	True	True	True	0	float32	float32
1ey0A	T41S	35	wild_pssm	scalar	scalar	True	True	True	0	float64	float64
1ey0A	T41S	35	alternate_pssm	scalar	scalar	True	True	True	0	float64	float64
1ey0A	T41V	35	center_mut_wild_energy	scalar	scalar	True	False	True	1.19209289551e-07	float64	float32
1ey0A	T41V	35	center_mut_max_energy	scalar	scalar	True	False	True	1.19209289551e-07	float64	float32
1ey0A	T41V	35	center_entropy	scalar	scalar	True	True	True	0	float64	float32
1ey0A	T41V	35	weighted_neighbor_entropies	scalar	scalar	True	False	True	1.19209289551e-07	float32	float32
1ey0A	T41V	35	weighted_neighbor_energy_changes	scalar	scalar	True	False	True	5.32850137347e-08	float64	float32
1ey0A	T41V	35	backward_weighted_neighbor_energy_changes	scalar	scalar	True	False	True	1.40574231366e-07	float64	float32
1ey0A	T41V	35	V2_backward_weighted_neighbor_energy_changes	scalar	scalar	True	False	True	1.2505812208e-07	float64	float32
1ey0A	T41V	35	weighted_neighbor_forward_KL	scalar	scalar	True	True	True	0	float32	float32
1ey0A	T41V	35	weighted_neighbor_backward_KL	scalar	scalar	True	True	True	0	float32	float32
1ey0A	T41V	35	backward_weighted_neighbor_backward_KL	scalar	scalar	True	True	True	0	float32	float32
1ey0A	T41V	35	V2_backward_weighted_neighbor_backward_KL	scalar	scalar	True	True	True	0	float32	float32
1ey0A	T41V	35	weighted_neighbor_entropy_changes	scalar	scalar	True	True	True	0	float32	float32
1ey0A	T41V	35	backward_weighted_neighbor_entropy_changes	scalar	scalar	True	True	True	0	float32	float32
1ey0A	T41V	35	V2_backward_weighted_neighbor_entropy_changes	scalar	scalar	True	True	True	0	float32	float32
1ey0A	T41V	35	center_neighbor_weight_check_m_w	scalar	scalar	True	True	True	0	float32	float32
1ey0A	T41V	35	center_neighbor_weight_check_w_m	scalar	scalar	True	True	True	0	float32	float32
1ey0A	T41V	35	neighbor_embedding_change_m_w	scalar	scalar	True	False	True	4.76837158203e-07	float32	float32
1ey0A	T41V	35	neighbor_embedding_change_m_w_raw	15x128	15x128	True	True	True	0	float32	float32
1ey0A	T41V	35	neighbor_message_change_m_w	scalar	scalar	True	True	True	0	float32	float32
1ey0A	T41V	35	neighbor_message_change_m_w_raw	15x128x1	15x128x1	True	True	True	0	float32	float32
1ey0A	T41V	35	unweighted_backward_KL	scalar	scalar	True	True	True	0	float32	float32
1ey0A	T41V	35	unweighted_forward_KL	scalar	scalar	True	True	True	0	float32	float32
1ey0A	T41V	35	wild_pssm	scalar	scalar	True	True	True	0	float64	float64
1ey0A	T41V	35	alternate_pssm	scalar	scalar	True	True	True	0	float64	float64
1ey0A	T44V	38	center_mut_wild_energy	scalar	scalar	True	True	True	0	float64	float32
1ey0A	T44V	38	center_mut_max_energy	scalar	scalar	True	True	True	0	float64	float32
1ey0A	T44V	38	center_entropy	scalar	scalar	True	True	True	0	float64	float32
1ey0A	T44V	38	weighted_neighbor_entropies	scalar	scalar	True	False	True	2.38418579102e-07	float32	float32
1ey0A	T44V	38	weighted_neighbor_energy_changes	scalar	scalar	True	False	True	5.67707965082e-08	float64	float32
1ey0A	T44V	38	backward_weighted_neighbor_energy_changes	scalar	scalar	True	False	True	1.92652854558e-07	float64	float32
1ey0A	T44V	38	V2_backward_weighted_neighbor_energy_changes	scalar	scalar	True	False	True	1.58968104458e-07	float64	float32
1ey0A	T44V	38	weighted_neighbor_forward_KL	scalar	scalar	True	True	True	0	float32	float32
1ey0A	T44V	38	weighted_neighbor_backward_KL	scalar	scalar	True	True	True	0	float32	float32
1ey0A	T44V	38	backward_weighted_neighbor_backward_KL	scalar	scalar	True	True	True	0	float32	float32
1ey0A	T44V	38	V2_backward_weighted_neighbor_backward_KL	scalar	scalar	True	True	True	0	float32	float32
1ey0A	T44V	38	weighted_neighbor_entropy_changes	scalar	scalar	True	True	True	0	float32	float32
1ey0A	T44V	38	backward_weighted_neighbor_entropy_changes	scalar	scalar	True	True	True	0	float32	float32
1ey0A	T44V	38	V2_backward_weighted_neighbor_entropy_changes	scalar	scalar	True	True	True	0	float32	float32
1ey0A	T44V	38	center_neighbor_weight_check_m_w	scalar	scalar	True	True	True	0	float32	float32
1ey0A	T44V	38	center_neighbor_weight_check_w_m	scalar	scalar	True	True	True	0	float32	float32
1ey0A	T44V	38	neighbor_embedding_change_m_w	scalar	scalar	True	True	True	0	float32	float32
1ey0A	T44V	38	neighbor_embedding_change_m_w_raw	15x128	15x128	True	True	True	0	float32	float32
1ey0A	T44V	38	neighbor_message_change_m_w	scalar	scalar	True	True	True	0	float32	float32
1ey0A	T44V	38	neighbor_message_change_m_w_raw	15x128x1	15x128x1	True	True	True	0	float32	float32
1ey0A	T44V	38	unweighted_backward_KL	scalar	scalar	True	True	True	0	float32	float32
1ey0A	T44V	38	unweighted_forward_KL	scalar	scalar	True	True	True	0	float32	float32
1ey0A	T44V	38	wild_pssm	scalar	scalar	True	True	True	0	float64	float64
1ey0A	T44V	38	alternate_pssm	scalar	scalar	True	True	True	0	float64	float64
1ey0A	S59A	53	center_mut_wild_energy	scalar	scalar	True	True	True	0	float64	float32
1ey0A	S59A	53	center_mut_max_energy	scalar	scalar	True	True	True	0	float64	float32
1ey0A	S59A	53	center_entropy	scalar	scalar	True	True	True	0	float64	float32
1ey0A	S59A	53	weighted_neighbor_entropies	scalar	scalar	True	True	True	0	float32	float32
1ey0A	S59A	53	weighted_neighbor_energy_changes	scalar	scalar	True	False	True	1.02265338864e-07	float64	float32
1ey0A	S59A	53	backward_weighted_neighbor_energy_changes	scalar	scalar	True	False	True	1.16059135635e-08	float64	float32
1ey0A	S59A	53	V2_backward_weighted_neighbor_energy_changes	scalar	scalar	True	False	True	2.02356083889e-07	float64	float32
1ey0A	S59A	53	weighted_neighbor_forward_KL	scalar	scalar	True	True	True	0	float32	float32
1ey0A	S59A	53	weighted_neighbor_backward_KL	scalar	scalar	True	True	True	0	float32	float32
1ey0A	S59A	53	backward_weighted_neighbor_backward_KL	scalar	scalar	True	True	True	0	float32	float32
1ey0A	S59A	53	V2_backward_weighted_neighbor_backward_KL	scalar	scalar	True	True	True	0	float32	float32
1ey0A	S59A	53	weighted_neighbor_entropy_changes	scalar	scalar	True	True	True	0	float32	float32
1ey0A	S59A	53	backward_weighted_neighbor_entropy_changes	scalar	scalar	True	True	True	0	float32	float32
1ey0A	S59A	53	V2_backward_weighted_neighbor_entropy_changes	scalar	scalar	True	True	True	0	float32	float32
1ey0A	S59A	53	center_neighbor_weight_check_m_w	scalar	scalar	True	True	True	0	float32	float32
1ey0A	S59A	53	center_neighbor_weight_check_w_m	scalar	scalar	True	True	True	0	float32	float32
1ey0A	S59A	53	neighbor_embedding_change_m_w	scalar	scalar	True	True	True	0	float32	float32
1ey0A	S59A	53	neighbor_embedding_change_m_w_raw	15x128	15x128	True	True	True	0	float32	float32
1ey0A	S59A	53	neighbor_message_change_m_w	scalar	scalar	True	False	True	4.76837158203e-07	float32	float32
1ey0A	S59A	53	neighbor_message_change_m_w_raw	15x128x1	15x128x1	True	True	True	0	float32	float32
1ey0A	S59A	53	unweighted_backward_KL	scalar	scalar	True	True	True	0	float32	float32
1ey0A	S59A	53	unweighted_forward_KL	scalar	scalar	True	True	True	0	float32	float32
1ey0A	S59A	53	wild_pssm	scalar	scalar	True	True	True	0	float64	float64
1ey0A	S59A	53	alternate_pssm	scalar	scalar	True	True	True	0	float64	float64
1ey0A	T62S	56	center_mut_wild_energy	scalar	scalar	True	False	True	1.34110450745e-07	float64	float32
1ey0A	T62S	56	center_mut_max_energy	scalar	scalar	True	False	True	1.34110450745e-07	float64	float32
1ey0A	T62S	56	center_entropy	scalar	scalar	True	True	True	0	float64	float32
1ey0A	T62S	56	weighted_neighbor_entropies	scalar	scalar	True	False	True	3.57627868652e-07	float32	float32
1ey0A	T62S	56	weighted_neighbor_energy_changes	scalar	scalar	True	False	True	1.22599878694e-07	float64	float32
1ey0A	T62S	56	backward_weighted_neighbor_energy_changes	scalar	scalar	True	False	True	3.04321066125e-07	float64	float32
1ey0A	T62S	56	V2_backward_weighted_neighbor_energy_changes	scalar	scalar	True	False	True	8.24373305619e-07	float64	float32
1ey0A	T62S	56	weighted_neighbor_forward_KL	scalar	scalar	True	True	True	0	float32	float32
1ey0A	T62S	56	weighted_neighbor_backward_KL	scalar	scalar	True	True	True	0	float32	float32
1ey0A	T62S	56	backward_weighted_neighbor_backward_KL	scalar	scalar	True	True	True	0	float32	float32
1ey0A	T62S	56	V2_backward_weighted_neighbor_backward_KL	scalar	scalar	True	True	True	0	float32	float32
1ey0A	T62S	56	weighted_neighbor_entropy_changes	scalar	scalar	True	True	True	0	float32	float32
1ey0A	T62S	56	backward_weighted_neighbor_entropy_changes	scalar	scalar	True	True	True	0	float32	float32
1ey0A	T62S	56	V2_backward_weighted_neighbor_entropy_changes	scalar	scalar	True	True	True	0	float32	float32
1ey0A	T62S	56	center_neighbor_weight_check_m_w	scalar	scalar	True	True	True	0	float32	float32
1ey0A	T62S	56	center_neighbor_weight_check_w_m	scalar	scalar	True	True	True	0	float32	float32
1ey0A	T62S	56	neighbor_embedding_change_m_w	scalar	scalar	True	True	True	0	float32	float32
1ey0A	T62S	56	neighbor_embedding_change_m_w_raw	15x128	15x128	True	True	True	0	float32	float32
1ey0A	T62S	56	neighbor_message_change_m_w	scalar	scalar	True	True	True	0	float32	float32
1ey0A	T62S	56	neighbor_message_change_m_w_raw	15x128x1	15x128x1	True	True	True	0	float32	float32
1ey0A	T62S	56	unweighted_backward_KL	scalar	scalar	True	True	True	0	float32	float32
1ey0A	T62S	56	unweighted_forward_KL	scalar	scalar	True	True	True	0	float32	float32
1ey0A	T62S	56	wild_pssm	scalar	scalar	True	True	True	0	float64	float64
1ey0A	T62S	56	alternate_pssm	scalar	scalar	True	True	True	0	float64	float64
1ey0A	T62V	56	center_mut_wild_energy	scalar	scalar	True	False	True	8.94069671631e-08	float64	float32
1ey0A	T62V	56	center_mut_max_energy	scalar	scalar	True	False	True	8.94069671631e-08	float64	float32
1ey0A	T62V	56	center_entropy	scalar	scalar	True	True	True	0	float64	float32
1ey0A	T62V	56	weighted_neighbor_entropies	scalar	scalar	True	False	True	1.19209289551e-07	float32	float32
1ey0A	T62V	56	weighted_neighbor_energy_changes	scalar	scalar	True	False	True	3.31859117964e-08	float64	float32
1ey0A	T62V	56	backward_weighted_neighbor_energy_changes	scalar	scalar	True	False	True	8.1278557218e-08	float64	float32
1ey0A	T62V	56	V2_backward_weighted_neighbor_energy_changes	scalar	scalar	True	False	True	7.72157431328e-08	float64	float32
1ey0A	T62V	56	weighted_neighbor_forward_KL	scalar	scalar	True	True	True	0	float32	float32
1ey0A	T62V	56	weighted_neighbor_backward_KL	scalar	scalar	True	True	True	0	float32	float32
1ey0A	T62V	56	backward_weighted_neighbor_backward_KL	scalar	scalar	True	True	True	0	float32	float32
1ey0A	T62V	56	V2_backward_weighted_neighbor_backward_KL	scalar	scalar	True	True	True	0	float32	float32
1ey0A	T62V	56	weighted_neighbor_entropy_changes	scalar	scalar	True	True	True	0	float32	float32
1ey0A	T62V	56	backward_weighted_neighbor_entropy_changes	scalar	scalar	True	True	True	0	float32	float32
1ey0A	T62V	56	V2_backward_weighted_neighbor_entropy_changes	scalar	scalar	True	True	True	0	float32	float32
1ey0A	T62V	56	center_neighbor_weight_check_m_w	scalar	scalar	True	True	True	0	float32	float32
1ey0A	T62V	56	center_neighbor_weight_check_w_m	scalar	scalar	True	True	True	0	float32	float32
1ey0A	T62V	56	neighbor_embedding_change_m_w	scalar	scalar	True	True	True	0	float32	float32
1ey0A	T62V	56	neighbor_embedding_change_m_w_raw	15x128	15x128	True	True	True	0	float32	float32
1ey0A	T62V	56	neighbor_message_change_m_w	scalar	scalar	True	True	True	0	float32	float32
1ey0A	T62V	56	neighbor_message_change_m_w_raw	15x128x1	15x128x1	True	True	True	0	float32	float32
1ey0A	T62V	56	unweighted_backward_KL	scalar	scalar	True	True	True	0	float32	float32
1ey0A	T62V	56	unweighted_forward_KL	scalar	scalar	True	True	True	0	float32	float32
1ey0A	T62V	56	wild_pssm	scalar	scalar	True	True	True	0	float64	float64
1ey0A	T62V	56	alternate_pssm	scalar	scalar	True	True	True	0	float64	float64
1ey0A	V66I	60	center_mut_wild_energy	scalar	scalar	True	True	True	0	float64	float32
1ey0A	V66I	60	center_mut_max_energy	scalar	scalar	True	False	True	1.49011611938e-08	float64	float32
1ey0A	V66I	60	center_entropy	scalar	scalar	True	True	True	0	float64	float32
1ey0A	V66I	60	weighted_neighbor_entropies	scalar	scalar	True	False	True	1.19209289551e-07	float32	float32
1ey0A	V66I	60	weighted_neighbor_energy_changes	scalar	scalar	True	False	True	3.30766201095e-07	float64	float32
1ey0A	V66I	60	backward_weighted_neighbor_energy_changes	scalar	scalar	True	False	True	1.52918502749e-07	float64	float32
1ey0A	V66I	60	V2_backward_weighted_neighbor_energy_changes	scalar	scalar	True	False	True	5.28206149042e-07	float64	float32
1ey0A	V66I	60	weighted_neighbor_forward_KL	scalar	scalar	True	True	True	0	float32	float32
1ey0A	V66I	60	weighted_neighbor_backward_KL	scalar	scalar	True	True	True	0	float32	float32
1ey0A	V66I	60	backward_weighted_neighbor_backward_KL	scalar	scalar	True	True	True	0	float32	float32
1ey0A	V66I	60	V2_backward_weighted_neighbor_backward_KL	scalar	scalar	True	True	True	0	float32	float32
1ey0A	V66I	60	weighted_neighbor_entropy_changes	scalar	scalar	True	True	True	0	float32	float32
1ey0A	V66I	60	backward_weighted_neighbor_entropy_changes	scalar	scalar	True	True	True	0	float32	float32
1ey0A	V66I	60	V2_backward_weighted_neighbor_entropy_changes	scalar	scalar	True	True	True	0	float32	float32
1ey0A	V66I	60	center_neighbor_weight_check_m_w	scalar	scalar	True	True	True	0	float32	float32
1ey0A	V66I	60	center_neighbor_weight_check_w_m	scalar	scalar	True	True	True	0	float32	float32
1ey0A	V66I	60	neighbor_embedding_change_m_w	scalar	scalar	True	True	True	0	float32	float32
1ey0A	V66I	60	neighbor_embedding_change_m_w_raw	15x128	15x128	True	True	True	0	float32	float32
1ey0A	V66I	60	neighbor_message_change_m_w	scalar	scalar	True	True	True	0	float32	float32
1ey0A	V66I	60	neighbor_message_change_m_w_raw	15x128x1	15x128x1	True	True	True	0	float32	float32
1ey0A	V66I	60	unweighted_backward_KL	scalar	scalar	True	True	True	0	float32	float32
1ey0A	V66I	60	unweighted_forward_KL	scalar	scalar	True	True	True	0	float32	float32
1ey0A	V66I	60	wild_pssm	scalar	scalar	True	True	True	0	float64	float64
1ey0A	V66I	60	alternate_pssm	scalar	scalar	True	True	True	0	float64	float64
1ey0A	V66L	60	center_mut_wild_energy	scalar	scalar	True	True	True	0	float64	float32
1ey0A	V66L	60	center_mut_max_energy	scalar	scalar	True	True	True	0	float64	float32
1ey0A	V66L	60	center_entropy	scalar	scalar	True	True	True	0	float64	float32
1ey0A	V66L	60	weighted_neighbor_entropies	scalar	scalar	True	False	True	1.19209289551e-07	float32	float32
1ey0A	V66L	60	weighted_neighbor_energy_changes	scalar	scalar	True	False	True	8.77841017655e-08	float64	float32
1ey0A	V66L	60	backward_weighted_neighbor_energy_changes	scalar	scalar	True	False	True	1.80321303844e-06	float64	float32
1ey0A	V66L	60	V2_backward_weighted_neighbor_energy_changes	scalar	scalar	True	False	True	4.33759097973e-06	float64	float32
1ey0A	V66L	60	weighted_neighbor_forward_KL	scalar	scalar	True	True	True	0	float32	float32
1ey0A	V66L	60	weighted_neighbor_backward_KL	scalar	scalar	True	True	True	0	float32	float32
1ey0A	V66L	60	backward_weighted_neighbor_backward_KL	scalar	scalar	True	True	True	0	float32	float32
1ey0A	V66L	60	V2_backward_weighted_neighbor_backward_KL	scalar	scalar	True	True	True	0	float32	float32
1ey0A	V66L	60	weighted_neighbor_entropy_changes	scalar	scalar	True	True	True	0	float32	float32
1ey0A	V66L	60	backward_weighted_neighbor_entropy_changes	scalar	scalar	True	True	True	0	float32	float32
1ey0A	V66L	60	V2_backward_weighted_neighbor_entropy_changes	scalar	scalar	True	True	True	0	float32	float32
1ey0A	V66L	60	center_neighbor_weight_check_m_w	scalar	scalar	True	True	True	0	float32	float32
1ey0A	V66L	60	center_neighbor_weight_check_w_m	scalar	scalar	True	True	True	0	float32	float32
1ey0A	V66L	60	neighbor_embedding_change_m_w	scalar	scalar	True	True	True	0	float32	float32
1ey0A	V66L	60	neighbor_embedding_change_m_w_raw	15x128	15x128	True	True	True	0	float32	float32
1ey0A	V66L	60	neighbor_message_change_m_w	scalar	scalar	True	True	True	0	float32	float32
1ey0A	V66L	60	neighbor_message_change_m_w_raw	15x128x1	15x128x1	True	True	True	0	float32	float32
1ey0A	V66L	60	unweighted_backward_KL	scalar	scalar	True	True	True	0	float32	float32
1ey0A	V66L	60	unweighted_forward_KL	scalar	scalar	True	True	True	0	float32	float32
1ey0A	V66L	60	wild_pssm	scalar	scalar	True	True	True	0	float64	float64
1ey0A	V66L	60	alternate_pssm	scalar	scalar	True	True	True	0	float64	float64
1ey0A	V66K	60	center_mut_wild_energy	scalar	scalar	True	True	True	0	float64	float32
1ey0A	V66K	60	center_mut_max_energy	scalar	scalar	True	False	True	7.45058059692e-08	float64	float32
1ey0A	V66K	60	center_entropy	scalar	scalar	True	True	True	0	float64	float32
1ey0A	V66K	60	weighted_neighbor_entropies	scalar	scalar	True	False	True	2.38418579102e-07	float32	float32
1ey0A	V66K	60	weighted_neighbor_energy_changes	scalar	scalar	True	False	True	7.18410007039e-08	float64	float32
1ey0A	V66K	60	backward_weighted_neighbor_energy_changes	scalar	scalar	True	False	True	4.02703761893e-07	float64	float32
1ey0A	V66K	60	V2_backward_weighted_neighbor_energy_changes	scalar	scalar	True	False	True	6.97844129149e-08	float64	float32
1ey0A	V66K	60	weighted_neighbor_forward_KL	scalar	scalar	True	True	True	0	float32	float32
1ey0A	V66K	60	weighted_neighbor_backward_KL	scalar	scalar	True	True	True	0	float32	float32
1ey0A	V66K	60	backward_weighted_neighbor_backward_KL	scalar	scalar	True	True	True	0	float32	float32
1ey0A	V66K	60	V2_backward_weighted_neighbor_backward_KL	scalar	scalar	True	True	True	0	float32	float32
1ey0A	V66K	60	weighted_neighbor_entropy_changes	scalar	scalar	True	True	True	0	float32	float32
1ey0A	V66K	60	backward_weighted_neighbor_entropy_changes	scalar	scalar	True	True	True	0	float32	float32
1ey0A	V66K	60	V2_backward_weighted_neighbor_entropy_changes	scalar	scalar	True	True	True	0	float32	float32
1ey0A	V66K	60	center_neighbor_weight_check_m_w	scalar	scalar	True	True	True	0	float32	float32
1ey0A	V66K	60	center_neighbor_weight_check_w_m	scalar	scalar	True	True	True	0	float32	float32
1ey0A	V66K	60	neighbor_embedding_change_m_w	scalar	scalar	True	True	True	0	float32	float32
1ey0A	V66K	60	neighbor_embedding_change_m_w_raw	15x128	15x128	True	True	True	0	float32	float32
1ey0A	V66K	60	neighbor_message_change_m_w	scalar	scalar	True	True	True	0	float32	float32
1ey0A	V66K	60	neighbor_message_change_m_w_raw	15x128x1	15x128x1	True	True	True	0	float32	float32
1ey0A	V66K	60	unweighted_backward_KL	scalar	scalar	True	True	True	0	float32	float32
1ey0A	V66K	60	unweighted_forward_KL	scalar	scalar	True	True	True	0	float32	float32
1ey0A	V66K	60	wild_pssm	scalar	scalar	True	True	True	0	float64	float64
1ey0A	V66K	60	alternate_pssm	scalar	scalar	True	True	True	0	float64	float64
1ey0A	I72L	66	center_mut_wild_energy	scalar	scalar	True	False	True	4.47034835815e-08	float64	float32
1ey0A	I72L	66	center_mut_max_energy	scalar	scalar	True	False	True	4.47034835815e-08	float64	float32
1ey0A	I72L	66	center_entropy	scalar	scalar	True	True	True	0	float64	float32
1ey0A	I72L	66	weighted_neighbor_entropies	scalar	scalar	True	False	True	2.38418579102e-07	float32	float32
1ey0A	I72L	66	weighted_neighbor_energy_changes	scalar	scalar	True	False	True	1.07029274332e-08	float64	float32
1ey0A	I72L	66	backward_weighted_neighbor_energy_changes	scalar	scalar	True	False	True	2.86709240349e-07	float64	float32
1ey0A	I72L	66	V2_backward_weighted_neighbor_energy_changes	scalar	scalar	True	False	True	2.82011129116e-07	float64	float32
1ey0A	I72L	66	weighted_neighbor_forward_KL	scalar	scalar	True	True	True	0	float32	float32
1ey0A	I72L	66	weighted_neighbor_backward_KL	scalar	scalar	True	True	True	0	float32	float32
1ey0A	I72L	66	backward_weighted_neighbor_backward_KL	scalar	scalar	True	True	True	0	float32	float32
1ey0A	I72L	66	V2_backward_weighted_neighbor_backward_KL	scalar	scalar	True	True	True	0	float32	float32
1ey0A	I72L	66	weighted_neighbor_entropy_changes	scalar	scalar	True	True	True	0	float32	float32
1ey0A	I72L	66	backward_weighted_neighbor_entropy_changes	scalar	scalar	True	True	True	0	float32	float32
1ey0A	I72L	66	V2_backward_weighted_neighbor_entropy_changes	scalar	scalar	True	True	True	0	float32	float32
1ey0A	I72L	66	center_neighbor_weight_check_m_w	scalar	scalar	True	True	True	0	float32	float32
1ey0A	I72L	66	center_neighbor_weight_check_w_m	scalar	scalar	True	True	True	0	float32	float32
1ey0A	I72L	66	neighbor_embedding_change_m_w	scalar	scalar	True	True	True	0	float32	float32
1ey0A	I72L	66	neighbor_embedding_change_m_w_raw	15x128	15x128	True	True	True	0	float32	float32
1ey0A	I72L	66	neighbor_message_change_m_w	scalar	scalar	True	True	True	0	float32	float32
1ey0A	I72L	66	neighbor_message_change_m_w_raw	15x128x1	15x128x1	True	True	True	0	float32	float32
1ey0A	I72L	66	unweighted_backward_KL	scalar	scalar	True	True	True	0	float32	float32
1ey0A	I72L	66	unweighted_forward_KL	scalar	scalar	True	True	True	0	float32	float32
1ey0A	I72L	66	wild_pssm	scalar	scalar	True	True	True	0	float64	float64
1ey0A	I72L	66	alternate_pssm	scalar	scalar	True	True	True	0	float64	float64
1ey0A	I72V	66	center_mut_wild_energy	scalar	scalar	True	True	True	0	float64	float32
1ey0A	I72V	66	center_mut_max_energy	scalar	scalar	True	True	True	0	float64	float32
1ey0A	I72V	66	center_entropy	scalar	scalar	True	True	True	0	float64	float32
1ey0A	I72V	66	weighted_neighbor_entropies	scalar	scalar	True	False	True	4.76837158203e-07	float32	float32
1ey0A	I72V	66	weighted_neighbor_energy_changes	scalar	scalar	True	False	True	5.16345735946e-07	float64	float32
1ey0A	I72V	66	backward_weighted_neighbor_energy_changes	scalar	scalar	True	False	True	7.63836283113e-07	float64	float32
1ey0A	I72V	66	V2_backward_weighted_neighbor_energy_changes	scalar	scalar	True	False	True	4.31273354806e-07	float64	float32
1ey0A	I72V	66	weighted_neighbor_forward_KL	scalar	scalar	True	True	True	0	float32	float32
1ey0A	I72V	66	weighted_neighbor_backward_KL	scalar	scalar	True	True	True	0	float32	float32
1ey0A	I72V	66	backward_weighted_neighbor_backward_KL	scalar	scalar	True	True	True	0	float32	float32
1ey0A	I72V	66	V2_backward_weighted_neighbor_backward_KL	scalar	scalar	True	True	True	0	float32	float32
1ey0A	I72V	66	weighted_neighbor_entropy_changes	scalar	scalar	True	True	True	0	float32	float32
1ey0A	I72V	66	backward_weighted_neighbor_entropy_changes	scalar	scalar	True	True	True	0	float32	float32
1ey0A	I72V	66	V2_backward_weighted_neighbor_entropy_changes	scalar	scalar	True	True	True	0	float32	float32
1ey0A	I72V	66	center_neighbor_weight_check_m_w	scalar	scalar	True	True	True	0	float32	float32
1ey0A	I72V	66	center_neighbor_weight_check_w_m	scalar	scalar	True	True	True	0	float32	float32
1ey0A	I72V	66	neighbor_embedding_change_m_w	scalar	scalar	True	True	True	0	float32	float32
1ey0A	I72V	66	neighbor_embedding_change_m_w_raw	15x128	15x128	True	True	True	0	float32	float32
1ey0A	I72V	66	neighbor_message_change_m_w	scalar	scalar	True	True	True	0	float32	float32
1ey0A	I72V	66	neighbor_message_change_m_w_raw	15x128x1	15x128x1	True	True	True	0	float32	float32
1ey0A	I72V	66	unweighted_backward_KL	scalar	scalar	True	True	True	0	float32	float32
1ey0A	I72V	66	unweighted_forward_KL	scalar	scalar	True	True	True	0	float32	float32
1ey0A	I72V	66	wild_pssm	scalar	scalar	True	True	True	0	float64	float64
1ey0A	I72V	66	alternate_pssm	scalar	scalar	True	True	True	0	float64	float64
1ey0A	T82S	76	center_mut_wild_energy	scalar	scalar	True	True	True	0	float64	float32
1ey0A	T82S	76	center_mut_max_energy	scalar	scalar	True	True	True	0	float64	float32
1ey0A	T82S	76	center_entropy	scalar	scalar	True	True	True	0	float64	float32
1ey0A	T82S	76	weighted_neighbor_entropies	scalar	scalar	True	False	True	4.76837158203e-07	float32	float32
1ey0A	T82S	76	weighted_neighbor_energy_changes	scalar	scalar	True	False	True	4.00629101449e-07	float64	float32
1ey0A	T82S	76	backward_weighted_neighbor_energy_changes	scalar	scalar	True	True	True	0	float64	float64
1ey0A	T82S	76	V2_backward_weighted_neighbor_energy_changes	scalar	scalar	True	True	True	0	float64	float64
1ey0A	T82S	76	weighted_neighbor_forward_KL	scalar	scalar	True	True	True	0	float32	float32
1ey0A	T82S	76	weighted_neighbor_backward_KL	scalar	scalar	True	True	True	0	float32	float32
1ey0A	T82S	76	backward_weighted_neighbor_backward_KL	scalar	scalar	True	True	True	0	float64	float64
1ey0A	T82S	76	V2_backward_weighted_neighbor_backward_KL	scalar	scalar	True	True	True	0	float64	float64
1ey0A	T82S	76	weighted_neighbor_entropy_changes	scalar	scalar	True	True	True	0	float32	float32
1ey0A	T82S	76	backward_weighted_neighbor_entropy_changes	scalar	scalar	True	True	True	0	float64	float64
1ey0A	T82S	76	V2_backward_weighted_neighbor_entropy_changes	scalar	scalar	True	True	True	0	float64	float64
1ey0A	T82S	76	center_neighbor_weight_check_m_w	scalar	scalar	True	True	True	0	float64	float64
1ey0A	T82S	76	center_neighbor_weight_check_w_m	scalar	scalar	True	True	True	0	float64	float64
1ey0A	T82S	76	neighbor_embedding_change_m_w	scalar	scalar	True	True	True	0	float32	float32
1ey0A	T82S	76	neighbor_embedding_change_m_w_raw	15x128	15x128	True	True	True	0	float32	float32
1ey0A	T82S	76	neighbor_message_change_m_w	scalar	scalar	True	False	True	3.72529029846e-09	float64	float64
1ey0A	T82S	76	neighbor_message_change_m_w_raw	15x128x1	15x128x1	True	True	True	0	float64	float64
1ey0A	T82S	76	unweighted_backward_KL	scalar	scalar	True	True	True	0	float32	float32
1ey0A	T82S	76	unweighted_forward_KL	scalar	scalar	True	True	True	0	float32	float32
1ey0A	T82S	76	wild_pssm	scalar	scalar	True	True	True	0	float64	float64
1ey0A	T82S	76	alternate_pssm	scalar	scalar	True	True	True	0	float64	float64
1ey0A	I92V	86	center_mut_wild_energy	scalar	scalar	True	False	True	5.96046447754e-08	float64	float32
1ey0A	I92V	86	center_mut_max_energy	scalar	scalar	True	False	True	5.96046447754e-08	float64	float32
1ey0A	I92V	86	center_entropy	scalar	scalar	True	True	True	0	float64	float32
1ey0A	I92V	86	weighted_neighbor_entropies	scalar	scalar	True	True	True	0	float32	float32
1ey0A	I92V	86	weighted_neighbor_energy_changes	scalar	scalar	True	False	True	1.75989834261e-07	float64	float32
1ey0A	I92V	86	backward_weighted_neighbor_energy_changes	scalar	scalar	True	False	True	1.48793846932e-06	float64	float32
1ey0A	I92V	86	V2_backward_weighted_neighbor_energy_changes	scalar	scalar	True	False	True	5.20962315065e-07	float64	float32
1ey0A	I92V	86	weighted_neighbor_forward_KL	scalar	scalar	True	True	True	0	float32	float32
1ey0A	I92V	86	weighted_neighbor_backward_KL	scalar	scalar	True	True	True	0	float32	float32
1ey0A	I92V	86	backward_weighted_neighbor_backward_KL	scalar	scalar	True	True	True	0	float32	float32
1ey0A	I92V	86	V2_backward_weighted_neighbor_backward_KL	scalar	scalar	True	True	True	0	float32	float32
1ey0A	I92V	86	weighted_neighbor_entropy_changes	scalar	scalar	True	True	True	0	float32	float32
1ey0A	I92V	86	backward_weighted_neighbor_entropy_changes	scalar	scalar	True	True	True	0	float32	float32
1ey0A	I92V	86	V2_backward_weighted_neighbor_entropy_changes	scalar	scalar	True	True	True	0	float32	float32
1ey0A	I92V	86	center_neighbor_weight_check_m_w	scalar	scalar	True	True	True	0	float32	float32
1ey0A	I92V	86	center_neighbor_weight_check_w_m	scalar	scalar	True	True	True	0	float32	float32
1ey0A	I92V	86	neighbor_embedding_change_m_w	scalar	scalar	True	True	True	0	float32	float32
1ey0A	I92V	86	neighbor_embedding_change_m_w_raw	15x128	15x128	True	True	True	0	float32	float32
1ey0A	I92V	86	neighbor_message_change_m_w	scalar	scalar	True	True	True	0	float32	float32
1ey0A	I92V	86	neighbor_message_change_m_w_raw	15x128x1	15x128x1	True	True	True	0	float32	float32
1ey0A	I92V	86	unweighted_backward_KL	scalar	scalar	True	True	True	0	float32	float32
1ey0A	I92V	86	unweighted_forward_KL	scalar	scalar	True	True	True	0	float32	float32
1ey0A	I92V	86	wild_pssm	scalar	scalar	True	True	True	0	float64	float64
1ey0A	I92V	86	alternate_pssm	scalar	scalar	True	True	True	0	float64	float64
1ey0A	K116G	110	center_mut_wild_energy	scalar	scalar	True	True	True	0	float64	float32
1ey0A	K116G	110	center_mut_max_energy	scalar	scalar	True	False	True	1.19209289551e-07	float64	float32
1ey0A	K116G	110	center_entropy	scalar	scalar	True	True	True	0	float64	float32
1ey0A	K116G	110	weighted_neighbor_entropies	scalar	scalar	True	True	True	0	float32	float32
1ey0A	K116G	110	weighted_neighbor_energy_changes	scalar	scalar	True	False	True	1.31079570309e-07	float64	float32
1ey0A	K116G	110	backward_weighted_neighbor_energy_changes	scalar	scalar	True	True	True	0	float64	float64
1ey0A	K116G	110	V2_backward_weighted_neighbor_energy_changes	scalar	scalar	True	True	True	0	float64	float64
1ey0A	K116G	110	weighted_neighbor_forward_KL	scalar	scalar	True	True	True	0	float32	float32
1ey0A	K116G	110	weighted_neighbor_backward_KL	scalar	scalar	True	True	True	0	float32	float32
1ey0A	K116G	110	backward_weighted_neighbor_backward_KL	scalar	scalar	True	True	True	0	float64	float64
1ey0A	K116G	110	V2_backward_weighted_neighbor_backward_KL	scalar	scalar	True	True	True	0	float64	float64
1ey0A	K116G	110	weighted_neighbor_entropy_changes	scalar	scalar	True	True	True	0	float32	float32
1ey0A	K116G	110	backward_weighted_neighbor_entropy_changes	scalar	scalar	True	True	True	0	float64	float64
1ey0A	K116G	110	V2_backward_weighted_neighbor_entropy_changes	scalar	scalar	True	True	True	0	float64	float64
1ey0A	K116G	110	center_neighbor_weight_check_m_w	scalar	scalar	True	True	True	0	float64	float64
1ey0A	K116G	110	center_neighbor_weight_check_w_m	scalar	scalar	True	True	True	0	float64	float64
1ey0A	K116G	110	neighbor_embedding_change_m_w	scalar	scalar	True	True	True	0	float32	float32
1ey0A	K116G	110	neighbor_embedding_change_m_w_raw	15x128	15x128	True	True	True	0	float32	float32
1ey0A	K116G	110	neighbor_message_change_m_w	scalar	scalar	True	False	True	1.49011611938e-08	float64	float64
1ey0A	K116G	110	neighbor_message_change_m_w_raw	15x128x1	15x128x1	True	True	True	0	float64	float64
1ey0A	K116G	110	unweighted_backward_KL	scalar	scalar	True	True	True	0	float32	float32
1ey0A	K116G	110	unweighted_forward_KL	scalar	scalar	True	True	True	0	float32	float32
1ey0A	K116G	110	wild_pssm	scalar	scalar	True	True	True	0	float64	float64
1ey0A	K116G	110	alternate_pssm	scalar	scalar	True	True	True	0	float64	float64
1ey0A	P117A	111	center_mut_wild_energy	scalar	scalar	True	False	True	1.26659870148e-07	float64	float32
1ey0A	P117A	111	center_mut_max_energy	scalar	scalar	True	False	True	1.26659870148e-07	float64	float32
1ey0A	P117A	111	center_entropy	scalar	scalar	True	True	True	0	float64	float32
1ey0A	P117A	111	weighted_neighbor_entropies	scalar	scalar	True	False	True	4.76837158203e-07	float32	float32
1ey0A	P117A	111	weighted_neighbor_energy_changes	scalar	scalar	True	False	True	3.77772439997e-08	float64	float32
1ey0A	P117A	111	backward_weighted_neighbor_energy_changes	scalar	scalar	True	True	True	0	float64	float64
1ey0A	P117A	111	V2_backward_weighted_neighbor_energy_changes	scalar	scalar	True	True	True	0	float64	float64
1ey0A	P117A	111	weighted_neighbor_forward_KL	scalar	scalar	True	True	True	0	float32	float32
1ey0A	P117A	111	weighted_neighbor_backward_KL	scalar	scalar	True	True	True	0	float32	float32
1ey0A	P117A	111	backward_weighted_neighbor_backward_KL	scalar	scalar	True	True	True	0	float64	float64
1ey0A	P117A	111	V2_backward_weighted_neighbor_backward_KL	scalar	scalar	True	True	True	0	float64	float64
1ey0A	P117A	111	weighted_neighbor_entropy_changes	scalar	scalar	True	True	True	0	float32	float32
1ey0A	P117A	111	backward_weighted_neighbor_entropy_changes	scalar	scalar	True	True	True	0	float64	float64
1ey0A	P117A	111	V2_backward_weighted_neighbor_entropy_changes	scalar	scalar	True	True	True	0	float64	float64
1ey0A	P117A	111	center_neighbor_weight_check_m_w	scalar	scalar	True	True	True	0	float64	float64
1ey0A	P117A	111	center_neighbor_weight_check_w_m	scalar	scalar	True	True	True	0	float64	float64
1ey0A	P117A	111	neighbor_embedding_change_m_w	scalar	scalar	True	True	True	0	float32	float32
1ey0A	P117A	111	neighbor_embedding_change_m_w_raw	15x128	15x128	True	True	True	0	float32	float32
1ey0A	P117A	111	neighbor_message_change_m_w	scalar	scalar	True	False	True	1.49011611938e-08	float64	float64
1ey0A	P117A	111	neighbor_message_change_m_w_raw	15x128x1	15x128x1	True	True	True	0	float64	float64
1ey0A	P117A	111	unweighted_backward_KL	scalar	scalar	True	True	True	0	float32	float32
1ey0A	P117A	111	unweighted_forward_KL	scalar	scalar	True	True	True	0	float32	float32
1ey0A	P117A	111	wild_pssm	scalar	scalar	True	True	True	0	float64	float64
1ey0A	P117A	111	alternate_pssm	scalar	scalar	True	True	True	0	float64	float64
1ey0A	P117G	111	center_mut_wild_energy	scalar	scalar	True	False	True	1.56462192535e-07	float64	float32
1ey0A	P117G	111	center_mut_max_energy	scalar	scalar	True	False	True	1.56462192535e-07	float64	float32
1ey0A	P117G	111	center_entropy	scalar	scalar	True	True	True	0	float64	float32
1ey0A	P117G	111	weighted_neighbor_entropies	scalar	scalar	True	False	True	4.76837158203e-07	float32	float32
1ey0A	P117G	111	weighted_neighbor_energy_changes	scalar	scalar	True	False	True	1.38964080243e-07	float64	float32
1ey0A	P117G	111	backward_weighted_neighbor_energy_changes	scalar	scalar	True	True	True	0	float64	float64
1ey0A	P117G	111	V2_backward_weighted_neighbor_energy_changes	scalar	scalar	True	True	True	0	float64	float64
1ey0A	P117G	111	weighted_neighbor_forward_KL	scalar	scalar	True	True	True	0	float32	float32
1ey0A	P117G	111	weighted_neighbor_backward_KL	scalar	scalar	True	True	True	0	float32	float32
1ey0A	P117G	111	backward_weighted_neighbor_backward_KL	scalar	scalar	True	True	True	0	float64	float64
1ey0A	P117G	111	V2_backward_weighted_neighbor_backward_KL	scalar	scalar	True	True	True	0	float64	float64
1ey0A	P117G	111	weighted_neighbor_entropy_changes	scalar	scalar	True	True	True	0	float32	float32
1ey0A	P117G	111	backward_weighted_neighbor_entropy_changes	scalar	scalar	True	True	True	0	float64	float64
1ey0A	P117G	111	V2_backward_weighted_neighbor_entropy_changes	scalar	scalar	True	True	True	0	float64	float64
1ey0A	P117G	111	center_neighbor_weight_check_m_w	scalar	scalar	True	True	True	0	float64	float64
1ey0A	P117G	111	center_neighbor_weight_check_w_m	scalar	scalar	True	True	True	0	float64	float64
1ey0A	P117G	111	neighbor_embedding_change_m_w	scalar	scalar	True	True	True	0	float32	float32
1ey0A	P117G	111	neighbor_embedding_change_m_w_raw	15x128	15x128	True	True	True	0	float32	float32
1ey0A	P117G	111	neighbor_message_change_m_w	scalar	scalar	True	False	True	1.49011611938e-08	float64	float64
1ey0A	P117G	111	neighbor_message_change_m_w_raw	15x128x1	15x128x1	True	True	True	0	float64	float64
1ey0A	P117G	111	unweighted_backward_KL	scalar	scalar	True	True	True	0	float32	float32
1ey0A	P117G	111	unweighted_forward_KL	scalar	scalar	True	True	True	0	float32	float32
1ey0A	P117G	111	wild_pssm	scalar	scalar	True	True	True	0	float64	float64
1ey0A	P117G	111	alternate_pssm	scalar	scalar	True	True	True	0	float64	float64
1ey0A	P117T	111	center_mut_wild_energy	scalar	scalar	True	False	True	9.685754776e-08	float64	float32
1ey0A	P117T	111	center_mut_max_energy	scalar	scalar	True	False	True	9.685754776e-08	float64	float32
1ey0A	P117T	111	center_entropy	scalar	scalar	True	True	True	0	float64	float32
1ey0A	P117T	111	weighted_neighbor_entropies	scalar	scalar	True	True	True	0	float32	float32
1ey0A	P117T	111	weighted_neighbor_energy_changes	scalar	scalar	True	False	True	7.54135678349e-08	float64	float32
1ey0A	P117T	111	backward_weighted_neighbor_energy_changes	scalar	scalar	True	True	True	0	float64	float64
1ey0A	P117T	111	V2_backward_weighted_neighbor_energy_changes	scalar	scalar	True	True	True	0	float64	float64
1ey0A	P117T	111	weighted_neighbor_forward_KL	scalar	scalar	True	True	True	0	float32	float32
1ey0A	P117T	111	weighted_neighbor_backward_KL	scalar	scalar	True	True	True	0	float32	float32
1ey0A	P117T	111	backward_weighted_neighbor_backward_KL	scalar	scalar	True	True	True	0	float64	float64
1ey0A	P117T	111	V2_backward_weighted_neighbor_backward_KL	scalar	scalar	True	True	True	0	float64	float64
1ey0A	P117T	111	weighted_neighbor_entropy_changes	scalar	scalar	True	True	True	0	float32	float32
1ey0A	P117T	111	backward_weighted_neighbor_entropy_changes	scalar	scalar	True	True	True	0	float64	float64
1ey0A	P117T	111	V2_backward_weighted_neighbor_entropy_changes	scalar	scalar	True	True	True	0	float64	float64
1ey0A	P117T	111	center_neighbor_weight_check_m_w	scalar	scalar	True	True	True	0	float64	float64
1ey0A	P117T	111	center_neighbor_weight_check_w_m	scalar	scalar	True	True	True	0	float64	float64
1ey0A	P117T	111	neighbor_embedding_change_m_w	scalar	scalar	True	True	True	0	float32	float32
1ey0A	P117T	111	neighbor_embedding_change_m_w_raw	15x128	15x128	True	True	True	0	float32	float32
1ey0A	P117T	111	neighbor_message_change_m_w	scalar	scalar	True	False	True	8.94069671631e-08	float64	float64
1ey0A	P117T	111	neighbor_message_change_m_w_raw	15x128x1	15x128x1	True	True	True	0	float64	float64
1ey0A	P117T	111	unweighted_backward_KL	scalar	scalar	True	True	True	0	float32	float32
1ey0A	P117T	111	unweighted_forward_KL	scalar	scalar	True	True	True	0	float32	float32
1ey0A	P117T	111	wild_pssm	scalar	scalar	True	True	True	0	float64	float64
1ey0A	P117T	111	alternate_pssm	scalar	scalar	True	True	True	0	float64	float64
1ey0A	T120C	114	center_mut_wild_energy	scalar	scalar	True	False	True	1.19209289551e-07	float64	float32
1ey0A	T120C	114	center_mut_max_energy	scalar	scalar	True	False	True	1.19209289551e-07	float64	float32
1ey0A	T120C	114	center_entropy	scalar	scalar	True	True	True	0	float64	float32
1ey0A	T120C	114	weighted_neighbor_entropies	scalar	scalar	True	False	True	3.57627868652e-07	float32	float32
1ey0A	T120C	114	weighted_neighbor_energy_changes	scalar	scalar	True	False	True	7.03066120877e-08	float64	float32
1ey0A	T120C	114	backward_weighted_neighbor_energy_changes	scalar	scalar	True	False	True	1.46244744315e-07	float64	float32
1ey0A	T120C	114	V2_backward_weighted_neighbor_energy_changes	scalar	scalar	True	False	True	5.59683002166e-08	float64	float32
1ey0A	T120C	114	weighted_neighbor_forward_KL	scalar	scalar	True	True	True	0	float32	float32
1ey0A	T120C	114	weighted_neighbor_backward_KL	scalar	scalar	True	True	True	0	float32	float32
1ey0A	T120C	114	backward_weighted_neighbor_backward_KL	scalar	scalar	True	True	True	0	float32	float32
1ey0A	T120C	114	V2_backward_weighted_neighbor_backward_KL	scalar	scalar	True	True	True	0	float32	float32
1ey0A	T120C	114	weighted_neighbor_entropy_changes	scalar	scalar	True	True	True	0	float32	float32
1ey0A	T120C	114	backward_weighted_neighbor_entropy_changes	scalar	scalar	True	True	True	0	float32	float32
1ey0A	T120C	114	V2_backward_weighted_neighbor_entropy_changes	scalar	scalar	True	True	True	0	float32	float32
1ey0A	T120C	114	center_neighbor_weight_check_m_w	scalar	scalar	True	True	True	0	float32	float32
1ey0A	T120C	114	center_neighbor_weight_check_w_m	scalar	scalar	True	True	True	0	float32	float32
1ey0A	T120C	114	neighbor_embedding_change_m_w	scalar	scalar	True	True	True	0	float32	float32
1ey0A	T120C	114	neighbor_embedding_change_m_w_raw	15x128	15x128	True	True	True	0	float32	float32
1ey0A	T120C	114	neighbor_message_change_m_w	scalar	scalar	True	True	True	0	float32	float32
1ey0A	T120C	114	neighbor_message_change_m_w_raw	15x128x1	15x128x1	True	True	True	0	float32	float32
1ey0A	T120C	114	unweighted_backward_KL	scalar	scalar	True	True	True	0	float32	float32
1ey0A	T120C	114	unweighted_forward_KL	scalar	scalar	True	True	True	0	float32	float32
1ey0A	T120C	114	wild_pssm	scalar	scalar	True	True	True	0	float64	float64
1ey0A	T120C	114	alternate_pssm	scalar	scalar	True	True	True	0	float64	float64
1ey0A	T120S	114	center_mut_wild_energy	scalar	scalar	True	False	True	5.96046447754e-08	float64	float32
1ey0A	T120S	114	center_mut_max_energy	scalar	scalar	True	False	True	5.96046447754e-08	float64	float32
1ey0A	T120S	114	center_entropy	scalar	scalar	True	True	True	0	float64	float32
1ey0A	T120S	114	weighted_neighbor_entropies	scalar	scalar	True	False	True	2.38418579102e-07	float32	float32
1ey0A	T120S	114	weighted_neighbor_energy_changes	scalar	scalar	True	False	True	2.71532414331e-07	float64	float32
1ey0A	T120S	114	backward_weighted_neighbor_energy_changes	scalar	scalar	True	False	True	2.9344900554e-07	float64	float32
1ey0A	T120S	114	V2_backward_weighted_neighbor_energy_changes	scalar	scalar	True	False	True	2.44642627933e-07	float64	float32
1ey0A	T120S	114	weighted_neighbor_forward_KL	scalar	scalar	True	True	True	0	float32	float32
1ey0A	T120S	114	weighted_neighbor_backward_KL	scalar	scalar	True	True	True	0	float32	float32
1ey0A	T120S	114	backward_weighted_neighbor_backward_KL	scalar	scalar	True	True	True	0	float32	float32
1ey0A	T120S	114	V2_backward_weighted_neighbor_backward_KL	scalar	scalar	True	True	True	0	float32	float32
1ey0A	T120S	114	weighted_neighbor_entropy_changes	scalar	scalar	True	True	True	0	float32	float32
1ey0A	T120S	114	backward_weighted_neighbor_entropy_changes	scalar	scalar	True	True	True	0	float32	float32
1ey0A	T120S	114	V2_backward_weighted_neighbor_entropy_changes	scalar	scalar	True	True	True	0	float32	float32
1ey0A	T120S	114	center_neighbor_weight_check_m_w	scalar	scalar	True	True	True	0	float32	float32
1ey0A	T120S	114	center_neighbor_weight_check_w_m	scalar	scalar	True	True	True	0	float32	float32
1ey0A	T120S	114	neighbor_embedding_change_m_w	scalar	scalar	True	False	True	4.76837158203e-07	float32	float32
1ey0A	T120S	114	neighbor_embedding_change_m_w_raw	15x128	15x128	True	True	True	0	float32	float32
1ey0A	T120S	114	neighbor_message_change_m_w	scalar	scalar	True	True	True	0	float32	float32
1ey0A	T120S	114	neighbor_message_change_m_w_raw	15x128x1	15x128x1	True	True	True	0	float32	float32
1ey0A	T120S	114	unweighted_backward_KL	scalar	scalar	True	True	True	0	float32	float32
1ey0A	T120S	114	unweighted_forward_KL	scalar	scalar	True	True	True	0	float32	float32
1ey0A	T120S	114	wild_pssm	scalar	scalar	True	True	True	0	float64	float64
1ey0A	T120S	114	alternate_pssm	scalar	scalar	True	True	True	0	float64	float64
1ey0A	T120V	114	center_mut_wild_energy	scalar	scalar	True	True	True	0	float64	float32
1ey0A	T120V	114	center_mut_max_energy	scalar	scalar	True	True	True	0	float64	float32
1ey0A	T120V	114	center_entropy	scalar	scalar	True	True	True	0	float64	float32
1ey0A	T120V	114	weighted_neighbor_entropies	scalar	scalar	True	False	True	2.38418579102e-07	float32	float32
1ey0A	T120V	114	weighted_neighbor_energy_changes	scalar	scalar	True	False	True	7.3372958731e-07	float64	float32
1ey0A	T120V	114	backward_weighted_neighbor_energy_changes	scalar	scalar	True	False	True	2.04021421979e-07	float64	float32
1ey0A	T120V	114	V2_backward_weighted_neighbor_energy_changes	scalar	scalar	True	False	True	1.96006340047e-07	float64	float32
1ey0A	T120V	114	weighted_neighbor_forward_KL	scalar	scalar	True	True	True	0	float32	float32
1ey0A	T120V	114	weighted_neighbor_backward_KL	scalar	scalar	True	True	True	0	float32	float32
1ey0A	T120V	114	backward_weighted_neighbor_backward_KL	scalar	scalar	True	True	True	0	float32	float32
1ey0A	T120V	114	V2_backward_weighted_neighbor_backward_KL	scalar	scalar	True	True	True	0	float32	float32
1ey0A	T120V	114	weighted_neighbor_entropy_changes	scalar	scalar	True	True	True	0	float32	float32
1ey0A	T120V	114	backward_weighted_neighbor_entropy_changes	scalar	scalar	True	True	True	0	float32	float32
1ey0A	T120V	114	V2_backward_weighted_neighbor_entropy_changes	scalar	scalar	True	True	True	0	float32	float32
1ey0A	T120V	114	center_neighbor_weight_check_m_w	scalar	scalar	True	True	True	0	float32	float32
1ey0A	T120V	114	center_neighbor_weight_check_w_m	scalar	scalar	True	True	True	0	float32	float32
1ey0A	T120V	114	neighbor_embedding_change_m_w	scalar	scalar	True	True	True	0	float32	float32
1ey0A	T120V	114	neighbor_embedding_change_m_w_raw	15x128	15x128	True	True	True	0	float32	float32
1ey0A	T120V	114	neighbor_message_change_m_w	scalar	scalar	True	True	True	0	float32	float32
1ey0A	T120V	114	neighbor_message_change_m_w_raw	15x128x1	15x128x1	True	True	True	0	float32	float32
1ey0A	T120V	114	unweighted_backward_KL	scalar	scalar	True	True	True	0	float32	float32
1ey0A	T120V	114	unweighted_forward_KL	scalar	scalar	True	True	True	0	float32	float32
1ey0A	T120V	114	wild_pssm	scalar	scalar	True	True	True	0	float64	float64
1ey0A	T120V	114	alternate_pssm	scalar	scalar	True	True	True	0	float64	float64
1ey0A	S128A	122	center_mut_wild_energy	scalar	scalar	True	True	True	0	float64	float32
1ey0A	S128A	122	center_mut_max_energy	scalar	scalar	True	True	True	0	float64	float32
1ey0A	S128A	122	center_entropy	scalar	scalar	True	True	True	0	float64	float32
1ey0A	S128A	122	weighted_neighbor_entropies	scalar	scalar	True	True	True	0	float32	float32
1ey0A	S128A	122	weighted_neighbor_energy_changes	scalar	scalar	True	False	True	8.37830800293e-07	float64	float32
1ey0A	S128A	122	backward_weighted_neighbor_energy_changes	scalar	scalar	True	False	True	5.77051828543e-09	float64	float32
1ey0A	S128A	122	V2_backward_weighted_neighbor_energy_changes	scalar	scalar	True	False	True	6.65028611735e-07	float64	float32
1ey0A	S128A	122	weighted_neighbor_forward_KL	scalar	scalar	True	True	True	0	float32	float32
1ey0A	S128A	122	weighted_neighbor_backward_KL	scalar	scalar	True	True	True	0	float32	float32
1ey0A	S128A	122	backward_weighted_neighbor_backward_KL	scalar	scalar	True	True	True	0	float32	float32
1ey0A	S128A	122	V2_backward_weighted_neighbor_backward_KL	scalar	scalar	True	True	True	0	float32	float32
1ey0A	S128A	122	weighted_neighbor_entropy_changes	scalar	scalar	True	True	True	0	float32	float32
1ey0A	S128A	122	backward_weighted_neighbor_entropy_changes	scalar	scalar	True	True	True	0	float32	float32
1ey0A	S128A	122	V2_backward_weighted_neighbor_entropy_changes	scalar	scalar	True	True	True	0	float32	float32
1ey0A	S128A	122	center_neighbor_weight_check_m_w	scalar	scalar	True	True	True	0	float32	float32
1ey0A	S128A	122	center_neighbor_weight_check_w_m	scalar	scalar	True	True	True	0	float32	float32
1ey0A	S128A	122	neighbor_embedding_change_m_w	scalar	scalar	True	True	True	0	float32	float32
1ey0A	S128A	122	neighbor_embedding_change_m_w_raw	15x128	15x128	True	True	True	0	float32	float32
1ey0A	S128A	122	neighbor_message_change_m_w	scalar	scalar	True	True	True	0	float32	float32
1ey0A	S128A	122	neighbor_message_change_m_w_raw	15x128x1	15x128x1	True	True	True	0	float32	float32
1ey0A	S128A	122	unweighted_backward_KL	scalar	scalar	True	True	True	0	float32	float32
1ey0A	S128A	122	unweighted_forward_KL	scalar	scalar	True	True	True	0	float32	float32
1ey0A	S128A	122	wild_pssm	scalar	scalar	True	True	True	0	float64	float64
1ey0A	S128A	122	alternate_pssm	scalar	scalar	True	True	True	0	float64	float64
1ihbA	F71N	66	center_mut_wild_energy	scalar	scalar	True	False	True	1.19209289551e-07	float64	float32
1ihbA	F71N	66	center_mut_max_energy	scalar	scalar	True	True	True	0	float64	float32
1ihbA	F71N	66	center_entropy	scalar	scalar	True	True	True	0	float64	float32
1ihbA	F71N	66	weighted_neighbor_entropies	scalar	scalar	True	False	True	2.38418579102e-07	float32	float32
1ihbA	F71N	66	weighted_neighbor_energy_changes	scalar	scalar	True	False	True	1.03640984861e-06	float64	float32
1ihbA	F71N	66	backward_weighted_neighbor_energy_changes	scalar	scalar	True	False	True	1.64316841023e-07	float64	float64
1ihbA	F71N	66	V2_backward_weighted_neighbor_energy_changes	scalar	scalar	True	False	True	1.65876294034e-07	float64	float64
1ihbA	F71N	66	weighted_neighbor_forward_KL	scalar	scalar	True	True	True	0	float32	float32
1ihbA	F71N	66	weighted_neighbor_backward_KL	scalar	scalar	True	True	True	0	float32	float32
1ihbA	F71N	66	backward_weighted_neighbor_backward_KL	scalar	scalar	True	True	True	0	float64	float64
1ihbA	F71N	66	V2_backward_weighted_neighbor_backward_KL	scalar	scalar	True	True	True	0	float64	float64
1ihbA	F71N	66	weighted_neighbor_entropy_changes	scalar	scalar	True	True	True	0	float32	float32
1ihbA	F71N	66	backward_weighted_neighbor_entropy_changes	scalar	scalar	True	True	True	0	float64	float64
1ihbA	F71N	66	V2_backward_weighted_neighbor_entropy_changes	scalar	scalar	True	True	True	0	float64	float64
1ihbA	F71N	66	center_neighbor_weight_check_m_w	scalar	scalar	True	True	True	0	float64	float64
1ihbA	F71N	66	center_neighbor_weight_check_w_m	scalar	scalar	True	True	True	0	float64	float64
1ihbA	F71N	66	neighbor_embedding_change_m_w	scalar	scalar	True	True	True	0	float32	float32
1ihbA	F71N	66	neighbor_embedding_change_m_w_raw	15x128	15x128	True	True	True	0	float32	float32
1ihbA	F71N	66	neighbor_message_change_m_w	scalar	scalar	True	False	True	2.98023223877e-08	float64	float64
1ihbA	F71N	66	neighbor_message_change_m_w_raw	15x128x1	15x128x1	True	True	True	0	float64	float64
1ihbA	F71N	66	unweighted_backward_KL	scalar	scalar	True	True	True	0	float32	float32
1ihbA	F71N	66	unweighted_forward_KL	scalar	scalar	True	True	True	0	float32	float32
1ihbA	F71N	66	wild_pssm	scalar	scalar	True	True	True	0	float64	float64
1ihbA	F71N	66	alternate_pssm	scalar	scalar	True	True	True	0	float64	float64
1ihbA	F82Q	77	center_mut_wild_energy	scalar	scalar	True	True	True	0	float64	float32
1ihbA	F82Q	77	center_mut_max_energy	scalar	scalar	True	True	True	0	float64	float32
1ihbA	F82Q	77	center_entropy	scalar	scalar	True	True	True	0	float64	float32
1ihbA	F82Q	77	weighted_neighbor_entropies	scalar	scalar	True	False	True	2.38418579102e-07	float32	float32
1ihbA	F82Q	77	weighted_neighbor_energy_changes	scalar	scalar	True	False	True	3.497045169e-07	float64	float32
1ihbA	F82Q	77	backward_weighted_neighbor_energy_changes	scalar	scalar	True	False	True	2.34289867507e-07	float64	float32
1ihbA	F82Q	77	V2_backward_weighted_neighbor_energy_changes	scalar	scalar	True	False	True	3.52163478823e-07	float64	float32
1ihbA	F82Q	77	weighted_neighbor_forward_KL	scalar	scalar	True	True	True	0	float32	float32
1ihbA	F82Q	77	weighted_neighbor_backward_KL	scalar	scalar	True	True	True	0	float32	float32
1ihbA	F82Q	77	backward_weighted_neighbor_backward_KL	scalar	scalar	True	True	True	0	float32	float32
1ihbA	F82Q	77	V2_backward_weighted_neighbor_backward_KL	scalar	scalar	True	True	True	0	float32	float32
1ihbA	F82Q	77	weighted_neighbor_entropy_changes	scalar	scalar	True	True	True	0	float32	float32
1ihbA	F82Q	77	backward_weighted_neighbor_entropy_changes	scalar	scalar	True	True	True	0	float32	float32
1ihbA	F82Q	77	V2_backward_weighted_neighbor_entropy_changes	scalar	scalar	True	True	True	0	float32	float32
1ihbA	F82Q	77	center_neighbor_weight_check_m_w	scalar	scalar	True	True	True	0	float32	float32
1ihbA	F82Q	77	center_neighbor_weight_check_w_m	scalar	scalar	True	True	True	0	float32	float32
1ihbA	F82Q	77	neighbor_embedding_change_m_w	scalar	scalar	True	True	True	0	float32	float32
1ihbA	F82Q	77	neighbor_embedding_change_m_w_raw	15x128	15x128	True	True	True	0	float32	float32
1ihbA	F82Q	77	neighbor_message_change_m_w	scalar	scalar	True	True	True	0	float32	float32
1ihbA	F82Q	77	neighbor_message_change_m_w_raw	15x128x1	15x128x1	True	True	True	0	float32	float32
1ihbA	F82Q	77	unweighted_backward_KL	scalar	scalar	True	True	True	0	float32	float32
1ihbA	F82Q	77	unweighted_forward_KL	scalar	scalar	True	True	True	0	float32	float32
1ihbA	F82Q	77	wild_pssm	scalar	scalar	True	True	True	0	float64	float64
1ihbA	F82Q	77	alternate_pssm	scalar	scalar	True	True	True	0	float64	float64
1ihbA	F92N	87	center_mut_wild_energy	scalar	scalar	True	True	True	0	float64	float32
1ihbA	F92N	87	center_mut_max_energy	scalar	scalar	True	True	True	0	float64	float32
1ihbA	F92N	87	center_entropy	scalar	scalar	True	True	True	0	float64	float32
1ihbA	F92N	87	weighted_neighbor_entropies	scalar	scalar	True	True	True	0	float32	float32
1ihbA	F92N	87	weighted_neighbor_energy_changes	scalar	scalar	True	False	True	8.4607591333e-07	float64	float32
1ihbA	F92N	87	backward_weighted_neighbor_energy_changes	scalar	scalar	True	True	True	0	float64	float64
1ihbA	F92N	87	V2_backward_weighted_neighbor_energy_changes	scalar	scalar	True	True	True	0	float64	float64
1ihbA	F92N	87	weighted_neighbor_forward_KL	scalar	scalar	True	True	True	0	float32	float32
1ihbA	F92N	87	weighted_neighbor_backward_KL	scalar	scalar	True	True	True	0	float32	float32
1ihbA	F92N	87	backward_weighted_neighbor_backward_KL	scalar	scalar	True	True	True	0	float64	float64
1ihbA	F92N	87	V2_backward_weighted_neighbor_backward_KL	scalar	scalar	True	True	True	0	float64	float64
1ihbA	F92N	87	weighted_neighbor_entropy_changes	scalar	scalar	True	True	True	0	float32	float32
1ihbA	F92N	87	backward_weighted_neighbor_entropy_changes	scalar	scalar	True	True	True	0	float64	float64
1ihbA	F92N	87	V2_backward_weighted_neighbor_entropy_changes	scalar	scalar	True	True	True	0	float64	float64
1ihbA	F92N	87	center_neighbor_weight_check_m_w	scalar	scalar	True	True	True	0	float64	float64
1ihbA	F92N	87	center_neighbor_weight_check_w_m	scalar	scalar	True	True	True	0	float64	float64
1ihbA	F92N	87	neighbor_embedding_change_m_w	scalar	scalar	True	True	True	0	float32	float32
1ihbA	F92N	87	neighbor_embedding_change_m_w_raw	15x128	15x128	True	True	True	0	float32	float32
1ihbA	F92N	87	neighbor_message_change_m_w	scalar	scalar	True	False	True	9.685754776e-08	float64	float64
1ihbA	F92N	87	neighbor_message_change_m_w_raw	15x128x1	15x128x1	True	True	True	0	float64	float64
1ihbA	F92N	87	unweighted_backward_KL	scalar	scalar	True	True	True	0	float32	float32
1ihbA	F92N	87	unweighted_forward_KL	scalar	scalar	True	True	True	0	float32	float32
1ihbA	F92N	87	wild_pssm	scalar	scalar	True	True	True	0	float64	float64
1ihbA	F92N	87	alternate_pssm	scalar	scalar	True	True	True	0	float64	float64
1iobA	T9G	8	center_mut_wild_energy	scalar	scalar	True	False	True	2.38418579102e-07	float64	float32
1iobA	T9G	8	center_mut_max_energy	scalar	scalar	True	False	True	2.38418579102e-07	float64	float32
1iobA	T9G	8	center_entropy	scalar	scalar	True	True	True	0	float64	float32
1iobA	T9G	8	weighted_neighbor_entropies	scalar	scalar	True	True	True	0	float32	float32
1iobA	T9G	8	weighted_neighbor_energy_changes	scalar	scalar	True	False	True	2.12761177565e-07	float64	float32
1iobA	T9G	8	backward_weighted_neighbor_energy_changes	scalar	scalar	True	False	True	3.32688991023e-07	float64	float32
1iobA	T9G	8	V2_backward_weighted_neighbor_energy_changes	scalar	scalar	True	False	True	4.72174386701e-07	float64	float32
1iobA	T9G	8	weighted_neighbor_forward_KL	scalar	scalar	True	True	True	0	float32	float32
1iobA	T9G	8	weighted_neighbor_backward_KL	scalar	scalar	True	True	True	0	float32	float32
1iobA	T9G	8	backward_weighted_neighbor_backward_KL	scalar	scalar	True	True	True	0	float32	float32
1iobA	T9G	8	V2_backward_weighted_neighbor_backward_KL	scalar	scalar	True	True	True	0	float32	float32
1iobA	T9G	8	weighted_neighbor_entropy_changes	scalar	scalar	True	True	True	0	float32	float32
1iobA	T9G	8	backward_weighted_neighbor_entropy_changes	scalar	scalar	True	True	True	0	float32	float32
1iobA	T9G	8	V2_backward_weighted_neighbor_entropy_changes	scalar	scalar	True	True	True	0	float32	float32
1iobA	T9G	8	center_neighbor_weight_check_m_w	scalar	scalar	True	True	True	0	float32	float32
1iobA	T9G	8	center_neighbor_weight_check_w_m	scalar	scalar	True	True	True	0	float32	float32
1iobA	T9G	8	neighbor_embedding_change_m_w	scalar	scalar	True	True	True	0	float32	float32
1iobA	T9G	8	neighbor_embedding_change_m_w_raw	15x128	15x128	True	True	True	0	float32	float32
1iobA	T9G	8	neighbor_message_change_m_w	scalar	scalar	True	True	True	0	float32	float32
1iobA	T9G	8	neighbor_message_change_m_w_raw	15x128x1	15x128x1	True	True	True	0	float32	float32
1iobA	T9G	8	unweighted_backward_KL	scalar	scalar	True	True	True	0	float32	float32
1iobA	T9G	8	unweighted_forward_KL	scalar	scalar	True	True	True	0	float32	float32
1iobA	T9G	8	wild_pssm	scalar	scalar	True	True	True	0	float64	float64
1iobA	T9G	8	alternate_pssm	scalar	scalar	True	True	True	0	float64	float64
1l63A	M6A	5	center_mut_wild_energy	scalar	scalar	True	False	True	5.96046447754e-08	float64	float32
1l63A	M6A	5	center_mut_max_energy	scalar	scalar	True	False	True	5.96046447754e-08	float64	float32
1l63A	M6A	5	center_entropy	scalar	scalar	True	True	True	0	float64	float32
1l63A	M6A	5	weighted_neighbor_entropies	scalar	scalar	True	False	True	4.76837158203e-07	float32	float32
1l63A	M6A	5	weighted_neighbor_energy_changes	scalar	scalar	True	False	True	3.61573940566e-07	float64	float32
1l63A	M6A	5	backward_weighted_neighbor_energy_changes	scalar	scalar	True	False	True	2.10108936471e-07	float64	float32
1l63A	M6A	5	V2_backward_weighted_neighbor_energy_changes	scalar	scalar	True	False	True	4.58047647811e-07	float64	float32
1l63A	M6A	5	weighted_neighbor_forward_KL	scalar	scalar	True	True	True	0	float32	float32
1l63A	M6A	5	weighted_neighbor_backward_KL	scalar	scalar	True	True	True	0	float32	float32
1l63A	M6A	5	backward_weighted_neighbor_backward_KL	scalar	scalar	True	True	True	0	float32	float32
1l63A	M6A	5	V2_backward_weighted_neighbor_backward_KL	scalar	scalar	True	True	True	0	float32	float32
1l63A	M6A	5	weighted_neighbor_entropy_changes	scalar	scalar	True	True	True	0	float32	float32
1l63A	M6A	5	backward_weighted_neighbor_entropy_changes	scalar	scalar	True	True	True	0	float32	float32
1l63A	M6A	5	V2_backward_weighted_neighbor_entropy_changes	scalar	scalar	True	True	True	0	float32	float32
1l63A	M6A	5	center_neighbor_weight_check_m_w	scalar	scalar	True	True	True	0	float32	float32
1l63A	M6A	5	center_neighbor_weight_check_w_m	scalar	scalar	True	True	True	0	float32	float32
1l63A	M6A	5	neighbor_embedding_change_m_w	scalar	scalar	True	True	True	0	float32	float32
1l63A	M6A	5	neighbor_embedding_change_m_w_raw	15x128	15x128	True	True	True	0	float32	float32
1l63A	M6A	5	neighbor_message_change_m_w	scalar	scalar	True	True	True	0	float32	float32
1l63A	M6A	5	neighbor_message_change_m_w_raw	15x128x1	15x128x1	True	True	True	0	float32	float32
1l63A	M6A	5	unweighted_backward_KL	scalar	scalar	True	True	True	0	float32	float32
1l63A	M6A	5	unweighted_forward_KL	scalar	scalar	True	True	True	0	float32	float32
1l63A	M6A	5	wild_pssm	scalar	scalar	True	True	True	0	float64	float64
1l63A	M6A	5	alternate_pssm	scalar	scalar	True	True	True	0	float64	float64
1l63A	M6L	5	center_mut_wild_energy	scalar	scalar	True	False	True	1.19209289551e-07	float64	float32
1l63A	M6L	5	center_mut_max_energy	scalar	scalar	True	False	True	1.19209289551e-07	float64	float32
1l63A	M6L	5	center_entropy	scalar	scalar	True	True	True	0	float64	float32
1l63A	M6L	5	weighted_neighbor_entropies	scalar	scalar	True	False	True	2.38418579102e-07	float32	float32
1l63A	M6L	5	weighted_neighbor_energy_changes	scalar	scalar	True	False	True	1.68297725978e-07	float64	float32
1l63A	M6L	5	backward_weighted_neighbor_energy_changes	scalar	scalar	True	False	True	1.84497034539e-07	float64	float32
1l63A	M6L	5	V2_backward_weighted_neighbor_energy_changes	scalar	scalar	True	False	True	1.72391651176e-07	float64	float32
1l63A	M6L	5	weighted_neighbor_forward_KL	scalar	scalar	True	True	True	0	float32	float32
1l63A	M6L	5	weighted_neighbor_backward_KL	scalar	scalar	True	True	True	0	float32	float32
1l63A	M6L	5	backward_weighted_neighbor_backward_KL	scalar	scalar	True	True	True	0	float32	float32
1l63A	M6L	5	V2_backward_weighted_neighbor_backward_KL	scalar	scalar	True	True	True	0	float32	float32
1l63A	M6L	5	weighted_neighbor_entropy_changes	scalar	scalar	True	True	True	0	float32	float32
1l63A	M6L	5	backward_weighted_neighbor_entropy_changes	scalar	scalar	True	True	True	0	float32	float32
1l63A	M6L	5	V2_backward_weighted_neighbor_entropy_changes	scalar	scalar	True	True	True	0	float32	float32
1l63A	M6L	5	center_neighbor_weight_check_m_w	scalar	scalar	True	True	True	0	float32	float32
1l63A	M6L	5	center_neighbor_weight_check_w_m	scalar	scalar	True	True	True	0	float32	float32
1l63A	M6L	5	neighbor_embedding_change_m_w	scalar	scalar	True	True	True	0	float32	float32
1l63A	M6L	5	neighbor_embedding_change_m_w_raw	15x128	15x128	True	True	True	0	float32	float32
1l63A	M6L	5	neighbor_message_change_m_w	scalar	scalar	True	False	True	4.76837158203e-07	float32	float32
1l63A	M6L	5	neighbor_message_change_m_w_raw	15x128x1	15x128x1	True	True	True	0	float32	float32
1l63A	M6L	5	unweighted_backward_KL	scalar	scalar	True	True	True	0	float32	float32
1l63A	M6L	5	unweighted_forward_KL	scalar	scalar	True	True	True	0	float32	float32
1l63A	M6L	5	wild_pssm	scalar	scalar	True	True	True	0	float64	float64
1l63A	M6L	5	alternate_pssm	scalar	scalar	True	True	True	0	float64	float64
1l63A	E11H	10	center_mut_wild_energy	scalar	scalar	True	False	True	5.96046447754e-08	float64	float32
1l63A	E11H	10	center_mut_max_energy	scalar	scalar	True	False	True	5.96046447754e-08	float64	float32
1l63A	E11H	10	center_entropy	scalar	scalar	True	True	True	0	float64	float32
1l63A	E11H	10	weighted_neighbor_entropies	scalar	scalar	True	False	True	1.19209289551e-07	float32	float32
1l63A	E11H	10	weighted_neighbor_energy_changes	scalar	scalar	True	False	True	5.55235395439e-07	float64	float32
1l63A	E11H	10	backward_weighted_neighbor_energy_changes	scalar	scalar	True	False	True	4.4891094575e-07	float64	float32
1l63A	E11H	10	V2_backward_weighted_neighbor_energy_changes	scalar	scalar	True	False	True	4.1264149786e-07	float64	float32
1l63A	E11H	10	weighted_neighbor_forward_KL	scalar	scalar	True	True	True	0	float32	float32
1l63A	E11H	10	weighted_neighbor_backward_KL	scalar	scalar	True	True	True	0	float32	float32
1l63A	E11H	10	backward_weighted_neighbor_backward_KL	scalar	scalar	True	True	True	0	float32	float32
1l63A	E11H	10	V2_backward_weighted_neighbor_backward_KL	scalar	scalar	True	True	True	0	float32	float32
1l63A	E11H	10	weighted_neighbor_entropy_changes	scalar	scalar	True	True	True	0	float32	float32
1l63A	E11H	10	backward_weighted_neighbor_entropy_changes	scalar	scalar	True	True	True	0	float32	float32
1l63A	E11H	10	V2_backward_weighted_neighbor_entropy_changes	scalar	scalar	True	True	True	0	float32	float32
1l63A	E11H	10	center_neighbor_weight_check_m_w	scalar	scalar	True	True	True	0	float32	float32
1l63A	E11H	10	center_neighbor_weight_check_w_m	scalar	scalar	True	True	True	0	float32	float32
1l63A	E11H	10	neighbor_embedding_change_m_w	scalar	scalar	True	True	True	0	float32	float32
1l63A	E11H	10	neighbor_embedding_change_m_w_raw	15x128	15x128	True	True	True	0	float32	float32
1l63A	E11H	10	neighbor_message_change_m_w	scalar	scalar	True	True	True	0	float32	float32
1l63A	E11H	10	neighbor_message_change_m_w_raw	15x128x1	15x128x1	True	True	True	0	float32	float32
1l63A	E11H	10	unweighted_backward_KL	scalar	scalar	True	True	True	0	float32	float32
1l63A	E11H	10	unweighted_forward_KL	scalar	scalar	True	True	True	0	float32	float32
1l63A	E11H	10	wild_pssm	scalar	scalar	True	True	True	0	float64	float64
1l63A	E11H	10	alternate_pssm	scalar	scalar	True	True	True	0	float64	float64
1l63A	E11N	10	center_mut_wild_energy	scalar	scalar	True	True	True	0	float64	float32
1l63A	E11N	10	center_mut_max_energy	scalar	scalar	True	True	True	0	float64	float32
1l63A	E11N	10	center_entropy	scalar	scalar	True	True	True	0	float64	float32
1l63A	E11N	10	weighted_neighbor_entropies	scalar	scalar	True	False	True	3.57627868652e-07	float32	float32
1l63A	E11N	10	weighted_neighbor_energy_changes	scalar	scalar	True	False	True	1.81911554265e-07	float64	float32
1l63A	E11N	10	backward_weighted_neighbor_energy_changes	scalar	scalar	True	False	True	3.06641137371e-07	float64	float32
1l63A	E11N	10	V2_backward_weighted_neighbor_energy_changes	scalar	scalar	True	False	True	1.56245153704e-07	float64	float32
1l63A	E11N	10	weighted_neighbor_forward_KL	scalar	scalar	True	True	True	0	float32	float32
1l63A	E11N	10	weighted_neighbor_backward_KL	scalar	scalar	True	True	True	0	float32	float32
1l63A	E11N	10	backward_weighted_neighbor_backward_KL	scalar	scalar	True	True	True	0	float32	float32
1l63A	E11N	10	V2_backward_weighted_neighbor_backward_KL	scalar	scalar	True	True	True	0	float32	float32
1l63A	E11N	10	weighted_neighbor_entropy_changes	scalar	scalar	True	True	True	0	float32	float32
1l63A	E11N	10	backward_weighted_neighbor_entropy_changes	scalar	scalar	True	True	True	0	float32	float32
1l63A	E11N	10	V2_backward_weighted_neighbor_entropy_changes	scalar	scalar	True	True	True	0	float32	float32
1l63A	E11N	10	center_neighbor_weight_check_m_w	scalar	scalar	True	True	True	0	float32	float32
1l63A	E11N	10	center_neighbor_weight_check_w_m	scalar	scalar	True	True	True	0	float32	float32
1l63A	E11N	10	neighbor_embedding_change_m_w	scalar	scalar	True	True	True	0	float32	float32
1l63A	E11N	10	neighbor_embedding_change_m_w_raw	15x128	15x128	True	True	True	0	float32	float32
1l63A	E11N	10	neighbor_message_change_m_w	scalar	scalar	True	True	True	0	float32	float32
1l63A	E11N	10	neighbor_message_change_m_w_raw	15x128x1	15x128x1	True	True	True	0	float32	float32
1l63A	E11N	10	unweighted_backward_KL	scalar	scalar	True	True	True	0	float32	float32
1l63A	E11N	10	unweighted_forward_KL	scalar	scalar	True	True	True	0	float32	float32
1l63A	E11N	10	wild_pssm	scalar	scalar	True	True	True	0	float64	float64
1l63A	E11N	10	alternate_pssm	scalar	scalar	True	True	True	0	float64	float64
1l63A	I17A	16	center_mut_wild_energy	scalar	scalar	True	False	True	1.9371509552e-07	float64	float32
1l63A	I17A	16	center_mut_max_energy	scalar	scalar	True	False	True	1.9371509552e-07	float64	float32
1l63A	I17A	16	center_entropy	scalar	scalar	True	True	True	0	float64	float32
1l63A	I17A	16	weighted_neighbor_entropies	scalar	scalar	True	False	True	2.38418579102e-07	float32	float32
1l63A	I17A	16	weighted_neighbor_energy_changes	scalar	scalar	True	False	True	2.16763462646e-06	float64	float32
1l63A	I17A	16	backward_weighted_neighbor_energy_changes	scalar	scalar	True	False	True	1.49163760454e-06	float64	float32
1l63A	I17A	16	V2_backward_weighted_neighbor_energy_changes	scalar	scalar	True	False	True	4.28242355355e-07	float64	float32
1l63A	I17A	16	weighted_neighbor_forward_KL	scalar	scalar	True	True	True	0	float32	float32
1l63A	I17A	16	weighted_neighbor_backward_KL	scalar	scalar	True	True	True	0	float32	float32
1l63A	I17A	16	backward_weighted_neighbor_backward_KL	scalar	scalar	True	True	True	0	float32	float32
1l63A	I17A	16	V2_backward_weighted_neighbor_backward_KL	scalar	scalar	True	True	True	0	float32	float32
1l63A	I17A	16	weighted_neighbor_entropy_changes	scalar	scalar	True	True	True	0	float32	float32
1l63A	I17A	16	backward_weighted_neighbor_entropy_changes	scalar	scalar	True	True	True	0	float32	float32
1l63A	I17A	16	V2_backward_weighted_neighbor_entropy_changes	scalar	scalar	True	True	True	0	float32	float32
1l63A	I17A	16	center_neighbor_weight_check_m_w	scalar	scalar	True	True	True	0	float32	float32
1l63A	I17A	16	center_neighbor_weight_check_w_m	scalar	scalar	True	True	True	0	float32	float32
1l63A	I17A	16	neighbor_embedding_change_m_w	scalar	scalar	True	True	True	0	float32	float32
1l63A	I17A	16	neighbor_embedding_change_m_w_raw	15x128	15x128	True	True	True	0	float32	float32
1l63A	I17A	16	neighbor_message_change_m_w	scalar	scalar	True	True	True	0	float32	float32
1l63A	I17A	16	neighbor_message_change_m_w_raw	15x128x1	15x128x1	True	True	True	0	float32	float32
1l63A	I17A	16	unweighted_backward_KL	scalar	scalar	True	True	True	0	float32	float32
1l63A	I17A	16	unweighted_forward_KL	scalar	scalar	True	True	True	0	float32	float32
1l63A	I17A	16	wild_pssm	scalar	scalar	True	True	True	0	float64	float64
1l63A	I17A	16	alternate_pssm	scalar	scalar	True	True	True	0	float64	float64
1l63A	D20A	19	center_mut_wild_energy	scalar	scalar	True	False	True	1.78813934326e-07	float64	float32
1l63A	D20A	19	center_mut_max_energy	scalar	scalar	True	False	True	1.78813934326e-07	float64	float32
1l63A	D20A	19	center_entropy	scalar	scalar	True	True	True	0	float64	float32
1l63A	D20A	19	weighted_neighbor_entropies	scalar	scalar	True	False	True	2.38418579102e-07	float32	float32
1l63A	D20A	19	weighted_neighbor_energy_changes	scalar	scalar	True	False	True	1.52718325985e-07	float64	float32
1l63A	D20A	19	backward_weighted_neighbor_energy_changes	scalar	scalar	True	True	True	0	float64	float64
1l63A	D20A	19	V2_backward_weighted_neighbor_energy_changes	scalar	scalar	True	True	True	0	float64	float64
1l63A	D20A	19	weighted_neighbor_forward_KL	scalar	scalar	True	True	True	0	float32	float32
1l63A	D20A	19	weighted_neighbor_backward_KL	scalar	scalar	True	True	True	0	float32	float32
1l63A	D20A	19	backward_weighted_neighbor_backward_KL	scalar	scalar	True	True	True	0	float64	float64
1l63A	D20A	19	V2_backward_weighted_neighbor_backward_KL	scalar	scalar	True	True	True	0	float64	float64
1l63A	D20A	19	weighted_neighbor_entropy_changes	scalar	scalar	True	True	True	0	float32	float32
1l63A	D20A	19	backward_weighted_neighbor_entropy_changes	scalar	scalar	True	True	True	0	float64	float64
1l63A	D20A	19	V2_backward_weighted_neighbor_entropy_changes	scalar	scalar	True	True	True	0	float64	float64
1l63A	D20A	19	center_neighbor_weight_check_m_w	scalar	scalar	True	True	True	0	float64	float64
1l63A	D20A	19	center_neighbor_weight_check_w_m	scalar	scalar	True	True	True	0	float64	float64
1l63A	D20A	19	neighbor_embedding_change_m_w	scalar	scalar	True	True	True	0	float32	float32
1l63A	D20A	19	neighbor_embedding_change_m_w_raw	15x128	15x128	True	True	True	0	float32	float32
1l63A	D20A	19	neighbor_message_change_m_w	scalar	scalar	True	True	True	0	float64	float64
1l63A	D20A	19	neighbor_message_change_m_w_raw	15x128x1	15x128x1	True	True	True	0	float64	float64
1l63A	D20A	19	unweighted_backward_KL	scalar	scalar	True	True	True	0	float32	float32
1l63A	D20A	19	unweighted_forward_KL	scalar	scalar	True	True	True	0	float32	float32
1l63A	D20A	19	wild_pssm	scalar	scalar	True	True	True	0	float64	float64
1l63A	D20A	19	alternate_pssm	scalar	scalar	True	True	True	0	float64	float64
1l63A	D20N	19	center_mut_wild_energy	scalar	scalar	True	True	True	0	float64	float32
1l63A	D20N	19	center_mut_max_energy	scalar	scalar	True	True	True	0	float64	float32
1l63A	D20N	19	center_entropy	scalar	scalar	True	True	True	0	float64	float32
1l63A	D20N	19	weighted_neighbor_entropies	scalar	scalar	True	True	True	0	float32	float32
1l63A	D20N	19	weighted_neighbor_energy_changes	scalar	scalar	True	False	True	3.35214032532e-07	float64	float32
1l63A	D20N	19	backward_weighted_neighbor_energy_changes	scalar	scalar	True	False	True	2.17628574717e-07	float64	float32
1l63A	D20N	19	V2_backward_weighted_neighbor_energy_changes	scalar	scalar	True	False	True	7.33099554395e-08	float64	float32
1l63A	D20N	19	weighted_neighbor_forward_KL	scalar	scalar	True	True	True	0	float32	float32
1l63A	D20N	19	weighted_neighbor_backward_KL	scalar	scalar	True	True	True	0	float32	float32
1l63A	D20N	19	backward_weighted_neighbor_backward_KL	scalar	scalar	True	True	True	0	float32	float32
1l63A	D20N	19	V2_backward_weighted_neighbor_backward_KL	scalar	scalar	True	True	True	0	float32	float32
1l63A	D20N	19	weighted_neighbor_entropy_changes	scalar	scalar	True	True	True	0	float32	float32
1l63A	D20N	19	backward_weighted_neighbor_entropy_changes	scalar	scalar	True	True	True	0	float32	float32
1l63A	D20N	19	V2_backward_weighted_neighbor_entropy_changes	scalar	scalar	True	True	True	0	float32	float32
1l63A	D20N	19	center_neighbor_weight_check_m_w	scalar	scalar	True	True	True	0	float32	float32
1l63A	D20N	19	center_neighbor_weight_check_w_m	scalar	scalar	True	True	True	0	float32	float32
1l63A	D20N	19	neighbor_embedding_change_m_w	scalar	scalar	True	True	True	0	float32	float32
1l63A	D20N	19	neighbor_embedding_change_m_w_raw	15x128	15x128	True	True	True	0	float32	float32
1l63A	D20N	19	neighbor_message_change_m_w	scalar	scalar	True	True	True	0	float32	float32
1l63A	D20N	19	neighbor_message_change_m_w_raw	15x128x1	15x128x1	True	True	True	0	float32	float32
1l63A	D20N	19	unweighted_backward_KL	scalar	scalar	True	True	True	0	float32	float32
1l63A	D20N	19	unweighted_forward_KL	scalar	scalar	True	True	True	0	float32	float32
1l63A	D20N	19	wild_pssm	scalar	scalar	True	True	True	0	float64	float64
1l63A	D20N	19	alternate_pssm	scalar	scalar	True	True	True	0	float64	float64
1l63A	D20S	19	center_mut_wild_energy	scalar	scalar	True	False	True	1.19209289551e-07	float64	float32
1l63A	D20S	19	center_mut_max_energy	scalar	scalar	True	False	True	1.19209289551e-07	float64	float32
1l63A	D20S	19	center_entropy	scalar	scalar	True	True	True	0	float64	float32
1l63A	D20S	19	weighted_neighbor_entropies	scalar	scalar	True	True	True	0	float32	float32
1l63A	D20S	19	weighted_neighbor_energy_changes	scalar	scalar	True	False	True	6.85809702361e-08	float64	float32
1l63A	D20S	19	backward_weighted_neighbor_energy_changes	scalar	scalar	True	False	True	2.80107460782e-07	float64	float32
1l63A	D20S	19	V2_backward_weighted_neighbor_energy_changes	scalar	scalar	True	False	True	5.52242607199e-07	float64	float32
1l63A	D20S	19	weighted_neighbor_forward_KL	scalar	scalar	True	True	True	0	float32	float32
1l63A	D20S	19	weighted_neighbor_backward_KL	scalar	scalar	True	True	True	0	float32	float32
1l63A	D20S	19	backward_weighted_neighbor_backward_KL	scalar	scalar	True	True	True	0	float32	float32
1l63A	D20S	19	V2_backward_weighted_neighbor_backward_KL	scalar	scalar	True	True	True	0	float32	float32
1l63A	D20S	19	weighted_neighbor_entropy_changes	scalar	scalar	True	True	True	0	float32	float32
1l63A	D20S	19	backward_weighted_neighbor_entropy_changes	scalar	scalar	True	True	True	0	float32	float32
1l63A	D20S	19	V2_backward_weighted_neighbor_entropy_changes	scalar	scalar	True	True	True	0	float32	float32
1l63A	D20S	19	center_neighbor_weight_check_m_w	scalar	scalar	True	True	True	0	float32	float32
1l63A	D20S	19	center_neighbor_weight_check_w_m	scalar	scalar	True	True	True	0	float32	float32
1l63A	D20S	19	neighbor_embedding_change_m_w	scalar	scalar	True	True	True	0	float32	float32
1l63A	D20S	19	neighbor_embedding_change_m_w_raw	15x128	15x128	True	True	True	0	float32	float32
1l63A	D20S	19	neighbor_message_change_m_w	scalar	scalar	True	True	True	0	float32	float32
1l63A	D20S	19	neighbor_message_change_m_w_raw	15x128x1	15x128x1	True	True	True	0	float32	float32
1l63A	D20S	19	unweighted_backward_KL	scalar	scalar	True	True	True	0	float32	float32
1l63A	D20S	19	unweighted_forward_KL	scalar	scalar	True	True	True	0	float32	float32
1l63A	D20S	19	wild_pssm	scalar	scalar	True	True	True	0	float64	float64
1l63A	D20S	19	alternate_pssm	scalar	scalar	True	True	True	0	float64	float64
1l63A	I27A	26	center_mut_wild_energy	scalar	scalar	True	False	True	1.19209289551e-07	float64	float32
1l63A	I27A	26	center_mut_max_energy	scalar	scalar	True	False	True	1.19209289551e-07	float64	float32
1l63A	I27A	26	center_entropy	scalar	scalar	True	True	True	0	float64	float32
1l63A	I27A	26	weighted_neighbor_entropies	scalar	scalar	True	True	True	0	float32	float32
1l63A	I27A	26	weighted_neighbor_energy_changes	scalar	scalar	True	False	True	1.63204643133e-08	float64	float32
1l63A	I27A	26	backward_weighted_neighbor_energy_changes	scalar	scalar	True	False	True	4.25313162467e-08	float64	float32
1l63A	I27A	26	V2_backward_weighted_neighbor_energy_changes	scalar	scalar	True	False	True	1.56576136057e-07	float64	float32
1l63A	I27A	26	weighted_neighbor_forward_KL	scalar	scalar	True	True	True	0	float32	float32
1l63A	I27A	26	weighted_neighbor_backward_KL	scalar	scalar	True	True	True	0	float32	float32
1l63A	I27A	26	backward_weighted_neighbor_backward_KL	scalar	scalar	True	True	True	0	float32	float32
1l63A	I27A	26	V2_backward_weighted_neighbor_backward_KL	scalar	scalar	True	True	True	0	float32	float32
1l63A	I27A	26	weighted_neighbor_entropy_changes	scalar	scalar	True	True	True	0	float32	float32
1l63A	I27A	26	backward_weighted_neighbor_entropy_changes	scalar	scalar	True	True	True	0	float32	float32
1l63A	I27A	26	V2_backward_weighted_neighbor_entropy_changes	scalar	scalar	True	True	True	0	float32	float32
1l63A	I27A	26	center_neighbor_weight_check_m_w	scalar	scalar	True	True	True	0	float32	float32
1l63A	I27A	26	center_neighbor_weight_check_w_m	scalar	scalar	True	True	True	0	float32	float32
1l63A	I27A	26	neighbor_embedding_change_m_w	scalar	scalar	True	True	True	0	float32	float32
1l63A	I27A	26	neighbor_embedding_change_m_w_raw	15x128	15x128	True	True	True	0	float32	float32
1l63A	I27A	26	neighbor_message_change_m_w	scalar	scalar	True	False	True	4.76837158203e-07	float32	float32
1l63A	I27A	26	neighbor_message_change_m_w_raw	15x128x1	15x128x1	True	True	True	0	float32	float32
1l63A	I27A	26	unweighted_backward_KL	scalar	scalar	True	True	True	0	float32	float32
1l63A	I27A	26	unweighted_forward_KL	scalar	scalar	True	True	True	0	float32	float32
1l63A	I27A	26	wild_pssm	scalar	scalar	True	True	True	0	float64	float64
1l63A	I27A	26	alternate_pssm	scalar	scalar	True	True	True	0	float64	float64
1l63A	I27M	26	center_mut_wild_energy	scalar	scalar	True	False	True	1.49011611938e-07	float64	float32
1l63A	I27M	26	center_mut_max_energy	scalar	scalar	True	False	True	1.49011611938e-07	float64	float32
1l63A	I27M	26	center_entropy	scalar	scalar	True	True	True	0	float64	float32
1l63A	I27M	26	weighted_neighbor_entropies	scalar	scalar	True	False	True	1.19209289551e-07	float32	float32
1l63A	I27M	26	weighted_neighbor_energy_changes	scalar	scalar	True	False	True	3.41963235506e-09	float64	float32
1l63A	I27M	26	backward_weighted_neighbor_energy_changes	scalar	scalar	True	False	True	1.51273135129e-08	float64	float32
1l63A	I27M	26	V2_backward_weighted_neighbor_energy_changes	scalar	scalar	True	False	True	5.02882635534e-09	float64	float32
1l63A	I27M	26	weighted_neighbor_forward_KL	scalar	scalar	True	True	True	0	float32	float32
1l63A	I27M	26	weighted_neighbor_backward_KL	scalar	scalar	True	True	True	0	float32	float32
1l63A	I27M	26	backward_weighted_neighbor_backward_KL	scalar	scalar	True	True	True	0	float32	float32
1l63A	I27M	26	V2_backward_weighted_neighbor_backward_KL	scalar	scalar	True	True	True	0	float32	float32
1l63A	I27M	26	weighted_neighbor_entropy_changes	scalar	scalar	True	True	True	0	float32	float32
1l63A	I27M	26	backward_weighted_neighbor_entropy_changes	scalar	scalar	True	True	True	0	float32	float32
1l63A	I27M	26	V2_backward_weighted_neighbor_entropy_changes	scalar	scalar	True	True	True	0	float32	float32
1l63A	I27M	26	center_neighbor_weight_check_m_w	scalar	scalar	True	True	True	0	float32	float32
1l63A	I27M	26	center_neighbor_weight_check_w_m	scalar	scalar	True	True	True	0	float32	float32
1l63A	I27M	26	neighbor_embedding_change_m_w	scalar	scalar	True	True	True	0	float32	float32
1l63A	I27M	26	neighbor_embedding_change_m_w_raw	15x128	15x128	True	True	True	0	float32	float32
1l63A	I27M	26	neighbor_message_change_m_w	scalar	scalar	True	True	True	0	float32	float32
1l63A	I27M	26	neighbor_message_change_m_w_raw	15x128x1	15x128x1	True	True	True	0	float32	float32
1l63A	I27M	26	unweighted_backward_KL	scalar	scalar	True	True	True	0	float32	float32
1l63A	I27M	26	unweighted_forward_KL	scalar	scalar	True	True	True	0	float32	float32
1l63A	I27M	26	wild_pssm	scalar	scalar	True	True	True	0	float64	float64
1l63A	I27M	26	alternate_pssm	scalar	scalar	True	True	True	0	float64	float64
1l63A	I29A	28	center_mut_wild_energy	scalar	scalar	True	False	True	1.78813934326e-07	float64	float32
1l63A	I29A	28	center_mut_max_energy	scalar	scalar	True	False	True	1.78813934326e-07	float64	float32
1l63A	I29A	28	center_entropy	scalar	scalar	True	True	True	0	float64	float32
1l63A	I29A	28	weighted_neighbor_entropies	scalar	scalar	True	False	True	1.19209289551e-07	float32	float32
1l63A	I29A	28	weighted_neighbor_energy_changes	scalar	scalar	True	False	True	5.68544180624e-08	float64	float32
1l63A	I29A	28	backward_weighted_neighbor_energy_changes	scalar	scalar	True	False	True	2.29337175028e-07	float64	float32
1l63A	I29A	28	V2_backward_weighted_neighbor_energy_changes	scalar	scalar	True	False	True	1.51121312797e-07	float64	float32
1l63A	I29A	28	weighted_neighbor_forward_KL	scalar	scalar	True	True	True	0	float32	float32
1l63A	I29A	28	weighted_neighbor_backward_KL	scalar	scalar	True	True	True	0	float32	float32
1l63A	I29A	28	backward_weighted_neighbor_backward_KL	scalar	scalar	True	True	True	0	float32	float32
1l63A	I29A	28	V2_backward_weighted_neighbor_backward_KL	scalar	scalar	True	True	True	0	float32	float32
1l63A	I29A	28	weighted_neighbor_entropy_changes	scalar	scalar	True	True	True	0	float32	float32
1l63A	I29A	28	backward_weighted_neighbor_entropy_changes	scalar	scalar	True	True	True	0	float32	float32
1l63A	I29A	28	V2_backward_weighted_neighbor_entropy_changes	scalar	scalar	True	True	True	0	float32	float32
1l63A	I29A	28	center_neighbor_weight_check_m_w	scalar	scalar	True	True	True	0	float32	float32
1l63A	I29A	28	center_neighbor_weight_check_w_m	scalar	scalar	True	True	True	0	float32	float32
1l63A	I29A	28	neighbor_embedding_change_m_w	scalar	scalar	True	True	True	0	float32	float32
1l63A	I29A	28	neighbor_embedding_change_m_w_raw	15x128	15x128	True	True	True	0	float32	float32
1l63A	I29A	28	neighbor_message_change_m_w	scalar	scalar	True	True	True	0	float32	float32
1l63A	I29A	28	neighbor_message_change_m_w_raw	15x128x1	15x128x1	True	True	True	0	float32	float32
1l63A	I29A	28	unweighted_backward_KL	scalar	scalar	True	True	True	0	float32	float32
1l63A	I29A	28	unweighted_forward_KL	scalar	scalar	True	True	True	0	float32	float32
1l63A	I29A	28	wild_pssm	scalar	scalar	True	True	True	0	float64	float64
1l63A	I29A	28	alternate_pssm	scalar	scalar	True	True	True	0	float64	float64
1l63A	S38N	37	center_mut_wild_energy	scalar	scalar	True	False	True	5.96046447754e-08	float64	float32
1l63A	S38N	37	center_mut_max_energy	scalar	scalar	True	False	True	5.96046447754e-08	float64	float32
1l63A	S38N	37	center_entropy	scalar	scalar	True	True	True	0	float64	float32
1l63A	S38N	37	weighted_neighbor_entropies	scalar	scalar	True	False	True	2.38418579102e-07	float32	float32
1l63A	S38N	37	weighted_neighbor_energy_changes	scalar	scalar	True	False	True	2.12509101261e-07	float64	float32
1l63A	S38N	37	backward_weighted_neighbor_energy_changes	scalar	scalar	True	True	True	0	float64	float64
1l63A	S38N	37	V2_backward_weighted_neighbor_energy_changes	scalar	scalar	True	True	True	0	float64	float64
1l63A	S38N	37	weighted_neighbor_forward_KL	scalar	scalar	True	True	True	0	float32	float32
1l63A	S38N	37	weighted_neighbor_backward_KL	scalar	scalar	True	True	True	0	float32	float32
1l63A	S38N	37	backward_weighted_neighbor_backward_KL	scalar	scalar	True	True	True	0	float64	float64
1l63A	S38N	37	V2_backward_weighted_neighbor_backward_KL	scalar	scalar	True	True	True	0	float64	float64
1l63A	S38N	37	weighted_neighbor_entropy_changes	scalar	scalar	True	True	True	0	float32	float32
1l63A	S38N	37	backward_weighted_neighbor_entropy_changes	scalar	scalar	True	True	True	0	float64	float64
1l63A	S38N	37	V2_backward_weighted_neighbor_entropy_changes	scalar	scalar	True	True	True	0	float64	float64
1l63A	S38N	37	center_neighbor_weight_check_m_w	scalar	scalar	True	True	True	0	float64	float64
1l63A	S38N	37	center_neighbor_weight_check_w_m	scalar	scalar	True	True	True	0	float64	float64
1l63A	S38N	37	neighbor_embedding_change_m_w	scalar	scalar	True	True	True	0	float32	float32
1l63A	S38N	37	neighbor_embedding_change_m_w_raw	15x128	15x128	True	True	True	0	float32	float32
1l63A	S38N	37	neighbor_message_change_m_w	scalar	scalar	True	True	True	0	float64	float64
1l63A	S38N	37	neighbor_message_change_m_w_raw	15x128x1	15x128x1	True	True	True	0	float64	float64
1l63A	S38N	37	unweighted_backward_KL	scalar	scalar	True	True	True	0	float32	float32
1l63A	S38N	37	unweighted_forward_KL	scalar	scalar	True	True	True	0	float32	float32
1l63A	S38N	37	wild_pssm	scalar	scalar	True	True	True	0	float64	float64
1l63A	S38N	37	alternate_pssm	scalar	scalar	True	True	True	0	float64	float64
1l63A	A41S	40	center_mut_wild_energy	scalar	scalar	True	True	True	0	float64	float32
1l63A	A41S	40	center_mut_max_energy	scalar	scalar	True	True	True	0	float64	float32
1l63A	A41S	40	center_entropy	scalar	scalar	True	True	True	0	float64	float32
1l63A	A41S	40	weighted_neighbor_entropies	scalar	scalar	True	False	True	1.19209289551e-07	float32	float32
1l63A	A41S	40	weighted_neighbor_energy_changes	scalar	scalar	True	False	True	1.11878525999e-07	float64	float32
1l63A	A41S	40	backward_weighted_neighbor_energy_changes	scalar	scalar	True	False	True	4.92913251549e-07	float64	float32
1l63A	A41S	40	V2_backward_weighted_neighbor_energy_changes	scalar	scalar	True	False	True	6.99221045508e-08	float64	float32
1l63A	A41S	40	weighted_neighbor_forward_KL	scalar	scalar	True	True	True	0	float32	float32
1l63A	A41S	40	weighted_neighbor_backward_KL	scalar	scalar	True	True	True	0	float32	float32
1l63A	A41S	40	backward_weighted_neighbor_backward_KL	scalar	scalar	True	True	True	0	float32	float32
1l63A	A41S	40	V2_backward_weighted_neighbor_backward_KL	scalar	scalar	True	True	True	0	float32	float32
1l63A	A41S	40	weighted_neighbor_entropy_changes	scalar	scalar	True	True	True	0	float32	float32
1l63A	A41S	40	backward_weighted_neighbor_entropy_changes	scalar	scalar	True	True	True	0	float32	float32
1l63A	A41S	40	V2_backward_weighted_neighbor_entropy_changes	scalar	scalar	True	True	True	0	float32	float32
1l63A	A41S	40	center_neighbor_weight_check_m_w	scalar	scalar	True	True	True	0	float32	float32
1l63A	A41S	40	center_neighbor_weight_check_w_m	scalar	scalar	True	True	True	0	float32	float32
1l63A	A41S	40	neighbor_embedding_change_m_w	scalar	scalar	True	True	True	0	float32	float32
1l63A	A41S	40	neighbor_embedding_change_m_w_raw	15x128	15x128	True	True	True	0	float32	float32
1l63A	A41S	40	neighbor_message_change_m_w	scalar	scalar	True	False	True	4.76837158203e-07	float32	float32
1l63A	A41S	40	neighbor_message_change_m_w_raw	15x128x1	15x128x1	True	True	True	0	float32	float32
1l63A	A41S	40	unweighted_backward_KL	scalar	scalar	True	True	True	0	float32	float32
1l63A	A41S	40	unweighted_forward_KL	scalar	scalar	True	True	True	0	float32	float32
1l63A	A41S	40	wild_pssm	scalar	scalar	True	True	True	0	float64	float64
1l63A	A41S	40	alternate_pssm	scalar	scalar	True	True	True	0	float64	float64
1l63A	A42V	41	center_mut_wild_energy	scalar	scalar	True	False	True	2.38418579102e-07	float64	float32
1l63A	A42V	41	center_mut_max_energy	scalar	scalar	True	False	True	2.38418579102e-07	float64	float32
1l63A	A42V	41	center_entropy	scalar	scalar	True	True	True	0	float64	float32
1l63A	A42V	41	weighted_neighbor_entropies	scalar	scalar	True	True	True	0	float32	float32
1l63A	A42V	41	weighted_neighbor_energy_changes	scalar	scalar	True	False	True	2.05922193075e-07	float64	float32
1l63A	A42V	41	backward_weighted_neighbor_energy_changes	scalar	scalar	True	False	True	8.16633196621e-08	float64	float32
1l63A	A42V	41	V2_backward_weighted_neighbor_energy_changes	scalar	scalar	True	False	True	7.99610138102e-08	float64	float32
1l63A	A42V	41	weighted_neighbor_forward_KL	scalar	scalar	True	True	True	0	float32	float32
1l63A	A42V	41	weighted_neighbor_backward_KL	scalar	scalar	True	True	True	0	float32	float32
1l63A	A42V	41	backward_weighted_neighbor_backward_KL	scalar	scalar	True	True	True	0	float32	float32
1l63A	A42V	41	V2_backward_weighted_neighbor_backward_KL	scalar	scalar	True	True	True	0	float32	float32
1l63A	A42V	41	weighted_neighbor_entropy_changes	scalar	scalar	True	True	True	0	float32	float32
1l63A	A42V	41	backward_weighted_neighbor_entropy_changes	scalar	scalar	True	True	True	0	float32	float32
1l63A	A42V	41	V2_backward_weighted_neighbor_entropy_changes	scalar	scalar	True	True	True	0	float32	float32
1l63A	A42V	41	center_neighbor_weight_check_m_w	scalar	scalar	True	True	True	0	float32	float32
1l63A	A42V	41	center_neighbor_weight_check_w_m	scalar	scalar	True	True	True	0	float32	float32
1l63A	A42V	41	neighbor_embedding_change_m_w	scalar	scalar	True	True	True	0	float32	float32
1l63A	A42V	41	neighbor_embedding_change_m_w_raw	15x128	15x128	True	True	True	0	float32	float32
1l63A	A42V	41	neighbor_message_change_m_w	scalar	scalar	True	False	True	9.53674316406e-07	float32	float32
1l63A	A42V	41	neighbor_message_change_m_w_raw	15x128x1	15x128x1	True	True	True	0	float32	float32
1l63A	A42V	41	unweighted_backward_KL	scalar	scalar	True	True	True	0	float32	float32
1l63A	A42V	41	unweighted_forward_KL	scalar	scalar	True	True	True	0	float32	float32
1l63A	A42V	41	wild_pssm	scalar	scalar	True	True	True	0	float64	float64
1l63A	A42V	41	alternate_pssm	scalar	scalar	True	True	True	0	float64	float64
1l63A	A42S	41	center_mut_wild_energy	scalar	scalar	True	False	True	1.49011611938e-08	float64	float32
1l63A	A42S	41	center_mut_max_energy	scalar	scalar	True	False	True	1.49011611938e-08	float64	float32
1l63A	A42S	41	center_entropy	scalar	scalar	True	True	True	0	float64	float32
1l63A	A42S	41	weighted_neighbor_entropies	scalar	scalar	True	True	True	0	float32	float32
1l63A	A42S	41	weighted_neighbor_energy_changes	scalar	scalar	True	False	True	1.43670491948e-07	float64	float32
1l63A	A42S	41	backward_weighted_neighbor_energy_changes	scalar	scalar	True	False	True	8.58037374485e-08	float64	float32
1l63A	A42S	41	V2_backward_weighted_neighbor_energy_changes	scalar	scalar	True	False	True	1.85745052228e-07	float64	float32
1l63A	A42S	41	weighted_neighbor_forward_KL	scalar	scalar	True	True	True	0	float32	float32
1l63A	A42S	41	weighted_neighbor_backward_KL	scalar	scalar	True	True	True	0	float32	float32
1l63A	A42S	41	backward_weighted_neighbor_backward_KL	scalar	scalar	True	True	True	0	float32	float32
1l63A	A42S	41	V2_backward_weighted_neighbor_backward_KL	scalar	scalar	True	True	True	0	float32	float32
1l63A	A42S	41	weighted_neighbor_entropy_changes	scalar	scalar	True	True	True	0	float32	float32
1l63A	A42S	41	backward_weighted_neighbor_entropy_changes	scalar	scalar	True	True	True	0	float32	float32
1l63A	A42S	41	V2_backward_weighted_neighbor_entropy_changes	scalar	scalar	True	True	True	0	float32	float32
1l63A	A42S	41	center_neighbor_weight_check_m_w	scalar	scalar	True	True	True	0	float32	float32
1l63A	A42S	41	center_neighbor_weight_check_w_m	scalar	scalar	True	True	True	0	float32	float32
1l63A	A42S	41	neighbor_embedding_change_m_w	scalar	scalar	True	False	True	4.76837158203e-07	float32	float32
1l63A	A42S	41	neighbor_embedding_change_m_w_raw	15x128	15x128	True	True	True	0	float32	float32
1l63A	A42S	41	neighbor_message_change_m_w	scalar	scalar	True	True	True	0	float32	float32
1l63A	A42S	41	neighbor_message_change_m_w_raw	15x128x1	15x128x1	True	True	True	0	float32	float32
1l63A	A42S	41	unweighted_backward_KL	scalar	scalar	True	True	True	0	float32	float32
1l63A	A42S	41	unweighted_forward_KL	scalar	scalar	True	True	True	0	float32	float32
1l63A	A42S	41	wild_pssm	scalar	scalar	True	True	True	0	float64	float64
1l63A	A42S	41	alternate_pssm	scalar	scalar	True	True	True	0	float64	float64
1l63A	K43A	42	center_mut_wild_energy	scalar	scalar	True	False	True	5.96046447754e-08	float64	float32
1l63A	K43A	42	center_mut_max_energy	scalar	scalar	True	False	True	5.96046447754e-08	float64	float32
1l63A	K43A	42	center_entropy	scalar	scalar	True	True	True	0	float64	float32
1l63A	K43A	42	weighted_neighbor_entropies	scalar	scalar	True	True	True	0	float32	float32
1l63A	K43A	42	weighted_neighbor_energy_changes	scalar	scalar	True	False	True	4.64568497449e-07	float64	float32
1l63A	K43A	42	backward_weighted_neighbor_energy_changes	scalar	scalar	True	True	True	0	float64	float64
1l63A	K43A	42	V2_backward_weighted_neighbor_energy_changes	scalar	scalar	True	True	True	0	float64	float64
1l63A	K43A	42	weighted_neighbor_forward_KL	scalar	scalar	True	True	True	0	float32	float32
1l63A	K43A	42	weighted_neighbor_backward_KL	scalar	scalar	True	True	True	0	float32	float32
1l63A	K43A	42	backward_weighted_neighbor_backward_KL	scalar	scalar	True	True	True	0	float64	float64
1l63A	K43A	42	V2_backward_weighted_neighbor_backward_KL	scalar	scalar	True	True	True	0	float64	float64
1l63A	K43A	42	weighted_neighbor_entropy_changes	scalar	scalar	True	True	True	0	float32	float32
1l63A	K43A	42	backward_weighted_neighbor_entropy_changes	scalar	scalar	True	True	True	0	float64	float64
1l63A	K43A	42	V2_backward_weighted_neighbor_entropy_changes	scalar	scalar	True	True	True	0	float64	float64
1l63A	K43A	42	center_neighbor_weight_check_m_w	scalar	scalar	True	True	True	0	float64	float64
1l63A	K43A	42	center_neighbor_weight_check_w_m	scalar	scalar	True	True	True	0	float64	float64
1l63A	K43A	42	neighbor_embedding_change_m_w	scalar	scalar	True	True	True	0	float32	float32
1l63A	K43A	42	neighbor_embedding_change_m_w_raw	15x128	15x128	True	True	True	0	float32	float32
1l63A	K43A	42	neighbor_message_change_m_w	scalar	scalar	True	False	True	5.96046447754e-08	float64	float64
1l63A	K43A	42	neighbor_message_change_m_w_raw	15x128x1	15x128x1	True	True	True	0	float64	float64
1l63A	K43A	42	unweighted_backward_KL	scalar	scalar	True	True	True	0	float32	float32
1l63A	K43A	42	unweighted_forward_KL	scalar	scalar	True	True	True	0	float32	float32
1l63A	K43A	42	wild_pssm	scalar	scalar	True	True	True	0	float64	float64
1l63A	K43A	42	alternate_pssm	scalar	scalar	True	True	True	0	float64	float64
1l63A	S44A	43	center_mut_wild_energy	scalar	scalar	True	True	True	0	float64	float32
1l63A	S44A	43	center_mut_max_energy	scalar	scalar	True	True	True	0	float64	float32
1l63A	S44A	43	center_entropy	scalar	scalar	True	True	True	0	float64	float32
1l63A	S44A	43	weighted_neighbor_entropies	scalar	scalar	True	False	True	3.57627868652e-07	float32	float32
1l63A	S44A	43	weighted_neighbor_energy_changes	scalar	scalar	True	False	True	1.71230514212e-08	float64	float32
1l63A	S44A	43	backward_weighted_neighbor_energy_changes	scalar	scalar	True	True	True	0	float64	float64
1l63A	S44A	43	V2_backward_weighted_neighbor_energy_changes	scalar	scalar	True	True	True	0	float64	float64
1l63A	S44A	43	weighted_neighbor_forward_KL	scalar	scalar	True	True	True	0	float32	float32
1l63A	S44A	43	weighted_neighbor_backward_KL	scalar	scalar	True	True	True	0	float32	float32
1l63A	S44A	43	backward_weighted_neighbor_backward_KL	scalar	scalar	True	True	True	0	float64	float64
1l63A	S44A	43	V2_backward_weighted_neighbor_backward_KL	scalar	scalar	True	True	True	0	float64	float64
1l63A	S44A	43	weighted_neighbor_entropy_changes	scalar	scalar	True	True	True	0	float32	float32
1l63A	S44A	43	backward_weighted_neighbor_entropy_changes	scalar	scalar	True	True	True	0	float64	float64
1l63A	S44A	43	V2_backward_weighted_neighbor_entropy_changes	scalar	scalar	True	True	True	0	float64	float64
1l63A	S44A	43	center_neighbor_weight_check_m_w	scalar	scalar	True	True	True	0	float64	float64
1l63A	S44A	43	center_neighbor_weight_check_w_m	scalar	scalar	True	True	True	0	float64	float64
1l63A	S44A	43	neighbor_embedding_change_m_w	scalar	scalar	True	True	True	0	float32	float32
1l63A	S44A	43	neighbor_embedding_change_m_w_raw	15x128	15x128	True	True	True	0	float32	float32
1l63A	S44A	43	neighbor_message_change_m_w	scalar	scalar	True	False	True	2.98023223877e-08	float64	float64
1l63A	S44A	43	neighbor_message_change_m_w_raw	15x128x1	15x128x1	True	True	True	0	float64	float64
1l63A	S44A	43	unweighted_backward_KL	scalar	scalar	True	True	True	0	float32	float32
1l63A	S44A	43	unweighted_forward_KL	scalar	scalar	True	True	True	0	float32	float32
1l63A	S44A	43	wild_pssm	scalar	scalar	True	True	True	0	float64	float64
1l63A	S44A	43	alternate_pssm	scalar	scalar	True	True	True	0	float64	float64
1l63A	S44I	43	center_mut_wild_energy	scalar	scalar	True	True	True	0	float64	float32
1l63A	S44I	43	center_mut_max_energy	scalar	scalar	True	True	True	0	float64	float32
1l63A	S44I	43	center_entropy	scalar	scalar	True	True	True	0	float64	float32
1l63A	S44I	43	weighted_neighbor_entropies	scalar	scalar	True	True	True	0	float32	float32
1l63A	S44I	43	weighted_neighbor_energy_changes	scalar	scalar	True	False	True	8.94262797146e-09	float64	float32
1l63A	S44I	43	backward_weighted_neighbor_energy_changes	scalar	scalar	True	True	True	0	float64	float64
1l63A	S44I	43	V2_backward_weighted_neighbor_energy_changes	scalar	scalar	True	True	True	0	float64	float64
1l63A	S44I	43	weighted_neighbor_forward_KL	scalar	scalar	True	True	True	0	float32	float32
1l63A	S44I	43	weighted_neighbor_backward_KL	scalar	scalar	True	True	True	0	float32	float32
1l63A	S44I	43	backward_weighted_neighbor_backward_KL	scalar	scalar	True	True	True	0	float64	float64
1l63A	S44I	43	V2_backward_weighted_neighbor_backward_KL	scalar	scalar	True	True	True	0	float64	float64
1l63A	S44I	43	weighted_neighbor_entropy_changes	scalar	scalar	True	True	True	0	float32	float32
1l63A	S44I	43	backward_weighted_neighbor_entropy_changes	scalar	scalar	True	True	True	0	float64	float64
1l63A	S44I	43	V2_backward_weighted_neighbor_entropy_changes	scalar	scalar	True	True	True	0	float64	float64
1l63A	S44I	43	center_neighbor_weight_check_m_w	scalar	scalar	True	True	True	0	float64	float64
1l63A	S44I	43	center_neighbor_weight_check_w_m	scalar	scalar	True	True	True	0	float64	float64
1l63A	S44I	43	neighbor_embedding_change_m_w	scalar	scalar	True	False	True	4.76837158203e-07	float32	float32
1l63A	S44I	43	neighbor_embedding_change_m_w_raw	15x128	15x128	True	True	True	0	float32	float32
1l63A	S44I	43	neighbor_message_change_m_w	scalar	scalar	True	False	True	5.96046447754e-08	float64	float64
1l63A	S44I	43	neighbor_message_change_m_w_raw	15x128x1	15x128x1	True	True	True	0	float64	float64
1l63A	S44I	43	unweighted_backward_KL	scalar	scalar	True	True	True	0	float32	float32
1l63A	S44I	43	unweighted_forward_KL	scalar	scalar	True	True	True	0	float32	float32
1l63A	S44I	43	wild_pssm	scalar	scalar	True	True	True	0	float64	float64
1l63A	S44I	43	alternate_pssm	scalar	scalar	True	True	True	0	float64	float64
1l63A	S44L	43	center_mut_wild_energy	scalar	scalar	True	True	True	0	float64	float32
1l63A	S44L	43	center_mut_max_energy	scalar	scalar	True	True	True	0	float64	float32
1l63A	S44L	43	center_entropy	scalar	scalar	True	True	True	0	float64	float32
1l63A	S44L	43	weighted_neighbor_entropies	scalar	scalar	True	False	True	2.38418579102e-07	float32	float32
1l63A	S44L	43	weighted_neighbor_energy_changes	scalar	scalar	True	False	True	1.76565948529e-08	float64	float32
1l63A	S44L	43	backward_weighted_neighbor_energy_changes	scalar	scalar	True	True	True	0	float64	float64
1l63A	S44L	43	V2_backward_weighted_neighbor_energy_changes	scalar	scalar	True	True	True	0	float64	float64
1l63A	S44L	43	weighted_neighbor_forward_KL	scalar	scalar	True	True	True	0	float32	float32
1l63A	S44L	43	weighted_neighbor_backward_KL	scalar	scalar	True	True	True	0	float32	float32
1l63A	S44L	43	backward_weighted_neighbor_backward_KL	scalar	scalar	True	True	True	0	float64	float64
1l63A	S44L	43	V2_backward_weighted_neighbor_backward_KL	scalar	scalar	True	True	True	0	float64	float64
1l63A	S44L	43	weighted_neighbor_entropy_changes	scalar	scalar	True	True	True	0	float32	float32
1l63A	S44L	43	backward_weighted_neighbor_entropy_changes	scalar	scalar	True	True	True	0	float64	float64
1l63A	S44L	43	V2_backward_weighted_neighbor_entropy_changes	scalar	scalar	True	True	True	0	float64	float64
1l63A	S44L	43	center_neighbor_weight_check_m_w	scalar	scalar	True	True	True	0	float64	float64
1l63A	S44L	43	center_neighbor_weight_check_w_m	scalar	scalar	True	True	True	0	float64	float64
1l63A	S44L	43	neighbor_embedding_change_m_w	scalar	scalar	True	True	True	0	float32	float32
1l63A	S44L	43	neighbor_embedding_change_m_w_raw	15x128	15x128	True	True	True	0	float32	float32
1l63A	S44L	43	neighbor_message_change_m_w	scalar	scalar	True	False	True	8.94069671631e-08	float64	float64
1l63A	S44L	43	neighbor_message_change_m_w_raw	15x128x1	15x128x1	True	True	True	0	float64	float64
1l63A	S44L	43	unweighted_backward_KL	scalar	scalar	True	True	True	0	float32	float32
1l63A	S44L	43	unweighted_forward_KL	scalar	scalar	True	True	True	0	float32	float32
1l63A	S44L	43	wild_pssm	scalar	scalar	True	True	True	0	float64	float64
1l63A	S44L	43	alternate_pssm	scalar	scalar	True	True	True	0	float64	float64
1l63A	S44K	43	center_mut_wild_energy	scalar	scalar	True	True	True	0	float64	float32
1l63A	S44K	43	center_mut_max_energy	scalar	scalar	True	True	True	0	float64	float32
1l63A	S44K	43	center_entropy	scalar	scalar	True	True	True	0	float64	float32
1l63A	S44K	43	weighted_neighbor_entropies	scalar	scalar	True	False	True	2.38418579102e-07	float32	float32
1l63A	S44K	43	weighted_neighbor_energy_changes	scalar	scalar	True	False	True	3.85889676657e-07	float64	float32
1l63A	S44K	43	backward_weighted_neighbor_energy_changes	scalar	scalar	True	True	True	0	float64	float64
1l63A	S44K	43	V2_backward_weighted_neighbor_energy_changes	scalar	scalar	True	True	True	0	float64	float64
1l63A	S44K	43	weighted_neighbor_forward_KL	scalar	scalar	True	True	True	0	float32	float32
1l63A	S44K	43	weighted_neighbor_backward_KL	scalar	scalar	True	True	True	0	float32	float32
1l63A	S44K	43	backward_weighted_neighbor_backward_KL	scalar	scalar	True	True	True	0	float64	float64
1l63A	S44K	43	V2_backward_weighted_neighbor_backward_KL	scalar	scalar	True	True	True	0	float64	float64
1l63A	S44K	43	weighted_neighbor_entropy_changes	scalar	scalar	True	True	True	0	float32	float32
1l63A	S44K	43	backward_weighted_neighbor_entropy_changes	scalar	scalar	True	True	True	0	float64	float64
1l63A	S44K	43	V2_backward_weighted_neighbor_entropy_changes	scalar	scalar	True	True	True	0	float64	float64
1l63A	S44K	43	center_neighbor_weight_check_m_w	scalar	scalar	True	True	True	0	float64	float64
1l63A	S44K	43	center_neighbor_weight_check_w_m	scalar	scalar	True	True	True	0	float64	float64
1l63A	S44K	43	neighbor_embedding_change_m_w	scalar	scalar	True	True	True	0	float32	float32
1l63A	S44K	43	neighbor_embedding_change_m_w_raw	15x128	15x128	True	True	True	0	float32	float32
1l63A	S44K	43	neighbor_message_change_m_w	scalar	scalar	True	True	True	0	float64	float64
1l63A	S44K	43	neighbor_message_change_m_w_raw	15x128x1	15x128x1	True	True	True	0	float64	float64
1l63A	S44K	43	unweighted_backward_KL	scalar	scalar	True	True	True	0	float32	float32
1l63A	S44K	43	unweighted_forward_KL	scalar	scalar	True	True	True	0	float32	float32
1l63A	S44K	43	wild_pssm	scalar	scalar	True	True	True	0	float64	float64
1l63A	S44K	43	alternate_pssm	scalar	scalar	True	True	True	0	float64	float64
1l63A	S44E	43	center_mut_wild_energy	scalar	scalar	True	True	True	0	float64	float32
1l63A	S44E	43	center_mut_max_energy	scalar	scalar	True	True	True	0	float64	float32
1l63A	S44E	43	center_entropy	scalar	scalar	True	True	True	0	float64	float32
1l63A	S44E	43	weighted_neighbor_entropies	scalar	scalar	True	False	True	4.76837158203e-07	float32	float32
1l63A	S44E	43	weighted_neighbor_energy_changes	scalar	scalar	True	False	True	2.87750148154e-08	float64	float32
1l63A	S44E	43	backward_weighted_neighbor_energy_changes	scalar	scalar	True	True	True	0	float64	float64
1l63A	S44E	43	V2_backward_weighted_neighbor_energy_changes	scalar	scalar	True	True	True	0	float64	float64
1l63A	S44E	43	weighted_neighbor_forward_KL	scalar	scalar	True	True	True	0	float32	float32
1l63A	S44E	43	weighted_neighbor_backward_KL	scalar	scalar	True	True	True	0	float32	float32
1l63A	S44E	43	backward_weighted_neighbor_backward_KL	scalar	scalar	True	True	True	0	float64	float64
1l63A	S44E	43	V2_backward_weighted_neighbor_backward_KL	scalar	scalar	True	True	True	0	float64	float64
1l63A	S44E	43	weighted_neighbor_entropy_changes	scalar	scalar	True	True	True	0	float32	float32
1l63A	S44E	43	backward_weighted_neighbor_entropy_changes	scalar	scalar	True	True	True	0	float64	float64
1l63A	S44E	43	V2_backward_weighted_neighbor_entropy_changes	scalar	scalar	True	True	True	0	float64	float64
1l63A	S44E	43	center_neighbor_weight_check_m_w	scalar	scalar	True	True	True	0	float64	float64
1l63A	S44E	43	center_neighbor_weight_check_w_m	scalar	scalar	True	True	True	0	float64	float64
1l63A	S44E	43	neighbor_embedding_change_m_w	scalar	scalar	True	True	True	0	float32	float32
1l63A	S44E	43	neighbor_embedding_change_m_w_raw	15x128	15x128	True	True	True	0	float32	float32
1l63A	S44E	43	neighbor_message_change_m_w	scalar	scalar	True	False	True	1.19209289551e-07	float64	float64
1l63A	S44E	43	neighbor_message_change_m_w_raw	15x128x1	15x128x1	True	True	True	0	float64	float64
1l63A	S44E	43	unweighted_backward_KL	scalar	scalar	True	True	True	0	float32	float32
1l63A	S44E	43	unweighted_forward_KL	scalar	scalar	True	True	True	0	float32	float32
1l63A	S44E	43	wild_pssm	scalar	scalar	True	True	True	0	float64	float64
1l63A	S44E	43	alternate_pssm	scalar	scalar	True	True	True	0	float64	float64
1l63A	S44G	43	center_mut_wild_energy	scalar	scalar	True	True	True	0	float64	float32
1l63A	S44G	43	center_mut_max_energy	scalar	scalar	True	True	True	0	float64	float32
1l63A	S44G	43	center_entropy	scalar	scalar	True	True	True	0	float64	float32
1l63A	S44G	43	weighted_neighbor_entropies	scalar	scalar	True	False	True	1.19209289551e-07	float32	float32
1l63A	S44G	43	weighted_neighbor_energy_changes	scalar	scalar	True	False	True	2.48261935454e-08	float64	float32
1l63A	S44G	43	backward_weighted_neighbor_energy_changes	scalar	scalar	True	True	True	0	float64	float64
1l63A	S44G	43	V2_backward_weighted_neighbor_energy_changes	scalar	scalar	True	True	True	0	float64	float64
1l63A	S44G	43	weighted_neighbor_forward_KL	scalar	scalar	True	True	True	0	float32	float32
1l63A	S44G	43	weighted_neighbor_backward_KL	scalar	scalar	True	True	True	0	float32	float32
1l63A	S44G	43	backward_weighted_neighbor_backward_KL	scalar	scalar	True	True	True	0	float64	float64
1l63A	S44G	43	V2_backward_weighted_neighbor_backward_KL	scalar	scalar	True	True	True	0	float64	float64
1l63A	S44G	43	weighted_neighbor_entropy_changes	scalar	scalar	True	True	True	0	float32	float32
1l63A	S44G	43	backward_weighted_neighbor_entropy_changes	scalar	scalar	True	True	True	0	float64	float64
1l63A	S44G	43	V2_backward_weighted_neighbor_entropy_changes	scalar	scalar	True	True	True	0	float64	float64
1l63A	S44G	43	center_neighbor_weight_check_m_w	scalar	scalar	True	True	True	0	float64	float64
1l63A	S44G	43	center_neighbor_weight_check_w_m	scalar	scalar	True	True	True	0	float64	float64
1l63A	S44G	43	neighbor_embedding_change_m_w	scalar	scalar	True	True	True	0	float32	float32
1l63A	S44G	43	neighbor_embedding_change_m_w_raw	15x128	15x128	True	True	True	0	float32	float32
1l63A	S44G	43	neighbor_message_change_m_w	scalar	scalar	True	False	True	1.49011611938e-08	float64	float64
1l63A	S44G	43	neighbor_message_change_m_w_raw	15x128x1	15x128x1	True	True	True	0	float64	float64
1l63A	S44G	43	unweighted_backward_KL	scalar	scalar	True	True	True	0	float32	float32
1l63A	S44G	43	unweighted_forward_KL	scalar	scalar	True	True	True	0	float32	float32
1l63A	S44G	43	wild_pssm	scalar	scalar	True	True	True	0	float64	float64
1l63A	S44G	43	alternate_pssm	scalar	scalar	True	True	True	0	float64	float64
1l63A	S44R	43	center_mut_wild_energy	scalar	scalar	True	True	True	0	float64	float32
1l63A	S44R	43	center_mut_max_energy	scalar	scalar	True	True	True	0	float64	float32
1l63A	S44R	43	center_entropy	scalar	scalar	True	True	True	0	float64	float32
1l63A	S44R	43	weighted_neighbor_entropies	scalar	scalar	True	False	True	3.57627868652e-07	float32	float32
1l63A	S44R	43	weighted_neighbor_energy_changes	scalar	scalar	True	False	True	1.7703068167e-07	float64	float32
1l63A	S44R	43	backward_weighted_neighbor_energy_changes	scalar	scalar	True	True	True	0	float64	float64
1l63A	S44R	43	V2_backward_weighted_neighbor_energy_changes	scalar	scalar	True	True	True	0	float64	float64
1l63A	S44R	43	weighted_neighbor_forward_KL	scalar	scalar	True	True	True	0	float32	float32
1l63A	S44R	43	weighted_neighbor_backward_KL	scalar	scalar	True	True	True	0	float32	float32
1l63A	S44R	43	backward_weighted_neighbor_backward_KL	scalar	scalar	True	True	True	0	float64	float64
1l63A	S44R	43	V2_backward_weighted_neighbor_backward_KL	scalar	scalar	True	True	True	0	float64	float64
1l63A	S44R	43	weighted_neighbor_entropy_changes	scalar	scalar	True	True	True	0	float32	float32
1l63A	S44R	43	backward_weighted_neighbor_entropy_changes	scalar	scalar	True	True	True	0	float64	float64
1l63A	S44R	43	V2_backward_weighted_neighbor_entropy_changes	scalar	scalar	True	True	True	0	float64	float64
1l63A	S44R	43	center_neighbor_weight_check_m_w	scalar	scalar	True	True	True	0	float64	float64
1l63A	S44R	43	center_neighbor_weight_check_w_m	scalar	scalar	True	True	True	0	float64	float64
1l63A	S44R	43	neighbor_embedding_change_m_w	scalar	scalar	True	True	True	0	float32	float32
1l63A	S44R	43	neighbor_embedding_change_m_w_raw	15x128	15x128	True	True	True	0	float32	float32
1l63A	S44R	43	neighbor_message_change_m_w	scalar	scalar	True	False	True	2.98023223877e-08	float64	float64
1l63A	S44R	43	neighbor_message_change_m_w_raw	15x128x1	15x128x1	True	True	True	0	float64	float64
1l63A	S44R	43	unweighted_backward_KL	scalar	scalar	True	True	True	0	float32	float32
1l63A	S44R	43	unweighted_forward_KL	scalar	scalar	True	True	True	0	float32	float32
1l63A	S44R	43	wild_pssm	scalar	scalar	True	True	True	0	float64	float64
1l63A	S44R	43	alternate_pssm	scalar	scalar	True	True	True	0	float64	float64
1l63A	S44N	43	center_mut_wild_energy	scalar	scalar	True	True	True	0	float64	float32
1l63A	S44N	43	center_mut_max_energy	scalar	scalar	True	True	True	0	float64	float32
1l63A	S44N	43	center_entropy	scalar	scalar	True	True	True	0	float64	float32
1l63A	S44N	43	weighted_neighbor_entropies	scalar	scalar	True	False	True	3.57627868652e-07	float32	float32
1l63A	S44N	43	weighted_neighbor_energy_changes	scalar	scalar	True	False	True	3.98817512348e-09	float64	float32
1l63A	S44N	43	backward_weighted_neighbor_energy_changes	scalar	scalar	True	False	True	2.52476782148e-07	float64	float32
1l63A	S44N	43	V2_backward_weighted_neighbor_energy_changes	scalar	scalar	True	False	True	1.26710588688e-08	float64	float32
1l63A	S44N	43	weighted_neighbor_forward_KL	scalar	scalar	True	True	True	0	float32	float32
1l63A	S44N	43	weighted_neighbor_backward_KL	scalar	scalar	True	True	True	0	float32	float32
1l63A	S44N	43	backward_weighted_neighbor_backward_KL	scalar	scalar	True	True	True	0	float32	float32
1l63A	S44N	43	V2_backward_weighted_neighbor_backward_KL	scalar	scalar	True	True	True	0	float32	float32
1l63A	S44N	43	weighted_neighbor_entropy_changes	scalar	scalar	True	True	True	0	float32	float32
1l63A	S44N	43	backward_weighted_neighbor_entropy_changes	scalar	scalar	True	True	True	0	float32	float32
1l63A	S44N	43	V2_backward_weighted_neighbor_entropy_changes	scalar	scalar	True	True	True	0	float32	float32
1l63A	S44N	43	center_neighbor_weight_check_m_w	scalar	scalar	True	True	True	0	float32	float32
1l63A	S44N	43	center_neighbor_weight_check_w_m	scalar	scalar	True	True	True	0	float32	float32
1l63A	S44N	43	neighbor_embedding_change_m_w	scalar	scalar	True	True	True	0	float32	float32
1l63A	S44N	43	neighbor_embedding_change_m_w_raw	15x128	15x128	True	True	True	0	float32	float32
1l63A	S44N	43	neighbor_message_change_m_w	scalar	scalar	True	True	True	0	float32	float32
1l63A	S44N	43	neighbor_message_change_m_w_raw	15x128x1	15x128x1	True	True	True	0	float32	float32
1l63A	S44N	43	unweighted_backward_KL	scalar	scalar	True	True	True	0	float32	float32
1l63A	S44N	43	unweighted_forward_KL	scalar	scalar	True	True	True	0	float32	float32
1l63A	S44N	43	wild_pssm	scalar	scalar	True	True	True	0	float64	float64
1l63A	S44N	43	alternate_pssm	scalar	scalar	True	True	True	0	float64	float64
1l63A	S44F	43	center_mut_wild_energy	scalar	scalar	True	True	True	0	float64	float32
1l63A	S44F	43	center_mut_max_energy	scalar	scalar	True	False	True	1.19209289551e-07	float64	float32
1l63A	S44F	43	center_entropy	scalar	scalar	True	True	True	0	float64	float32
1l63A	S44F	43	weighted_neighbor_entropies	scalar	scalar	True	False	True	2.38418579102e-07	float32	float32
1l63A	S44F	43	weighted_neighbor_energy_changes	scalar	scalar	True	False	True	5.33015239057e-07	float64	float32
1l63A	S44F	43	backward_weighted_neighbor_energy_changes	scalar	scalar	True	True	True	0	float64	float64
1l63A	S44F	43	V2_backward_weighted_neighbor_energy_changes	scalar	scalar	True	True	True	0	float64	float64
1l63A	S44F	43	weighted_neighbor_forward_KL	scalar	scalar	True	True	True	0	float32	float32
1l63A	S44F	43	weighted_neighbor_backward_KL	scalar	scalar	True	True	True	0	float32	float32
1l63A	S44F	43	backward_weighted_neighbor_backward_KL	scalar	scalar	True	True	True	0	float64	float64
1l63A	S44F	43	V2_backward_weighted_neighbor_backward_KL	scalar	scalar	True	True	True	0	float64	float64
1l63A	S44F	43	weighted_neighbor_entropy_changes	scalar	scalar	True	True	True	0	float32	float32
1l63A	S44F	43	backward_weighted_neighbor_entropy_changes	scalar	scalar	True	True	True	0	float64	float64
1l63A	S44F	43	V2_backward_weighted_neighbor_entropy_changes	scalar	scalar	True	True	True	0	float64	float64
1l63A	S44F	43	center_neighbor_weight_check_m_w	scalar	scalar	True	True	True	0	float64	float64
1l63A	S44F	43	center_neighbor_weight_check_w_m	scalar	scalar	True	True	True	0	float64	float64
1l63A	S44F	43	neighbor_embedding_change_m_w	scalar	scalar	True	True	True	0	float32	float32
1l63A	S44F	43	neighbor_embedding_change_m_w_raw	15x128	15x128	True	True	True	0	float32	float32
1l63A	S44F	43	neighbor_message_change_m_w	scalar	scalar	True	False	True	2.98023223877e-08	float64	float64
1l63A	S44F	43	neighbor_message_change_m_w_raw	15x128x1	15x128x1	True	True	True	0	float64	float64
1l63A	S44F	43	unweighted_backward_KL	scalar	scalar	True	True	True	0	float32	float32
1l63A	S44F	43	unweighted_forward_KL	scalar	scalar	True	True	True	0	float32	float32
1l63A	S44F	43	wild_pssm	scalar	scalar	True	True	True	0	float64	float64
1l63A	S44F	43	alternate_pssm	scalar	scalar	True	True	True	0	float64	float64
1l63A	S44P	43	center_mut_wild_energy	scalar	scalar	True	True	True	0	float64	float32
1l63A	S44P	43	center_mut_max_energy	scalar	scalar	True	False	True	1.19209289551e-07	float64	float32
1l63A	S44P	43	center_entropy	scalar	scalar	True	True	True	0	float64	float32
1l63A	S44P	43	weighted_neighbor_entropies	scalar	scalar	True	False	True	1.19209289551e-07	float32	float32
1l63A	S44P	43	weighted_neighbor_energy_changes	scalar	scalar	True	False	True	7.09827157053e-08	float64	float32
1l63A	S44P	43	backward_weighted_neighbor_energy_changes	scalar	scalar	True	True	True	0	float64	float64
1l63A	S44P	43	V2_backward_weighted_neighbor_energy_changes	scalar	scalar	True	True	True	0	float64	float64
1l63A	S44P	43	weighted_neighbor_forward_KL	scalar	scalar	True	True	True	0	float32	float32
1l63A	S44P	43	weighted_neighbor_backward_KL	scalar	scalar	True	True	True	0	float32	float32
1l63A	S44P	43	backward_weighted_neighbor_backward_KL	scalar	scalar	True	True	True	0	float64	float64
1l63A	S44P	43	V2_backward_weighted_neighbor_backward_KL	scalar	scalar	True	True	True	0	float64	float64
1l63A	S44P	43	weighted_neighbor_entropy_changes	scalar	scalar	True	True	True	0	float32	float32
1l63A	S44P	43	backward_weighted_neighbor_entropy_changes	scalar	scalar	True	True	True	0	float64	float64
1l63A	S44P	43	V2_backward_weighted_neighbor_entropy_changes	scalar	scalar	True	True	True	0	float64	float64
1l63A	S44P	43	center_neighbor_weight_check_m_w	scalar	scalar	True	True	True	0	float64	float64
1l63A	S44P	43	center_neighbor_weight_check_w_m	scalar	scalar	True	True	True	0	float64	float64
1l63A	S44P	43	neighbor_embedding_change_m_w	scalar	scalar	True	True	True	0	float32	float32
1l63A	S44P	43	neighbor_embedding_change_m_w_raw	15x128	15x128	True	True	True	0	float32	float32
1l63A	S44P	43	neighbor_message_change_m_w	scalar	scalar	True	False	True	3.72529029846e-08	float64	float64
1l63A	S44P	43	neighbor_message_change_m_w_raw	15x128x1	15x128x1	True	True	True	0	float64	float64
1l63A	S44P	43	unweighted_backward_KL	scalar	scalar	True	True	True	0	float32	float32
1l63A	S44P	43	unweighted_forward_KL	scalar	scalar	True	True	True	0	float32	float32
1l63A	S44P	43	wild_pssm	scalar	scalar	True	True	True	0	float64	float64
1l63A	S44P	43	alternate_pssm	scalar	scalar	True	True	True	0	float64	float64
1l63A	S44T	43	center_mut_wild_energy	scalar	scalar	True	True	True	0	float64	float32
1l63A	S44T	43	center_mut_max_energy	scalar	scalar	True	True	True	0	float64	float32
1l63A	S44T	43	center_entropy	scalar	scalar	True	True	True	0	float64	float32
1l63A	S44T	43	weighted_neighbor_entropies	scalar	scalar	True	True	True	0	float32	float32
1l63A	S44T	43	weighted_neighbor_energy_changes	scalar	scalar	True	False	True	1.49643038405e-07	float64	float32
1l63A	S44T	43	backward_weighted_neighbor_energy_changes	scalar	scalar	True	True	True	0	float64	float64
1l63A	S44T	43	V2_backward_weighted_neighbor_energy_changes	scalar	scalar	True	True	True	0	float64	float64
1l63A	S44T	43	weighted_neighbor_forward_KL	scalar	scalar	True	True	True	0	float32	float32
1l63A	S44T	43	weighted_neighbor_backward_KL	scalar	scalar	True	True	True	0	float32	float32
1l63A	S44T	43	backward_weighted_neighbor_backward_KL	scalar	scalar	True	True	True	0	float64	float64
1l63A	S44T	43	V2_backward_weighted_neighbor_backward_KL	scalar	scalar	True	True	True	0	float64	float64
1l63A	S44T	43	weighted_neighbor_entropy_changes	scalar	scalar	True	True	True	0	float32	float32
1l63A	S44T	43	backward_weighted_neighbor_entropy_changes	scalar	scalar	True	True	True	0	float64	float64
1l63A	S44T	43	V2_backward_weighted_neighbor_entropy_changes	scalar	scalar	True	True	True	0	float64	float64
1l63A	S44T	43	center_neighbor_weight_check_m_w	scalar	scalar	True	True	True	0	float64	float64
1l63A	S44T	43	center_neighbor_weight_check_w_m	scalar	scalar	True	True	True	0	float64	float64
1l63A	S44T	43	neighbor_embedding_change_m_w	scalar	scalar	True	True	True	0	float32	float32
1l63A	S44T	43	neighbor_embedding_change_m_w_raw	15x128	15x128	True	True	True	0	float32	float32
1l63A	S44T	43	neighbor_message_change_m_w	scalar	scalar	True	False	True	2.98023223877e-08	float64	float64
1l63A	S44T	43	neighbor_message_change_m_w_raw	15x128x1	15x128x1	True	True	True	0	float64	float64
1l63A	S44T	43	unweighted_backward_KL	scalar	scalar	True	True	True	0	float32	float32
1l63A	S44T	43	unweighted_forward_KL	scalar	scalar	True	True	True	0	float32	float32
1l63A	S44T	43	wild_pssm	scalar	scalar	True	True	True	0	float64	float64
1l63A	S44T	43	alternate_pssm	scalar	scalar	True	True	True	0	float64	float64
1l63A	S44V	43	center_mut_wild_energy	scalar	scalar	True	True	True	0	float64	float32
1l63A	S44V	43	center_mut_max_energy	scalar	scalar	True	True	True	0	float64	float32
1l63A	S44V	43	center_entropy	scalar	scalar	True	True	True	0	float64	float32
1l63A	S44V	43	weighted_neighbor_entropies	scalar	scalar	True	True	True	0	float32	float32
1l63A	S44V	43	weighted_neighbor_energy_changes	scalar	scalar	True	False	True	3.97167507771e-08	float64	float32
1l63A	S44V	43	backward_weighted_neighbor_energy_changes	scalar	scalar	True	True	True	0	float64	float64
1l63A	S44V	43	V2_backward_weighted_neighbor_energy_changes	scalar	scalar	True	True	True	0	float64	float64
1l63A	S44V	43	weighted_neighbor_forward_KL	scalar	scalar	True	True	True	0	float32	float32
1l63A	S44V	43	weighted_neighbor_backward_KL	scalar	scalar	True	True	True	0	float32	float32
1l63A	S44V	43	backward_weighted_neighbor_backward_KL	scalar	scalar	True	True	True	0	float64	float64
1l63A	S44V	43	V2_backward_weighted_neighbor_backward_KL	scalar	scalar	True	True	True	0	float64	float64
1l63A	S44V	43	weighted_neighbor_entropy_changes	scalar	scalar	True	True	True	0	float32	float32
1l63A	S44V	43	backward_weighted_neighbor_entropy_changes	scalar	scalar	True	True	True	0	float64	float64
1l63A	S44V	43	V2_backward_weighted_neighbor_entropy_changes	scalar	scalar	True	True	True	0	float64	float64
1l63A	S44V	43	center_neighbor_weight_check_m_w	scalar	scalar	True	True	True	0	float64	float64
1l63A	S44V	43	center_neighbor_weight_check_w_m	scalar	scalar	True	True	True	0	float64	float64
1l63A	S44V	43	neighbor_embedding_change_m_w	scalar	scalar	True	True	True	0	float32	float32
1l63A	S44V	43	neighbor_embedding_change_m_w_raw	15x128	15x128	True	True	True	0	float32	float32
1l63A	S44V	43	neighbor_message_change_m_w	scalar	scalar	True	False	True	2.98023223877e-08	float64	float64
1l63A	S44V	43	neighbor_message_change_m_w_raw	15x128x1	15x128x1	True	True	True	0	float64	float64
1l63A	S44V	43	unweighted_backward_KL	scalar	scalar	True	True	True	0	float32	float32
1l63A	S44V	43	unweighted_forward_KL	scalar	scalar	True	True	True	0	float32	float32
1l63A	S44V	43	wild_pssm	scalar	scalar	True	True	True	0	float64	float64
1l63A	S44V	43	alternate_pssm	scalar	scalar	True	True	True	0	float64	float64
1l63A	L46A	45	center_mut_wild_energy	scalar	scalar	True	False	True	1.49011611938e-08	float64	float32
1l63A	L46A	45	center_mut_max_energy	scalar	scalar	True	False	True	1.49011611938e-08	float64	float32
1l63A	L46A	45	center_entropy	scalar	scalar	True	True	True	0	float64	float32
1l63A	L46A	45	weighted_neighbor_entropies	scalar	scalar	True	True	True	0	float32	float32
1l63A	L46A	45	weighted_neighbor_energy_changes	scalar	scalar	True	False	True	2.53029539543e-08	float64	float32
1l63A	L46A	45	backward_weighted_neighbor_energy_changes	scalar	scalar	True	False	True	1.35401979851e-07	float64	float32
1l63A	L46A	45	V2_backward_weighted_neighbor_energy_changes	scalar	scalar	True	False	True	5.31519557256e-08	float64	float32
1l63A	L46A	45	weighted_neighbor_forward_KL	scalar	scalar	True	True	True	0	float32	float32
1l63A	L46A	45	weighted_neighbor_backward_KL	scalar	scalar	True	True	True	0	float32	float32
1l63A	L46A	45	backward_weighted_neighbor_backward_KL	scalar	scalar	True	True	True	0	float32	float32
1l63A	L46A	45	V2_backward_weighted_neighbor_backward_KL	scalar	scalar	True	True	True	0	float32	float32
1l63A	L46A	45	weighted_neighbor_entropy_changes	scalar	scalar	True	True	True	0	float32	float32
1l63A	L46A	45	backward_weighted_neighbor_entropy_changes	scalar	scalar	True	True	True	0	float32	float32
1l63A	L46A	45	V2_backward_weighted_neighbor_entropy_changes	scalar	scalar	True	True	True	0	float32	float32
1l63A	L46A	45	center_neighbor_weight_check_m_w	scalar	scalar	True	True	True	0	float32	float32
1l63A	L46A	45	center_neighbor_weight_check_w_m	scalar	scalar	True	True	True	0	float32	float32
1l63A	L46A	45	neighbor_embedding_change_m_w	scalar	scalar	True	True	True	0	float32	float32
1l63A	L46A	45	neighbor_embedding_change_m_w_raw	15x128	15x128	True	True	True	0	float32	float32
1l63A	L46A	45	neighbor_message_change_m_w	scalar	scalar	True	True	True	0	float32	float32
1l63A	L46A	45	neighbor_message_change_m_w_raw	15x128x1	15x128x1	True	True	True	0	float32	float32
1l63A	L46A	45	unweighted_backward_KL	scalar	scalar	True	True	True	0	float32	float32
1l63A	L46A	45	unweighted_forward_KL	scalar	scalar	True	True	True	0	float32	float32
1l63A	L46A	45	wild_pssm	scalar	scalar	True	True	True	0	float64	float64
1l63A	L46A	45	alternate_pssm	scalar	scalar	True	True	True	0	float64	float64
1l63A	D47A	46	center_mut_wild_energy	scalar	scalar	True	False	True	2.38418579102e-07	float64	float32
1l63A	D47A	46	center_mut_max_energy	scalar	scalar	True	False	True	2.38418579102e-07	float64	float32
1l63A	D47A	46	center_entropy	scalar	scalar	True	True	True	0	float64	float32
1l63A	D47A	46	weighted_neighbor_entropies	scalar	scalar	True	False	True	1.19209289551e-07	float32	float32
1l63A	D47A	46	weighted_neighbor_energy_changes	scalar	scalar	True	False	True	8.14283129813e-08	float64	float32
1l63A	D47A	46	backward_weighted_neighbor_energy_changes	scalar	scalar	True	False	True	1.85942939268e-07	float64	float32
1l63A	D47A	46	V2_backward_weighted_neighbor_energy_changes	scalar	scalar	True	False	True	5.48208802797e-08	float64	float32
1l63A	D47A	46	weighted_neighbor_forward_KL	scalar	scalar	True	True	True	0	float32	float32
1l63A	D47A	46	weighted_neighbor_backward_KL	scalar	scalar	True	True	True	0	float32	float32
1l63A	D47A	46	backward_weighted_neighbor_backward_KL	scalar	scalar	True	True	True	0	float32	float32
1l63A	D47A	46	V2_backward_weighted_neighbor_backward_KL	scalar	scalar	True	True	True	0	float32	float32
1l63A	D47A	46	weighted_neighbor_entropy_changes	scalar	scalar	True	True	True	0	float32	float32
1l63A	D47A	46	backward_weighted_neighbor_entropy_changes	scalar	scalar	True	True	True	0	float32	float32
1l63A	D47A	46	V2_backward_weighted_neighbor_entropy_changes	scalar	scalar	True	True	True	0	float32	float32
1l63A	D47A	46	center_neighbor_weight_check_m_w	scalar	scalar	True	True	True	0	float32	float32
1l63A	D47A	46	center_neighbor_weight_check_w_m	scalar	scalar	True	True	True	0	float32	float32
1l63A	D47A	46	neighbor_embedding_change_m_w	scalar	scalar	True	True	True	0	float32	float32
1l63A	D47A	46	neighbor_embedding_change_m_w_raw	15x128	15x128	True	True	True	0	float32	float32
1l63A	D47A	46	neighbor_message_change_m_w	scalar	scalar	True	True	True	0	float32	float32
1l63A	D47A	46	neighbor_message_change_m_w_raw	15x128x1	15x128x1	True	True	True	0	float32	float32
1l63A	D47A	46	unweighted_backward_KL	scalar	scalar	True	True	True	0	float32	float32
1l63A	D47A	46	unweighted_forward_KL	scalar	scalar	True	True	True	0	float32	float32
1l63A	D47A	46	wild_pssm	scalar	scalar	True	True	True	0	float64	float64
1l63A	D47A	46	alternate_pssm	scalar	scalar	True	True	True	0	float64	float64
1l63A	A49S	48	center_mut_wild_energy	scalar	scalar	True	False	True	2.421438694e-08	float64	float32
1l63A	A49S	48	center_mut_max_energy	scalar	scalar	True	False	True	2.421438694e-08	float64	float32
1l63A	A49S	48	center_entropy	scalar	scalar	True	True	True	0	float64	float32
1l63A	A49S	48	weighted_neighbor_entropies	scalar	scalar	True	False	True	2.38418579102e-07	float32	float32
1l63A	A49S	48	weighted_neighbor_energy_changes	scalar	scalar	True	False	True	7.9194699687e-08	float64	float32
1l63A	A49S	48	backward_weighted_neighbor_energy_changes	scalar	scalar	True	True	True	0	float64	float64
1l63A	A49S	48	V2_backward_weighted_neighbor_energy_changes	scalar	scalar	True	True	True	0	float64	float64
1l63A	A49S	48	weighted_neighbor_forward_KL	scalar	scalar	True	True	True	0	float32	float32
1l63A	A49S	48	weighted_neighbor_backward_KL	scalar	scalar	True	True	True	0	float32	float32
1l63A	A49S	48	backward_weighted_neighbor_backward_KL	scalar	scalar	True	True	True	0	float64	float64
1l63A	A49S	48	V2_backward_weighted_neighbor_backward_KL	scalar	scalar	True	True	True	0	float64	float64
1l63A	A49S	48	weighted_neighbor_entropy_changes	scalar	scalar	True	True	True	0	float32	float32
1l63A	A49S	48	backward_weighted_neighbor_entropy_changes	scalar	scalar	True	True	True	0	float64	float64
1l63A	A49S	48	V2_backward_weighted_neighbor_entropy_changes	scalar	scalar	True	True	True	0	float64	float64
1l63A	A49S	48	center_neighbor_weight_check_m_w	scalar	scalar	True	True	True	0	float64	float64
1l63A	A49S	48	center_neighbor_weight_check_w_m	scalar	scalar	True	True	True	0	float64	float64
1l63A	A49S	48	neighbor_embedding_change_m_w	scalar	scalar	True	False	True	4.76837158203e-07	float32	float32
1l63A	A49S	48	neighbor_embedding_change_m_w_raw	15x128	15x128	True	True	True	0	float32	float32
1l63A	A49S	48	neighbor_message_change_m_w	scalar	scalar	True	False	True	2.98023223877e-08	float64	float64
1l63A	A49S	48	neighbor_message_change_m_w_raw	15x128x1	15x128x1	True	True	True	0	float64	float64
1l63A	A49S	48	unweighted_backward_KL	scalar	scalar	True	True	True	0	float32	float32
1l63A	A49S	48	unweighted_forward_KL	scalar	scalar	True	True	True	0	float32	float32
1l63A	A49S	48	wild_pssm	scalar	scalar	True	True	True	0	float64	float64
1l63A	A49S	48	alternate_pssm	scalar	scalar	True	True	True	0	float64	float64
1l63A	I50A	49	center_mut_wild_energy	scalar	scalar	True	False	True	1.78813934326e-07	float64	float32
1l63A	I50A	49	center_mut_max_energy	scalar	scalar	True	False	True	1.78813934326e-07	float64	float32
1l63A	I50A	49	center_entropy	scalar	scalar	True	True	True	0	float64	float32
1l63A	I50A	49	weighted_neighbor_entropies	scalar	scalar	True	True	True	0	float32	float32
1l63A	I50A	49	weighted_neighbor_energy_changes	scalar	scalar	True	False	True	3.06693632268e-07	float64	float32
1l63A	I50A	49	backward_weighted_neighbor_energy_changes	scalar	scalar	True	False	True	1.41434775003e-07	float64	float32
1l63A	I50A	49	V2_backward_weighted_neighbor_energy_changes	scalar	scalar	True	False	True	2.95318869803e-07	float64	float32
1l63A	I50A	49	weighted_neighbor_forward_KL	scalar	scalar	True	True	True	0	float32	float32
1l63A	I50A	49	weighted_neighbor_backward_KL	scalar	scalar	True	True	True	0	float32	float32
1l63A	I50A	49	backward_weighted_neighbor_backward_KL	scalar	scalar	True	True	True	0	float32	float32
1l63A	I50A	49	V2_backward_weighted_neighbor_backward_KL	scalar	scalar	True	True	True	0	float32	float32
1l63A	I50A	49	weighted_neighbor_entropy_changes	scalar	scalar	True	True	True	0	float32	float32
1l63A	I50A	49	backward_weighted_neighbor_entropy_changes	scalar	scalar	True	True	True	0	float32	float32
1l63A	I50A	49	V2_backward_weighted_neighbor_entropy_changes	scalar	scalar	True	True	True	0	float32	float32
1l63A	I50A	49	center_neighbor_weight_check_m_w	scalar	scalar	True	True	True	0	float32	float32
1l63A	I50A	49	center_neighbor_weight_check_w_m	scalar	scalar	True	True	True	0	float32	float32
1l63A	I50A	49	neighbor_embedding_change_m_w	scalar	scalar	True	True	True	0	float32	float32
1l63A	I50A	49	neighbor_embedding_change_m_w_raw	15x128	15x128	True	True	True	0	float32	float32
1l63A	I50A	49	neighbor_message_change_m_w	scalar	scalar	True	True	True	0	float32	float32
1l63A	I50A	49	neighbor_message_change_m_w_raw	15x128x1	15x128x1	True	True	True	0	float32	float32
1l63A	I50A	49	unweighted_backward_KL	scalar	scalar	True	True	True	0	float32	float32
1l63A	I50A	49	unweighted_forward_KL	scalar	scalar	True	True	True	0	float32	float32
1l63A	I50A	49	wild_pssm	scalar	scalar	True	True	True	0	float64	float64
1l63A	I50A	49	alternate_pssm	scalar	scalar	True	True	True	0	float64	float64
1l63A	I50M	49	center_mut_wild_energy	scalar	scalar	True	True	True	0	float64	float32
1l63A	I50M	49	center_mut_max_energy	scalar	scalar	True	True	True	0	float64	float32
1l63A	I50M	49	center_entropy	scalar	scalar	True	True	True	0	float64	float32
1l63A	I50M	49	weighted_neighbor_entropies	scalar	scalar	True	False	True	1.19209289551e-07	float32	float32
1l63A	I50M	49	weighted_neighbor_energy_changes	scalar	scalar	True	False	True	2.1150062357e-07	float64	float32
1l63A	I50M	49	backward_weighted_neighbor_energy_changes	scalar	scalar	True	False	True	2.18140274733e-08	float64	float32
1l63A	I50M	49	V2_backward_weighted_neighbor_energy_changes	scalar	scalar	True	False	True	1.87544582531e-07	float64	float32
1l63A	I50M	49	weighted_neighbor_forward_KL	scalar	scalar	True	True	True	0	float32	float32
1l63A	I50M	49	weighted_neighbor_backward_KL	scalar	scalar	True	True	True	0	float32	float32
1l63A	I50M	49	backward_weighted_neighbor_backward_KL	scalar	scalar	True	True	True	0	float32	float32
1l63A	I50M	49	V2_backward_weighted_neighbor_backward_KL	scalar	scalar	True	True	True	0	float32	float32
1l63A	I50M	49	weighted_neighbor_entropy_changes	scalar	scalar	True	True	True	0	float32	float32
1l63A	I50M	49	backward_weighted_neighbor_entropy_changes	scalar	scalar	True	True	True	0	float32	float32
1l63A	I50M	49	V2_backward_weighted_neighbor_entropy_changes	scalar	scalar	True	True	True	0	float32	float32
1l63A	I50M	49	center_neighbor_weight_check_m_w	scalar	scalar	True	True	True	0	float32	float32
1l63A	I50M	49	center_neighbor_weight_check_w_m	scalar	scalar	True	True	True	0	float32	float32
1l63A	I50M	49	neighbor_embedding_change_m_w	scalar	scalar	True	True	True	0	float32	float32
1l63A	I50M	49	neighbor_embedding_change_m_w_raw	15x128	15x128	True	True	True	0	float32	float32
1l63A	I50M	49	neighbor_message_change_m_w	scalar	scalar	True	True	True	0	float32	float32
1l63A	I50M	49	neighbor_message_change_m_w_raw	15x128x1	15x128x1	True	True	True	0	float32	float32
1l63A	I50M	49	unweighted_backward_KL	scalar	scalar	True	True	True	0	float32	float32
1l63A	I50M	49	unweighted_forward_KL	scalar	scalar	True	True	True	0	float32	float32
1l63A	I50M	49	wild_pssm	scalar	scalar	True	True	True	0	float64	float64
1l63A	I50M	49	alternate_pssm	scalar	scalar	True	True	True	0	float64	float64
1l63A	I58A	57	center_mut_wild_energy	scalar	scalar	True	False	True	6.70552253723e-08	float64	float32
1l63A	I58A	57	center_mut_max_energy	scalar	scalar	True	False	True	6.70552253723e-08	float64	float32
1l63A	I58A	57	center_entropy	scalar	scalar	True	True	True	0	float64	float32
1l63A	I58A	57	weighted_neighbor_entropies	scalar	scalar	True	True	True	0	float32	float32
1l63A	I58A	57	weighted_neighbor_energy_changes	scalar	scalar	True	False	True	1.51442266016e-06	float64	float32
1l63A	I58A	57	backward_weighted_neighbor_energy_changes	scalar	scalar	True	False	True	8.7861095821e-07	float64	float32
1l63A	I58A	57	V2_backward_weighted_neighbor_energy_changes	scalar	scalar	True	False	True	2.90841203565e-07	float64	float32
1l63A	I58A	57	weighted_neighbor_forward_KL	scalar	scalar	True	True	True	0	float32	float32
1l63A	I58A	57	weighted_neighbor_backward_KL	scalar	scalar	True	True	True	0	float32	float32
1l63A	I58A	57	backward_weighted_neighbor_backward_KL	scalar	scalar	True	True	True	0	float32	float32
1l63A	I58A	57	V2_backward_weighted_neighbor_backward_KL	scalar	scalar	True	True	True	0	float32	float32
1l63A	I58A	57	weighted_neighbor_entropy_changes	scalar	scalar	True	True	True	0	float32	float32
1l63A	I58A	57	backward_weighted_neighbor_entropy_changes	scalar	scalar	True	True	True	0	float32	float32
1l63A	I58A	57	V2_backward_weighted_neighbor_entropy_changes	scalar	scalar	True	True	True	0	float32	float32
1l63A	I58A	57	center_neighbor_weight_check_m_w	scalar	scalar	True	True	True	0	float32	float32
1l63A	I58A	57	center_neighbor_weight_check_w_m	scalar	scalar	True	True	True	0	float32	float32
1l63A	I58A	57	neighbor_embedding_change_m_w	scalar	scalar	True	True	True	0	float32	float32
1l63A	I58A	57	neighbor_embedding_change_m_w_raw	15x128	15x128	True	True	True	0	float32	float32
1l63A	I58A	57	neighbor_message_change_m_w	scalar	scalar	True	True	True	0	float32	float32
1l63A	I58A	57	neighbor_message_change_m_w_raw	15x128x1	15x128x1	True	True	True	0	float32	float32
1l63A	I58A	57	unweighted_backward_KL	scalar	scalar	True	True	True	0	float32	float32
1l63A	I58A	57	unweighted_forward_KL	scalar	scalar	True	True	True	0	float32	float32
1l63A	I58A	57	wild_pssm	scalar	scalar	True	True	True	0	float64	float64
1l63A	I58A	57	alternate_pssm	scalar	scalar	True	True	True	0	float64	float64
1l63A	I58T	57	center_mut_wild_energy	scalar	scalar	True	False	True	2.01165676117e-07	float64	float32
1l63A	I58T	57	center_mut_max_energy	scalar	scalar	True	False	True	2.01165676117e-07	float64	float32
1l63A	I58T	57	center_entropy	scalar	scalar	True	True	True	0	float64	float32
1l63A	I58T	57	weighted_neighbor_entropies	scalar	scalar	True	False	True	1.19209289551e-07	float32	float32
1l63A	I58T	57	weighted_neighbor_energy_changes	scalar	scalar	True	False	True	7.83314977326e-08	float64	float32
1l63A	I58T	57	backward_weighted_neighbor_energy_changes	scalar	scalar	True	False	True	1.43495191285e-08	float64	float32
1l63A	I58T	57	V2_backward_weighted_neighbor_energy_changes	scalar	scalar	True	False	True	7.10685337246e-08	float64	float32
1l63A	I58T	57	weighted_neighbor_forward_KL	scalar	scalar	True	True	True	0	float32	float32
1l63A	I58T	57	weighted_neighbor_backward_KL	scalar	scalar	True	True	True	0	float32	float32
1l63A	I58T	57	backward_weighted_neighbor_backward_KL	scalar	scalar	True	True	True	0	float32	float32
1l63A	I58T	57	V2_backward_weighted_neighbor_backward_KL	scalar	scalar	True	True	True	0	float32	float32
1l63A	I58T	57	weighted_neighbor_entropy_changes	scalar	scalar	True	True	True	0	float32	float32
1l63A	I58T	57	backward_weighted_neighbor_entropy_changes	scalar	scalar	True	True	True	0	float32	float32
1l63A	I58T	57	V2_backward_weighted_neighbor_entropy_changes	scalar	scalar	True	True	True	0	float32	float32
1l63A	I58T	57	center_neighbor_weight_check_m_w	scalar	scalar	True	True	True	0	float32	float32
1l63A	I58T	57	center_neighbor_weight_check_w_m	scalar	scalar	True	True	True	0	float32	float32
1l63A	I58T	57	neighbor_embedding_change_m_w	scalar	scalar	True	True	True	0	float32	float32
1l63A	I58T	57	neighbor_embedding_change_m_w_raw	15x128	15x128	True	True	True	0	float32	float32
1l63A	I58T	57	neighbor_message_change_m_w	scalar	scalar	True	True	True	0	float32	float32
1l63A	I58T	57	neighbor_message_change_m_w_raw	15x128x1	15x128x1	True	True	True	0	float32	float32
1l63A	I58T	57	unweighted_backward_KL	scalar	scalar	True	True	True	0	float32	float32
1l63A	I58T	57	unweighted_forward_KL	scalar	scalar	True	True	True	0	float32	float32
1l63A	I58T	57	wild_pssm	scalar	scalar	True	True	True	0	float64	float64
1l63A	I58T	57	alternate_pssm	scalar	scalar	True	True	True	0	float64	float64
1l63A	T59A	58	center_mut_wild_energy	scalar	scalar	True	False	True	1.78813934326e-07	float64	float32
1l63A	T59A	58	center_mut_max_energy	scalar	scalar	True	False	True	1.78813934326e-07	float64	float32
1l63A	T59A	58	center_entropy	scalar	scalar	True	True	True	0	float64	float32
1l63A	T59A	58	weighted_neighbor_entropies	scalar	scalar	True	True	True	0	float32	float32
1l63A	T59A	58	weighted_neighbor_energy_changes	scalar	scalar	True	False	True	3.76021391801e-09	float64	float32
1l63A	T59A	58	backward_weighted_neighbor_energy_changes	scalar	scalar	True	True	True	0	float64	float64
1l63A	T59A	58	V2_backward_weighted_neighbor_energy_changes	scalar	scalar	True	True	True	0	float64	float64
1l63A	T59A	58	weighted_neighbor_forward_KL	scalar	scalar	True	True	True	0	float32	float32
1l63A	T59A	58	weighted_neighbor_backward_KL	scalar	scalar	True	True	True	0	float32	float32
1l63A	T59A	58	backward_weighted_neighbor_backward_KL	scalar	scalar	True	True	True	0	float64	float64
1l63A	T59A	58	V2_backward_weighted_neighbor_backward_KL	scalar	scalar	True	True	True	0	float64	float64
1l63A	T59A	58	weighted_neighbor_entropy_changes	scalar	scalar	True	True	True	0	float32	float32
1l63A	T59A	58	backward_weighted_neighbor_entropy_changes	scalar	scalar	True	True	True	0	float64	float64
1l63A	T59A	58	V2_backward_weighted_neighbor_entropy_changes	scalar	scalar	True	True	True	0	float64	float64
1l63A	T59A	58	center_neighbor_weight_check_m_w	scalar	scalar	True	True	True	0	float64	float64
1l63A	T59A	58	center_neighbor_weight_check_w_m	scalar	scalar	True	True	True	0	float64	float64
1l63A	T59A	58	neighbor_embedding_change_m_w	scalar	scalar	True	True	True	0	float32	float32
1l63A	T59A	58	neighbor_embedding_change_m_w_raw	15x128	15x128	True	True	True	0	float32	float32
1l63A	T59A	58	neighbor_message_change_m_w	scalar	scalar	True	False	True	1.86264514923e-09	float64	float64
1l63A	T59A	58	neighbor_message_change_m_w_raw	15x128x1	15x128x1	True	True	True	0	float64	float64
1l63A	T59A	58	unweighted_backward_KL	scalar	scalar	True	True	True	0	float32	float32
1l63A	T59A	58	unweighted_forward_KL	scalar	scalar	True	True	True	0	float32	float32
1l63A	T59A	58	wild_pssm	scalar	scalar	True	True	True	0	float64	float64
1l63A	T59A	58	alternate_pssm	scalar	scalar	True	True	True	0	float64	float64
1l63A	T59D	58	center_mut_wild_energy	scalar	scalar	True	False	True	8.94069671631e-08	float64	float32
1l63A	T59D	58	center_mut_max_energy	scalar	scalar	True	False	True	8.94069671631e-08	float64	float32
1l63A	T59D	58	center_entropy	scalar	scalar	True	True	True	0	float64	float32
1l63A	T59D	58	weighted_neighbor_entropies	scalar	scalar	True	False	True	2.38418579102e-07	float32	float32
1l63A	T59D	58	weighted_neighbor_energy_changes	scalar	scalar	True	False	True	4.58197746411e-09	float64	float32
1l63A	T59D	58	backward_weighted_neighbor_energy_changes	scalar	scalar	True	True	True	0	float64	float64
1l63A	T59D	58	V2_backward_weighted_neighbor_energy_changes	scalar	scalar	True	True	True	0	float64	float64
1l63A	T59D	58	weighted_neighbor_forward_KL	scalar	scalar	True	True	True	0	float32	float32
1l63A	T59D	58	weighted_neighbor_backward_KL	scalar	scalar	True	True	True	0	float32	float32
1l63A	T59D	58	backward_weighted_neighbor_backward_KL	scalar	scalar	True	True	True	0	float64	float64
1l63A	T59D	58	V2_backward_weighted_neighbor_backward_KL	scalar	scalar	True	True	True	0	float64	float64
1l63A	T59D	58	weighted_neighbor_entropy_changes	scalar	scalar	True	True	True	0	float32	float32
1l63A	T59D	58	backward_weighted_neighbor_entropy_changes	scalar	scalar	True	True	True	0	float64	float64
1l63A	T59D	58	V2_backward_weighted_neighbor_entropy_changes	scalar	scalar	True	True	True	0	float64	float64
1l63A	T59D	58	center_neighbor_weight_check_m_w	scalar	scalar	True	True	True	0	float64	float64
1l63A	T59D	58	center_neighbor_weight_check_w_m	scalar	scalar	True	True	True	0	float64	float64
1l63A	T59D	58	neighbor_embedding_change_m_w	scalar	scalar	True	True	True	0	float32	float32
1l63A	T59D	58	neighbor_embedding_change_m_w_raw	15x128	15x128	True	True	True	0	float32	float32
1l63A	T59D	58	neighbor_message_change_m_w	scalar	scalar	True	False	True	2.98023223877e-08	float64	float64
1l63A	T59D	58	neighbor_message_change_m_w_raw	15x128x1	15x128x1	True	True	True	0	float64	float64
1l63A	T59D	58	unweighted_backward_KL	scalar	scalar	True	True	True	0	float32	float32
1l63A	T59D	58	unweighted_forward_KL	scalar	scalar	True	True	True	0	float32	float32
1l63A	T59D	58	wild_pssm	scalar	scalar	True	True	True	0	float64	float64
1l63A	T59D	58	alternate_pssm	scalar	scalar	True	True	True	0	float64	float64
1l63A	T59G	58	center_mut_wild_energy	scalar	scalar	True	False	True	2.98023223877e-08	float64	float32
1l63A	T59G	58	center_mut_max_energy	scalar	scalar	True	False	True	2.98023223877e-08	float64	float32
1l63A	T59G	58	center_entropy	scalar	scalar	True	True	True	0	float64	float32
1l63A	T59G	58	weighted_neighbor_entropies	scalar	scalar	True	True	True	0	float32	float32
1l63A	T59G	58	weighted_neighbor_energy_changes	scalar	scalar	True	False	True	1.95951087356e-07	float64	float32
1l63A	T59G	58	backward_weighted_neighbor_energy_changes	scalar	scalar	True	True	True	0	float64	float64
1l63A	T59G	58	V2_backward_weighted_neighbor_energy_changes	scalar	scalar	True	True	True	0	float64	float64
1l63A	T59G	58	weighted_neighbor_forward_KL	scalar	scalar	True	True	True	0	float32	float32
1l63A	T59G	58	weighted_neighbor_backward_KL	scalar	scalar	True	True	True	0	float32	float32
1l63A	T59G	58	backward_weighted_neighbor_backward_KL	scalar	scalar	True	True	True	0	float64	float64
1l63A	T59G	58	V2_backward_weighted_neighbor_backward_KL	scalar	scalar	True	True	True	0	float64	float64
1l63A	T59G	58	weighted_neighbor_entropy_changes	scalar	scalar	True	True	True	0	float32	float32
1l63A	T59G	58	backward_weighted_neighbor_entropy_changes	scalar	scalar	True	True	True	0	float64	float64
1l63A	T59G	58	V2_backward_weighted_neighbor_entropy_changes	scalar	scalar	True	True	True	0	float64	float64
1l63A	T59G	58	center_neighbor_weight_check_m_w	scalar	scalar	True	True	True	0	float64	float64
1l63A	T59G	58	center_neighbor_weight_check_w_m	scalar	scalar	True	True	True	0	float64	float64
1l63A	T59G	58	neighbor_embedding_change_m_w	scalar	scalar	True	True	True	0	float32	float32
1l63A	T59G	58	neighbor_embedding_change_m_w_raw	15x128	15x128	True	True	True	0	float32	float32
1l63A	T59G	58	neighbor_message_change_m_w	scalar	scalar	True	True	True	0	float64	float64
1l63A	T59G	58	neighbor_message_change_m_w_raw	15x128x1	15x128x1	True	True	True	0	float64	float64
1l63A	T59G	58	unweighted_backward_KL	scalar	scalar	True	True	True	0	float32	float32
1l63A	T59G	58	unweighted_forward_KL	scalar	scalar	True	True	True	0	float32	float32
1l63A	T59G	58	wild_pssm	scalar	scalar	True	True	True	0	float64	float64
1l63A	T59G	58	alternate_pssm	scalar	scalar	True	True	True	0	float64	float64
1l63A	T59N	58	center_mut_wild_energy	scalar	scalar	True	False	True	1.19209289551e-07	float64	float32
1l63A	T59N	58	center_mut_max_energy	scalar	scalar	True	False	True	1.19209289551e-07	float64	float32
1l63A	T59N	58	center_entropy	scalar	scalar	True	True	True	0	float64	float32
1l63A	T59N	58	weighted_neighbor_entropies	scalar	scalar	True	False	True	3.57627868652e-07	float32	float32
1l63A	T59N	58	weighted_neighbor_energy_changes	scalar	scalar	True	False	True	2.37279227377e-08	float64	float32
1l63A	T59N	58	backward_weighted_neighbor_energy_changes	scalar	scalar	True	True	True	0	float64	float64
1l63A	T59N	58	V2_backward_weighted_neighbor_energy_changes	scalar	scalar	True	True	True	0	float64	float64
1l63A	T59N	58	weighted_neighbor_forward_KL	scalar	scalar	True	True	True	0	float32	float32
1l63A	T59N	58	weighted_neighbor_backward_KL	scalar	scalar	True	True	True	0	float32	float32
1l63A	T59N	58	backward_weighted_neighbor_backward_KL	scalar	scalar	True	True	True	0	float64	float64
1l63A	T59N	58	V2_backward_weighted_neighbor_backward_KL	scalar	scalar	True	True	True	0	float64	float64
1l63A	T59N	58	weighted_neighbor_entropy_changes	scalar	scalar	True	True	True	0	float32	float32
1l63A	T59N	58	backward_weighted_neighbor_entropy_changes	scalar	scalar	True	True	True	0	float64	float64
1l63A	T59N	58	V2_backward_weighted_neighbor_entropy_changes	scalar	scalar	True	True	True	0	float64	float64
1l63A	T59N	58	center_neighbor_weight_check_m_w	scalar	scalar	True	True	True	0	float64	float64
1l63A	T59N	58	center_neighbor_weight_check_w_m	scalar	scalar	True	True	True	0	float64	float64
1l63A	T59N	58	neighbor_embedding_change_m_w	scalar	scalar	True	True	True	0	float32	float32
1l63A	T59N	58	neighbor_embedding_change_m_w_raw	15x128	15x128	True	True	True	0	float32	float32
1l63A	T59N	58	neighbor_message_change_m_w	scalar	scalar	True	False	True	2.98023223877e-08	float64	float64
1l63A	T59N	58	neighbor_message_change_m_w_raw	15x128x1	15x128x1	True	True	True	0	float64	float64
1l63A	T59N	58	unweighted_backward_KL	scalar	scalar	True	True	True	0	float32	float32
1l63A	T59N	58	unweighted_forward_KL	scalar	scalar	True	True	True	0	float32	float32
1l63A	T59N	58	wild_pssm	scalar	scalar	True	True	True	0	float64	float64
1l63A	T59N	58	alternate_pssm	scalar	scalar	True	True	True	0	float64	float64
1l63A	T59S	58	center_mut_wild_energy	scalar	scalar	True	False	True	5.96046447754e-08	float64	float32
1l63A	T59S	58	center_mut_max_energy	scalar	scalar	True	False	True	5.96046447754e-08	float64	float32
1l63A	T59S	58	center_entropy	scalar	scalar	True	True	True	0	float64	float32
1l63A	T59S	58	weighted_neighbor_entropies	scalar	scalar	True	False	True	2.38418579102e-07	float32	float32
1l63A	T59S	58	weighted_neighbor_energy_changes	scalar	scalar	True	False	True	4.40436060956e-08	float64	float32
1l63A	T59S	58	backward_weighted_neighbor_energy_changes	scalar	scalar	True	True	True	0	float64	float64
1l63A	T59S	58	V2_backward_weighted_neighbor_energy_changes	scalar	scalar	True	True	True	0	float64	float64
1l63A	T59S	58	weighted_neighbor_forward_KL	scalar	scalar	True	True	True	0	float32	float32
1l63A	T59S	58	weighted_neighbor_backward_KL	scalar	scalar	True	True	True	0	float32	float32
1l63A	T59S	58	backward_weighted_neighbor_backward_KL	scalar	scalar	True	True	True	0	float64	float64
1l63A	T59S	58	V2_backward_weighted_neighbor_backward_KL	scalar	scalar	True	True	True	0	float64	float64
1l63A	T59S	58	weighted_neighbor_entropy_changes	scalar	scalar	True	True	True	0	float32	float32
1l63A	T59S	58	backward_weighted_neighbor_entropy_changes	scalar	scalar	True	True	True	0	float64	float64
1l63A	T59S	58	V2_backward_weighted_neighbor_entropy_changes	scalar	scalar	True	True	True	0	float64	float64
1l63A	T59S	58	center_neighbor_weight_check_m_w	scalar	scalar	True	True	True	0	float64	float64
1l63A	T59S	58	center_neighbor_weight_check_w_m	scalar	scalar	True	True	True	0	float64	float64
1l63A	T59S	58	neighbor_embedding_change_m_w	scalar	scalar	True	True	True	0	float32	float32
1l63A	T59S	58	neighbor_embedding_change_m_w_raw	15x128	15x128	True	True	True	0	float32	float32
1l63A	T59S	58	neighbor_message_change_m_w	scalar	scalar	True	False	True	1.86264514923e-08	float64	float64
1l63A	T59S	58	neighbor_message_change_m_w_raw	15x128x1	15x128x1	True	True	True	0	float64	float64
1l63A	T59S	58	unweighted_backward_KL	scalar	scalar	True	True	True	0	float32	float32
1l63A	T59S	58	unweighted_forward_KL	scalar	scalar	True	True	True	0	float32	float32
1l63A	T59S	58	wild_pssm	scalar	scalar	True	True	True	0	float64	float64
1l63A	T59S	58	alternate_pssm	scalar	scalar	True	True	True	0	float64	float64
1l63A	T59V	58	center_mut_wild_energy	scalar	scalar	True	False	True	5.96046447754e-08	float64	float32
1l63A	T59V	58	center_mut_max_energy	scalar	scalar	True	False	True	5.96046447754e-08	float64	float32
1l63A	T59V	58	center_entropy	scalar	scalar	True	True	True	0	float64	float32
1l63A	T59V	58	weighted_neighbor_entropies	scalar	scalar	True	False	True	3.57627868652e-07	float32	float32
1l63A	T59V	58	weighted_neighbor_energy_changes	scalar	scalar	True	False	True	4.57579620861e-08	float64	float32
1l63A	T59V	58	backward_weighted_neighbor_energy_changes	scalar	scalar	True	True	True	0	float64	float64
1l63A	T59V	58	V2_backward_weighted_neighbor_energy_changes	scalar	scalar	True	True	True	0	float64	float64
1l63A	T59V	58	weighted_neighbor_forward_KL	scalar	scalar	True	True	True	0	float32	float32
1l63A	T59V	58	weighted_neighbor_backward_KL	scalar	scalar	True	True	True	0	float32	float32
1l63A	T59V	58	backward_weighted_neighbor_backward_KL	scalar	scalar	True	True	True	0	float64	float64
1l63A	T59V	58	V2_backward_weighted_neighbor_backward_KL	scalar	scalar	True	True	True	0	float64	float64
1l63A	T59V	58	weighted_neighbor_entropy_changes	scalar	scalar	True	True	True	0	float32	float32
1l63A	T59V	58	backward_weighted_neighbor_entropy_changes	scalar	scalar	True	True	True	0	float64	float64
1l63A	T59V	58	V2_backward_weighted_neighbor_entropy_changes	scalar	scalar	True	True	True	0	float64	float64
1l63A	T59V	58	center_neighbor_weight_check_m_w	scalar	scalar	True	True	True	0	float64	float64
1l63A	T59V	58	center_neighbor_weight_check_w_m	scalar	scalar	True	True	True	0	float64	float64
1l63A	T59V	58	neighbor_embedding_change_m_w	scalar	scalar	True	True	True	0	float32	float32
1l63A	T59V	58	neighbor_embedding_change_m_w_raw	15x128	15x128	True	True	True	0	float32	float32
1l63A	T59V	58	neighbor_message_change_m_w	scalar	scalar	True	False	True	1.49011611938e-08	float64	float64
1l63A	T59V	58	neighbor_message_change_m_w_raw	15x128x1	15x128x1	True	True	True	0	float64	float64
1l63A	T59V	58	unweighted_backward_KL	scalar	scalar	True	True	True	0	float32	float32
1l63A	T59V	58	unweighted_forward_KL	scalar	scalar	True	True	True	0	float32	float32
1l63A	T59V	58	wild_pssm	scalar	scalar	True	True	True	0	float64	float64
1l63A	T59V	58	alternate_pssm	scalar	scalar	True	True	True	0	float64	float64
1l63A	L66M	65	center_mut_wild_energy	scalar	scalar	True	False	True	1.04308128357e-07	float64	float32
1l63A	L66M	65	center_mut_max_energy	scalar	scalar	True	False	True	1.04308128357e-07	float64	float32
1l63A	L66M	65	center_entropy	scalar	scalar	True	True	True	0	float64	float32
1l63A	L66M	65	weighted_neighbor_entropies	scalar	scalar	True	False	True	1.19209289551e-07	float32	float32
1l63A	L66M	65	weighted_neighbor_energy_changes	scalar	scalar	True	False	True	6.3565799735e-08	float64	float32
1l63A	L66M	65	backward_weighted_neighbor_energy_changes	scalar	scalar	True	False	True	1.6967587424e-07	float64	float32
1l63A	L66M	65	V2_backward_weighted_neighbor_energy_changes	scalar	scalar	True	False	True	8.1415622688e-08	float64	float32
1l63A	L66M	65	weighted_neighbor_forward_KL	scalar	scalar	True	True	True	0	float32	float32
1l63A	L66M	65	weighted_neighbor_backward_KL	scalar	scalar	True	True	True	0	float32	float32
1l63A	L66M	65	backward_weighted_neighbor_backward_KL	scalar	scalar	True	True	True	0	float32	float32
1l63A	L66M	65	V2_backward_weighted_neighbor_backward_KL	scalar	scalar	True	True	True	0	float32	float32
1l63A	L66M	65	weighted_neighbor_entropy_changes	scalar	scalar	True	True	True	0	float32	float32
1l63A	L66M	65	backward_weighted_neighbor_entropy_changes	scalar	scalar	True	True	True	0	float32	float32
1l63A	L66M	65	V2_backward_weighted_neighbor_entropy_changes	scalar	scalar	True	True	True	0	float32	float32
1l63A	L66M	65	center_neighbor_weight_check_m_w	scalar	scalar	True	True	True	0	float32	float32
1l63A	L66M	65	center_neighbor_weight_check_w_m	scalar	scalar	True	True	True	0	float32	float32
1l63A	L66M	65	neighbor_embedding_change_m_w	scalar	scalar	True	True	True	0	float32	float32
1l63A	L66M	65	neighbor_embedding_change_m_w_raw	15x128	15x128	True	True	True	0	float32	float32
1l63A	L66M	65	neighbor_message_change_m_w	scalar	scalar	True	True	True	0	float32	float32
1l63A	L66M	65	neighbor_message_change_m_w_raw	15x128x1	15x128x1	True	True	True	0	float32	float32
1l63A	L66M	65	unweighted_backward_KL	scalar	scalar	True	True	True	0	float32	float32
1l63A	L66M	65	unweighted_forward_KL	scalar	scalar	True	True	True	0	float32	float32
1l63A	L66M	65	wild_pssm	scalar	scalar	True	True	True	0	float64	float64
1l63A	L66M	65	alternate_pssm	scalar	scalar	True	True	True	0	float64	float64
1l63A	F67A	66	center_mut_wild_energy	scalar	scalar	True	False	True	1.26659870148e-07	float64	float32
1l63A	F67A	66	center_mut_max_energy	scalar	scalar	True	False	True	1.26659870148e-07	float64	float32
1l63A	F67A	66	center_entropy	scalar	scalar	True	True	True	0	float64	float32
1l63A	F67A	66	weighted_neighbor_entropies	scalar	scalar	True	False	True	1.19209289551e-07	float32	float32
1l63A	F67A	66	weighted_neighbor_energy_changes	scalar	scalar	True	False	True	5.58596205735e-07	float64	float32
1l63A	F67A	66	backward_weighted_neighbor_energy_changes	scalar	scalar	True	False	True	3.60462131255e-08	float64	float32
1l63A	F67A	66	V2_backward_weighted_neighbor_energy_changes	scalar	scalar	True	False	True	9.26011978208e-09	float64	float32
1l63A	F67A	66	weighted_neighbor_forward_KL	scalar	scalar	True	True	True	0	float32	float32
1l63A	F67A	66	weighted_neighbor_backward_KL	scalar	scalar	True	True	True	0	float32	float32
1l63A	F67A	66	backward_weighted_neighbor_backward_KL	scalar	scalar	True	True	True	0	float32	float32
1l63A	F67A	66	V2_backward_weighted_neighbor_backward_KL	scalar	scalar	True	True	True	0	float32	float32
1l63A	F67A	66	weighted_neighbor_entropy_changes	scalar	scalar	True	True	True	0	float32	float32
1l63A	F67A	66	backward_weighted_neighbor_entropy_changes	scalar	scalar	True	True	True	0	float32	float32
1l63A	F67A	66	V2_backward_weighted_neighbor_entropy_changes	scalar	scalar	True	True	True	0	float32	float32
1l63A	F67A	66	center_neighbor_weight_check_m_w	scalar	scalar	True	True	True	0	float32	float32
1l63A	F67A	66	center_neighbor_weight_check_w_m	scalar	scalar	True	True	True	0	float32	float32
1l63A	F67A	66	neighbor_embedding_change_m_w	scalar	scalar	True	True	True	0	float32	float32
1l63A	F67A	66	neighbor_embedding_change_m_w_raw	15x128	15x128	True	True	True	0	float32	float32
1l63A	F67A	66	neighbor_message_change_m_w	scalar	scalar	True	True	True	0	float32	float32
1l63A	F67A	66	neighbor_message_change_m_w_raw	15x128x1	15x128x1	True	True	True	0	float32	float32
1l63A	F67A	66	unweighted_backward_KL	scalar	scalar	True	True	True	0	float32	float32
1l63A	F67A	66	unweighted_forward_KL	scalar	scalar	True	True	True	0	float32	float32
1l63A	F67A	66	wild_pssm	scalar	scalar	True	True	True	0	float64	float64
1l63A	F67A	66	alternate_pssm	scalar	scalar	True	True	True	0	float64	float64
1l63A	D72P	71	center_mut_wild_energy	scalar	scalar	True	True	True	0	float64	float32
1l63A	D72P	71	center_mut_max_energy	scalar	scalar	True	False	True	1.19209289551e-07	float64	float32
1l63A	D72P	71	center_entropy	scalar	scalar	True	True	True	0	float64	float32
1l63A	D72P	71	weighted_neighbor_entropies	scalar	scalar	True	True	True	0	float32	float32
1l63A	D72P	71	weighted_neighbor_energy_changes	scalar	scalar	True	False	True	9.46780804867e-08	float64	float32
1l63A	D72P	71	backward_weighted_neighbor_energy_changes	scalar	scalar	True	True	True	0	float64	float64
1l63A	D72P	71	V2_backward_weighted_neighbor_energy_changes	scalar	scalar	True	True	True	0	float64	float64
1l63A	D72P	71	weighted_neighbor_forward_KL	scalar	scalar	True	True	True	0	float32	float32
1l63A	D72P	71	weighted_neighbor_backward_KL	scalar	scalar	True	True	True	0	float32	float32
1l63A	D72P	71	backward_weighted_neighbor_backward_KL	scalar	scalar	True	True	True	0	float64	float64
1l63A	D72P	71	V2_backward_weighted_neighbor_backward_KL	scalar	scalar	True	True	True	0	float64	float64
1l63A	D72P	71	weighted_neighbor_entropy_changes	scalar	scalar	True	True	True	0	float32	float32
1l63A	D72P	71	backward_weighted_neighbor_entropy_changes	scalar	scalar	True	True	True	0	float64	float64
1l63A	D72P	71	V2_backward_weighted_neighbor_entropy_changes	scalar	scalar	True	True	True	0	float64	float64
1l63A	D72P	71	center_neighbor_weight_check_m_w	scalar	scalar	True	True	True	0	float64	float64
1l63A	D72P	71	center_neighbor_weight_check_w_m	scalar	scalar	True	True	True	0	float64	float64
1l63A	D72P	71	neighbor_embedding_change_m_w	scalar	scalar	True	True	True	0	float32	float32
1l63A	D72P	71	neighbor_embedding_change_m_w_raw	15x128	15x128	True	True	True	0	float32	float32
1l63A	D72P	71	neighbor_message_change_m_w	scalar	scalar	True	False	True	5.96046447754e-08	float64	float64
1l63A	D72P	71	neighbor_message_change_m_w_raw	15x128x1	15x128x1	True	True	True	0	float64	float64
1l63A	D72P	71	unweighted_backward_KL	scalar	scalar	True	True	True	0	float32	float32
1l63A	D72P	71	unweighted_forward_KL	scalar	scalar	True	True	True	0	float32	float32
1l63A	D72P	71	wild_pssm	scalar	scalar	True	True	True	0	float64	float64
1l63A	D72P	71	alternate_pssm	scalar	scalar	True	True	True	0	float64	float64
1l63A	A73S	72	center_mut_wild_energy	scalar	scalar	True	True	True	0	float64	float32
1l63A	A73S	72	center_mut_max_energy	scalar	scalar	True	True	True	0	float64	float32
1l63A	A73S	72	center_entropy	scalar	scalar	True	True	True	0	float64	float32
1l63A	A73S	72	weighted_neighbor_entropies	scalar	scalar	True	True	True	0	float32	float32
1l63A	A73S	72	weighted_neighbor_energy_changes	scalar	scalar	True	False	True	1.29023443485e-07	float64	float32
1l63A	A73S	72	backward_weighted_neighbor_energy_changes	scalar	scalar	True	False	True	7.65192966767e-08	float64	float32
1l63A	A73S	72	V2_backward_weighted_neighbor_energy_changes	scalar	scalar	True	False	True	3.6964831418e-08	float64	float32
1l63A	A73S	72	weighted_neighbor_forward_KL	scalar	scalar	True	True	True	0	float32	float32
1l63A	A73S	72	weighted_neighbor_backward_KL	scalar	scalar	True	True	True	0	float32	float32
1l63A	A73S	72	backward_weighted_neighbor_backward_KL	scalar	scalar	True	True	True	0	float32	float32
1l63A	A73S	72	V2_backward_weighted_neighbor_backward_KL	scalar	scalar	True	True	True	0	float32	float32
1l63A	A73S	72	weighted_neighbor_entropy_changes	scalar	scalar	True	True	True	0	float32	float32
1l63A	A73S	72	backward_weighted_neighbor_entropy_changes	scalar	scalar	True	True	True	0	float32	float32
1l63A	A73S	72	V2_backward_weighted_neighbor_entropy_changes	scalar	scalar	True	True	True	0	float32	float32
1l63A	A73S	72	center_neighbor_weight_check_m_w	scalar	scalar	True	True	True	0	float32	float32
1l63A	A73S	72	center_neighbor_weight_check_w_m	scalar	scalar	True	True	True	0	float32	float32
1l63A	A73S	72	neighbor_embedding_change_m_w	scalar	scalar	True	True	True	0	float32	float32
1l63A	A73S	72	neighbor_embedding_change_m_w_raw	15x128	15x128	True	True	True	0	float32	float32
1l63A	A73S	72	neighbor_message_change_m_w	scalar	scalar	True	True	True	0	float32	float32
1l63A	A73S	72	neighbor_message_change_m_w_raw	15x128x1	15x128x1	True	True	True	0	float32	float32
1l63A	A73S	72	unweighted_backward_KL	scalar	scalar	True	True	True	0	float32	float32
1l63A	A73S	72	unweighted_forward_KL	scalar	scalar	True	True	True	0	float32	float32
1l63A	A73S	72	wild_pssm	scalar	scalar	True	True	True	0	float64	float64
1l63A	A73S	72	alternate_pssm	scalar	scalar	True	True	True	0	float64	float64
1l63A	V75T	74	center_mut_wild_energy	scalar	scalar	True	True	True	0	float64	float32
1l63A	V75T	74	center_mut_max_energy	scalar	scalar	True	True	True	0	float64	float32
1l63A	V75T	74	center_entropy	scalar	scalar	True	True	True	0	float64	float32
1l63A	V75T	74	weighted_neighbor_entropies	scalar	scalar	True	False	True	4.76837158203e-07	float32	float32
1l63A	V75T	74	weighted_neighbor_energy_changes	scalar	scalar	True	False	True	2.47404958742e-08	float64	float32
1l63A	V75T	74	backward_weighted_neighbor_energy_changes	scalar	scalar	True	False	True	1.8744230168e-08	float64	float32
1l63A	V75T	74	V2_backward_weighted_neighbor_energy_changes	scalar	scalar	True	False	True	7.19195725196e-08	float64	float32
1l63A	V75T	74	weighted_neighbor_forward_KL	scalar	scalar	True	True	True	0	float32	float32
1l63A	V75T	74	weighted_neighbor_backward_KL	scalar	scalar	True	True	True	0	float32	float32
1l63A	V75T	74	backward_weighted_neighbor_backward_KL	scalar	scalar	True	True	True	0	float32	float32
1l63A	V75T	74	V2_backward_weighted_neighbor_backward_KL	scalar	scalar	True	True	True	0	float32	float32
1l63A	V75T	74	weighted_neighbor_entropy_changes	scalar	scalar	True	True	True	0	float32	float32
1l63A	V75T	74	backward_weighted_neighbor_entropy_changes	scalar	scalar	True	True	True	0	float32	float32
1l63A	V75T	74	V2_backward_weighted_neighbor_entropy_changes	scalar	scalar	True	True	True	0	float32	float32
1l63A	V75T	74	center_neighbor_weight_check_m_w	scalar	scalar	True	True	True	0	float32	float32
1l63A	V75T	74	center_neighbor_weight_check_w_m	scalar	scalar	True	True	True	0	float32	float32
1l63A	V75T	74	neighbor_embedding_change_m_w	scalar	scalar	True	True	True	0	float32	float32
1l63A	V75T	74	neighbor_embedding_change_m_w_raw	15x128	15x128	True	True	True	0	float32	float32
1l63A	V75T	74	neighbor_message_change_m_w	scalar	scalar	True	True	True	0	float32	float32
1l63A	V75T	74	neighbor_message_change_m_w_raw	15x128x1	15x128x1	True	True	True	0	float32	float32
1l63A	V75T	74	unweighted_backward_KL	scalar	scalar	True	True	True	0	float32	float32
1l63A	V75T	74	unweighted_forward_KL	scalar	scalar	True	True	True	0	float32	float32
1l63A	V75T	74	wild_pssm	scalar	scalar	True	True	True	0	float64	float64
1l63A	V75T	74	alternate_pssm	scalar	scalar	True	True	True	0	float64	float64
1l63A	I78A	77	center_mut_wild_energy	scalar	scalar	True	False	True	2.98023223877e-08	float64	float32
1l63A	I78A	77	center_mut_max_energy	scalar	scalar	True	False	True	2.98023223877e-08	float64	float32
1l63A	I78A	77	center_entropy	scalar	scalar	True	True	True	0	float64	float32
1l63A	I78A	77	weighted_neighbor_entropies	scalar	scalar	True	False	True	1.19209289551e-07	float32	float32
1l63A	I78A	77	weighted_neighbor_energy_changes	scalar	scalar	True	False	True	9.87295543098e-08	float64	float32
1l63A	I78A	77	backward_weighted_neighbor_energy_changes	scalar	scalar	True	False	True	1.14078503977e-07	float64	float32
1l63A	I78A	77	V2_backward_weighted_neighbor_energy_changes	scalar	scalar	True	False	True	4.1445850929e-07	float64	float32
1l63A	I78A	77	weighted_neighbor_forward_KL	scalar	scalar	True	True	True	0	float32	float32
1l63A	I78A	77	weighted_neighbor_backward_KL	scalar	scalar	True	True	True	0	float32	float32
1l63A	I78A	77	backward_weighted_neighbor_backward_KL	scalar	scalar	True	True	True	0	float32	float32
1l63A	I78A	77	V2_backward_weighted_neighbor_backward_KL	scalar	scalar	True	True	True	0	float32	float32
1l63A	I78A	77	weighted_neighbor_entropy_changes	scalar	scalar	True	True	True	0	float32	float32
1l63A	I78A	77	backward_weighted_neighbor_entropy_changes	scalar	scalar	True	True	True	0	float32	float32
1l63A	I78A	77	V2_backward_weighted_neighbor_entropy_changes	scalar	scalar	True	True	True	0	float32	float32
1l63A	I78A	77	center_neighbor_weight_check_m_w	scalar	scalar	True	True	True	0	float32	float32
1l63A	I78A	77	center_neighbor_weight_check_w_m	scalar	scalar	True	True	True	0	float32	float32
1l63A	I78A	77	neighbor_embedding_change_m_w	scalar	scalar	True	True	True	0	float32	float32
1l63A	I78A	77	neighbor_embedding_change_m_w_raw	15x128	15x128	True	True	True	0	float32	float32
1l63A	I78A	77	neighbor_message_change_m_w	scalar	scalar	True	True	True	0	float32	float32
1l63A	I78A	77	neighbor_message_change_m_w_raw	15x128x1	15x128x1	True	True	True	0	float32	float32
1l63A	I78A	77	unweighted_backward_KL	scalar	scalar	True	True	True	0	float32	float32
1l63A	I78A	77	unweighted_forward_KL	scalar	scalar	True	True	True	0	float32	float32
1l63A	I78A	77	wild_pssm	scalar	scalar	True	True	True	0	float64	float64
1l63A	I78A	77	alternate_pssm	scalar	scalar	True	True	True	0	float64	float64
1l63A	I78M	77	center_mut_wild_energy	scalar	scalar	True	False	True	1.9371509552e-07	float64	float32
1l63A	I78M	77	center_mut_max_energy	scalar	scalar	True	False	True	1.9371509552e-07	float64	float32
1l63A	I78M	77	center_entropy	scalar	scalar	True	True	True	0	float64	float32
1l63A	I78M	77	weighted_neighbor_entropies	scalar	scalar	True	False	True	3.57627868652e-07	float32	float32
1l63A	I78M	77	weighted_neighbor_energy_changes	scalar	scalar	True	False	True	1.08821313738e-07	float64	float32
1l63A	I78M	77	backward_weighted_neighbor_energy_changes	scalar	scalar	True	True	True	0	float64	float64
1l63A	I78M	77	V2_backward_weighted_neighbor_energy_changes	scalar	scalar	True	True	True	0	float64	float64
1l63A	I78M	77	weighted_neighbor_forward_KL	scalar	scalar	True	True	True	0	float32	float32
1l63A	I78M	77	weighted_neighbor_backward_KL	scalar	scalar	True	True	True	0	float32	float32
1l63A	I78M	77	backward_weighted_neighbor_backward_KL	scalar	scalar	True	True	True	0	float64	float64
1l63A	I78M	77	V2_backward_weighted_neighbor_backward_KL	scalar	scalar	True	True	True	0	float64	float64
1l63A	I78M	77	weighted_neighbor_entropy_changes	scalar	scalar	True	True	True	0	float32	float32
1l63A	I78M	77	backward_weighted_neighbor_entropy_changes	scalar	scalar	True	True	True	0	float64	float64
1l63A	I78M	77	V2_backward_weighted_neighbor_entropy_changes	scalar	scalar	True	True	True	0	float64	float64
1l63A	I78M	77	center_neighbor_weight_check_m_w	scalar	scalar	True	True	True	0	float64	float64
1l63A	I78M	77	center_neighbor_weight_check_w_m	scalar	scalar	True	True	True	0	float64	float64
1l63A	I78M	77	neighbor_embedding_change_m_w	scalar	scalar	True	True	True	0	float32	float32
1l63A	I78M	77	neighbor_embedding_change_m_w_raw	15x128	15x128	True	True	True	0	float32	float32
1l63A	I78M	77	neighbor_message_change_m_w	scalar	scalar	True	False	True	1.49011611938e-07	float64	float64
1l63A	I78M	77	neighbor_message_change_m_w_raw	15x128x1	15x128x1	True	True	True	0	float64	float64
1l63A	I78M	77	unweighted_backward_KL	scalar	scalar	True	True	True	0	float32	float32
1l63A	I78M	77	unweighted_forward_KL	scalar	scalar	True	True	True	0	float32	float32
1l63A	I78M	77	wild_pssm	scalar	scalar	True	True	True	0	float64	float64
1l63A	I78M	77	alternate_pssm	scalar	scalar	True	True	True	0	float64	float64
1l63A	I78V	77	center_mut_wild_energy	scalar	scalar	True	False	True	2.98023223877e-08	float64	float32
1l63A	I78V	77	center_mut_max_energy	scalar	scalar	True	False	True	2.98023223877e-08	float64	float32
1l63A	I78V	77	center_entropy	scalar	scalar	True	True	True	0	float64	float32
1l63A	I78V	77	weighted_neighbor_entropies	scalar	scalar	True	False	True	2.38418579102e-07	float32	float32
1l63A	I78V	77	weighted_neighbor_energy_changes	scalar	scalar	True	False	True	2.04170177653e-07	float64	float32
1l63A	I78V	77	backward_weighted_neighbor_energy_changes	scalar	scalar	True	False	True	1.48644045517e-07	float64	float32
1l63A	I78V	77	V2_backward_weighted_neighbor_energy_changes	scalar	scalar	True	False	True	6.58222125693e-08	float64	float32
1l63A	I78V	77	weighted_neighbor_forward_KL	scalar	scalar	True	True	True	0	float32	float32
1l63A	I78V	77	weighted_neighbor_backward_KL	scalar	scalar	True	True	True	0	float32	float32
1l63A	I78V	77	backward_weighted_neighbor_backward_KL	scalar	scalar	True	True	True	0	float32	float32
1l63A	I78V	77	V2_backward_weighted_neighbor_backward_KL	scalar	scalar	True	True	True	0	float32	float32
1l63A	I78V	77	weighted_neighbor_entropy_changes	scalar	scalar	True	True	True	0	float32	float32
1l63A	I78V	77	backward_weighted_neighbor_entropy_changes	scalar	scalar	True	True	True	0	float32	float32
1l63A	I78V	77	V2_backward_weighted_neighbor_entropy_changes	scalar	scalar	True	True	True	0	float32	float32
1l63A	I78V	77	center_neighbor_weight_check_m_w	scalar	scalar	True	True	True	0	float32	float32
1l63A	I78V	77	center_neighbor_weight_check_w_m	scalar	scalar	True	True	True	0	float32	float32
1l63A	I78V	77	neighbor_embedding_change_m_w	scalar	scalar	True	True	True	0	float32	float32
1l63A	I78V	77	neighbor_embedding_change_m_w_raw	15x128	15x128	True	True	True	0	float32	float32
1l63A	I78V	77	neighbor_message_change_m_w	scalar	scalar	True	False	True	2.38418579102e-07	float32	float32
1l63A	I78V	77	neighbor_message_change_m_w_raw	15x128x1	15x128x1	True	True	True	0	float32	float32
1l63A	I78V	77	unweighted_backward_KL	scalar	scalar	True	True	True	0	float32	float32
1l63A	I78V	77	unweighted_forward_KL	scalar	scalar	True	True	True	0	float32	float32
1l63A	I78V	77	wild_pssm	scalar	scalar	True	True	True	0	float64	float64
1l63A	I78V	77	alternate_pssm	scalar	scalar	True	True	True	0	float64	float64
1l63A	A82S	81	center_mut_wild_energy	scalar	scalar	True	True	True	0	float64	float32
1l63A	A82S	81	center_mut_max_energy	scalar	scalar	True	True	True	0	float64	float32
1l63A	A82S	81	center_entropy	scalar	scalar	True	True	True	0	float64	float32
1l63A	A82S	81	weighted_neighbor_entropies	scalar	scalar	True	False	True	7.15255737305e-07	float32	float32
1l63A	A82S	81	weighted_neighbor_energy_changes	scalar	scalar	True	False	True	7.84652254282e-09	float64	float32
1l63A	A82S	81	backward_weighted_neighbor_energy_changes	scalar	scalar	True	False	True	3.68928990468e-07	float64	float32
1l63A	A82S	81	V2_backward_weighted_neighbor_energy_changes	scalar	scalar	True	False	True	7.2316467481e-08	float64	float32
1l63A	A82S	81	weighted_neighbor_forward_KL	scalar	scalar	True	True	True	0	float32	float32
1l63A	A82S	81	weighted_neighbor_backward_KL	scalar	scalar	True	True	True	0	float32	float32
1l63A	A82S	81	backward_weighted_neighbor_backward_KL	scalar	scalar	True	True	True	0	float32	float32
1l63A	A82S	81	V2_backward_weighted_neighbor_backward_KL	scalar	scalar	True	True	True	0	float32	float32
1l63A	A82S	81	weighted_neighbor_entropy_changes	scalar	scalar	True	True	True	0	float32	float32
1l63A	A82S	81	backward_weighted_neighbor_entropy_changes	scalar	scalar	True	True	True	0	float32	float32
1l63A	A82S	81	V2_backward_weighted_neighbor_entropy_changes	scalar	scalar	True	True	True	0	float32	float32
1l63A	A82S	81	center_neighbor_weight_check_m_w	scalar	scalar	True	True	True	0	float32	float32
1l63A	A82S	81	center_neighbor_weight_check_w_m	scalar	scalar	True	True	True	0	float32	float32
1l63A	A82S	81	neighbor_embedding_change_m_w	scalar	scalar	True	True	True	0	float32	float32
1l63A	A82S	81	neighbor_embedding_change_m_w_raw	15x128	15x128	True	True	True	0	float32	float32
1l63A	A82S	81	neighbor_message_change_m_w	scalar	scalar	True	True	True	0	float32	float32
1l63A	A82S	81	neighbor_message_change_m_w_raw	15x128x1	15x128x1	True	True	True	0	float32	float32
1l63A	A82S	81	unweighted_backward_KL	scalar	scalar	True	True	True	0	float32	float32
1l63A	A82S	81	unweighted_forward_KL	scalar	scalar	True	True	True	0	float32	float32
1l63A	A82S	81	wild_pssm	scalar	scalar	True	True	True	0	float64	float64
1l63A	A82S	81	alternate_pssm	scalar	scalar	True	True	True	0	float64	float64
1l63A	L84A	83	center_mut_wild_energy	scalar	scalar	True	False	True	1.9371509552e-07	float64	float32
1l63A	L84A	83	center_mut_max_energy	scalar	scalar	True	False	True	1.9371509552e-07	float64	float32
1l63A	L84A	83	center_entropy	scalar	scalar	True	True	True	0	float64	float32
1l63A	L84A	83	weighted_neighbor_entropies	scalar	scalar	True	False	True	1.19209289551e-07	float32	float32
1l63A	L84A	83	weighted_neighbor_energy_changes	scalar	scalar	True	False	True	6.90502087508e-07	float64	float32
1l63A	L84A	83	backward_weighted_neighbor_energy_changes	scalar	scalar	True	False	True	4.29017738668e-07	float64	float32
1l63A	L84A	83	V2_backward_weighted_neighbor_energy_changes	scalar	scalar	True	False	True	3.1706966297e-06	float64	float32
1l63A	L84A	83	weighted_neighbor_forward_KL	scalar	scalar	True	True	True	0	float32	float32
1l63A	L84A	83	weighted_neighbor_backward_KL	scalar	scalar	True	True	True	0	float32	float32
1l63A	L84A	83	backward_weighted_neighbor_backward_KL	scalar	scalar	True	True	True	0	float32	float32
1l63A	L84A	83	V2_backward_weighted_neighbor_backward_KL	scalar	scalar	True	True	True	0	float32	float32
1l63A	L84A	83	weighted_neighbor_entropy_changes	scalar	scalar	True	True	True	0	float32	float32
1l63A	L84A	83	backward_weighted_neighbor_entropy_changes	scalar	scalar	True	True	True	0	float32	float32
1l63A	L84A	83	V2_backward_weighted_neighbor_entropy_changes	scalar	scalar	True	True	True	0	float32	float32
1l63A	L84A	83	center_neighbor_weight_check_m_w	scalar	scalar	True	True	True	0	float32	float32
1l63A	L84A	83	center_neighbor_weight_check_w_m	scalar	scalar	True	True	True	0	float32	float32
1l63A	L84A	83	neighbor_embedding_change_m_w	scalar	scalar	True	True	True	0	float32	float32
1l63A	L84A	83	neighbor_embedding_change_m_w_raw	15x128	15x128	True	True	True	0	float32	float32
1l63A	L84A	83	neighbor_message_change_m_w	scalar	scalar	True	True	True	0	float32	float32
1l63A	L84A	83	neighbor_message_change_m_w_raw	15x128x1	15x128x1	True	True	True	0	float32	float32
1l63A	L84A	83	unweighted_backward_KL	scalar	scalar	True	True	True	0	float32	float32
1l63A	L84A	83	unweighted_forward_KL	scalar	scalar	True	True	True	0	float32	float32
1l63A	L84A	83	wild_pssm	scalar	scalar	True	True	True	0	float64	float64
1l63A	L84A	83	alternate_pssm	scalar	scalar	True	True	True	0	float64	float64
1l63A	L84M	83	center_mut_wild_energy	scalar	scalar	True	False	True	5.21540641785e-08	float64	float32
1l63A	L84M	83	center_mut_max_energy	scalar	scalar	True	False	True	5.21540641785e-08	float64	float32
1l63A	L84M	83	center_entropy	scalar	scalar	True	True	True	0	float64	float32
1l63A	L84M	83	weighted_neighbor_entropies	scalar	scalar	True	True	True	0	float32	float32
1l63A	L84M	83	weighted_neighbor_energy_changes	scalar	scalar	True	False	True	3.24476093994e-07	float64	float32
1l63A	L84M	83	backward_weighted_neighbor_energy_changes	scalar	scalar	True	False	True	1.58032325004e-07	float64	float32
1l63A	L84M	83	V2_backward_weighted_neighbor_energy_changes	scalar	scalar	True	False	True	1.01307353617e-07	float64	float32
1l63A	L84M	83	weighted_neighbor_forward_KL	scalar	scalar	True	True	True	0	float32	float32
1l63A	L84M	83	weighted_neighbor_backward_KL	scalar	scalar	True	True	True	0	float32	float32
1l63A	L84M	83	backward_weighted_neighbor_backward_KL	scalar	scalar	True	True	True	0	float32	float32
1l63A	L84M	83	V2_backward_weighted_neighbor_backward_KL	scalar	scalar	True	True	True	0	float32	float32
1l63A	L84M	83	weighted_neighbor_entropy_changes	scalar	scalar	True	True	True	0	float32	float32
1l63A	L84M	83	backward_weighted_neighbor_entropy_changes	scalar	scalar	True	True	True	0	float32	float32
1l63A	L84M	83	V2_backward_weighted_neighbor_entropy_changes	scalar	scalar	True	True	True	0	float32	float32
1l63A	L84M	83	center_neighbor_weight_check_m_w	scalar	scalar	True	True	True	0	float32	float32
1l63A	L84M	83	center_neighbor_weight_check_w_m	scalar	scalar	True	True	True	0	float32	float32
1l63A	L84M	83	neighbor_embedding_change_m_w	scalar	scalar	True	True	True	0	float32	float32
1l63A	L84M	83	neighbor_embedding_change_m_w_raw	15x128	15x128	True	True	True	0	float32	float32
1l63A	L84M	83	neighbor_message_change_m_w	scalar	scalar	True	False	True	4.76837158203e-07	float32	float32
1l63A	L84M	83	neighbor_message_change_m_w_raw	15x128x1	15x128x1	True	True	True	0	float32	float32
1l63A	L84M	83	unweighted_backward_KL	scalar	scalar	True	True	True	0	float32	float32
1l63A	L84M	83	unweighted_forward_KL	scalar	scalar	True	True	True	0	float32	float32
1l63A	L84M	83	wild_pssm	scalar	scalar	True	True	True	0	float64	float64
1l63A	L84M	83	alternate_pssm	scalar	scalar	True	True	True	0	float64	float64
1l63A	V87A	86	center_mut_wild_energy	scalar	scalar	True	False	True	7.45058059692e-08	float64	float32
1l63A	V87A	86	center_mut_max_energy	scalar	scalar	True	False	True	7.45058059692e-08	float64	float32
1l63A	V87A	86	center_entropy	scalar	scalar	True	True	True	0	float64	float32
1l63A	V87A	86	weighted_neighbor_entropies	scalar	scalar	True	False	True	1.19209289551e-07	float32	float32
1l63A	V87A	86	weighted_neighbor_energy_changes	scalar	scalar	True	False	True	3.22575677281e-08	float64	float32
1l63A	V87A	86	backward_weighted_neighbor_energy_changes	scalar	scalar	True	True	True	0	float64	float64
1l63A	V87A	86	V2_backward_weighted_neighbor_energy_changes	scalar	scalar	True	True	True	0	float64	float64
1l63A	V87A	86	weighted_neighbor_forward_KL	scalar	scalar	True	True	True	0	float32	float32
1l63A	V87A	86	weighted_neighbor_backward_KL	scalar	scalar	True	True	True	0	float32	float32
1l63A	V87A	86	backward_weighted_neighbor_backward_KL	scalar	scalar	True	True	True	0	float64	float64
1l63A	V87A	86	V2_backward_weighted_neighbor_backward_KL	scalar	scalar	True	True	True	0	float64	float64
1l63A	V87A	86	weighted_neighbor_entropy_changes	scalar	scalar	True	True	True	0	float32	float32
1l63A	V87A	86	backward_weighted_neighbor_entropy_changes	scalar	scalar	True	True	True	0	float64	float64
1l63A	V87A	86	V2_backward_weighted_neighbor_entropy_changes	scalar	scalar	True	True	True	0	float64	float64
1l63A	V87A	86	center_neighbor_weight_check_m_w	scalar	scalar	True	True	True	0	float64	float64
1l63A	V87A	86	center_neighbor_weight_check_w_m	scalar	scalar	True	True	True	0	float64	float64
1l63A	V87A	86	neighbor_embedding_change_m_w	scalar	scalar	True	True	True	0	float32	float32
1l63A	V87A	86	neighbor_embedding_change_m_w_raw	15x128	15x128	True	True	True	0	float32	float32
1l63A	V87A	86	neighbor_message_change_m_w	scalar	scalar	True	False	True	5.21540641785e-08	float64	float64
1l63A	V87A	86	neighbor_message_change_m_w_raw	15x128x1	15x128x1	True	True	True	0	float64	float64
1l63A	V87A	86	unweighted_backward_KL	scalar	scalar	True	True	True	0	float32	float32
1l63A	V87A	86	unweighted_forward_KL	scalar	scalar	True	True	True	0	float32	float32
1l63A	V87A	86	wild_pssm	scalar	scalar	True	True	True	0	float64	float64
1l63A	V87A	86	alternate_pssm	scalar	scalar	True	True	True	0	float64	float64
1l63A	V87M	86	center_mut_wild_energy	scalar	scalar	True	False	True	2.23517417908e-08	float64	float32
1l63A	V87M	86	center_mut_max_energy	scalar	scalar	True	False	True	2.23517417908e-08	float64	float32
1l63A	V87M	86	center_entropy	scalar	scalar	True	True	True	0	float64	float32
1l63A	V87M	86	weighted_neighbor_entropies	scalar	scalar	True	True	True	0	float32	float32
1l63A	V87M	86	weighted_neighbor_energy_changes	scalar	scalar	True	False	True	6.69386226448e-08	float64	float32
1l63A	V87M	86	backward_weighted_neighbor_energy_changes	scalar	scalar	True	False	True	1.50552238676e-07	float64	float32
1l63A	V87M	86	V2_backward_weighted_neighbor_energy_changes	scalar	scalar	True	False	True	7.15455379385e-08	float64	float32
1l63A	V87M	86	weighted_neighbor_forward_KL	scalar	scalar	True	True	True	0	float32	float32
1l63A	V87M	86	weighted_neighbor_backward_KL	scalar	scalar	True	True	True	0	float32	float32
1l63A	V87M	86	backward_weighted_neighbor_backward_KL	scalar	scalar	True	True	True	0	float32	float32
1l63A	V87M	86	V2_backward_weighted_neighbor_backward_KL	scalar	scalar	True	True	True	0	float32	float32
1l63A	V87M	86	weighted_neighbor_entropy_changes	scalar	scalar	True	True	True	0	float32	float32
1l63A	V87M	86	backward_weighted_neighbor_entropy_changes	scalar	scalar	True	True	True	0	float32	float32
1l63A	V87M	86	V2_backward_weighted_neighbor_entropy_changes	scalar	scalar	True	True	True	0	float32	float32
1l63A	V87M	86	center_neighbor_weight_check_m_w	scalar	scalar	True	True	True	0	float32	float32
1l63A	V87M	86	center_neighbor_weight_check_w_m	scalar	scalar	True	True	True	0	float32	float32
1l63A	V87M	86	neighbor_embedding_change_m_w	scalar	scalar	True	False	True	4.76837158203e-07	float32	float32
1l63A	V87M	86	neighbor_embedding_change_m_w_raw	15x128	15x128	True	True	True	0	float32	float32
1l63A	V87M	86	neighbor_message_change_m_w	scalar	scalar	True	True	True	0	float32	float32
1l63A	V87M	86	neighbor_message_change_m_w_raw	15x128x1	15x128x1	True	True	True	0	float32	float32
1l63A	V87M	86	unweighted_backward_KL	scalar	scalar	True	True	True	0	float32	float32
1l63A	V87M	86	unweighted_forward_KL	scalar	scalar	True	True	True	0	float32	float32
1l63A	V87M	86	wild_pssm	scalar	scalar	True	True	True	0	float64	float64
1l63A	V87M	86	alternate_pssm	scalar	scalar	True	True	True	0	float64	float64
1l63A	V87I	86	center_mut_wild_energy	scalar	scalar	True	False	True	1.19209289551e-07	float64	float32
1l63A	V87I	86	center_mut_max_energy	scalar	scalar	True	False	True	1.19209289551e-07	float64	float32
1l63A	V87I	86	center_entropy	scalar	scalar	True	True	True	0	float64	float32
1l63A	V87I	86	weighted_neighbor_entropies	scalar	scalar	True	False	True	1.19209289551e-07	float32	float32
1l63A	V87I	86	weighted_neighbor_energy_changes	scalar	scalar	True	False	True	1.61967310675e-08	float64	float32
1l63A	V87I	86	backward_weighted_neighbor_energy_changes	scalar	scalar	True	True	True	0	float64	float64
1l63A	V87I	86	V2_backward_weighted_neighbor_energy_changes	scalar	scalar	True	True	True	0	float64	float64
1l63A	V87I	86	weighted_neighbor_forward_KL	scalar	scalar	True	True	True	0	float32	float32
1l63A	V87I	86	weighted_neighbor_backward_KL	scalar	scalar	True	True	True	0	float32	float32
1l63A	V87I	86	backward_weighted_neighbor_backward_KL	scalar	scalar	True	True	True	0	float64	float64
1l63A	V87I	86	V2_backward_weighted_neighbor_backward_KL	scalar	scalar	True	True	True	0	float64	float64
1l63A	V87I	86	weighted_neighbor_entropy_changes	scalar	scalar	True	True	True	0	float32	float32
1l63A	V87I	86	backward_weighted_neighbor_entropy_changes	scalar	scalar	True	True	True	0	float64	float64
1l63A	V87I	86	V2_backward_weighted_neighbor_entropy_changes	scalar	scalar	True	True	True	0	float64	float64
1l63A	V87I	86	center_neighbor_weight_check_m_w	scalar	scalar	True	True	True	0	float64	float64
1l63A	V87I	86	center_neighbor_weight_check_w_m	scalar	scalar	True	True	True	0	float64	float64
1l63A	V87I	86	neighbor_embedding_change_m_w	scalar	scalar	True	True	True	0	float32	float32
1l63A	V87I	86	neighbor_embedding_change_m_w_raw	15x128	15x128	True	True	True	0	float32	float32
1l63A	V87I	86	neighbor_message_change_m_w	scalar	scalar	True	False	True	1.11758708954e-08	float64	float64
1l63A	V87I	86	neighbor_message_change_m_w_raw	15x128x1	15x128x1	True	True	True	0	float64	float64
1l63A	V87I	86	unweighted_backward_KL	scalar	scalar	True	True	True	0	float32	float32
1l63A	V87I	86	unweighted_forward_KL	scalar	scalar	True	True	True	0	float32	float32
1l63A	V87I	86	wild_pssm	scalar	scalar	True	True	True	0	float64	float64
1l63A	V87I	86	alternate_pssm	scalar	scalar	True	True	True	0	float64	float64
1l63A	V87T	86	center_mut_wild_energy	scalar	scalar	True	False	True	1.19209289551e-07	float64	float32
1l63A	V87T	86	center_mut_max_energy	scalar	scalar	True	False	True	1.19209289551e-07	float64	float32
1l63A	V87T	86	center_entropy	scalar	scalar	True	True	True	0	float64	float32
1l63A	V87T	86	weighted_neighbor_entropies	scalar	scalar	True	False	True	1.19209289551e-07	float32	float32
1l63A	V87T	86	weighted_neighbor_energy_changes	scalar	scalar	True	False	True	1.79869060979e-07	float64	float32
1l63A	V87T	86	backward_weighted_neighbor_energy_changes	scalar	scalar	True	True	True	0	float64	float64
1l63A	V87T	86	V2_backward_weighted_neighbor_energy_changes	scalar	scalar	True	True	True	0	float64	float64
1l63A	V87T	86	weighted_neighbor_forward_KL	scalar	scalar	True	True	True	0	float32	float32
1l63A	V87T	86	weighted_neighbor_backward_KL	scalar	scalar	True	True	True	0	float32	float32
1l63A	V87T	86	backward_weighted_neighbor_backward_KL	scalar	scalar	True	True	True	0	float64	float64
1l63A	V87T	86	V2_backward_weighted_neighbor_backward_KL	scalar	scalar	True	True	True	0	float64	float64
1l63A	V87T	86	weighted_neighbor_entropy_changes	scalar	scalar	True	True	True	0	float32	float32
1l63A	V87T	86	backward_weighted_neighbor_entropy_changes	scalar	scalar	True	True	True	0	float64	float64
1l63A	V87T	86	V2_backward_weighted_neighbor_entropy_changes	scalar	scalar	True	True	True	0	float64	float64
1l63A	V87T	86	center_neighbor_weight_check_m_w	scalar	scalar	True	True	True	0	float64	float64
1l63A	V87T	86	center_neighbor_weight_check_w_m	scalar	scalar	True	True	True	0	float64	float64
1l63A	V87T	86	neighbor_embedding_change_m_w	scalar	scalar	True	True	True	0	float32	float32
1l63A	V87T	86	neighbor_embedding_change_m_w_raw	15x128	15x128	True	True	True	0	float32	float32
1l63A	V87T	86	neighbor_message_change_m_w	scalar	scalar	True	False	True	1.49011611938e-08	float64	float64
1l63A	V87T	86	neighbor_message_change_m_w_raw	15x128x1	15x128x1	True	True	True	0	float64	float64
1l63A	V87T	86	unweighted_backward_KL	scalar	scalar	True	True	True	0	float32	float32
1l63A	V87T	86	unweighted_forward_KL	scalar	scalar	True	True	True	0	float32	float32
1l63A	V87T	86	wild_pssm	scalar	scalar	True	True	True	0	float64	float64
1l63A	V87T	86	alternate_pssm	scalar	scalar	True	True	True	0	float64	float64
1l63A	L91A	90	center_mut_wild_energy	scalar	scalar	True	False	True	1.71363353729e-07	float64	float32
1l63A	L91A	90	center_mut_max_energy	scalar	scalar	True	False	True	1.71363353729e-07	float64	float32
1l63A	L91A	90	center_entropy	scalar	scalar	True	True	True	0	float64	float32
1l63A	L91A	90	weighted_neighbor_entropies	scalar	scalar	True	False	True	1.19209289551e-07	float32	float32
1l63A	L91A	90	weighted_neighbor_energy_changes	scalar	scalar	True	False	True	3.74953508242e-08	float64	float32
1l63A	L91A	90	backward_weighted_neighbor_energy_changes	scalar	scalar	True	True	True	0	float64	float64
1l63A	L91A	90	V2_backward_weighted_neighbor_energy_changes	scalar	scalar	True	True	True	0	float64	float64
1l63A	L91A	90	weighted_neighbor_forward_KL	scalar	scalar	True	True	True	0	float32	float32
1l63A	L91A	90	weighted_neighbor_backward_KL	scalar	scalar	True	True	True	0	float32	float32
1l63A	L91A	90	backward_weighted_neighbor_backward_KL	scalar	scalar	True	True	True	0	float64	float64
1l63A	L91A	90	V2_backward_weighted_neighbor_backward_KL	scalar	scalar	True	True	True	0	float64	float64
1l63A	L91A	90	weighted_neighbor_entropy_changes	scalar	scalar	True	True	True	0	float32	float32
1l63A	L91A	90	backward_weighted_neighbor_entropy_changes	scalar	scalar	True	True	True	0	float64	float64
1l63A	L91A	90	V2_backward_weighted_neighbor_entropy_changes	scalar	scalar	True	True	True	0	float64	float64
1l63A	L91A	90	center_neighbor_weight_check_m_w	scalar	scalar	True	True	True	0	float64	float64
1l63A	L91A	90	center_neighbor_weight_check_w_m	scalar	scalar	True	True	True	0	float64	float64
1l63A	L91A	90	neighbor_embedding_change_m_w	scalar	scalar	True	False	True	4.76837158203e-07	float32	float32
1l63A	L91A	90	neighbor_embedding_change_m_w_raw	15x128	15x128	True	True	True	0	float32	float32
1l63A	L91A	90	neighbor_message_change_m_w	scalar	scalar	True	True	True	0	float64	float64
1l63A	L91A	90	neighbor_message_change_m_w_raw	15x128x1	15x128x1	True	True	True	0	float64	float64
1l63A	L91A	90	unweighted_backward_KL	scalar	scalar	True	True	True	0	float32	float32
1l63A	L91A	90	unweighted_forward_KL	scalar	scalar	True	True	True	0	float32	float32
1l63A	L91A	90	wild_pssm	scalar	scalar	True	True	True	0	float64	float64
1l63A	L91A	90	alternate_pssm	scalar	scalar	True	True	True	0	float64	float64
1l63A	L91M	90	center_mut_wild_energy	scalar	scalar	True	False	True	8.19563865662e-08	float64	float32
1l63A	L91M	90	center_mut_max_energy	scalar	scalar	True	False	True	8.19563865662e-08	float64	float32
1l63A	L91M	90	center_entropy	scalar	scalar	True	True	True	0	float64	float32
1l63A	L91M	90	weighted_neighbor_entropies	scalar	scalar	True	True	True	0	float32	float32
1l63A	L91M	90	weighted_neighbor_energy_changes	scalar	scalar	True	False	True	9.20872049726e-08	float64	float32
1l63A	L91M	90	backward_weighted_neighbor_energy_changes	scalar	scalar	True	True	True	0	float64	float64
1l63A	L91M	90	V2_backward_weighted_neighbor_energy_changes	scalar	scalar	True	True	True	0	float64	float64
1l63A	L91M	90	weighted_neighbor_forward_KL	scalar	scalar	True	True	True	0	float32	float32
1l63A	L91M	90	weighted_neighbor_backward_KL	scalar	scalar	True	True	True	0	float32	float32
1l63A	L91M	90	backward_weighted_neighbor_backward_KL	scalar	scalar	True	True	True	0	float64	float64
1l63A	L91M	90	V2_backward_weighted_neighbor_backward_KL	scalar	scalar	True	True	True	0	float64	float64
1l63A	L91M	90	weighted_neighbor_entropy_changes	scalar	scalar	True	True	True	0	float32	float32
1l63A	L91M	90	backward_weighted_neighbor_entropy_changes	scalar	scalar	True	True	True	0	float64	float64
1l63A	L91M	90	V2_backward_weighted_neighbor_entropy_changes	scalar	scalar	True	True	True	0	float64	float64
1l63A	L91M	90	center_neighbor_weight_check_m_w	scalar	scalar	True	True	True	0	float64	float64
1l63A	L91M	90	center_neighbor_weight_check_w_m	scalar	scalar	True	True	True	0	float64	float64
1l63A	L91M	90	neighbor_embedding_change_m_w	scalar	scalar	True	True	True	0	float32	float32
1l63A	L91M	90	neighbor_embedding_change_m_w_raw	15x128	15x128	True	True	True	0	float32	float32
1l63A	L91M	90	neighbor_message_change_m_w	scalar	scalar	True	False	True	1.49011611938e-08	float64	float64
1l63A	L91M	90	neighbor_message_change_m_w_raw	15x128x1	15x128x1	True	True	True	0	float64	float64
1l63A	L91M	90	unweighted_backward_KL	scalar	scalar	True	True	True	0	float32	float32
1l63A	L91M	90	unweighted_forward_KL	scalar	scalar	True	True	True	0	float32	float32
1l63A	L91M	90	wild_pssm	scalar	scalar	True	True	True	0	float64	float64
1l63A	L91M	90	alternate_pssm	scalar	scalar	True	True	True	0	float64	float64
1l63A	D92N	91	center_mut_wild_energy	scalar	scalar	True	False	True	5.96046447754e-08	float64	float32
1l63A	D92N	91	center_mut_max_energy	scalar	scalar	True	False	True	5.96046447754e-08	float64	float32
1l63A	D92N	91	center_entropy	scalar	scalar	True	True	True	0	float64	float32
1l63A	D92N	91	weighted_neighbor_entropies	scalar	scalar	True	False	True	1.19209289551e-07	float32	float32
1l63A	D92N	91	weighted_neighbor_energy_changes	scalar	scalar	True	False	True	1.16739471423e-06	float64	float32
1l63A	D92N	91	backward_weighted_neighbor_energy_changes	scalar	scalar	True	False	True	9.13019491122e-07	float64	float32
1l63A	D92N	91	V2_backward_weighted_neighbor_energy_changes	scalar	scalar	True	False	True	1.28722186332e-06	float64	float32
1l63A	D92N	91	weighted_neighbor_forward_KL	scalar	scalar	True	True	True	0	float32	float32
1l63A	D92N	91	weighted_neighbor_backward_KL	scalar	scalar	True	True	True	0	float32	float32
1l63A	D92N	91	backward_weighted_neighbor_backward_KL	scalar	scalar	True	True	True	0	float32	float32
1l63A	D92N	91	V2_backward_weighted_neighbor_backward_KL	scalar	scalar	True	True	True	0	float32	float32
1l63A	D92N	91	weighted_neighbor_entropy_changes	scalar	scalar	True	True	True	0	float32	float32
1l63A	D92N	91	backward_weighted_neighbor_entropy_changes	scalar	scalar	True	True	True	0	float32	float32
1l63A	D92N	91	V2_backward_weighted_neighbor_entropy_changes	scalar	scalar	True	True	True	0	float32	float32
1l63A	D92N	91	center_neighbor_weight_check_m_w	scalar	scalar	True	True	True	0	float32	float32
1l63A	D92N	91	center_neighbor_weight_check_w_m	scalar	scalar	True	True	True	0	float32	float32
1l63A	D92N	91	neighbor_embedding_change_m_w	scalar	scalar	True	True	True	0	float32	float32
1l63A	D92N	91	neighbor_embedding_change_m_w_raw	15x128	15x128	True	True	True	0	float32	float32
1l63A	D92N	91	neighbor_message_change_m_w	scalar	scalar	True	True	True	0	float32	float32
1l63A	D92N	91	neighbor_message_change_m_w_raw	15x128x1	15x128x1	True	True	True	0	float32	float32
1l63A	D92N	91	unweighted_backward_KL	scalar	scalar	True	True	True	0	float32	float32
1l63A	D92N	91	unweighted_forward_KL	scalar	scalar	True	True	True	0	float32	float32
1l63A	D92N	91	wild_pssm	scalar	scalar	True	True	True	0	float64	float64
1l63A	D92N	91	alternate_pssm	scalar	scalar	True	True	True	0	float64	float64
1l63A	A93S	92	center_mut_wild_energy	scalar	scalar	True	True	True	0	float64	float32
1l63A	A93S	92	center_mut_max_energy	scalar	scalar	True	True	True	0	float64	float32
1l63A	A93S	92	center_entropy	scalar	scalar	True	True	True	0	float64	float32
1l63A	A93S	92	weighted_neighbor_entropies	scalar	scalar	True	False	True	4.76837158203e-07	float32	float32
1l63A	A93S	92	weighted_neighbor_energy_changes	scalar	scalar	True	False	True	1.57846358206e-08	float64	float32
1l63A	A93S	92	backward_weighted_neighbor_energy_changes	scalar	scalar	True	True	True	0	float64	float64
1l63A	A93S	92	V2_backward_weighted_neighbor_energy_changes	scalar	scalar	True	True	True	0	float64	float64
1l63A	A93S	92	weighted_neighbor_forward_KL	scalar	scalar	True	True	True	0	float32	float32
1l63A	A93S	92	weighted_neighbor_backward_KL	scalar	scalar	True	True	True	0	float32	float32
1l63A	A93S	92	backward_weighted_neighbor_backward_KL	scalar	scalar	True	True	True	0	float64	float64
1l63A	A93S	92	V2_backward_weighted_neighbor_backward_KL	scalar	scalar	True	True	True	0	float64	float64
1l63A	A93S	92	weighted_neighbor_entropy_changes	scalar	scalar	True	True	True	0	float32	float32
1l63A	A93S	92	backward_weighted_neighbor_entropy_changes	scalar	scalar	True	True	True	0	float64	float64
1l63A	A93S	92	V2_backward_weighted_neighbor_entropy_changes	scalar	scalar	True	True	True	0	float64	float64
1l63A	A93S	92	center_neighbor_weight_check_m_w	scalar	scalar	True	True	True	0	float64	float64
1l63A	A93S	92	center_neighbor_weight_check_w_m	scalar	scalar	True	True	True	0	float64	float64
1l63A	A93S	92	neighbor_embedding_change_m_w	scalar	scalar	True	True	True	0	float32	float32
1l63A	A93S	92	neighbor_embedding_change_m_w_raw	15x128	15x128	True	True	True	0	float32	float32
1l63A	A93S	92	neighbor_message_change_m_w	scalar	scalar	True	False	True	7.45058059692e-08	float64	float64
1l63A	A93S	92	neighbor_message_change_m_w_raw	15x128x1	15x128x1	True	True	True	0	float64	float64
1l63A	A93S	92	unweighted_backward_KL	scalar	scalar	True	True	True	0	float32	float32
1l63A	A93S	92	unweighted_forward_KL	scalar	scalar	True	True	True	0	float32	float32
1l63A	A93S	92	wild_pssm	scalar	scalar	True	True	True	0	float64	float64
1l63A	A93S	92	alternate_pssm	scalar	scalar	True	True	True	0	float64	float64
1l63A	A98C	97	center_mut_wild_energy	scalar	scalar	True	False	True	4.47034835815e-08	float64	float32
1l63A	A98C	97	center_mut_max_energy	scalar	scalar	True	False	True	4.47034835815e-08	float64	float32
1l63A	A98C	97	center_entropy	scalar	scalar	True	True	True	0	float64	float32
1l63A	A98C	97	weighted_neighbor_entropies	scalar	scalar	True	False	True	1.19209289551e-07	float32	float32
1l63A	A98C	97	weighted_neighbor_energy_changes	scalar	scalar	True	False	True	2.2330977778e-07	float64	float32
1l63A	A98C	97	backward_weighted_neighbor_energy_changes	scalar	scalar	True	False	True	8.33841063752e-07	float64	float32
1l63A	A98C	97	V2_backward_weighted_neighbor_energy_changes	scalar	scalar	True	False	True	8.77036868019e-07	float64	float32
1l63A	A98C	97	weighted_neighbor_forward_KL	scalar	scalar	True	True	True	0	float32	float32
1l63A	A98C	97	weighted_neighbor_backward_KL	scalar	scalar	True	True	True	0	float32	float32
1l63A	A98C	97	backward_weighted_neighbor_backward_KL	scalar	scalar	True	True	True	0	float32	float32
1l63A	A98C	97	V2_backward_weighted_neighbor_backward_KL	scalar	scalar	True	True	True	0	float32	float32
1l63A	A98C	97	weighted_neighbor_entropy_changes	scalar	scalar	True	True	True	0	float32	float32
1l63A	A98C	97	backward_weighted_neighbor_entropy_changes	scalar	scalar	True	True	True	0	float32	float32
1l63A	A98C	97	V2_backward_weighted_neighbor_entropy_changes	scalar	scalar	True	True	True	0	float32	float32
1l63A	A98C	97	center_neighbor_weight_check_m_w	scalar	scalar	True	True	True	0	float32	float32
1l63A	A98C	97	center_neighbor_weight_check_w_m	scalar	scalar	True	True	True	0	float32	float32
1l63A	A98C	97	neighbor_embedding_change_m_w	scalar	scalar	True	True	True	0	float32	float32
1l63A	A98C	97	neighbor_embedding_change_m_w_raw	15x128	15x128	True	True	True	0	float32	float32
1l63A	A98C	97	neighbor_message_change_m_w	scalar	scalar	True	True	True	0	float32	float32
1l63A	A98C	97	neighbor_message_change_m_w_raw	15x128x1	15x128x1	True	True	True	0	float32	float32
1l63A	A98C	97	unweighted_backward_KL	scalar	scalar	True	True	True	0	float32	float32
1l63A	A98C	97	unweighted_forward_KL	scalar	scalar	True	True	True	0	float32	float32
1l63A	A98C	97	wild_pssm	scalar	scalar	True	True	True	0	float64	float64
1l63A	A98C	97	alternate_pssm	scalar	scalar	True	True	True	0	float64	float64
1l63A	A98L	97	center_mut_wild_energy	scalar	scalar	True	False	True	7.45058059692e-09	float64	float32
1l63A	A98L	97	center_mut_max_energy	scalar	scalar	True	False	True	7.45058059692e-09	float64	float32
1l63A	A98L	97	center_entropy	scalar	scalar	True	True	True	0	float64	float32
1l63A	A98L	97	weighted_neighbor_entropies	scalar	scalar	True	False	True	1.19209289551e-07	float32	float32
1l63A	A98L	97	weighted_neighbor_energy_changes	scalar	scalar	True	False	True	2.89399761755e-06	float64	float32
1l63A	A98L	97	backward_weighted_neighbor_energy_changes	scalar	scalar	True	False	True	5.32375236162e-06	float64	float32
1l63A	A98L	97	V2_backward_weighted_neighbor_energy_changes	scalar	scalar	True	False	True	1.54306312083e-06	float64	float32
1l63A	A98L	97	weighted_neighbor_forward_KL	scalar	scalar	True	True	True	0	float32	float32
1l63A	A98L	97	weighted_neighbor_backward_KL	scalar	scalar	True	True	True	0	float32	float32
1l63A	A98L	97	backward_weighted_neighbor_backward_KL	scalar	scalar	True	True	True	0	float32	float32
1l63A	A98L	97	V2_backward_weighted_neighbor_backward_KL	scalar	scalar	True	True	True	0	float32	float32
1l63A	A98L	97	weighted_neighbor_entropy_changes	scalar	scalar	True	True	True	0	float32	float32
1l63A	A98L	97	backward_weighted_neighbor_entropy_changes	scalar	scalar	True	True	True	0	float32	float32
1l63A	A98L	97	V2_backward_weighted_neighbor_entropy_changes	scalar	scalar	True	True	True	0	float32	float32
1l63A	A98L	97	center_neighbor_weight_check_m_w	scalar	scalar	True	True	True	0	float32	float32
1l63A	A98L	97	center_neighbor_weight_check_w_m	scalar	scalar	True	True	True	0	float32	float32
1l63A	A98L	97	neighbor_embedding_change_m_w	scalar	scalar	True	True	True	0	float32	float32
1l63A	A98L	97	neighbor_embedding_change_m_w_raw	15x128	15x128	True	True	True	0	float32	float32
1l63A	A98L	97	neighbor_message_change_m_w	scalar	scalar	True	True	True	0	float32	float32
1l63A	A98L	97	neighbor_message_change_m_w_raw	15x128x1	15x128x1	True	True	True	0	float32	float32
1l63A	A98L	97	unweighted_backward_KL	scalar	scalar	True	True	True	0	float32	float32
1l63A	A98L	97	unweighted_forward_KL	scalar	scalar	True	True	True	0	float32	float32
1l63A	A98L	97	wild_pssm	scalar	scalar	True	True	True	0	float64	float64
1l63A	A98L	97	alternate_pssm	scalar	scalar	True	True	True	0	float64	float64
1l63A	A98S	97	center_mut_wild_energy	scalar	scalar	True	False	True	2.38418579102e-07	float64	float32
1l63A	A98S	97	center_mut_max_energy	scalar	scalar	True	False	True	2.38418579102e-07	float64	float32
1l63A	A98S	97	center_entropy	scalar	scalar	True	True	True	0	float64	float32
1l63A	A98S	97	weighted_neighbor_entropies	scalar	scalar	True	True	True	0	float32	float32
1l63A	A98S	97	weighted_neighbor_energy_changes	scalar	scalar	True	False	True	5.37885116003e-07	float64	float32
1l63A	A98S	97	backward_weighted_neighbor_energy_changes	scalar	scalar	True	False	True	1.48841650649e-06	float64	float32
1l63A	A98S	97	V2_backward_weighted_neighbor_energy_changes	scalar	scalar	True	False	True	3.9046253697e-07	float64	float32
1l63A	A98S	97	weighted_neighbor_forward_KL	scalar	scalar	True	True	True	0	float32	float32
1l63A	A98S	97	weighted_neighbor_backward_KL	scalar	scalar	True	True	True	0	float32	float32
1l63A	A98S	97	backward_weighted_neighbor_backward_KL	scalar	scalar	True	True	True	0	float32	float32
1l63A	A98S	97	V2_backward_weighted_neighbor_backward_KL	scalar	scalar	True	True	True	0	float32	float32
1l63A	A98S	97	weighted_neighbor_entropy_changes	scalar	scalar	True	True	True	0	float32	float32
1l63A	A98S	97	backward_weighted_neighbor_entropy_changes	scalar	scalar	True	True	True	0	float32	float32
1l63A	A98S	97	V2_backward_weighted_neighbor_entropy_changes	scalar	scalar	True	True	True	0	float32	float32
1l63A	A98S	97	center_neighbor_weight_check_m_w	scalar	scalar	True	True	True	0	float32	float32
1l63A	A98S	97	center_neighbor_weight_check_w_m	scalar	scalar	True	True	True	0	float32	float32
1l63A	A98S	97	neighbor_embedding_change_m_w	scalar	scalar	True	True	True	0	float32	float32
1l63A	A98S	97	neighbor_embedding_change_m_w_raw	15x128	15x128	True	True	True	0	float32	float32
1l63A	A98S	97	neighbor_message_change_m_w	scalar	scalar	True	True	True	0	float32	float32
1l63A	A98S	97	neighbor_message_change_m_w_raw	15x128x1	15x128x1	True	True	True	0	float32	float32
1l63A	A98S	97	unweighted_backward_KL	scalar	scalar	True	True	True	0	float32	float32
1l63A	A98S	97	unweighted_forward_KL	scalar	scalar	True	True	True	0	float32	float32
1l63A	A98S	97	wild_pssm	scalar	scalar	True	True	True	0	float64	float64
1l63A	A98S	97	alternate_pssm	scalar	scalar	True	True	True	0	float64	float64
1l63A	A98V	97	center_mut_wild_energy	scalar	scalar	True	False	True	1.71363353729e-07	float64	float32
1l63A	A98V	97	center_mut_max_energy	scalar	scalar	True	False	True	1.71363353729e-07	float64	float32
1l63A	A98V	97	center_entropy	scalar	scalar	True	True	True	0	float64	float32
1l63A	A98V	97	weighted_neighbor_entropies	scalar	scalar	True	False	True	3.57627868652e-07	float32	float32
1l63A	A98V	97	weighted_neighbor_energy_changes	scalar	scalar	True	False	True	1.04291106595e-06	float64	float32
1l63A	A98V	97	backward_weighted_neighbor_energy_changes	scalar	scalar	True	False	True	7.02652869222e-09	float64	float32
1l63A	A98V	97	V2_backward_weighted_neighbor_energy_changes	scalar	scalar	True	False	True	1.51874886001e-08	float64	float32
1l63A	A98V	97	weighted_neighbor_forward_KL	scalar	scalar	True	True	True	0	float32	float32
1l63A	A98V	97	weighted_neighbor_backward_KL	scalar	scalar	True	True	True	0	float32	float32
1l63A	A98V	97	backward_weighted_neighbor_backward_KL	scalar	scalar	True	True	True	0	float32	float32
1l63A	A98V	97	V2_backward_weighted_neighbor_backward_KL	scalar	scalar	True	True	True	0	float32	float32
1l63A	A98V	97	weighted_neighbor_entropy_changes	scalar	scalar	True	True	True	0	float32	float32
1l63A	A98V	97	backward_weighted_neighbor_entropy_changes	scalar	scalar	True	True	True	0	float32	float32
1l63A	A98V	97	V2_backward_weighted_neighbor_entropy_changes	scalar	scalar	True	True	True	0	float32	float32
1l63A	A98V	97	center_neighbor_weight_check_m_w	scalar	scalar	True	True	True	0	float32	float32
1l63A	A98V	97	center_neighbor_weight_check_w_m	scalar	scalar	True	True	True	0	float32	float32
1l63A	A98V	97	neighbor_embedding_change_m_w	scalar	scalar	True	True	True	0	float32	float32
1l63A	A98V	97	neighbor_embedding_change_m_w_raw	15x128	15x128	True	True	True	0	float32	float32
1l63A	A98V	97	neighbor_message_change_m_w	scalar	scalar	True	True	True	0	float32	float32
1l63A	A98V	97	neighbor_message_change_m_w_raw	15x128x1	15x128x1	True	True	True	0	float32	float32
1l63A	A98V	97	unweighted_backward_KL	scalar	scalar	True	True	True	0	float32	float32
1l63A	A98V	97	unweighted_forward_KL	scalar	scalar	True	True	True	0	float32	float32
1l63A	A98V	97	wild_pssm	scalar	scalar	True	True	True	0	float64	float64
1l63A	A98V	97	alternate_pssm	scalar	scalar	True	True	True	0	float64	float64
1l63A	L99A	98	center_mut_wild_energy	scalar	scalar	True	False	True	2.01165676117e-07	float64	float32
1l63A	L99A	98	center_mut_max_energy	scalar	scalar	True	False	True	2.01165676117e-07	float64	float32
1l63A	L99A	98	center_entropy	scalar	scalar	True	True	True	0	float64	float32
1l63A	L99A	98	weighted_neighbor_entropies	scalar	scalar	True	False	True	2.38418579102e-07	float32	float32
1l63A	L99A	98	weighted_neighbor_energy_changes	scalar	scalar	True	False	True	3.66071590818e-07	float64	float32
1l63A	L99A	98	backward_weighted_neighbor_energy_changes	scalar	scalar	True	False	True	5.29841804209e-07	float64	float32
1l63A	L99A	98	V2_backward_weighted_neighbor_energy_changes	scalar	scalar	True	False	True	2.13980289487e-07	float64	float32
1l63A	L99A	98	weighted_neighbor_forward_KL	scalar	scalar	True	True	True	0	float32	float32
1l63A	L99A	98	weighted_neighbor_backward_KL	scalar	scalar	True	True	True	0	float32	float32
1l63A	L99A	98	backward_weighted_neighbor_backward_KL	scalar	scalar	True	True	True	0	float32	float32
1l63A	L99A	98	V2_backward_weighted_neighbor_backward_KL	scalar	scalar	True	True	True	0	float32	float32
1l63A	L99A	98	weighted_neighbor_entropy_changes	scalar	scalar	True	True	True	0	float32	float32
1l63A	L99A	98	backward_weighted_neighbor_entropy_changes	scalar	scalar	True	True	True	0	float32	float32
1l63A	L99A	98	V2_backward_weighted_neighbor_entropy_changes	scalar	scalar	True	True	True	0	float32	float32
1l63A	L99A	98	center_neighbor_weight_check_m_w	scalar	scalar	True	True	True	0	float32	float32
1l63A	L99A	98	center_neighbor_weight_check_w_m	scalar	scalar	True	True	True	0	float32	float32
1l63A	L99A	98	neighbor_embedding_change_m_w	scalar	scalar	True	True	True	0	float32	float32
1l63A	L99A	98	neighbor_embedding_change_m_w_raw	15x128	15x128	True	True	True	0	float32	float32
1l63A	L99A	98	neighbor_message_change_m_w	scalar	scalar	True	True	True	0	float32	float32
1l63A	L99A	98	neighbor_message_change_m_w_raw	15x128x1	15x128x1	True	True	True	0	float32	float32
1l63A	L99A	98	unweighted_backward_KL	scalar	scalar	True	True	True	0	float32	float32
1l63A	L99A	98	unweighted_forward_KL	scalar	scalar	True	True	True	0	float32	float32
1l63A	L99A	98	wild_pssm	scalar	scalar	True	True	True	0	float64	float64
1l63A	L99A	98	alternate_pssm	scalar	scalar	True	True	True	0	float64	float64
1l63A	L99F	98	center_mut_wild_energy	scalar	scalar	True	False	True	1.41561031342e-07	float64	float32
1l63A	L99F	98	center_mut_max_energy	scalar	scalar	True	False	True	1.41561031342e-07	float64	float32
1l63A	L99F	98	center_entropy	scalar	scalar	True	True	True	0	float64	float32
1l63A	L99F	98	weighted_neighbor_entropies	scalar	scalar	True	False	True	2.38418579102e-07	float32	float32
1l63A	L99F	98	weighted_neighbor_energy_changes	scalar	scalar	True	False	True	2.10764966369e-07	float64	float32
1l63A	L99F	98	backward_weighted_neighbor_energy_changes	scalar	scalar	True	False	True	7.04824003606e-08	float64	float32
1l63A	L99F	98	V2_backward_weighted_neighbor_energy_changes	scalar	scalar	True	False	True	1.4011882854e-07	float64	float32
1l63A	L99F	98	weighted_neighbor_forward_KL	scalar	scalar	True	True	True	0	float32	float32
1l63A	L99F	98	weighted_neighbor_backward_KL	scalar	scalar	True	True	True	0	float32	float32
1l63A	L99F	98	backward_weighted_neighbor_backward_KL	scalar	scalar	True	True	True	0	float32	float32
1l63A	L99F	98	V2_backward_weighted_neighbor_backward_KL	scalar	scalar	True	True	True	0	float32	float32
1l63A	L99F	98	weighted_neighbor_entropy_changes	scalar	scalar	True	True	True	0	float32	float32
1l63A	L99F	98	backward_weighted_neighbor_entropy_changes	scalar	scalar	True	True	True	0	float32	float32
1l63A	L99F	98	V2_backward_weighted_neighbor_entropy_changes	scalar	scalar	True	True	True	0	float32	float32
1l63A	L99F	98	center_neighbor_weight_check_m_w	scalar	scalar	True	True	True	0	float32	float32
1l63A	L99F	98	center_neighbor_weight_check_w_m	scalar	scalar	True	True	True	0	float32	float32
1l63A	L99F	98	neighbor_embedding_change_m_w	scalar	scalar	True	True	True	0	float32	float32
1l63A	L99F	98	neighbor_embedding_change_m_w_raw	15x128	15x128	True	True	True	0	float32	float32
1l63A	L99F	98	neighbor_message_change_m_w	scalar	scalar	True	True	True	0	float32	float32
1l63A	L99F	98	neighbor_message_change_m_w_raw	15x128x1	15x128x1	True	True	True	0	float32	float32
1l63A	L99F	98	unweighted_backward_KL	scalar	scalar	True	True	True	0	float32	float32
1l63A	L99F	98	unweighted_forward_KL	scalar	scalar	True	True	True	0	float32	float32
1l63A	L99F	98	wild_pssm	scalar	scalar	True	True	True	0	float64	float64
1l63A	L99F	98	alternate_pssm	scalar	scalar	True	True	True	0	float64	float64
1l63A	L99I	98	center_mut_wild_energy	scalar	scalar	True	False	True	2.23517417908e-08	float64	float32
1l63A	L99I	98	center_mut_max_energy	scalar	scalar	True	False	True	2.23517417908e-08	float64	float32
1l63A	L99I	98	center_entropy	scalar	scalar	True	True	True	0	float64	float32
1l63A	L99I	98	weighted_neighbor_entropies	scalar	scalar	True	False	True	1.19209289551e-07	float32	float32
1l63A	L99I	98	weighted_neighbor_energy_changes	scalar	scalar	True	False	True	1.30010056942e-07	float64	float32
1l63A	L99I	98	backward_weighted_neighbor_energy_changes	scalar	scalar	True	False	True	2.80988963652e-07	float64	float32
1l63A	L99I	98	V2_backward_weighted_neighbor_energy_changes	scalar	scalar	True	False	True	2.33644597891e-07	float64	float32
1l63A	L99I	98	weighted_neighbor_forward_KL	scalar	scalar	True	True	True	0	float32	float32
1l63A	L99I	98	weighted_neighbor_backward_KL	scalar	scalar	True	True	True	0	float32	float32
1l63A	L99I	98	backward_weighted_neighbor_backward_KL	scalar	scalar	True	True	True	0	float32	float32
1l63A	L99I	98	V2_backward_weighted_neighbor_backward_KL	scalar	scalar	True	True	True	0	float32	float32
1l63A	L99I	98	weighted_neighbor_entropy_changes	scalar	scalar	True	True	True	0	float32	float32
1l63A	L99I	98	backward_weighted_neighbor_entropy_changes	scalar	scalar	True	True	True	0	float32	float32
1l63A	L99I	98	V2_backward_weighted_neighbor_entropy_changes	scalar	scalar	True	True	True	0	float32	float32
1l63A	L99I	98	center_neighbor_weight_check_m_w	scalar	scalar	True	True	True	0	float32	float32
1l63A	L99I	98	center_neighbor_weight_check_w_m	scalar	scalar	True	True	True	0	float32	float32
1l63A	L99I	98	neighbor_embedding_change_m_w	scalar	scalar	True	True	True	0	float32	float32
1l63A	L99I	98	neighbor_embedding_change_m_w_raw	15x128	15x128	True	True	True	0	float32	float32
1l63A	L99I	98	neighbor_message_change_m_w	scalar	scalar	True	False	True	4.76837158203e-07	float32	float32
1l63A	L99I	98	neighbor_message_change_m_w_raw	15x128x1	15x128x1	True	True	True	0	float32	float32
1l63A	L99I	98	unweighted_backward_KL	scalar	scalar	True	True	True	0	float32	float32
1l63A	L99I	98	unweighted_forward_KL	scalar	scalar	True	True	True	0	float32	float32
1l63A	L99I	98	wild_pssm	scalar	scalar	True	True	True	0	float64	float64
1l63A	L99I	98	alternate_pssm	scalar	scalar	True	True	True	0	float64	float64
1l63A	L99M	98	center_mut_wild_energy	scalar	scalar	True	False	True	7.45058059692e-08	float64	float32
1l63A	L99M	98	center_mut_max_energy	scalar	scalar	True	False	True	7.45058059692e-08	float64	float32
1l63A	L99M	98	center_entropy	scalar	scalar	True	True	True	0	float64	float32
1l63A	L99M	98	weighted_neighbor_entropies	scalar	scalar	True	True	True	0	float32	float32
1l63A	L99M	98	weighted_neighbor_energy_changes	scalar	scalar	True	False	True	2.96501490027e-10	float64	float32
1l63A	L99M	98	backward_weighted_neighbor_energy_changes	scalar	scalar	True	False	True	7.20050707947e-08	float64	float32
1l63A	L99M	98	V2_backward_weighted_neighbor_energy_changes	scalar	scalar	True	False	True	2.33423178564e-08	float64	float32
1l63A	L99M	98	weighted_neighbor_forward_KL	scalar	scalar	True	True	True	0	float32	float32
1l63A	L99M	98	weighted_neighbor_backward_KL	scalar	scalar	True	True	True	0	float32	float32
1l63A	L99M	98	backward_weighted_neighbor_backward_KL	scalar	scalar	True	True	True	0	float32	float32
1l63A	L99M	98	V2_backward_weighted_neighbor_backward_KL	scalar	scalar	True	True	True	0	float32	float32
1l63A	L99M	98	weighted_neighbor_entropy_changes	scalar	scalar	True	True	True	0	float32	float32
1l63A	L99M	98	backward_weighted_neighbor_entropy_changes	scalar	scalar	True	True	True	0	float32	float32
1l63A	L99M	98	V2_backward_weighted_neighbor_entropy_changes	scalar	scalar	True	True	True	0	float32	float32
1l63A	L99M	98	center_neighbor_weight_check_m_w	scalar	scalar	True	True	True	0	float32	float32
1l63A	L99M	98	center_neighbor_weight_check_w_m	scalar	scalar	True	True	True	0	float32	float32
1l63A	L99M	98	neighbor_embedding_change_m_w	scalar	scalar	True	True	True	0	float32	float32
1l63A	L99M	98	neighbor_embedding_change_m_w_raw	15x128	15x128	True	True	True	0	float32	float32
1l63A	L99M	98	neighbor_message_change_m_w	scalar	scalar	True	True	True	0	float32	float32
1l63A	L99M	98	neighbor_message_change_m_w_raw	15x128x1	15x128x1	True	True	True	0	float32	float32
1l63A	L99M	98	unweighted_backward_KL	scalar	scalar	True	True	True	0	float32	float32
1l63A	L99M	98	unweighted_forward_KL	scalar	scalar	True	True	True	0	float32	float32
1l63A	L99M	98	wild_pssm	scalar	scalar	True	True	True	0	float64	float64
1l63A	L99M	98	alternate_pssm	scalar	scalar	True	True	True	0	float64	float64
1l63A	L99V	98	center_mut_wild_energy	scalar	scalar	True	False	True	1.49011611938e-08	float64	float32
1l63A	L99V	98	center_mut_max_energy	scalar	scalar	True	False	True	1.49011611938e-08	float64	float32
1l63A	L99V	98	center_entropy	scalar	scalar	True	True	True	0	float64	float32
1l63A	L99V	98	weighted_neighbor_entropies	scalar	scalar	True	True	True	0	float32	float32
1l63A	L99V	98	weighted_neighbor_energy_changes	scalar	scalar	True	False	True	2.20701679154e-10	float64	float32
1l63A	L99V	98	backward_weighted_neighbor_energy_changes	scalar	scalar	True	False	True	1.80764505586e-08	float64	float32
1l63A	L99V	98	V2_backward_weighted_neighbor_energy_changes	scalar	scalar	True	False	True	3.28358211732e-08	float64	float32
1l63A	L99V	98	weighted_neighbor_forward_KL	scalar	scalar	True	True	True	0	float32	float32
1l63A	L99V	98	weighted_neighbor_backward_KL	scalar	scalar	True	True	True	0	float32	float32
1l63A	L99V	98	backward_weighted_neighbor_backward_KL	scalar	scalar	True	True	True	0	float32	float32
1l63A	L99V	98	V2_backward_weighted_neighbor_backward_KL	scalar	scalar	True	True	True	0	float32	float32
1l63A	L99V	98	weighted_neighbor_entropy_changes	scalar	scalar	True	True	True	0	float32	float32
1l63A	L99V	98	backward_weighted_neighbor_entropy_changes	scalar	scalar	True	True	True	0	float32	float32
1l63A	L99V	98	V2_backward_weighted_neighbor_entropy_changes	scalar	scalar	True	True	True	0	float32	float32
1l63A	L99V	98	center_neighbor_weight_check_m_w	scalar	scalar	True	True	True	0	float32	float32
1l63A	L99V	98	center_neighbor_weight_check_w_m	scalar	scalar	True	True	True	0	float32	float32
1l63A	L99V	98	neighbor_embedding_change_m_w	scalar	scalar	True	False	True	4.76837158203e-07	float32	float32
1l63A	L99V	98	neighbor_embedding_change_m_w_raw	15x128	15x128	True	True	True	0	float32	float32
1l63A	L99V	98	neighbor_message_change_m_w	scalar	scalar	True	False	True	4.76837158203e-07	float32	float32
1l63A	L99V	98	neighbor_message_change_m_w_raw	15x128x1	15x128x1	True	True	True	0	float32	float32
1l63A	L99V	98	unweighted_backward_KL	scalar	scalar	True	True	True	0	float32	float32
1l63A	L99V	98	unweighted_forward_KL	scalar	scalar	True	True	True	0	float32	float32
1l63A	L99V	98	wild_pssm	scalar	scalar	True	True	True	0	float64	float64
1l63A	L99V	98	alternate_pssm	scalar	scalar	True	True	True	0	float64	float64
1l63A	I100A	99	center_mut_wild_energy	scalar	scalar	True	False	True	1.78813934326e-07	float64	float32
1l63A	I100A	99	center_mut_max_energy	scalar	scalar	True	False	True	1.78813934326e-07	float64	float32
1l63A	I100A	99	center_entropy	scalar	scalar	True	True	True	0	float64	float32
1l63A	I100A	99	weighted_neighbor_entropies	scalar	scalar	True	False	True	2.38418579102e-07	float32	float32
1l63A	I100A	99	weighted_neighbor_energy_changes	scalar	scalar	True	False	True	1.78470675394e-06	float64	float32
1l63A	I100A	99	backward_weighted_neighbor_energy_changes	scalar	scalar	True	False	True	4.65636972535e-07	float64	float32
1l63A	I100A	99	V2_backward_weighted_neighbor_energy_changes	scalar	scalar	True	False	True	3.02724117418e-06	float64	float32
1l63A	I100A	99	weighted_neighbor_forward_KL	scalar	scalar	True	True	True	0	float32	float32
1l63A	I100A	99	weighted_neighbor_backward_KL	scalar	scalar	True	True	True	0	float32	float32
1l63A	I100A	99	backward_weighted_neighbor_backward_KL	scalar	scalar	True	True	True	0	float32	float32
1l63A	I100A	99	V2_backward_weighted_neighbor_backward_KL	scalar	scalar	True	True	True	0	float32	float32
1l63A	I100A	99	weighted_neighbor_entropy_changes	scalar	scalar	True	True	True	0	float32	float32
1l63A	I100A	99	backward_weighted_neighbor_entropy_changes	scalar	scalar	True	True	True	0	float32	float32
1l63A	I100A	99	V2_backward_weighted_neighbor_entropy_changes	scalar	scalar	True	True	True	0	float32	float32
1l63A	I100A	99	center_neighbor_weight_check_m_w	scalar	scalar	True	True	True	0	float32	float32
1l63A	I100A	99	center_neighbor_weight_check_w_m	scalar	scalar	True	True	True	0	float32	float32
1l63A	I100A	99	neighbor_embedding_change_m_w	scalar	scalar	True	True	True	0	float32	float32
1l63A	I100A	99	neighbor_embedding_change_m_w_raw	15x128	15x128	True	True	True	0	float32	float32
1l63A	I100A	99	neighbor_message_change_m_w	scalar	scalar	True	True	True	0	float32	float32
1l63A	I100A	99	neighbor_message_change_m_w_raw	15x128x1	15x128x1	True	True	True	0	float32	float32
1l63A	I100A	99	unweighted_backward_KL	scalar	scalar	True	True	True	0	float32	float32
1l63A	I100A	99	unweighted_forward_KL	scalar	scalar	True	True	True	0	float32	float32
1l63A	I100A	99	wild_pssm	scalar	scalar	True	True	True	0	float64	float64
1l63A	I100A	99	alternate_pssm	scalar	scalar	True	True	True	0	float64	float64
1l63A	I100M	99	center_mut_wild_energy	scalar	scalar	True	False	True	5.96046447754e-08	float64	float32
1l63A	I100M	99	center_mut_max_energy	scalar	scalar	True	False	True	5.96046447754e-08	float64	float32
1l63A	I100M	99	center_entropy	scalar	scalar	True	True	True	0	float64	float32
1l63A	I100M	99	weighted_neighbor_entropies	scalar	scalar	True	True	True	0	float32	float32
1l63A	I100M	99	weighted_neighbor_energy_changes	scalar	scalar	True	False	True	4.91855786322e-07	float64	float32
1l63A	I100M	99	backward_weighted_neighbor_energy_changes	scalar	scalar	True	False	True	9.34692636179e-07	float64	float32
1l63A	I100M	99	V2_backward_weighted_neighbor_energy_changes	scalar	scalar	True	False	True	7.88637628091e-07	float64	float32
1l63A	I100M	99	weighted_neighbor_forward_KL	scalar	scalar	True	True	True	0	float32	float32
1l63A	I100M	99	weighted_neighbor_backward_KL	scalar	scalar	True	True	True	0	float32	float32
1l63A	I100M	99	backward_weighted_neighbor_backward_KL	scalar	scalar	True	True	True	0	float32	float32
1l63A	I100M	99	V2_backward_weighted_neighbor_backward_KL	scalar	scalar	True	True	True	0	float32	float32
1l63A	I100M	99	weighted_neighbor_entropy_changes	scalar	scalar	True	True	True	0	float32	float32
1l63A	I100M	99	backward_weighted_neighbor_entropy_changes	scalar	scalar	True	True	True	0	float32	float32
1l63A	I100M	99	V2_backward_weighted_neighbor_entropy_changes	scalar	scalar	True	True	True	0	float32	float32
1l63A	I100M	99	center_neighbor_weight_check_m_w	scalar	scalar	True	True	True	0	float32	float32
1l63A	I100M	99	center_neighbor_weight_check_w_m	scalar	scalar	True	True	True	0	float32	float32
1l63A	I100M	99	neighbor_embedding_change_m_w	scalar	scalar	True	True	True	0	float32	float32
1l63A	I100M	99	neighbor_embedding_change_m_w_raw	15x128	15x128	True	True	True	0	float32	float32
1l63A	I100M	99	neighbor_message_change_m_w	scalar	scalar	True	True	True	0	float32	float32
1l63A	I100M	99	neighbor_message_change_m_w_raw	15x128x1	15x128x1	True	True	True	0	float32	float32
1l63A	I100M	99	unweighted_backward_KL	scalar	scalar	True	True	True	0	float32	float32
1l63A	I100M	99	unweighted_forward_KL	scalar	scalar	True	True	True	0	float32	float32
1l63A	I100M	99	wild_pssm	scalar	scalar	True	True	True	0	float64	float64
1l63A	I100M	99	alternate_pssm	scalar	scalar	True	True	True	0	float64	float64
1l63A	I100V	99	center_mut_wild_energy	scalar	scalar	True	True	True	0	float64	float32
1l63A	I100V	99	center_mut_max_energy	scalar	scalar	True	True	True	0	float64	float32
1l63A	I100V	99	center_entropy	scalar	scalar	True	True	True	0	float64	float32
1l63A	I100V	99	weighted_neighbor_entropies	scalar	scalar	True	False	True	4.76837158203e-07	float32	float32
1l63A	I100V	99	weighted_neighbor_energy_changes	scalar	scalar	True	False	True	1.54859883139e-07	float64	float32
1l63A	I100V	99	backward_weighted_neighbor_energy_changes	scalar	scalar	True	False	True	1.21414773346e-07	float64	float32
1l63A	I100V	99	V2_backward_weighted_neighbor_energy_changes	scalar	scalar	True	False	True	2.97660669446e-08	float64	float32
1l63A	I100V	99	weighted_neighbor_forward_KL	scalar	scalar	True	True	True	0	float32	float32
1l63A	I100V	99	weighted_neighbor_backward_KL	scalar	scalar	True	True	True	0	float32	float32
1l63A	I100V	99	backward_weighted_neighbor_backward_KL	scalar	scalar	True	True	True	0	float32	float32
1l63A	I100V	99	V2_backward_weighted_neighbor_backward_KL	scalar	scalar	True	True	True	0	float32	float32
1l63A	I100V	99	weighted_neighbor_entropy_changes	scalar	scalar	True	True	True	0	float32	float32
1l63A	I100V	99	backward_weighted_neighbor_entropy_changes	scalar	scalar	True	True	True	0	float32	float32
1l63A	I100V	99	V2_backward_weighted_neighbor_entropy_changes	scalar	scalar	True	True	True	0	float32	float32
1l63A	I100V	99	center_neighbor_weight_check_m_w	scalar	scalar	True	True	True	0	float32	float32
1l63A	I100V	99	center_neighbor_weight_check_w_m	scalar	scalar	True	True	True	0	float32	float32
1l63A	I100V	99	neighbor_embedding_change_m_w	scalar	scalar	True	True	True	0	float32	float32
1l63A	I100V	99	neighbor_embedding_change_m_w_raw	15x128	15x128	True	True	True	0	float32	float32
1l63A	I100V	99	neighbor_message_change_m_w	scalar	scalar	True	True	True	0	float32	float32
1l63A	I100V	99	neighbor_message_change_m_w_raw	15x128x1	15x128x1	True	True	True	0	float32	float32
1l63A	I100V	99	unweighted_backward_KL	scalar	scalar	True	True	True	0	float32	float32
1l63A	I100V	99	unweighted_forward_KL	scalar	scalar	True	True	True	0	float32	float32
1l63A	I100V	99	wild_pssm	scalar	scalar	True	True	True	0	float64	float64
1l63A	I100V	99	alternate_pssm	scalar	scalar	True	True	True	0	float64	float64
1l63A	N101A	100	center_mut_wild_energy	scalar	scalar	True	True	True	0	float64	float32
1l63A	N101A	100	center_mut_max_energy	scalar	scalar	True	True	True	0	float64	float32
1l63A	N101A	100	center_entropy	scalar	scalar	True	True	True	0	float64	float32
1l63A	N101A	100	weighted_neighbor_entropies	scalar	scalar	True	True	True	0	float32	float32
1l63A	N101A	100	weighted_neighbor_energy_changes	scalar	scalar	True	False	True	1.68832045233e-07	float64	float32
1l63A	N101A	100	backward_weighted_neighbor_energy_changes	scalar	scalar	True	False	True	1.34832166765e-07	float64	float32
1l63A	N101A	100	V2_backward_weighted_neighbor_energy_changes	scalar	scalar	True	False	True	1.04022051772e-06	float64	float32
1l63A	N101A	100	weighted_neighbor_forward_KL	scalar	scalar	True	True	True	0	float32	float32
1l63A	N101A	100	weighted_neighbor_backward_KL	scalar	scalar	True	True	True	0	float32	float32
1l63A	N101A	100	backward_weighted_neighbor_backward_KL	scalar	scalar	True	True	True	0	float32	float32
1l63A	N101A	100	V2_backward_weighted_neighbor_backward_KL	scalar	scalar	True	True	True	0	float32	float32
1l63A	N101A	100	weighted_neighbor_entropy_changes	scalar	scalar	True	True	True	0	float32	float32
1l63A	N101A	100	backward_weighted_neighbor_entropy_changes	scalar	scalar	True	True	True	0	float32	float32
1l63A	N101A	100	V2_backward_weighted_neighbor_entropy_changes	scalar	scalar	True	True	True	0	float32	float32
1l63A	N101A	100	center_neighbor_weight_check_m_w	scalar	scalar	True	True	True	0	float32	float32
1l63A	N101A	100	center_neighbor_weight_check_w_m	scalar	scalar	True	True	True	0	float32	float32
1l63A	N101A	100	neighbor_embedding_change_m_w	scalar	scalar	True	True	True	0	float32	float32
1l63A	N101A	100	neighbor_embedding_change_m_w_raw	15x128	15x128	True	True	True	0	float32	float32
1l63A	N101A	100	neighbor_message_change_m_w	scalar	scalar	True	True	True	0	float32	float32
1l63A	N101A	100	neighbor_message_change_m_w_raw	15x128x1	15x128x1	True	True	True	0	float32	float32
1l63A	N101A	100	unweighted_backward_KL	scalar	scalar	True	True	True	0	float32	float32
1l63A	N101A	100	unweighted_forward_KL	scalar	scalar	True	True	True	0	float32	float32
1l63A	N101A	100	wild_pssm	scalar	scalar	True	True	True	0	float64	float64
1l63A	N101A	100	alternate_pssm	scalar	scalar	True	True	True	0	float64	float64
1l63A	M102L	101	center_mut_wild_energy	scalar	scalar	True	True	True	0	float64	float32
1l63A	M102L	101	center_mut_max_energy	scalar	scalar	True	True	True	0	float64	float32
1l63A	M102L	101	center_entropy	scalar	scalar	True	True	True	0	float64	float32
1l63A	M102L	101	weighted_neighbor_entropies	scalar	scalar	True	False	True	1.19209289551e-07	float32	float32
1l63A	M102L	101	weighted_neighbor_energy_changes	scalar	scalar	True	False	True	7.12705450212e-10	float64	float32
1l63A	M102L	101	backward_weighted_neighbor_energy_changes	scalar	scalar	True	False	True	1.24872332474e-07	float64	float32
1l63A	M102L	101	V2_backward_weighted_neighbor_energy_changes	scalar	scalar	True	False	True	3.6799038039e-08	float64	float32
1l63A	M102L	101	weighted_neighbor_forward_KL	scalar	scalar	True	True	True	0	float32	float32
1l63A	M102L	101	weighted_neighbor_backward_KL	scalar	scalar	True	True	True	0	float32	float32
1l63A	M102L	101	backward_weighted_neighbor_backward_KL	scalar	scalar	True	True	True	0	float32	float32
1l63A	M102L	101	V2_backward_weighted_neighbor_backward_KL	scalar	scalar	True	True	True	0	float32	float32
1l63A	M102L	101	weighted_neighbor_entropy_changes	scalar	scalar	True	True	True	0	float32	float32
1l63A	M102L	101	backward_weighted_neighbor_entropy_changes	scalar	scalar	True	True	True	0	float32	float32
1l63A	M102L	101	V2_backward_weighted_neighbor_entropy_changes	scalar	scalar	True	True	True	0	float32	float32
1l63A	M102L	101	center_neighbor_weight_check_m_w	scalar	scalar	True	True	True	0	float32	float32
1l63A	M102L	101	center_neighbor_weight_check_w_m	scalar	scalar	True	True	True	0	float32	float32
1l63A	M102L	101	neighbor_embedding_change_m_w	scalar	scalar	True	True	True	0	float32	float32
1l63A	M102L	101	neighbor_embedding_change_m_w_raw	15x128	15x128	True	True	True	0	float32	float32
1l63A	M102L	101	neighbor_message_change_m_w	scalar	scalar	True	True	True	0	float32	float32
1l63A	M102L	101	neighbor_message_change_m_w_raw	15x128x1	15x128x1	True	True	True	0	float32	float32
1l63A	M102L	101	unweighted_backward_KL	scalar	scalar	True	True	True	0	float32	float32
1l63A	M102L	101	unweighted_forward_KL	scalar	scalar	True	True	True	0	float32	float32
1l63A	M102L	101	wild_pssm	scalar	scalar	True	True	True	0	float64	float64
1l63A	M102L	101	alternate_pssm	scalar	scalar	True	True	True	0	float64	float64
1l63A	V103A	102	center_mut_wild_energy	scalar	scalar	True	False	True	9.685754776e-08	float64	float32
1l63A	V103A	102	center_mut_max_energy	scalar	scalar	True	False	True	9.685754776e-08	float64	float32
1l63A	V103A	102	center_entropy	scalar	scalar	True	True	True	0	float64	float32
1l63A	V103A	102	weighted_neighbor_entropies	scalar	scalar	True	False	True	1.19209289551e-07	float32	float32
1l63A	V103A	102	weighted_neighbor_energy_changes	scalar	scalar	True	False	True	1.50318912873e-09	float64	float32
1l63A	V103A	102	backward_weighted_neighbor_energy_changes	scalar	scalar	True	False	True	1.25403702533e-07	float64	float32
1l63A	V103A	102	V2_backward_weighted_neighbor_energy_changes	scalar	scalar	True	False	True	1.20040540175e-07	float64	float32
1l63A	V103A	102	weighted_neighbor_forward_KL	scalar	scalar	True	True	True	0	float32	float32
1l63A	V103A	102	weighted_neighbor_backward_KL	scalar	scalar	True	True	True	0	float32	float32
1l63A	V103A	102	backward_weighted_neighbor_backward_KL	scalar	scalar	True	True	True	0	float32	float32
1l63A	V103A	102	V2_backward_weighted_neighbor_backward_KL	scalar	scalar	True	True	True	0	float32	float32
1l63A	V103A	102	weighted_neighbor_entropy_changes	scalar	scalar	True	True	True	0	float32	float32
1l63A	V103A	102	backward_weighted_neighbor_entropy_changes	scalar	scalar	True	True	True	0	float32	float32
1l63A	V103A	102	V2_backward_weighted_neighbor_entropy_changes	scalar	scalar	True	True	True	0	float32	float32
1l63A	V103A	102	center_neighbor_weight_check_m_w	scalar	scalar	True	True	True	0	float32	float32
1l63A	V103A	102	center_neighbor_weight_check_w_m	scalar	scalar	True	True	True	0	float32	float32
1l63A	V103A	102	neighbor_embedding_change_m_w	scalar	scalar	True	True	True	0	float32	float32
1l63A	V103A	102	neighbor_embedding_change_m_w_raw	15x128	15x128	True	True	True	0	float32	float32
1l63A	V103A	102	neighbor_message_change_m_w	scalar	scalar	True	True	True	0	float32	float32
1l63A	V103A	102	neighbor_message_change_m_w_raw	15x128x1	15x128x1	True	True	True	0	float32	float32
1l63A	V103A	102	unweighted_backward_KL	scalar	scalar	True	True	True	0	float32	float32
1l63A	V103A	102	unweighted_forward_KL	scalar	scalar	True	True	True	0	float32	float32
1l63A	V103A	102	wild_pssm	scalar	scalar	True	True	True	0	float64	float64
1l63A	V103A	102	alternate_pssm	scalar	scalar	True	True	True	0	float64	float64
1l63A	V103I	102	center_mut_wild_energy	scalar	scalar	True	False	True	1.41561031342e-07	float64	float32
1l63A	V103I	102	center_mut_max_energy	scalar	scalar	True	False	True	1.41561031342e-07	float64	float32
1l63A	V103I	102	center_entropy	scalar	scalar	True	True	True	0	float64	float32
1l63A	V103I	102	weighted_neighbor_entropies	scalar	scalar	True	False	True	3.57627868652e-07	float32	float32
1l63A	V103I	102	weighted_neighbor_energy_changes	scalar	scalar	True	False	True	4.86350444362e-08	float64	float32
1l63A	V103I	102	backward_weighted_neighbor_energy_changes	scalar	scalar	True	False	True	1.14618643465e-08	float64	float32
1l63A	V103I	102	V2_backward_weighted_neighbor_energy_changes	scalar	scalar	True	False	True	5.46329204099e-08	float64	float32
1l63A	V103I	102	weighted_neighbor_forward_KL	scalar	scalar	True	True	True	0	float32	float32
1l63A	V103I	102	weighted_neighbor_backward_KL	scalar	scalar	True	True	True	0	float32	float32
1l63A	V103I	102	backward_weighted_neighbor_backward_KL	scalar	scalar	True	True	True	0	float32	float32
1l63A	V103I	102	V2_backward_weighted_neighbor_backward_KL	scalar	scalar	True	True	True	0	float32	float32
1l63A	V103I	102	weighted_neighbor_entropy_changes	scalar	scalar	True	True	True	0	float32	float32
1l63A	V103I	102	backward_weighted_neighbor_entropy_changes	scalar	scalar	True	True	True	0	float32	float32
1l63A	V103I	102	V2_backward_weighted_neighbor_entropy_changes	scalar	scalar	True	True	True	0	float32	float32
1l63A	V103I	102	center_neighbor_weight_check_m_w	scalar	scalar	True	True	True	0	float32	float32
1l63A	V103I	102	center_neighbor_weight_check_w_m	scalar	scalar	True	True	True	0	float32	float32
1l63A	V103I	102	neighbor_embedding_change_m_w	scalar	scalar	True	True	True	0	float32	float32
1l63A	V103I	102	neighbor_embedding_change_m_w_raw	15x128	15x128	True	True	True	0	float32	float32
1l63A	V103I	102	neighbor_message_change_m_w	scalar	scalar	True	True	True	0	float32	float32
1l63A	V103I	102	neighbor_message_change_m_w_raw	15x128x1	15x128x1	True	True	True	0	float32	float32
1l63A	V103I	102	unweighted_backward_KL	scalar	scalar	True	True	True	0	float32	float32
1l63A	V103I	102	unweighted_forward_KL	scalar	scalar	True	True	True	0	float32	float32
1l63A	V103I	102	wild_pssm	scalar	scalar	True	True	True	0	float64	float64
1l63A	V103I	102	alternate_pssm	scalar	scalar	True	True	True	0	float64	float64
1l63A	V103M	102	center_mut_wild_energy	scalar	scalar	True	False	True	2.01165676117e-07	float64	float32
1l63A	V103M	102	center_mut_max_energy	scalar	scalar	True	False	True	2.01165676117e-07	float64	float32
1l63A	V103M	102	center_entropy	scalar	scalar	True	True	True	0	float64	float32
1l63A	V103M	102	weighted_neighbor_entropies	scalar	scalar	True	False	True	1.19209289551e-07	float32	float32
1l63A	V103M	102	weighted_neighbor_energy_changes	scalar	scalar	True	False	True	7.72017534345e-07	float64	float32
1l63A	V103M	102	backward_weighted_neighbor_energy_changes	scalar	scalar	True	False	True	5.20859071429e-07	float64	float32
1l63A	V103M	102	V2_backward_weighted_neighbor_energy_changes	scalar	scalar	True	False	True	8.78826167394e-08	float64	float32
1l63A	V103M	102	weighted_neighbor_forward_KL	scalar	scalar	True	True	True	0	float32	float32
1l63A	V103M	102	weighted_neighbor_backward_KL	scalar	scalar	True	True	True	0	float32	float32
1l63A	V103M	102	backward_weighted_neighbor_backward_KL	scalar	scalar	True	True	True	0	float32	float32
1l63A	V103M	102	V2_backward_weighted_neighbor_backward_KL	scalar	scalar	True	True	True	0	float32	float32
1l63A	V103M	102	weighted_neighbor_entropy_changes	scalar	scalar	True	True	True	0	float32	float32
1l63A	V103M	102	backward_weighted_neighbor_entropy_changes	scalar	scalar	True	True	True	0	float32	float32
1l63A	V103M	102	V2_backward_weighted_neighbor_entropy_changes	scalar	scalar	True	True	True	0	float32	float32
1l63A	V103M	102	center_neighbor_weight_check_m_w	scalar	scalar	True	True	True	0	float32	float32
1l63A	V103M	102	center_neighbor_weight_check_w_m	scalar	scalar	True	True	True	0	float32	float32
1l63A	V103M	102	neighbor_embedding_change_m_w	scalar	scalar	True	False	True	4.76837158203e-07	float32	float32
1l63A	V103M	102	neighbor_embedding_change_m_w_raw	15x128	15x128	True	True	True	0	float32	float32
1l63A	V103M	102	neighbor_message_change_m_w	scalar	scalar	True	True	True	0	float32	float32
1l63A	V103M	102	neighbor_message_change_m_w_raw	15x128x1	15x128x1	True	True	True	0	float32	float32
1l63A	V103M	102	unweighted_backward_KL	scalar	scalar	True	True	True	0	float32	float32
1l63A	V103M	102	unweighted_forward_KL	scalar	scalar	True	True	True	0	float32	float32
1l63A	V103M	102	wild_pssm	scalar	scalar	True	True	True	0	float64	float64
1l63A	V103M	102	alternate_pssm	scalar	scalar	True	True	True	0	float64	float64
1l63A	F104M	103	center_mut_wild_energy	scalar	scalar	True	False	True	1.19209289551e-07	float64	float32
1l63A	F104M	103	center_mut_max_energy	scalar	scalar	True	False	True	1.19209289551e-07	float64	float32
1l63A	F104M	103	center_entropy	scalar	scalar	True	True	True	0	float64	float32
1l63A	F104M	103	weighted_neighbor_entropies	scalar	scalar	True	False	True	3.57627868652e-07	float32	float32
1l63A	F104M	103	weighted_neighbor_energy_changes	scalar	scalar	True	False	True	2.92191248974e-07	float64	float32
1l63A	F104M	103	backward_weighted_neighbor_energy_changes	scalar	scalar	True	False	True	1.30100044515e-07	float64	float32
1l63A	F104M	103	V2_backward_weighted_neighbor_energy_changes	scalar	scalar	True	False	True	2.85853047899e-07	float64	float32
1l63A	F104M	103	weighted_neighbor_forward_KL	scalar	scalar	True	True	True	0	float32	float32
1l63A	F104M	103	weighted_neighbor_backward_KL	scalar	scalar	True	True	True	0	float32	float32
1l63A	F104M	103	backward_weighted_neighbor_backward_KL	scalar	scalar	True	True	True	0	float32	float32
1l63A	F104M	103	V2_backward_weighted_neighbor_backward_KL	scalar	scalar	True	True	True	0	float32	float32
1l63A	F104M	103	weighted_neighbor_entropy_changes	scalar	scalar	True	True	True	0	float32	float32
1l63A	F104M	103	backward_weighted_neighbor_entropy_changes	scalar	scalar	True	True	True	0	float32	float32
1l63A	F104M	103	V2_backward_weighted_neighbor_entropy_changes	scalar	scalar	True	True	True	0	float32	float32
1l63A	F104M	103	center_neighbor_weight_check_m_w	scalar	scalar	True	True	True	0	float32	float32
1l63A	F104M	103	center_neighbor_weight_check_w_m	scalar	scalar	True	True	True	0	float32	float32
1l63A	F104M	103	neighbor_embedding_change_m_w	scalar	scalar	True	False	True	4.76837158203e-07	float32	float32
1l63A	F104M	103	neighbor_embedding_change_m_w_raw	15x128	15x128	True	True	True	0	float32	float32
1l63A	F104M	103	neighbor_message_change_m_w	scalar	scalar	True	True	True	0	float32	float32
1l63A	F104M	103	neighbor_message_change_m_w_raw	15x128x1	15x128x1	True	True	True	0	float32	float32
1l63A	F104M	103	unweighted_backward_KL	scalar	scalar	True	True	True	0	float32	float32
1l63A	F104M	103	unweighted_forward_KL	scalar	scalar	True	True	True	0	float32	float32
1l63A	F104M	103	wild_pssm	scalar	scalar	True	True	True	0	float64	float64
1l63A	F104M	103	alternate_pssm	scalar	scalar	True	True	True	0	float64	float64
1l63A	Q105M	104	center_mut_wild_energy	scalar	scalar	True	True	True	0	float64	float32
1l63A	Q105M	104	center_mut_max_energy	scalar	scalar	True	True	True	0	float64	float32
1l63A	Q105M	104	center_entropy	scalar	scalar	True	True	True	0	float64	float32
1l63A	Q105M	104	weighted_neighbor_entropies	scalar	scalar	True	True	True	0	float32	float32
1l63A	Q105M	104	weighted_neighbor_energy_changes	scalar	scalar	True	False	True	3.43313608653e-08	float64	float32
1l63A	Q105M	104	backward_weighted_neighbor_energy_changes	scalar	scalar	True	False	True	2.19899245479e-08	float64	float32
1l63A	Q105M	104	V2_backward_weighted_neighbor_energy_changes	scalar	scalar	True	False	True	1.98795694573e-07	float64	float32
1l63A	Q105M	104	weighted_neighbor_forward_KL	scalar	scalar	True	True	True	0	float32	float32
1l63A	Q105M	104	weighted_neighbor_backward_KL	scalar	scalar	True	True	True	0	float32	float32
1l63A	Q105M	104	backward_weighted_neighbor_backward_KL	scalar	scalar	True	True	True	0	float32	float32
1l63A	Q105M	104	V2_backward_weighted_neighbor_backward_KL	scalar	scalar	True	True	True	0	float32	float32
1l63A	Q105M	104	weighted_neighbor_entropy_changes	scalar	scalar	True	True	True	0	float32	float32
1l63A	Q105M	104	backward_weighted_neighbor_entropy_changes	scalar	scalar	True	True	True	0	float32	float32
1l63A	Q105M	104	V2_backward_weighted_neighbor_entropy_changes	scalar	scalar	True	True	True	0	float32	float32
1l63A	Q105M	104	center_neighbor_weight_check_m_w	scalar	scalar	True	True	True	0	float32	float32
1l63A	Q105M	104	center_neighbor_weight_check_w_m	scalar	scalar	True	True	True	0	float32	float32
1l63A	Q105M	104	neighbor_embedding_change_m_w	scalar	scalar	True	True	True	0	float32	float32
1l63A	Q105M	104	neighbor_embedding_change_m_w_raw	15x128	15x128	True	True	True	0	float32	float32
1l63A	Q105M	104	neighbor_message_change_m_w	scalar	scalar	True	True	True	0	float32	float32
1l63A	Q105M	104	neighbor_message_change_m_w_raw	15x128x1	15x128x1	True	True	True	0	float32	float32
1l63A	Q105M	104	unweighted_backward_KL	scalar	scalar	True	True	True	0	float32	float32
1l63A	Q105M	104	unweighted_forward_KL	scalar	scalar	True	True	True	0	float32	float32
1l63A	Q105M	104	wild_pssm	scalar	scalar	True	True	True	0	float64	float64
1l63A	Q105M	104	alternate_pssm	scalar	scalar	True	True	True	0	float64	float64
1l63A	M106I	105	center_mut_wild_energy	scalar	scalar	True	True	True	0	float64	float32
1l63A	M106I	105	center_mut_max_energy	scalar	scalar	True	True	True	0	float64	float32
1l63A	M106I	105	center_entropy	scalar	scalar	True	True	True	0	float64	float32
1l63A	M106I	105	weighted_neighbor_entropies	scalar	scalar	True	False	True	2.38418579102e-07	float32	float32
1l63A	M106I	105	weighted_neighbor_energy_changes	scalar	scalar	True	False	True	2.92840246274e-07	float64	float32
1l63A	M106I	105	backward_weighted_neighbor_energy_changes	scalar	scalar	True	False	True	1.68040785287e-07	float64	float64
1l63A	M106I	105	V2_backward_weighted_neighbor_energy_changes	scalar	scalar	True	False	True	1.61109070085e-07	float64	float64
1l63A	M106I	105	weighted_neighbor_forward_KL	scalar	scalar	True	True	True	0	float32	float32
1l63A	M106I	105	weighted_neighbor_backward_KL	scalar	scalar	True	True	True	0	float32	float32
1l63A	M106I	105	backward_weighted_neighbor_backward_KL	scalar	scalar	True	True	True	0	float64	float64
1l63A	M106I	105	V2_backward_weighted_neighbor_backward_KL	scalar	scalar	True	True	True	0	float64	float64
1l63A	M106I	105	weighted_neighbor_entropy_changes	scalar	scalar	True	True	True	0	float32	float32
1l63A	M106I	105	backward_weighted_neighbor_entropy_changes	scalar	scalar	True	True	True	0	float64	float64
1l63A	M106I	105	V2_backward_weighted_neighbor_entropy_changes	scalar	scalar	True	True	True	0	float64	float64
1l63A	M106I	105	center_neighbor_weight_check_m_w	scalar	scalar	True	True	True	0	float64	float64
1l63A	M106I	105	center_neighbor_weight_check_w_m	scalar	scalar	True	True	True	0	float64	float64
1l63A	M106I	105	neighbor_embedding_change_m_w	scalar	scalar	True	True	True	0	float32	float32
1l63A	M106I	105	neighbor_embedding_change_m_w_raw	15x128	15x128	True	True	True	0	float32	float32
1l63A	M106I	105	neighbor_message_change_m_w	scalar	scalar	True	True	True	0	float64	float64
1l63A	M106I	105	neighbor_message_change_m_w_raw	15x128x1	15x128x1	True	True	True	0	float64	float64
1l63A	M106I	105	unweighted_backward_KL	scalar	scalar	True	True	True	0	float32	float32
1l63A	M106I	105	unweighted_forward_KL	scalar	scalar	True	True	True	0	float32	float32
1l63A	M106I	105	wild_pssm	scalar	scalar	True	True	True	0	float64	float64
1l63A	M106I	105	alternate_pssm	scalar	scalar	True	True	True	0	float64	float64
1l63A	M106L	105	center_mut_wild_energy	scalar	scalar	True	True	True	0	float64	float32
1l63A	M106L	105	center_mut_max_energy	scalar	scalar	True	True	True	0	float64	float32
1l63A	M106L	105	center_entropy	scalar	scalar	True	True	True	0	float64	float32
1l63A	M106L	105	weighted_neighbor_entropies	scalar	scalar	True	False	True	3.57627868652e-07	float32	float32
1l63A	M106L	105	weighted_neighbor_energy_changes	scalar	scalar	True	False	True	1.73576921725e-08	float64	float32
1l63A	M106L	105	backward_weighted_neighbor_energy_changes	scalar	scalar	True	False	True	1.08201788862e-07	float64	float32
1l63A	M106L	105	V2_backward_weighted_neighbor_energy_changes	scalar	scalar	True	False	True	2.47148221888e-08	float64	float32
1l63A	M106L	105	weighted_neighbor_forward_KL	scalar	scalar	True	True	True	0	float32	float32
1l63A	M106L	105	weighted_neighbor_backward_KL	scalar	scalar	True	True	True	0	float32	float32
1l63A	M106L	105	backward_weighted_neighbor_backward_KL	scalar	scalar	True	True	True	0	float32	float32
1l63A	M106L	105	V2_backward_weighted_neighbor_backward_KL	scalar	scalar	True	True	True	0	float32	float32
1l63A	M106L	105	weighted_neighbor_entropy_changes	scalar	scalar	True	True	True	0	float32	float32
1l63A	M106L	105	backward_weighted_neighbor_entropy_changes	scalar	scalar	True	True	True	0	float32	float32
1l63A	M106L	105	V2_backward_weighted_neighbor_entropy_changes	scalar	scalar	True	True	True	0	float32	float32
1l63A	M106L	105	center_neighbor_weight_check_m_w	scalar	scalar	True	True	True	0	float32	float32
1l63A	M106L	105	center_neighbor_weight_check_w_m	scalar	scalar	True	True	True	0	float32	float32
1l63A	M106L	105	neighbor_embedding_change_m_w	scalar	scalar	True	True	True	0	float32	float32
1l63A	M106L	105	neighbor_embedding_change_m_w_raw	15x128	15x128	True	True	True	0	float32	float32
1l63A	M106L	105	neighbor_message_change_m_w	scalar	scalar	True	True	True	0	float32	float32
1l63A	M106L	105	neighbor_message_change_m_w_raw	15x128x1	15x128x1	True	True	True	0	float32	float32
1l63A	M106L	105	unweighted_backward_KL	scalar	scalar	True	True	True	0	float32	float32
1l63A	M106L	105	unweighted_forward_KL	scalar	scalar	True	True	True	0	float32	float32
1l63A	M106L	105	wild_pssm	scalar	scalar	True	True	True	0	float64	float64
1l63A	M106L	105	alternate_pssm	scalar	scalar	True	True	True	0	float64	float64
1l63A	M106K	105	center_mut_wild_energy	scalar	scalar	True	True	True	0	float64	float32
1l63A	M106K	105	center_mut_max_energy	scalar	scalar	True	False	True	5.96046447754e-08	float64	float32
1l63A	M106K	105	center_entropy	scalar	scalar	True	True	True	0	float64	float32
1l63A	M106K	105	weighted_neighbor_entropies	scalar	scalar	True	True	True	0	float32	float32
1l63A	M106K	105	weighted_neighbor_energy_changes	scalar	scalar	True	False	True	1.26613502616e-06	float64	float32
1l63A	M106K	105	backward_weighted_neighbor_energy_changes	scalar	scalar	True	False	True	5.40449466513e-07	float64	float32
1l63A	M106K	105	V2_backward_weighted_neighbor_energy_changes	scalar	scalar	True	False	True	2.78407590315e-07	float64	float32
1l63A	M106K	105	weighted_neighbor_forward_KL	scalar	scalar	True	True	True	0	float32	float32
1l63A	M106K	105	weighted_neighbor_backward_KL	scalar	scalar	True	True	True	0	float32	float32
1l63A	M106K	105	backward_weighted_neighbor_backward_KL	scalar	scalar	True	True	True	0	float32	float32
1l63A	M106K	105	V2_backward_weighted_neighbor_backward_KL	scalar	scalar	True	True	True	0	float32	float32
1l63A	M106K	105	weighted_neighbor_entropy_changes	scalar	scalar	True	True	True	0	float32	float32
1l63A	M106K	105	backward_weighted_neighbor_entropy_changes	scalar	scalar	True	True	True	0	float32	float32
1l63A	M106K	105	V2_backward_weighted_neighbor_entropy_changes	scalar	scalar	True	True	True	0	float32	float32
1l63A	M106K	105	center_neighbor_weight_check_m_w	scalar	scalar	True	True	True	0	float32	float32
1l63A	M106K	105	center_neighbor_weight_check_w_m	scalar	scalar	True	True	True	0	float32	float32
1l63A	M106K	105	neighbor_embedding_change_m_w	scalar	scalar	True	True	True	0	float32	float32
1l63A	M106K	105	neighbor_embedding_change_m_w_raw	15x128	15x128	True	True	True	0	float32	float32
1l63A	M106K	105	neighbor_message_change_m_w	scalar	scalar	True	True	True	0	float32	float32
1l63A	M106K	105	neighbor_message_change_m_w_raw	15x128x1	15x128x1	True	True	True	0	float32	float32
1l63A	M106K	105	unweighted_backward_KL	scalar	scalar	True	True	True	0	float32	float32
1l63A	M106K	105	unweighted_forward_KL	scalar	scalar	True	True	True	0	float32	float32
1l63A	M106K	105	wild_pssm	scalar	scalar	True	True	True	0	float64	float64
1l63A	M106K	105	alternate_pssm	scalar	scalar	True	True	True	0	float64	float64
1l63A	T109D	108	center_mut_wild_energy	scalar	scalar	True	True	True	0	float64	float32
1l63A	T109D	108	center_mut_max_energy	scalar	scalar	True	True	True	0	float64	float32
1l63A	T109D	108	center_entropy	scalar	scalar	True	True	True	0	float64	float32
1l63A	T109D	108	weighted_neighbor_entropies	scalar	scalar	True	False	True	3.57627868652e-07	float32	float32
1l63A	T109D	108	weighted_neighbor_energy_changes	scalar	scalar	True	False	True	2.13467238552e-07	float64	float32
1l63A	T109D	108	backward_weighted_neighbor_energy_changes	scalar	scalar	True	True	True	0	float64	float64
1l63A	T109D	108	V2_backward_weighted_neighbor_energy_changes	scalar	scalar	True	True	True	0	float64	float64
1l63A	T109D	108	weighted_neighbor_forward_KL	scalar	scalar	True	True	True	0	float32	float32
1l63A	T109D	108	weighted_neighbor_backward_KL	scalar	scalar	True	True	True	0	float32	float32
1l63A	T109D	108	backward_weighted_neighbor_backward_KL	scalar	scalar	True	True	True	0	float64	float64
1l63A	T109D	108	V2_backward_weighted_neighbor_backward_KL	scalar	scalar	True	True	True	0	float64	float64
1l63A	T109D	108	weighted_neighbor_entropy_changes	scalar	scalar	True	True	True	0	float32	float32
1l63A	T109D	108	backward_weighted_neighbor_entropy_changes	scalar	scalar	True	True	True	0	float64	float64
1l63A	T109D	108	V2_backward_weighted_neighbor_entropy_changes	scalar	scalar	True	True	True	0	float64	float64
1l63A	T109D	108	center_neighbor_weight_check_m_w	scalar	scalar	True	True	True	0	float64	float64
1l63A	T109D	108	center_neighbor_weight_check_w_m	scalar	scalar	True	True	True	0	float64	float64
1l63A	T109D	108	neighbor_embedding_change_m_w	scalar	scalar	True	False	True	2.38418579102e-07	float32	float32
1l63A	T109D	108	neighbor_embedding_change_m_w_raw	15x128	15x128	True	True	True	0	float32	float32
1l63A	T109D	108	neighbor_message_change_m_w	scalar	scalar	True	True	True	0	float64	float64
1l63A	T109D	108	neighbor_message_change_m_w_raw	15x128x1	15x128x1	True	True	True	0	float64	float64
1l63A	T109D	108	unweighted_backward_KL	scalar	scalar	True	True	True	0	float32	float32
1l63A	T109D	108	unweighted_forward_KL	scalar	scalar	True	True	True	0	float32	float32
1l63A	T109D	108	wild_pssm	scalar	scalar	True	True	True	0	float64	float64
1l63A	T109D	108	alternate_pssm	scalar	scalar	True	True	True	0	float64	float64
1l63A	T109N	108	center_mut_wild_energy	scalar	scalar	True	True	True	0	float64	float32
1l63A	T109N	108	center_mut_max_energy	scalar	scalar	True	True	True	0	float64	float32
1l63A	T109N	108	center_entropy	scalar	scalar	True	True	True	0	float64	float32
1l63A	T109N	108	weighted_neighbor_entropies	scalar	scalar	True	False	True	3.57627868652e-07	float32	float32
1l63A	T109N	108	weighted_neighbor_energy_changes	scalar	scalar	True	False	True	6.82817695719e-08	float64	float32
1l63A	T109N	108	backward_weighted_neighbor_energy_changes	scalar	scalar	True	False	True	7.35118312889e-08	float64	float32
1l63A	T109N	108	V2_backward_weighted_neighbor_energy_changes	scalar	scalar	True	False	True	1.57381046861e-07	float64	float32
1l63A	T109N	108	weighted_neighbor_forward_KL	scalar	scalar	True	True	True	0	float32	float32
1l63A	T109N	108	weighted_neighbor_backward_KL	scalar	scalar	True	True	True	0	float32	float32
1l63A	T109N	108	backward_weighted_neighbor_backward_KL	scalar	scalar	True	True	True	0	float32	float32
1l63A	T109N	108	V2_backward_weighted_neighbor_backward_KL	scalar	scalar	True	True	True	0	float32	float32
1l63A	T109N	108	weighted_neighbor_entropy_changes	scalar	scalar	True	True	True	0	float32	float32
1l63A	T109N	108	backward_weighted_neighbor_entropy_changes	scalar	scalar	True	True	True	0	float32	float32
1l63A	T109N	108	V2_backward_weighted_neighbor_entropy_changes	scalar	scalar	True	True	True	0	float32	float32
1l63A	T109N	108	center_neighbor_weight_check_m_w	scalar	scalar	True	True	True	0	float32	float32
1l63A	T109N	108	center_neighbor_weight_check_w_m	scalar	scalar	True	True	True	0	float32	float32
1l63A	T109N	108	neighbor_embedding_change_m_w	scalar	scalar	True	True	True	0	float32	float32
1l63A	T109N	108	neighbor_embedding_change_m_w_raw	15x128	15x128	True	True	True	0	float32	float32
1l63A	T109N	108	neighbor_message_change_m_w	scalar	scalar	True	True	True	0	float32	float32
1l63A	T109N	108	neighbor_message_change_m_w_raw	15x128x1	15x128x1	True	True	True	0	float32	float32
1l63A	T109N	108	unweighted_backward_KL	scalar	scalar	True	True	True	0	float32	float32
1l63A	T109N	108	unweighted_forward_KL	scalar	scalar	True	True	True	0	float32	float32
1l63A	T109N	108	wild_pssm	scalar	scalar	True	True	True	0	float64	float64
1l63A	T109N	108	alternate_pssm	scalar	scalar	True	True	True	0	float64	float64
1l63A	V111A	110	center_mut_wild_energy	scalar	scalar	True	False	True	1.04308128357e-07	float64	float32
1l63A	V111A	110	center_mut_max_energy	scalar	scalar	True	False	True	1.04308128357e-07	float64	float32
1l63A	V111A	110	center_entropy	scalar	scalar	True	True	True	0	float64	float32
1l63A	V111A	110	weighted_neighbor_entropies	scalar	scalar	True	True	True	0	float32	float32
1l63A	V111A	110	weighted_neighbor_energy_changes	scalar	scalar	True	False	True	8.66344279871e-07	float64	float32
1l63A	V111A	110	backward_weighted_neighbor_energy_changes	scalar	scalar	True	False	True	5.18308748809e-07	float64	float32
1l63A	V111A	110	V2_backward_weighted_neighbor_energy_changes	scalar	scalar	True	False	True	1.81648151454e-06	float64	float32
1l63A	V111A	110	weighted_neighbor_forward_KL	scalar	scalar	True	True	True	0	float32	float32
1l63A	V111A	110	weighted_neighbor_backward_KL	scalar	scalar	True	True	True	0	float32	float32
1l63A	V111A	110	backward_weighted_neighbor_backward_KL	scalar	scalar	True	True	True	0	float32	float32
1l63A	V111A	110	V2_backward_weighted_neighbor_backward_KL	scalar	scalar	True	True	True	0	float32	float32
1l63A	V111A	110	weighted_neighbor_entropy_changes	scalar	scalar	True	True	True	0	float32	float32
1l63A	V111A	110	backward_weighted_neighbor_entropy_changes	scalar	scalar	True	True	True	0	float32	float32
1l63A	V111A	110	V2_backward_weighted_neighbor_entropy_changes	scalar	scalar	True	True	True	0	float32	float32
1l63A	V111A	110	center_neighbor_weight_check_m_w	scalar	scalar	True	True	True	0	float32	float32
1l63A	V111A	110	center_neighbor_weight_check_w_m	scalar	scalar	True	True	True	0	float32	float32
1l63A	V111A	110	neighbor_embedding_change_m_w	scalar	scalar	True	True	True	0	float32	float32
1l63A	V111A	110	neighbor_embedding_change_m_w_raw	15x128	15x128	True	True	True	0	float32	float32
1l63A	V111A	110	neighbor_message_change_m_w	scalar	scalar	True	True	True	0	float32	float32
1l63A	V111A	110	neighbor_message_change_m_w_raw	15x128x1	15x128x1	True	True	True	0	float32	float32
1l63A	V111A	110	unweighted_backward_KL	scalar	scalar	True	True	True	0	float32	float32
1l63A	V111A	110	unweighted_forward_KL	scalar	scalar	True	True	True	0	float32	float32
1l63A	V111A	110	wild_pssm	scalar	scalar	True	True	True	0	float64	float64
1l63A	V111A	110	alternate_pssm	scalar	scalar	True	True	True	0	float64	float64
1l63A	V111I	110	center_mut_wild_energy	scalar	scalar	True	False	True	2.38418579102e-07	float64	float32
1l63A	V111I	110	center_mut_max_energy	scalar	scalar	True	False	True	2.38418579102e-07	float64	float32
1l63A	V111I	110	center_entropy	scalar	scalar	True	True	True	0	float64	float32
1l63A	V111I	110	weighted_neighbor_entropies	scalar	scalar	True	False	True	2.38418579102e-07	float32	float32
1l63A	V111I	110	weighted_neighbor_energy_changes	scalar	scalar	True	False	True	2.09709138943e-09	float64	float32
1l63A	V111I	110	backward_weighted_neighbor_energy_changes	scalar	scalar	True	False	True	3.93286190281e-08	float64	float32
1l63A	V111I	110	V2_backward_weighted_neighbor_energy_changes	scalar	scalar	True	False	True	1.49253320814e-08	float64	float32
1l63A	V111I	110	weighted_neighbor_forward_KL	scalar	scalar	True	True	True	0	float32	float32
1l63A	V111I	110	weighted_neighbor_backward_KL	scalar	scalar	True	True	True	0	float32	float32
1l63A	V111I	110	backward_weighted_neighbor_backward_KL	scalar	scalar	True	True	True	0	float32	float32
1l63A	V111I	110	V2_backward_weighted_neighbor_backward_KL	scalar	scalar	True	True	True	0	float32	float32
1l63A	V111I	110	weighted_neighbor_entropy_changes	scalar	scalar	True	True	True	0	float32	float32
1l63A	V111I	110	backward_weighted_neighbor_entropy_changes	scalar	scalar	True	True	True	0	float32	float32
1l63A	V111I	110	V2_backward_weighted_neighbor_entropy_changes	scalar	scalar	True	True	True	0	float32	float32
1l63A	V111I	110	center_neighbor_weight_check_m_w	scalar	scalar	True	True	True	0	float32	float32
1l63A	V111I	110	center_neighbor_weight_check_w_m	scalar	scalar	True	True	True	0	float32	float32
1l63A	V111I	110	neighbor_embedding_change_m_w	scalar	scalar	True	True	True	0	float32	float32
1l63A	V111I	110	neighbor_embedding_change_m_w_raw	15x128	15x128	True	True	True	0	float32	float32
1l63A	V111I	110	neighbor_message_change_m_w	scalar	scalar	True	True	True	0	float32	float32
1l63A	V111I	110	neighbor_message_change_m_w_raw	15x128x1	15x128x1	True	True	True	0	float32	float32
1l63A	V111I	110	unweighted_backward_KL	scalar	scalar	True	True	True	0	float32	float32
1l63A	V111I	110	unweighted_forward_KL	scalar	scalar	True	True	True	0	float32	float32
1l63A	V111I	110	wild_pssm	scalar	scalar	True	True	True	0	float64	float64
1l63A	V111I	110	alternate_pssm	scalar	scalar	True	True	True	0	float64	float64
1l63A	V111M	110	center_mut_wild_energy	scalar	scalar	True	False	True	2.98023223877e-08	float64	float32
1l63A	V111M	110	center_mut_max_energy	scalar	scalar	True	False	True	2.98023223877e-08	float64	float32
1l63A	V111M	110	center_entropy	scalar	scalar	True	True	True	0	float64	float32
1l63A	V111M	110	weighted_neighbor_entropies	scalar	scalar	True	False	True	1.19209289551e-07	float32	float32
1l63A	V111M	110	weighted_neighbor_energy_changes	scalar	scalar	True	False	True	5.91789824256e-07	float64	float32
1l63A	V111M	110	backward_weighted_neighbor_energy_changes	scalar	scalar	True	False	True	6.38634030992e-07	float64	float32
1l63A	V111M	110	V2_backward_weighted_neighbor_energy_changes	scalar	scalar	True	False	True	4.37711715762e-07	float64	float32
1l63A	V111M	110	weighted_neighbor_forward_KL	scalar	scalar	True	True	True	0	float32	float32
1l63A	V111M	110	weighted_neighbor_backward_KL	scalar	scalar	True	True	True	0	float32	float32
1l63A	V111M	110	backward_weighted_neighbor_backward_KL	scalar	scalar	True	True	True	0	float32	float32
1l63A	V111M	110	V2_backward_weighted_neighbor_backward_KL	scalar	scalar	True	True	True	0	float32	float32
1l63A	V111M	110	weighted_neighbor_entropy_changes	scalar	scalar	True	True	True	0	float32	float32
1l63A	V111M	110	backward_weighted_neighbor_entropy_changes	scalar	scalar	True	True	True	0	float32	float32
1l63A	V111M	110	V2_backward_weighted_neighbor_entropy_changes	scalar	scalar	True	True	True	0	float32	float32
1l63A	V111M	110	center_neighbor_weight_check_m_w	scalar	scalar	True	True	True	0	float32	float32
1l63A	V111M	110	center_neighbor_weight_check_w_m	scalar	scalar	True	True	True	0	float32	float32
1l63A	V111M	110	neighbor_embedding_change_m_w	scalar	scalar	True	True	True	0	float32	float32
1l63A	V111M	110	neighbor_embedding_change_m_w_raw	15x128	15x128	True	True	True	0	float32	float32
1l63A	V111M	110	neighbor_message_change_m_w	scalar	scalar	True	True	True	0	float32	float32
1l63A	V111M	110	neighbor_message_change_m_w_raw	15x128x1	15x128x1	True	True	True	0	float32	float32
1l63A	V111M	110	unweighted_backward_KL	scalar	scalar	True	True	True	0	float32	float32
1l63A	V111M	110	unweighted_forward_KL	scalar	scalar	True	True	True	0	float32	float32
1l63A	V111M	110	wild_pssm	scalar	scalar	True	True	True	0	float64	float64
1l63A	V111M	110	alternate_pssm	scalar	scalar	True	True	True	0	float64	float64
1l63A	S117F	116	center_mut_wild_energy	scalar	scalar	True	False	True	1.19209289551e-07	float64	float32
1l63A	S117F	116	center_mut_max_energy	scalar	scalar	True	False	True	1.19209289551e-07	float64	float32
1l63A	S117F	116	center_entropy	scalar	scalar	True	True	True	0	float64	float32
1l63A	S117F	116	weighted_neighbor_entropies	scalar	scalar	True	False	True	1.19209289551e-07	float32	float32
1l63A	S117F	116	weighted_neighbor_energy_changes	scalar	scalar	True	False	True	3.41649066371e-07	float64	float32
1l63A	S117F	116	backward_weighted_neighbor_energy_changes	scalar	scalar	True	False	True	1.60588476739e-07	float64	float32
1l63A	S117F	116	V2_backward_weighted_neighbor_energy_changes	scalar	scalar	True	False	True	3.66411700981e-08	float64	float32
1l63A	S117F	116	weighted_neighbor_forward_KL	scalar	scalar	True	True	True	0	float32	float32
1l63A	S117F	116	weighted_neighbor_backward_KL	scalar	scalar	True	True	True	0	float32	float32
1l63A	S117F	116	backward_weighted_neighbor_backward_KL	scalar	scalar	True	True	True	0	float32	float32
1l63A	S117F	116	V2_backward_weighted_neighbor_backward_KL	scalar	scalar	True	True	True	0	float32	float32
1l63A	S117F	116	weighted_neighbor_entropy_changes	scalar	scalar	True	True	True	0	float32	float32
1l63A	S117F	116	backward_weighted_neighbor_entropy_changes	scalar	scalar	True	True	True	0	float32	float32
1l63A	S117F	116	V2_backward_weighted_neighbor_entropy_changes	scalar	scalar	True	True	True	0	float32	float32
1l63A	S117F	116	center_neighbor_weight_check_m_w	scalar	scalar	True	True	True	0	float32	float32
1l63A	S117F	116	center_neighbor_weight_check_w_m	scalar	scalar	True	True	True	0	float32	float32
1l63A	S117F	116	neighbor_embedding_change_m_w	scalar	scalar	True	True	True	0	float32	float32
1l63A	S117F	116	neighbor_embedding_change_m_w_raw	15x128	15x128	True	True	True	0	float32	float32
1l63A	S117F	116	neighbor_message_change_m_w	scalar	scalar	True	True	True	0	float32	float32
1l63A	S117F	116	neighbor_message_change_m_w_raw	15x128x1	15x128x1	True	True	True	0	float32	float32
1l63A	S117F	116	unweighted_backward_KL	scalar	scalar	True	True	True	0	float32	float32
1l63A	S117F	116	unweighted_forward_KL	scalar	scalar	True	True	True	0	float32	float32
1l63A	S117F	116	wild_pssm	scalar	scalar	True	True	True	0	float64	float64
1l63A	S117F	116	alternate_pssm	scalar	scalar	True	True	True	0	float64	float64
1l63A	L118A	117	center_mut_wild_energy	scalar	scalar	True	False	True	8.19563865662e-08	float64	float32
1l63A	L118A	117	center_mut_max_energy	scalar	scalar	True	False	True	8.19563865662e-08	float64	float32
1l63A	L118A	117	center_entropy	scalar	scalar	True	True	True	0	float64	float32
1l63A	L118A	117	weighted_neighbor_entropies	scalar	scalar	True	True	True	0	float32	float32
1l63A	L118A	117	weighted_neighbor_energy_changes	scalar	scalar	True	False	True	7.36807868051e-08	float64	float32
1l63A	L118A	117	backward_weighted_neighbor_energy_changes	scalar	scalar	True	False	True	1.64798272806e-08	float64	float32
1l63A	L118A	117	V2_backward_weighted_neighbor_energy_changes	scalar	scalar	True	False	True	1.65853203171e-07	float64	float32
1l63A	L118A	117	weighted_neighbor_forward_KL	scalar	scalar	True	True	True	0	float32	float32
1l63A	L118A	117	weighted_neighbor_backward_KL	scalar	scalar	True	True	True	0	float32	float32
1l63A	L118A	117	backward_weighted_neighbor_backward_KL	scalar	scalar	True	True	True	0	float32	float32
1l63A	L118A	117	V2_backward_weighted_neighbor_backward_KL	scalar	scalar	True	True	True	0	float32	float32
1l63A	L118A	117	weighted_neighbor_entropy_changes	scalar	scalar	True	True	True	0	float32	float32
1l63A	L118A	117	backward_weighted_neighbor_entropy_changes	scalar	scalar	True	True	True	0	float32	float32
1l63A	L118A	117	V2_backward_weighted_neighbor_entropy_changes	scalar	scalar	True	True	True	0	float32	float32
1l63A	L118A	117	center_neighbor_weight_check_m_w	scalar	scalar	True	True	True	0	float32	float32
1l63A	L118A	117	center_neighbor_weight_check_w_m	scalar	scalar	True	True	True	0	float32	float32
1l63A	L118A	117	neighbor_embedding_change_m_w	scalar	scalar	True	True	True	0	float32	float32
1l63A	L118A	117	neighbor_embedding_change_m_w_raw	15x128	15x128	True	True	True	0	float32	float32
1l63A	L118A	117	neighbor_message_change_m_w	scalar	scalar	True	True	True	0	float32	float32
1l63A	L118A	117	neighbor_message_change_m_w_raw	15x128x1	15x128x1	True	True	True	0	float32	float32
1l63A	L118A	117	unweighted_backward_KL	scalar	scalar	True	True	True	0	float32	float32
1l63A	L118A	117	unweighted_forward_KL	scalar	scalar	True	True	True	0	float32	float32
1l63A	L118A	117	wild_pssm	scalar	scalar	True	True	True	0	float64	float64
1l63A	L118A	117	alternate_pssm	scalar	scalar	True	True	True	0	float64	float64
1l63A	L118M	117	center_mut_wild_energy	scalar	scalar	True	False	True	7.45058059692e-09	float64	float32
1l63A	L118M	117	center_mut_max_energy	scalar	scalar	True	False	True	7.45058059692e-09	float64	float32
1l63A	L118M	117	center_entropy	scalar	scalar	True	True	True	0	float64	float32
1l63A	L118M	117	weighted_neighbor_entropies	scalar	scalar	True	False	True	2.38418579102e-07	float32	float32
1l63A	L118M	117	weighted_neighbor_energy_changes	scalar	scalar	True	False	True	3.66401025076e-08	float64	float32
1l63A	L118M	117	backward_weighted_neighbor_energy_changes	scalar	scalar	True	False	True	7.48555954999e-08	float64	float32
1l63A	L118M	117	V2_backward_weighted_neighbor_energy_changes	scalar	scalar	True	False	True	3.28185247866e-08	float64	float32
1l63A	L118M	117	weighted_neighbor_forward_KL	scalar	scalar	True	True	True	0	float32	float32
1l63A	L118M	117	weighted_neighbor_backward_KL	scalar	scalar	True	True	True	0	float32	float32
1l63A	L118M	117	backward_weighted_neighbor_backward_KL	scalar	scalar	True	True	True	0	float32	float32
1l63A	L118M	117	V2_backward_weighted_neighbor_backward_KL	scalar	scalar	True	True	True	0	float32	float32
1l63A	L118M	117	weighted_neighbor_entropy_changes	scalar	scalar	True	True	True	0	float32	float32
1l63A	L118M	117	backward_weighted_neighbor_entropy_changes	scalar	scalar	True	True	True	0	float32	float32
1l63A	L118M	117	V2_backward_weighted_neighbor_entropy_changes	scalar	scalar	True	True	True	0	float32	float32
1l63A	L118M	117	center_neighbor_weight_check_m_w	scalar	scalar	True	True	True	0	float32	float32
1l63A	L118M	117	center_neighbor_weight_check_w_m	scalar	scalar	True	True	True	0	float32	float32
1l63A	L118M	117	neighbor_embedding_change_m_w	scalar	scalar	True	True	True	0	float32	float32
1l63A	L118M	117	neighbor_embedding_change_m_w_raw	15x128	15x128	True	True	True	0	float32	float32
1l63A	L118M	117	neighbor_message_change_m_w	scalar	scalar	True	True	True	0	float32	float32
1l63A	L118M	117	neighbor_message_change_m_w_raw	15x128x1	15x128x1	True	True	True	0	float32	float32
1l63A	L118M	117	unweighted_backward_KL	scalar	scalar	True	True	True	0	float32	float32
1l63A	L118M	117	unweighted_forward_KL	scalar	scalar	True	True	True	0	float32	float32
1l63A	L118M	117	wild_pssm	scalar	scalar	True	True	True	0	float64	float64
1l63A	L118M	117	alternate_pssm	scalar	scalar	True	True	True	0	float64	float64
1l63A	M120L	119	center_mut_wild_energy	scalar	scalar	True	True	True	0	float64	float32
1l63A	M120L	119	center_mut_max_energy	scalar	scalar	True	True	True	0	float64	float32
1l63A	M120L	119	center_entropy	scalar	scalar	True	True	True	0	float64	float32
1l63A	M120L	119	weighted_neighbor_entropies	scalar	scalar	True	False	True	4.76837158203e-07	float32	float32
1l63A	M120L	119	weighted_neighbor_energy_changes	scalar	scalar	True	False	True	1.04826165526e-07	float64	float32
1l63A	M120L	119	backward_weighted_neighbor_energy_changes	scalar	scalar	True	False	True	9.94082967054e-08	float64	float32
1l63A	M120L	119	V2_backward_weighted_neighbor_energy_changes	scalar	scalar	True	False	True	3.14087280628e-08	float64	float32
1l63A	M120L	119	weighted_neighbor_forward_KL	scalar	scalar	True	True	True	0	float32	float32
1l63A	M120L	119	weighted_neighbor_backward_KL	scalar	scalar	True	True	True	0	float32	float32
1l63A	M120L	119	backward_weighted_neighbor_backward_KL	scalar	scalar	True	True	True	0	float32	float32
1l63A	M120L	119	V2_backward_weighted_neighbor_backward_KL	scalar	scalar	True	True	True	0	float32	float32
1l63A	M120L	119	weighted_neighbor_entropy_changes	scalar	scalar	True	True	True	0	float32	float32
1l63A	M120L	119	backward_weighted_neighbor_entropy_changes	scalar	scalar	True	True	True	0	float32	float32
1l63A	M120L	119	V2_backward_weighted_neighbor_entropy_changes	scalar	scalar	True	True	True	0	float32	float32
1l63A	M120L	119	center_neighbor_weight_check_m_w	scalar	scalar	True	True	True	0	float32	float32
1l63A	M120L	119	center_neighbor_weight_check_w_m	scalar	scalar	True	True	True	0	float32	float32
1l63A	M120L	119	neighbor_embedding_change_m_w	scalar	scalar	True	True	True	0	float32	float32
1l63A	M120L	119	neighbor_embedding_change_m_w_raw	15x128	15x128	True	True	True	0	float32	float32
1l63A	M120L	119	neighbor_message_change_m_w	scalar	scalar	True	True	True	0	float32	float32
1l63A	M120L	119	neighbor_message_change_m_w_raw	15x128x1	15x128x1	True	True	True	0	float32	float32
1l63A	M120L	119	unweighted_backward_KL	scalar	scalar	True	True	True	0	float32	float32
1l63A	M120L	119	unweighted_forward_KL	scalar	scalar	True	True	True	0	float32	float32
1l63A	M120L	119	wild_pssm	scalar	scalar	True	True	True	0	float64	float64
1l63A	M120L	119	alternate_pssm	scalar	scalar	True	True	True	0	float64	float64
1l63A	M120K	119	center_mut_wild_energy	scalar	scalar	True	True	True	0	float64	float32
1l63A	M120K	119	center_mut_max_energy	scalar	scalar	True	False	True	7.45058059692e-08	float64	float32
1l63A	M120K	119	center_entropy	scalar	scalar	True	True	True	0	float64	float32
1l63A	M120K	119	weighted_neighbor_entropies	scalar	scalar	True	False	True	1.19209289551e-07	float32	float32
1l63A	M120K	119	weighted_neighbor_energy_changes	scalar	scalar	True	False	True	2.0061621413e-06	float64	float32
1l63A	M120K	119	backward_weighted_neighbor_energy_changes	scalar	scalar	True	True	True	0	float64	float64
1l63A	M120K	119	V2_backward_weighted_neighbor_energy_changes	scalar	scalar	True	True	True	0	float64	float64
1l63A	M120K	119	weighted_neighbor_forward_KL	scalar	scalar	True	True	True	0	float32	float32
1l63A	M120K	119	weighted_neighbor_backward_KL	scalar	scalar	True	True	True	0	float32	float32
1l63A	M120K	119	backward_weighted_neighbor_backward_KL	scalar	scalar	True	True	True	0	float64	float64
1l63A	M120K	119	V2_backward_weighted_neighbor_backward_KL	scalar	scalar	True	True	True	0	float64	float64
1l63A	M120K	119	weighted_neighbor_entropy_changes	scalar	scalar	True	True	True	0	float32	float32
1l63A	M120K	119	backward_weighted_neighbor_entropy_changes	scalar	scalar	True	True	True	0	float64	float64
1l63A	M120K	119	V2_backward_weighted_neighbor_entropy_changes	scalar	scalar	True	True	True	0	float64	float64
1l63A	M120K	119	center_neighbor_weight_check_m_w	scalar	scalar	True	True	True	0	float64	float64
1l63A	M120K	119	center_neighbor_weight_check_w_m	scalar	scalar	True	True	True	0	float64	float64
1l63A	M120K	119	neighbor_embedding_change_m_w	scalar	scalar	True	True	True	0	float32	float32
1l63A	M120K	119	neighbor_embedding_change_m_w_raw	15x128	15x128	True	True	True	0	float32	float32
1l63A	M120K	119	neighbor_message_change_m_w	scalar	scalar	True	False	True	1.63912773132e-07	float64	float64
1l63A	M120K	119	neighbor_message_change_m_w_raw	15x128x1	15x128x1	True	True	True	0	float64	float64
1l63A	M120K	119	unweighted_backward_KL	scalar	scalar	True	True	True	0	float32	float32
1l63A	M120K	119	unweighted_forward_KL	scalar	scalar	True	True	True	0	float32	float32
1l63A	M120K	119	wild_pssm	scalar	scalar	True	True	True	0	float64	float64
1l63A	M120K	119	alternate_pssm	scalar	scalar	True	True	True	0	float64	float64
1l63A	M120Y	119	center_mut_wild_energy	scalar	scalar	True	True	True	0	float64	float32
1l63A	M120Y	119	center_mut_max_energy	scalar	scalar	True	False	True	2.98023223877e-08	float64	float32
1l63A	M120Y	119	center_entropy	scalar	scalar	True	True	True	0	float64	float32
1l63A	M120Y	119	weighted_neighbor_entropies	scalar	scalar	True	True	True	0	float32	float32
1l63A	M120Y	119	weighted_neighbor_energy_changes	scalar	scalar	True	False	True	1.55807374114e-07	float64	float32
1l63A	M120Y	119	backward_weighted_neighbor_energy_changes	scalar	scalar	True	True	True	0	float64	float64
1l63A	M120Y	119	V2_backward_weighted_neighbor_energy_changes	scalar	scalar	True	True	True	0	float64	float64
1l63A	M120Y	119	weighted_neighbor_forward_KL	scalar	scalar	True	True	True	0	float32	float32
1l63A	M120Y	119	weighted_neighbor_backward_KL	scalar	scalar	True	True	True	0	float32	float32
1l63A	M120Y	119	backward_weighted_neighbor_backward_KL	scalar	scalar	True	True	True	0	float64	float64
1l63A	M120Y	119	V2_backward_weighted_neighbor_backward_KL	scalar	scalar	True	True	True	0	float64	float64
1l63A	M120Y	119	weighted_neighbor_entropy_changes	scalar	scalar	True	True	True	0	float32	float32
1l63A	M120Y	119	backward_weighted_neighbor_entropy_changes	scalar	scalar	True	True	True	0	float64	float64
1l63A	M120Y	119	V2_backward_weighted_neighbor_entropy_changes	scalar	scalar	True	True	True	0	float64	float64
1l63A	M120Y	119	center_neighbor_weight_check_m_w	scalar	scalar	True	True	True	0	float64	float64
1l63A	M120Y	119	center_neighbor_weight_check_w_m	scalar	scalar	True	True	True	0	float64	float64
1l63A	M120Y	119	neighbor_embedding_change_m_w	scalar	scalar	True	True	True	0	float32	float32
1l63A	M120Y	119	neighbor_embedding_change_m_w_raw	15x128	15x128	True	True	True	0	float32	float32
1l63A	M120Y	119	neighbor_message_change_m_w	scalar	scalar	True	True	True	0	float64	float64
1l63A	M120Y	119	neighbor_message_change_m_w_raw	15x128x1	15x128x1	True	True	True	0	float64	float64
1l63A	M120Y	119	unweighted_backward_KL	scalar	scalar	True	True	True	0	float32	float32
1l63A	M120Y	119	unweighted_forward_KL	scalar	scalar	True	True	True	0	float32	float32
1l63A	M120Y	119	wild_pssm	scalar	scalar	True	True	True	0	float64	float64
1l63A	M120Y	119	alternate_pssm	scalar	scalar	True	True	True	0	float64	float64
1l63A	L121M	120	center_mut_wild_energy	scalar	scalar	True	False	True	1.19209289551e-07	float64	float32
1l63A	L121M	120	center_mut_max_energy	scalar	scalar	True	False	True	1.19209289551e-07	float64	float32
1l63A	L121M	120	center_entropy	scalar	scalar	True	True	True	0	float64	float32
1l63A	L121M	120	weighted_neighbor_entropies	scalar	scalar	True	False	True	1.19209289551e-07	float32	float32
1l63A	L121M	120	weighted_neighbor_energy_changes	scalar	scalar	True	False	True	7.16493850916e-08	float64	float32
1l63A	L121M	120	backward_weighted_neighbor_energy_changes	scalar	scalar	True	False	True	1.66025710513e-07	float64	float64
1l63A	L121M	120	V2_backward_weighted_neighbor_energy_changes	scalar	scalar	True	False	True	1.61592128123e-07	float64	float64
1l63A	L121M	120	weighted_neighbor_forward_KL	scalar	scalar	True	True	True	0	float32	float32
1l63A	L121M	120	weighted_neighbor_backward_KL	scalar	scalar	True	True	True	0	float32	float32
1l63A	L121M	120	backward_weighted_neighbor_backward_KL	scalar	scalar	True	True	True	0	float64	float64
1l63A	L121M	120	V2_backward_weighted_neighbor_backward_KL	scalar	scalar	True	True	True	0	float64	float64
1l63A	L121M	120	weighted_neighbor_entropy_changes	scalar	scalar	True	True	True	0	float32	float32
1l63A	L121M	120	backward_weighted_neighbor_entropy_changes	scalar	scalar	True	True	True	0	float64	float64
1l63A	L121M	120	V2_backward_weighted_neighbor_entropy_changes	scalar	scalar	True	True	True	0	float64	float64
1l63A	L121M	120	center_neighbor_weight_check_m_w	scalar	scalar	True	True	True	0	float64	float64
1l63A	L121M	120	center_neighbor_weight_check_w_m	scalar	scalar	True	True	True	0	float64	float64
1l63A	L121M	120	neighbor_embedding_change_m_w	scalar	scalar	True	True	True	0	float32	float32
1l63A	L121M	120	neighbor_embedding_change_m_w_raw	15x128	15x128	True	True	True	0	float32	float32
1l63A	L121M	120	neighbor_message_change_m_w	scalar	scalar	True	True	True	0	float64	float64
1l63A	L121M	120	neighbor_message_change_m_w_raw	15x128x1	15x128x1	True	True	True	0	float64	float64
1l63A	L121M	120	unweighted_backward_KL	scalar	scalar	True	True	True	0	float32	float32
1l63A	L121M	120	unweighted_forward_KL	scalar	scalar	True	True	True	0	float32	float32
1l63A	L121M	120	wild_pssm	scalar	scalar	True	True	True	0	float64	float64
1l63A	L121M	120	alternate_pssm	scalar	scalar	True	True	True	0	float64	float64
1l63A	A129F	128	center_mut_wild_energy	scalar	scalar	True	False	True	1.34110450745e-07	float64	float32
1l63A	A129F	128	center_mut_max_energy	scalar	scalar	True	False	True	1.34110450745e-07	float64	float32
1l63A	A129F	128	center_entropy	scalar	scalar	True	True	True	0	float64	float32
1l63A	A129F	128	weighted_neighbor_entropies	scalar	scalar	True	False	True	2.38418579102e-07	float32	float32
1l63A	A129F	128	weighted_neighbor_energy_changes	scalar	scalar	True	False	True	1.01665188268e-07	float64	float32
1l63A	A129F	128	backward_weighted_neighbor_energy_changes	scalar	scalar	True	True	True	0	float64	float64
1l63A	A129F	128	V2_backward_weighted_neighbor_energy_changes	scalar	scalar	True	True	True	0	float64	float64
1l63A	A129F	128	weighted_neighbor_forward_KL	scalar	scalar	True	True	True	0	float32	float32
1l63A	A129F	128	weighted_neighbor_backward_KL	scalar	scalar	True	True	True	0	float32	float32
1l63A	A129F	128	backward_weighted_neighbor_backward_KL	scalar	scalar	True	True	True	0	float64	float64
1l63A	A129F	128	V2_backward_weighted_neighbor_backward_KL	scalar	scalar	True	True	True	0	float64	float64
1l63A	A129F	128	weighted_neighbor_entropy_changes	scalar	scalar	True	True	True	0	float32	float32
1l63A	A129F	128	backward_weighted_neighbor_entropy_changes	scalar	scalar	True	True	True	0	float64	float64
1l63A	A129F	128	V2_backward_weighted_neighbor_entropy_changes	scalar	scalar	True	True	True	0	float64	float64
1l63A	A129F	128	center_neighbor_weight_check_m_w	scalar	scalar	True	True	True	0	float64	float64
1l63A	A129F	128	center_neighbor_weight_check_w_m	scalar	scalar	True	True	True	0	float64	float64
1l63A	A129F	128	neighbor_embedding_change_m_w	scalar	scalar	True	True	True	0	float32	float32
1l63A	A129F	128	neighbor_embedding_change_m_w_raw	15x128	15x128	True	True	True	0	float32	float32
1l63A	A129F	128	neighbor_message_change_m_w	scalar	scalar	True	False	True	5.58793544769e-08	float64	float64
1l63A	A129F	128	neighbor_message_change_m_w_raw	15x128x1	15x128x1	True	True	True	0	float64	float64
1l63A	A129F	128	unweighted_backward_KL	scalar	scalar	True	True	True	0	float32	float32
1l63A	A129F	128	unweighted_forward_KL	scalar	scalar	True	True	True	0	float32	float32
1l63A	A129F	128	wild_pssm	scalar	scalar	True	True	True	0	float64	float64
1l63A	A129F	128	alternate_pssm	scalar	scalar	True	True	True	0	float64	float64
1l63A	A129W	128	center_mut_wild_energy	scalar	scalar	True	False	True	2.98023223877e-08	float64	float32
1l63A	A129W	128	center_mut_max_energy	scalar	scalar	True	False	True	2.98023223877e-08	float64	float32
1l63A	A129W	128	center_entropy	scalar	scalar	True	True	True	0	float64	float32
1l63A	A129W	128	weighted_neighbor_entropies	scalar	scalar	True	True	True	0	float32	float32
1l63A	A129W	128	weighted_neighbor_energy_changes	scalar	scalar	True	False	True	1.41002592713e-07	float64	float32
1l63A	A129W	128	backward_weighted_neighbor_energy_changes	scalar	scalar	True	True	True	0	float64	float64
1l63A	A129W	128	V2_backward_weighted_neighbor_energy_changes	scalar	scalar	True	True	True	0	float64	float64
1l63A	A129W	128	weighted_neighbor_forward_KL	scalar	scalar	True	True	True	0	float32	float32
1l63A	A129W	128	weighted_neighbor_backward_KL	scalar	scalar	True	True	True	0	float32	float32
1l63A	A129W	128	backward_weighted_neighbor_backward_KL	scalar	scalar	True	True	True	0	float64	float64
1l63A	A129W	128	V2_backward_weighted_neighbor_backward_KL	scalar	scalar	True	True	True	0	float64	float64
1l63A	A129W	128	weighted_neighbor_entropy_changes	scalar	scalar	True	True	True	0	float32	float32
1l63A	A129W	128	backward_weighted_neighbor_entropy_changes	scalar	scalar	True	True	True	0	float64	float64
1l63A	A129W	128	V2_backward_weighted_neighbor_entropy_changes	scalar	scalar	True	True	True	0	float64	float64
1l63A	A129W	128	center_neighbor_weight_check_m_w	scalar	scalar	True	True	True	0	float64	float64
1l63A	A129W	128	center_neighbor_weight_check_w_m	scalar	scalar	True	True	True	0	float64	float64
1l63A	A129W	128	neighbor_embedding_change_m_w	scalar	scalar	True	True	True	0	float32	float32
1l63A	A129W	128	neighbor_embedding_change_m_w_raw	15x128	15x128	True	True	True	0	float32	float32
1l63A	A129W	128	neighbor_message_change_m_w	scalar	scalar	True	False	True	5.96046447754e-08	float64	float64
1l63A	A129W	128	neighbor_message_change_m_w_raw	15x128x1	15x128x1	True	True	True	0	float64	float64
1l63A	A129W	128	unweighted_backward_KL	scalar	scalar	True	True	True	0	float32	float32
1l63A	A129W	128	unweighted_forward_KL	scalar	scalar	True	True	True	0	float32	float32
1l63A	A129W	128	wild_pssm	scalar	scalar	True	True	True	0	float64	float64
1l63A	A129W	128	alternate_pssm	scalar	scalar	True	True	True	0	float64	float64
1l63A	A130S	129	center_mut_wild_energy	scalar	scalar	True	False	True	1.49011611938e-08	float64	float32
1l63A	A130S	129	center_mut_max_energy	scalar	scalar	True	False	True	1.49011611938e-08	float64	float32
1l63A	A130S	129	center_entropy	scalar	scalar	True	True	True	0	float64	float32
1l63A	A130S	129	weighted_neighbor_entropies	scalar	scalar	True	False	True	1.19209289551e-07	float32	float32
1l63A	A130S	129	weighted_neighbor_energy_changes	scalar	scalar	True	False	True	4.34613466993e-07	float64	float32
1l63A	A130S	129	backward_weighted_neighbor_energy_changes	scalar	scalar	True	False	True	2.31970066267e-07	float64	float32
1l63A	A130S	129	V2_backward_weighted_neighbor_energy_changes	scalar	scalar	True	False	True	2.14292322553e-07	float64	float32
1l63A	A130S	129	weighted_neighbor_forward_KL	scalar	scalar	True	True	True	0	float32	float32
1l63A	A130S	129	weighted_neighbor_backward_KL	scalar	scalar	True	True	True	0	float32	float32
1l63A	A130S	129	backward_weighted_neighbor_backward_KL	scalar	scalar	True	True	True	0	float32	float32
1l63A	A130S	129	V2_backward_weighted_neighbor_backward_KL	scalar	scalar	True	True	True	0	float32	float32
1l63A	A130S	129	weighted_neighbor_entropy_changes	scalar	scalar	True	True	True	0	float32	float32
1l63A	A130S	129	backward_weighted_neighbor_entropy_changes	scalar	scalar	True	True	True	0	float32	float32
1l63A	A130S	129	V2_backward_weighted_neighbor_entropy_changes	scalar	scalar	True	True	True	0	float32	float32
1l63A	A130S	129	center_neighbor_weight_check_m_w	scalar	scalar	True	True	True	0	float32	float32
1l63A	A130S	129	center_neighbor_weight_check_w_m	scalar	scalar	True	True	True	0	float32	float32
1l63A	A130S	129	neighbor_embedding_change_m_w	scalar	scalar	True	True	True	0	float32	float32
1l63A	A130S	129	neighbor_embedding_change_m_w_raw	15x128	15x128	True	True	True	0	float32	float32
1l63A	A130S	129	neighbor_message_change_m_w	scalar	scalar	True	True	True	0	float32	float32
1l63A	A130S	129	neighbor_message_change_m_w_raw	15x128x1	15x128x1	True	True	True	0	float32	float32
1l63A	A130S	129	unweighted_backward_KL	scalar	scalar	True	True	True	0	float32	float32
1l63A	A130S	129	unweighted_forward_KL	scalar	scalar	True	True	True	0	float32	float32
1l63A	A130S	129	wild_pssm	scalar	scalar	True	True	True	0	float64	float64
1l63A	A130S	129	alternate_pssm	scalar	scalar	True	True	True	0	float64	float64
1l63A	L133F	132	center_mut_wild_energy	scalar	scalar	True	False	True	1.04308128357e-07	float64	float32
1l63A	L133F	132	center_mut_max_energy	scalar	scalar	True	False	True	1.04308128357e-07	float64	float32
1l63A	L133F	132	center_entropy	scalar	scalar	True	True	True	0	float64	float32
1l63A	L133F	132	weighted_neighbor_entropies	scalar	scalar	True	False	True	1.19209289551e-07	float32	float32
1l63A	L133F	132	weighted_neighbor_energy_changes	scalar	scalar	True	False	True	1.75286551496e-07	float64	float32
1l63A	L133F	132	backward_weighted_neighbor_energy_changes	scalar	scalar	True	False	True	2.35201813581e-07	float64	float32
1l63A	L133F	132	V2_backward_weighted_neighbor_energy_changes	scalar	scalar	True	False	True	8.01160705777e-07	float64	float32
1l63A	L133F	132	weighted_neighbor_forward_KL	scalar	scalar	True	True	True	0	float32	float32
1l63A	L133F	132	weighted_neighbor_backward_KL	scalar	scalar	True	True	True	0	float32	float32
1l63A	L133F	132	backward_weighted_neighbor_backward_KL	scalar	scalar	True	True	True	0	float32	float32
1l63A	L133F	132	V2_backward_weighted_neighbor_backward_KL	scalar	scalar	True	True	True	0	float32	float32
1l63A	L133F	132	weighted_neighbor_entropy_changes	scalar	scalar	True	True	True	0	float32	float32
1l63A	L133F	132	backward_weighted_neighbor_entropy_changes	scalar	scalar	True	True	True	0	float32	float32
1l63A	L133F	132	V2_backward_weighted_neighbor_entropy_changes	scalar	scalar	True	True	True	0	float32	float32
1l63A	L133F	132	center_neighbor_weight_check_m_w	scalar	scalar	True	True	True	0	float32	float32
1l63A	L133F	132	center_neighbor_weight_check_w_m	scalar	scalar	True	True	True	0	float32	float32
1l63A	L133F	132	neighbor_embedding_change_m_w	scalar	scalar	True	True	True	0	float32	float32
1l63A	L133F	132	neighbor_embedding_change_m_w_raw	15x128	15x128	True	True	True	0	float32	float32
1l63A	L133F	132	neighbor_message_change_m_w	scalar	scalar	True	False	True	4.76837158203e-07	float32	float32
1l63A	L133F	132	neighbor_message_change_m_w_raw	15x128x1	15x128x1	True	True	True	0	float32	float32
1l63A	L133F	132	unweighted_backward_KL	scalar	scalar	True	True	True	0	float32	float32
1l63A	L133F	132	unweighted_forward_KL	scalar	scalar	True	True	True	0	float32	float32
1l63A	L133F	132	wild_pssm	scalar	scalar	True	True	True	0	float64	float64
1l63A	L133F	132	alternate_pssm	scalar	scalar	True	True	True	0	float64	float64
1l63A	L133M	132	center_mut_wild_energy	scalar	scalar	True	False	True	5.21540641785e-08	float64	float32
1l63A	L133M	132	center_mut_max_energy	scalar	scalar	True	False	True	5.21540641785e-08	float64	float32
1l63A	L133M	132	center_entropy	scalar	scalar	True	True	True	0	float64	float32
1l63A	L133M	132	weighted_neighbor_entropies	scalar	scalar	True	False	True	2.38418579102e-07	float32	float32
1l63A	L133M	132	weighted_neighbor_energy_changes	scalar	scalar	True	False	True	3.26510836146e-07	float64	float32
1l63A	L133M	132	backward_weighted_neighbor_energy_changes	scalar	scalar	True	False	True	1.44718707062e-06	float64	float32
1l63A	L133M	132	V2_backward_weighted_neighbor_energy_changes	scalar	scalar	True	False	True	1.91174327924e-07	float64	float32
1l63A	L133M	132	weighted_neighbor_forward_KL	scalar	scalar	True	True	True	0	float32	float32
1l63A	L133M	132	weighted_neighbor_backward_KL	scalar	scalar	True	True	True	0	float32	float32
1l63A	L133M	132	backward_weighted_neighbor_backward_KL	scalar	scalar	True	True	True	0	float32	float32
1l63A	L133M	132	V2_backward_weighted_neighbor_backward_KL	scalar	scalar	True	True	True	0	float32	float32
1l63A	L133M	132	weighted_neighbor_entropy_changes	scalar	scalar	True	True	True	0	float32	float32
1l63A	L133M	132	backward_weighted_neighbor_entropy_changes	scalar	scalar	True	True	True	0	float32	float32
1l63A	L133M	132	V2_backward_weighted_neighbor_entropy_changes	scalar	scalar	True	True	True	0	float32	float32
1l63A	L133M	132	center_neighbor_weight_check_m_w	scalar	scalar	True	True	True	0	float32	float32
1l63A	L133M	132	center_neighbor_weight_check_w_m	scalar	scalar	True	True	True	0	float32	float32
1l63A	L133M	132	neighbor_embedding_change_m_w	scalar	scalar	True	True	True	0	float32	float32
1l63A	L133M	132	neighbor_embedding_change_m_w_raw	15x128	15x128	True	True	True	0	float32	float32
1l63A	L133M	132	neighbor_message_change_m_w	scalar	scalar	True	True	True	0	float32	float32
1l63A	L133M	132	neighbor_message_change_m_w_raw	15x128x1	15x128x1	True	True	True	0	float32	float32
1l63A	L133M	132	unweighted_backward_KL	scalar	scalar	True	True	True	0	float32	float32
1l63A	L133M	132	unweighted_forward_KL	scalar	scalar	True	True	True	0	float32	float32
1l63A	L133M	132	wild_pssm	scalar	scalar	True	True	True	0	float64	float64
1l63A	L133M	132	alternate_pssm	scalar	scalar	True	True	True	0	float64	float64
1l63A	A134S	133	center_mut_wild_energy	scalar	scalar	True	True	True	0	float64	float32
1l63A	A134S	133	center_mut_max_energy	scalar	scalar	True	True	True	0	float64	float32
1l63A	A134S	133	center_entropy	scalar	scalar	True	True	True	0	float64	float32
1l63A	A134S	133	weighted_neighbor_entropies	scalar	scalar	True	False	True	2.38418579102e-07	float32	float32
1l63A	A134S	133	weighted_neighbor_energy_changes	scalar	scalar	True	False	True	2.5314612806e-07	float64	float32
1l63A	A134S	133	backward_weighted_neighbor_energy_changes	scalar	scalar	True	False	True	3.75492273719e-07	float64	float32
1l63A	A134S	133	V2_backward_weighted_neighbor_energy_changes	scalar	scalar	True	False	True	5.57541946833e-07	float64	float32
1l63A	A134S	133	weighted_neighbor_forward_KL	scalar	scalar	True	True	True	0	float32	float32
1l63A	A134S	133	weighted_neighbor_backward_KL	scalar	scalar	True	True	True	0	float32	float32
1l63A	A134S	133	backward_weighted_neighbor_backward_KL	scalar	scalar	True	True	True	0	float32	float32
1l63A	A134S	133	V2_backward_weighted_neighbor_backward_KL	scalar	scalar	True	True	True	0	float32	float32
1l63A	A134S	133	weighted_neighbor_entropy_changes	scalar	scalar	True	True	True	0	float32	float32
1l63A	A134S	133	backward_weighted_neighbor_entropy_changes	scalar	scalar	True	True	True	0	float32	float32
1l63A	A134S	133	V2_backward_weighted_neighbor_entropy_changes	scalar	scalar	True	True	True	0	float32	float32
1l63A	A134S	133	center_neighbor_weight_check_m_w	scalar	scalar	True	True	True	0	float32	float32
1l63A	A134S	133	center_neighbor_weight_check_w_m	scalar	scalar	True	True	True	0	float32	float32
1l63A	A134S	133	neighbor_embedding_change_m_w	scalar	scalar	True	True	True	0	float32	float32
1l63A	A134S	133	neighbor_embedding_change_m_w_raw	15x128	15x128	True	True	True	0	float32	float32
1l63A	A134S	133	neighbor_message_change_m_w	scalar	scalar	True	True	True	0	float32	float32
1l63A	A134S	133	neighbor_message_change_m_w_raw	15x128x1	15x128x1	True	True	True	0	float32	float32
1l63A	A134S	133	unweighted_backward_KL	scalar	scalar	True	True	True	0	float32	float32
1l63A	A134S	133	unweighted_forward_KL	scalar	scalar	True	True	True	0	float32	float32
1l63A	A134S	133	wild_pssm	scalar	scalar	True	True	True	0	float64	float64
1l63A	A134S	133	alternate_pssm	scalar	scalar	True	True	True	0	float64	float64
1l63A	N144E	143	center_mut_wild_energy	scalar	scalar	True	True	True	0	float64	float32
1l63A	N144E	143	center_mut_max_energy	scalar	scalar	True	True	True	0	float64	float32
1l63A	N144E	143	center_entropy	scalar	scalar	True	True	True	0	float64	float32
1l63A	N144E	143	weighted_neighbor_entropies	scalar	scalar	True	False	True	2.38418579102e-07	float32	float32
1l63A	N144E	143	weighted_neighbor_energy_changes	scalar	scalar	True	False	True	2.60467201585e-07	float64	float32
1l63A	N144E	143	backward_weighted_neighbor_energy_changes	scalar	scalar	True	True	True	0	float64	float64
1l63A	N144E	143	V2_backward_weighted_neighbor_energy_changes	scalar	scalar	True	True	True	0	float64	float64
1l63A	N144E	143	weighted_neighbor_forward_KL	scalar	scalar	True	True	True	0	float32	float32
1l63A	N144E	143	weighted_neighbor_backward_KL	scalar	scalar	True	True	True	0	float32	float32
1l63A	N144E	143	backward_weighted_neighbor_backward_KL	scalar	scalar	True	True	True	0	float64	float64
1l63A	N144E	143	V2_backward_weighted_neighbor_backward_KL	scalar	scalar	True	True	True	0	float64	float64
1l63A	N144E	143	weighted_neighbor_entropy_changes	scalar	scalar	True	True	True	0	float32	float32
1l63A	N144E	143	backward_weighted_neighbor_entropy_changes	scalar	scalar	True	True	True	0	float64	float64
1l63A	N144E	143	V2_backward_weighted_neighbor_entropy_changes	scalar	scalar	True	True	True	0	float64	float64
1l63A	N144E	143	center_neighbor_weight_check_m_w	scalar	scalar	True	True	True	0	float64	float64
1l63A	N144E	143	center_neighbor_weight_check_w_m	scalar	scalar	True	True	True	0	float64	float64
1l63A	N144E	143	neighbor_embedding_change_m_w	scalar	scalar	True	True	True	0	float32	float32
1l63A	N144E	143	neighbor_embedding_change_m_w_raw	15x128	15x128	True	True	True	0	float32	float32
1l63A	N144E	143	neighbor_message_change_m_w	scalar	scalar	True	False	True	2.98023223877e-08	float64	float64
1l63A	N144E	143	neighbor_message_change_m_w_raw	15x128x1	15x128x1	True	True	True	0	float64	float64
1l63A	N144E	143	unweighted_backward_KL	scalar	scalar	True	True	True	0	float32	float32
1l63A	N144E	143	unweighted_forward_KL	scalar	scalar	True	True	True	0	float32	float32
1l63A	N144E	143	wild_pssm	scalar	scalar	True	True	True	0	float64	float64
1l63A	N144E	143	alternate_pssm	scalar	scalar	True	True	True	0	float64	float64
1l63A	V149A	148	center_mut_wild_energy	scalar	scalar	True	False	True	2.38418579102e-07	float64	float32
1l63A	V149A	148	center_mut_max_energy	scalar	scalar	True	False	True	2.38418579102e-07	float64	float32
1l63A	V149A	148	center_entropy	scalar	scalar	True	True	True	0	float64	float32
1l63A	V149A	148	weighted_neighbor_entropies	scalar	scalar	True	False	True	2.38418579102e-07	float32	float32
1l63A	V149A	148	weighted_neighbor_energy_changes	scalar	scalar	True	False	True	3.61169327334e-07	float64	float32
1l63A	V149A	148	backward_weighted_neighbor_energy_changes	scalar	scalar	True	False	True	1.33523652579e-07	float64	float32
1l63A	V149A	148	V2_backward_weighted_neighbor_energy_changes	scalar	scalar	True	False	True	2.78119820507e-07	float64	float32
1l63A	V149A	148	weighted_neighbor_forward_KL	scalar	scalar	True	True	True	0	float32	float32
1l63A	V149A	148	weighted_neighbor_backward_KL	scalar	scalar	True	True	True	0	float32	float32
1l63A	V149A	148	backward_weighted_neighbor_backward_KL	scalar	scalar	True	True	True	0	float32	float32
1l63A	V149A	148	V2_backward_weighted_neighbor_backward_KL	scalar	scalar	True	True	True	0	float32	float32
1l63A	V149A	148	weighted_neighbor_entropy_changes	scalar	scalar	True	True	True	0	float32	float32
1l63A	V149A	148	backward_weighted_neighbor_entropy_changes	scalar	scalar	True	True	True	0	float32	float32
1l63A	V149A	148	V2_backward_weighted_neighbor_entropy_changes	scalar	scalar	True	True	True	0	float32	float32
1l63A	V149A	148	center_neighbor_weight_check_m_w	scalar	scalar	True	True	True	0	float32	float32
1l63A	V149A	148	center_neighbor_weight_check_w_m	scalar	scalar	True	True	True	0	float32	float32
1l63A	V149A	148	neighbor_embedding_change_m_w	scalar	scalar	True	True	True	0	float32	float32
1l63A	V149A	148	neighbor_embedding_change_m_w_raw	15x128	15x128	True	True	True	0	float32	float32
1l63A	V149A	148	neighbor_message_change_m_w	scalar	scalar	True	True	True	0	float32	float32
1l63A	V149A	148	neighbor_message_change_m_w_raw	15x128x1	15x128x1	True	True	True	0	float32	float32
1l63A	V149A	148	unweighted_backward_KL	scalar	scalar	True	True	True	0	float32	float32
1l63A	V149A	148	unweighted_forward_KL	scalar	scalar	True	True	True	0	float32	float32
1l63A	V149A	148	wild_pssm	scalar	scalar	True	True	True	0	float64	float64
1l63A	V149A	148	alternate_pssm	scalar	scalar	True	True	True	0	float64	float64
1l63A	V149C	148	center_mut_wild_energy	scalar	scalar	True	False	True	5.96046447754e-08	float64	float32
1l63A	V149C	148	center_mut_max_energy	scalar	scalar	True	False	True	5.96046447754e-08	float64	float32
1l63A	V149C	148	center_entropy	scalar	scalar	True	True	True	0	float64	float32
1l63A	V149C	148	weighted_neighbor_entropies	scalar	scalar	True	True	True	0	float32	float32
1l63A	V149C	148	weighted_neighbor_energy_changes	scalar	scalar	True	False	True	3.36872346907e-07	float64	float32
1l63A	V149C	148	backward_weighted_neighbor_energy_changes	scalar	scalar	True	False	True	2.45602091553e-07	float64	float32
1l63A	V149C	148	V2_backward_weighted_neighbor_energy_changes	scalar	scalar	True	False	True	1.79737382311e-07	float64	float32
1l63A	V149C	148	weighted_neighbor_forward_KL	scalar	scalar	True	True	True	0	float32	float32
1l63A	V149C	148	weighted_neighbor_backward_KL	scalar	scalar	True	True	True	0	float32	float32
1l63A	V149C	148	backward_weighted_neighbor_backward_KL	scalar	scalar	True	True	True	0	float32	float32
1l63A	V149C	148	V2_backward_weighted_neighbor_backward_KL	scalar	scalar	True	True	True	0	float32	float32
1l63A	V149C	148	weighted_neighbor_entropy_changes	scalar	scalar	True	True	True	0	float32	float32
1l63A	V149C	148	backward_weighted_neighbor_entropy_changes	scalar	scalar	True	True	True	0	float32	float32
1l63A	V149C	148	V2_backward_weighted_neighbor_entropy_changes	scalar	scalar	True	True	True	0	float32	float32
1l63A	V149C	148	center_neighbor_weight_check_m_w	scalar	scalar	True	True	True	0	float32	float32
1l63A	V149C	148	center_neighbor_weight_check_w_m	scalar	scalar	True	True	True	0	float32	float32
1l63A	V149C	148	neighbor_embedding_change_m_w	scalar	scalar	True	True	True	0	float32	float32
1l63A	V149C	148	neighbor_embedding_change_m_w_raw	15x128	15x128	True	True	True	0	float32	float32
1l63A	V149C	148	neighbor_message_change_m_w	scalar	scalar	True	True	True	0	float32	float32
1l63A	V149C	148	neighbor_message_change_m_w_raw	15x128x1	15x128x1	True	True	True	0	float32	float32
1l63A	V149C	148	unweighted_backward_KL	scalar	scalar	True	True	True	0	float32	float32
1l63A	V149C	148	unweighted_forward_KL	scalar	scalar	True	True	True	0	float32	float32
1l63A	V149C	148	wild_pssm	scalar	scalar	True	True	True	0	float64	float64
1l63A	V149C	148	alternate_pssm	scalar	scalar	True	True	True	0	float64	float64
1l63A	V149G	148	center_mut_wild_energy	scalar	scalar	True	False	True	1.19209289551e-07	float64	float32
1l63A	V149G	148	center_mut_max_energy	scalar	scalar	True	False	True	1.19209289551e-07	float64	float32
1l63A	V149G	148	center_entropy	scalar	scalar	True	True	True	0	float64	float32
1l63A	V149G	148	weighted_neighbor_entropies	scalar	scalar	True	False	True	1.19209289551e-07	float32	float32
1l63A	V149G	148	weighted_neighbor_energy_changes	scalar	scalar	True	False	True	3.48671242989e-08	float64	float32
1l63A	V149G	148	backward_weighted_neighbor_energy_changes	scalar	scalar	True	False	True	7.70953629825e-08	float64	float32
1l63A	V149G	148	V2_backward_weighted_neighbor_energy_changes	scalar	scalar	True	False	True	4.44965708724e-07	float64	float32
1l63A	V149G	148	weighted_neighbor_forward_KL	scalar	scalar	True	True	True	0	float32	float32
1l63A	V149G	148	weighted_neighbor_backward_KL	scalar	scalar	True	True	True	0	float32	float32
1l63A	V149G	148	backward_weighted_neighbor_backward_KL	scalar	scalar	True	True	True	0	float32	float32
1l63A	V149G	148	V2_backward_weighted_neighbor_backward_KL	scalar	scalar	True	True	True	0	float32	float32
1l63A	V149G	148	weighted_neighbor_entropy_changes	scalar	scalar	True	True	True	0	float32	float32
1l63A	V149G	148	backward_weighted_neighbor_entropy_changes	scalar	scalar	True	True	True	0	float32	float32
1l63A	V149G	148	V2_backward_weighted_neighbor_entropy_changes	scalar	scalar	True	True	True	0	float32	float32
1l63A	V149G	148	center_neighbor_weight_check_m_w	scalar	scalar	True	True	True	0	float32	float32
1l63A	V149G	148	center_neighbor_weight_check_w_m	scalar	scalar	True	True	True	0	float32	float32
1l63A	V149G	148	neighbor_embedding_change_m_w	scalar	scalar	True	True	True	0	float32	float32
1l63A	V149G	148	neighbor_embedding_change_m_w_raw	15x128	15x128	True	True	True	0	float32	float32
1l63A	V149G	148	neighbor_message_change_m_w	scalar	scalar	True	True	True	0	float32	float32
1l63A	V149G	148	neighbor_message_change_m_w_raw	15x128x1	15x128x1	True	True	True	0	float32	float32
1l63A	V149G	148	unweighted_backward_KL	scalar	scalar	True	True	True	0	float32	float32
1l63A	V149G	148	unweighted_forward_KL	scalar	scalar	True	True	True	0	float32	float32
1l63A	V149G	148	wild_pssm	scalar	scalar	True	True	True	0	float64	float64
1l63A	V149G	148	alternate_pssm	scalar	scalar	True	True	True	0	float64	float64
1l63A	V149I	148	center_mut_wild_energy	scalar	scalar	True	True	True	0	float64	float32
1l63A	V149I	148	center_mut_max_energy	scalar	scalar	True	True	True	0	float64	float32
1l63A	V149I	148	center_entropy	scalar	scalar	True	True	True	0	float64	float32
1l63A	V149I	148	weighted_neighbor_entropies	scalar	scalar	True	False	True	3.57627868652e-07	float32	float32
1l63A	V149I	148	weighted_neighbor_energy_changes	scalar	scalar	True	False	True	1.96029645849e-08	float64	float32
1l63A	V149I	148	backward_weighted_neighbor_energy_changes	scalar	scalar	True	False	True	1.57774323384e-07	float64	float32
1l63A	V149I	148	V2_backward_weighted_neighbor_energy_changes	scalar	scalar	True	False	True	3.7577407852e-08	float64	float32
1l63A	V149I	148	weighted_neighbor_forward_KL	scalar	scalar	True	True	True	0	float32	float32
1l63A	V149I	148	weighted_neighbor_backward_KL	scalar	scalar	True	True	True	0	float32	float32
1l63A	V149I	148	backward_weighted_neighbor_backward_KL	scalar	scalar	True	True	True	0	float32	float32
1l63A	V149I	148	V2_backward_weighted_neighbor_backward_KL	scalar	scalar	True	True	True	0	float32	float32
1l63A	V149I	148	weighted_neighbor_entropy_changes	scalar	scalar	True	True	True	0	float32	float32
1l63A	V149I	148	backward_weighted_neighbor_entropy_changes	scalar	scalar	True	True	True	0	float32	float32
1l63A	V149I	148	V2_backward_weighted_neighbor_entropy_changes	scalar	scalar	True	True	True	0	float32	float32
1l63A	V149I	148	center_neighbor_weight_check_m_w	scalar	scalar	True	True	True	0	float32	float32
1l63A	V149I	148	center_neighbor_weight_check_w_m	scalar	scalar	True	True	True	0	float32	float32
1l63A	V149I	148	neighbor_embedding_change_m_w	scalar	scalar	True	True	True	0	float32	float32
1l63A	V149I	148	neighbor_embedding_change_m_w_raw	15x128	15x128	True	True	True	0	float32	float32
1l63A	V149I	148	neighbor_message_change_m_w	scalar	scalar	True	True	True	0	float32	float32
1l63A	V149I	148	neighbor_message_change_m_w_raw	15x128x1	15x128x1	True	True	True	0	float32	float32
1l63A	V149I	148	unweighted_backward_KL	scalar	scalar	True	True	True	0	float32	float32
1l63A	V149I	148	unweighted_forward_KL	scalar	scalar	True	True	True	0	float32	float32
1l63A	V149I	148	wild_pssm	scalar	scalar	True	True	True	0	float64	float64
1l63A	V149I	148	alternate_pssm	scalar	scalar	True	True	True	0	float64	float64
1l63A	V149M	148	center_mut_wild_energy	scalar	scalar	True	False	True	2.38418579102e-07	float64	float32
1l63A	V149M	148	center_mut_max_energy	scalar	scalar	True	False	True	2.38418579102e-07	float64	float32
1l63A	V149M	148	center_entropy	scalar	scalar	True	True	True	0	float64	float32
1l63A	V149M	148	weighted_neighbor_entropies	scalar	scalar	True	True	True	0	float32	float32
1l63A	V149M	148	weighted_neighbor_energy_changes	scalar	scalar	True	False	True	4.92417060904e-07	float64	float32
1l63A	V149M	148	backward_weighted_neighbor_energy_changes	scalar	scalar	True	False	True	5.87440318611e-09	float64	float32
1l63A	V149M	148	V2_backward_weighted_neighbor_energy_changes	scalar	scalar	True	False	True	3.59000722483e-08	float64	float32
1l63A	V149M	148	weighted_neighbor_forward_KL	scalar	scalar	True	True	True	0	float32	float32
1l63A	V149M	148	weighted_neighbor_backward_KL	scalar	scalar	True	True	True	0	float32	float32
1l63A	V149M	148	backward_weighted_neighbor_backward_KL	scalar	scalar	True	True	True	0	float32	float32
1l63A	V149M	148	V2_backward_weighted_neighbor_backward_KL	scalar	scalar	True	True	True	0	float32	float32
1l63A	V149M	148	weighted_neighbor_entropy_changes	scalar	scalar	True	True	True	0	float32	float32
1l63A	V149M	148	backward_weighted_neighbor_entropy_changes	scalar	scalar	True	True	True	0	float32	float32
1l63A	V149M	148	V2_backward_weighted_neighbor_entropy_changes	scalar	scalar	True	True	True	0	float32	float32
1l63A	V149M	148	center_neighbor_weight_check_m_w	scalar	scalar	True	True	True	0	float32	float32
1l63A	V149M	148	center_neighbor_weight_check_w_m	scalar	scalar	True	True	True	0	float32	float32
1l63A	V149M	148	neighbor_embedding_change_m_w	scalar	scalar	True	False	True	9.53674316406e-07	float32	float32
1l63A	V149M	148	neighbor_embedding_change_m_w_raw	15x128	15x128	True	True	True	0	float32	float32
1l63A	V149M	148	neighbor_message_change_m_w	scalar	scalar	True	True	True	0	float32	float32
1l63A	V149M	148	neighbor_message_change_m_w_raw	15x128x1	15x128x1	True	True	True	0	float32	float32
1l63A	V149M	148	unweighted_backward_KL	scalar	scalar	True	True	True	0	float32	float32
1l63A	V149M	148	unweighted_forward_KL	scalar	scalar	True	True	True	0	float32	float32
1l63A	V149M	148	wild_pssm	scalar	scalar	True	True	True	0	float64	float64
1l63A	V149M	148	alternate_pssm	scalar	scalar	True	True	True	0	float64	float64
1l63A	V149T	148	center_mut_wild_energy	scalar	scalar	True	True	True	0	float64	float32
1l63A	V149T	148	center_mut_max_energy	scalar	scalar	True	True	True	0	float64	float32
1l63A	V149T	148	center_entropy	scalar	scalar	True	True	True	0	float64	float32
1l63A	V149T	148	weighted_neighbor_entropies	scalar	scalar	True	False	True	1.19209289551e-07	float32	float32
1l63A	V149T	148	weighted_neighbor_energy_changes	scalar	scalar	True	False	True	1.30905729812e-07	float64	float32
1l63A	V149T	148	backward_weighted_neighbor_energy_changes	scalar	scalar	True	False	True	8.34994473564e-09	float64	float32
1l63A	V149T	148	V2_backward_weighted_neighbor_energy_changes	scalar	scalar	True	False	True	1.27938154293e-07	float64	float32
1l63A	V149T	148	weighted_neighbor_forward_KL	scalar	scalar	True	True	True	0	float32	float32
1l63A	V149T	148	weighted_neighbor_backward_KL	scalar	scalar	True	True	True	0	float32	float32
1l63A	V149T	148	backward_weighted_neighbor_backward_KL	scalar	scalar	True	True	True	0	float32	float32
1l63A	V149T	148	V2_backward_weighted_neighbor_backward_KL	scalar	scalar	True	True	True	0	float32	float32
1l63A	V149T	148	weighted_neighbor_entropy_changes	scalar	scalar	True	True	True	0	float32	float32
1l63A	V149T	148	backward_weighted_neighbor_entropy_changes	scalar	scalar	True	True	True	0	float32	float32
1l63A	V149T	148	V2_backward_weighted_neighbor_entropy_changes	scalar	scalar	True	True	True	0	float32	float32
1l63A	V149T	148	center_neighbor_weight_check_m_w	scalar	scalar	True	True	True	0	float32	float32
1l63A	V149T	148	center_neighbor_weight_check_w_m	scalar	scalar	True	True	True	0	float32	float32
1l63A	V149T	148	neighbor_embedding_change_m_w	scalar	scalar	True	True	True	0	float32	float32
1l63A	V149T	148	neighbor_embedding_change_m_w_raw	15x128	15x128	True	True	True	0	float32	float32
1l63A	V149T	148	neighbor_message_change_m_w	scalar	scalar	True	True	True	0	float32	float32
1l63A	V149T	148	neighbor_message_change_m_w_raw	15x128x1	15x128x1	True	True	True	0	float32	float32
1l63A	V149T	148	unweighted_backward_KL	scalar	scalar	True	True	True	0	float32	float32
1l63A	V149T	148	unweighted_forward_KL	scalar	scalar	True	True	True	0	float32	float32
1l63A	V149T	148	wild_pssm	scalar	scalar	True	True	True	0	float64	float64
1l63A	V149T	148	alternate_pssm	scalar	scalar	True	True	True	0	float64	float64
1l63A	V149S	148	center_mut_wild_energy	scalar	scalar	True	False	True	1.78813934326e-07	float64	float32
1l63A	V149S	148	center_mut_max_energy	scalar	scalar	True	False	True	1.78813934326e-07	float64	float32
1l63A	V149S	148	center_entropy	scalar	scalar	True	True	True	0	float64	float32
1l63A	V149S	148	weighted_neighbor_entropies	scalar	scalar	True	False	True	1.19209289551e-07	float32	float32
1l63A	V149S	148	weighted_neighbor_energy_changes	scalar	scalar	True	False	True	3.82813887256e-08	float64	float32
1l63A	V149S	148	backward_weighted_neighbor_energy_changes	scalar	scalar	True	False	True	2.73726641353e-09	float64	float32
1l63A	V149S	148	V2_backward_weighted_neighbor_energy_changes	scalar	scalar	True	False	True	1.95872514652e-07	float64	float32
1l63A	V149S	148	weighted_neighbor_forward_KL	scalar	scalar	True	True	True	0	float32	float32
1l63A	V149S	148	weighted_neighbor_backward_KL	scalar	scalar	True	True	True	0	float32	float32
1l63A	V149S	148	backward_weighted_neighbor_backward_KL	scalar	scalar	True	True	True	0	float32	float32
1l63A	V149S	148	V2_backward_weighted_neighbor_backward_KL	scalar	scalar	True	True	True	0	float32	float32
1l63A	V149S	148	weighted_neighbor_entropy_changes	scalar	scalar	True	True	True	0	float32	float32
1l63A	V149S	148	backward_weighted_neighbor_entropy_changes	scalar	scalar	True	True	True	0	float32	float32
1l63A	V149S	148	V2_backward_weighted_neighbor_entropy_changes	scalar	scalar	True	True	True	0	float32	float32
1l63A	V149S	148	center_neighbor_weight_check_m_w	scalar	scalar	True	True	True	0	float32	float32
1l63A	V149S	148	center_neighbor_weight_check_w_m	scalar	scalar	True	True	True	0	float32	float32
1l63A	V149S	148	neighbor_embedding_change_m_w	scalar	scalar	True	True	True	0	float32	float32
1l63A	V149S	148	neighbor_embedding_change_m_w_raw	15x128	15x128	True	True	True	0	float32	float32
1l63A	V149S	148	neighbor_message_change_m_w	scalar	scalar	True	True	True	0	float32	float32
1l63A	V149S	148	neighbor_message_change_m_w_raw	15x128x1	15x128x1	True	True	True	0	float32	float32
1l63A	V149S	148	unweighted_backward_KL	scalar	scalar	True	True	True	0	float32	float32
1l63A	V149S	148	unweighted_forward_KL	scalar	scalar	True	True	True	0	float32	float32
1l63A	V149S	148	wild_pssm	scalar	scalar	True	True	True	0	float64	float64
1l63A	V149S	148	alternate_pssm	scalar	scalar	True	True	True	0	float64	float64
1l63A	T152A	151	center_mut_wild_energy	scalar	scalar	True	False	True	5.96046447754e-08	float64	float32
1l63A	T152A	151	center_mut_max_energy	scalar	scalar	True	False	True	5.96046447754e-08	float64	float32
1l63A	T152A	151	center_entropy	scalar	scalar	True	True	True	0	float64	float32
1l63A	T152A	151	weighted_neighbor_entropies	scalar	scalar	True	False	True	4.76837158203e-07	float32	float32
1l63A	T152A	151	weighted_neighbor_energy_changes	scalar	scalar	True	False	True	1.91064407851e-07	float64	float32
1l63A	T152A	151	backward_weighted_neighbor_energy_changes	scalar	scalar	True	False	True	5.26259178457e-08	float64	float32
1l63A	T152A	151	V2_backward_weighted_neighbor_energy_changes	scalar	scalar	True	False	True	1.20281010929e-07	float64	float32
1l63A	T152A	151	weighted_neighbor_forward_KL	scalar	scalar	True	True	True	0	float32	float32
1l63A	T152A	151	weighted_neighbor_backward_KL	scalar	scalar	True	True	True	0	float32	float32
1l63A	T152A	151	backward_weighted_neighbor_backward_KL	scalar	scalar	True	True	True	0	float32	float32
1l63A	T152A	151	V2_backward_weighted_neighbor_backward_KL	scalar	scalar	True	True	True	0	float32	float32
1l63A	T152A	151	weighted_neighbor_entropy_changes	scalar	scalar	True	True	True	0	float32	float32
1l63A	T152A	151	backward_weighted_neighbor_entropy_changes	scalar	scalar	True	True	True	0	float32	float32
1l63A	T152A	151	V2_backward_weighted_neighbor_entropy_changes	scalar	scalar	True	True	True	0	float32	float32
1l63A	T152A	151	center_neighbor_weight_check_m_w	scalar	scalar	True	True	True	0	float32	float32
1l63A	T152A	151	center_neighbor_weight_check_w_m	scalar	scalar	True	True	True	0	float32	float32
1l63A	T152A	151	neighbor_embedding_change_m_w	scalar	scalar	True	True	True	0	float32	float32
1l63A	T152A	151	neighbor_embedding_change_m_w_raw	15x128	15x128	True	True	True	0	float32	float32
1l63A	T152A	151	neighbor_message_change_m_w	scalar	scalar	True	True	True	0	float32	float32
1l63A	T152A	151	neighbor_message_change_m_w_raw	15x128x1	15x128x1	True	True	True	0	float32	float32
1l63A	T152A	151	unweighted_backward_KL	scalar	scalar	True	True	True	0	float32	float32
1l63A	T152A	151	unweighted_forward_KL	scalar	scalar	True	True	True	0	float32	float32
1l63A	T152A	151	wild_pssm	scalar	scalar	True	True	True	0	float64	float64
1l63A	T152A	151	alternate_pssm	scalar	scalar	True	True	True	0	float64	float64
1l63A	T152C	151	center_mut_wild_energy	scalar	scalar	True	True	True	0	float64	float32
1l63A	T152C	151	center_mut_max_energy	scalar	scalar	True	True	True	0	float64	float32
1l63A	T152C	151	center_entropy	scalar	scalar	True	True	True	0	float64	float32
1l63A	T152C	151	weighted_neighbor_entropies	scalar	scalar	True	False	True	2.38418579102e-07	float32	float32
1l63A	T152C	151	weighted_neighbor_energy_changes	scalar	scalar	True	False	True	1.23062072532e-07	float64	float32
1l63A	T152C	151	backward_weighted_neighbor_energy_changes	scalar	scalar	True	False	True	1.31174875406e-07	float64	float32
1l63A	T152C	151	V2_backward_weighted_neighbor_energy_changes	scalar	scalar	True	False	True	9.82291901153e-08	float64	float32
1l63A	T152C	151	weighted_neighbor_forward_KL	scalar	scalar	True	True	True	0	float32	float32
1l63A	T152C	151	weighted_neighbor_backward_KL	scalar	scalar	True	True	True	0	float32	float32
1l63A	T152C	151	backward_weighted_neighbor_backward_KL	scalar	scalar	True	True	True	0	float32	float32
1l63A	T152C	151	V2_backward_weighted_neighbor_backward_KL	scalar	scalar	True	True	True	0	float32	float32
1l63A	T152C	151	weighted_neighbor_entropy_changes	scalar	scalar	True	True	True	0	float32	float32
1l63A	T152C	151	backward_weighted_neighbor_entropy_changes	scalar	scalar	True	True	True	0	float32	float32
1l63A	T152C	151	V2_backward_weighted_neighbor_entropy_changes	scalar	scalar	True	True	True	0	float32	float32
1l63A	T152C	151	center_neighbor_weight_check_m_w	scalar	scalar	True	True	True	0	float32	float32
1l63A	T152C	151	center_neighbor_weight_check_w_m	scalar	scalar	True	True	True	0	float32	float32
1l63A	T152C	151	neighbor_embedding_change_m_w	scalar	scalar	True	True	True	0	float32	float32
1l63A	T152C	151	neighbor_embedding_change_m_w_raw	15x128	15x128	True	True	True	0	float32	float32
1l63A	T152C	151	neighbor_message_change_m_w	scalar	scalar	True	True	True	0	float32	float32
1l63A	T152C	151	neighbor_message_change_m_w_raw	15x128x1	15x128x1	True	True	True	0	float32	float32
1l63A	T152C	151	unweighted_backward_KL	scalar	scalar	True	True	True	0	float32	float32
1l63A	T152C	151	unweighted_forward_KL	scalar	scalar	True	True	True	0	float32	float32
1l63A	T152C	151	wild_pssm	scalar	scalar	True	True	True	0	float64	float64
1l63A	T152C	151	alternate_pssm	scalar	scalar	True	True	True	0	float64	float64
1l63A	T152I	151	center_mut_wild_energy	scalar	scalar	True	False	True	1.19209289551e-07	float64	float32
1l63A	T152I	151	center_mut_max_energy	scalar	scalar	True	False	True	1.19209289551e-07	float64	float32
1l63A	T152I	151	center_entropy	scalar	scalar	True	True	True	0	float64	float32
1l63A	T152I	151	weighted_neighbor_entropies	scalar	scalar	True	False	True	2.38418579102e-07	float32	float32
1l63A	T152I	151	weighted_neighbor_energy_changes	scalar	scalar	True	False	True	1.89619406399e-07	float64	float32
1l63A	T152I	151	backward_weighted_neighbor_energy_changes	scalar	scalar	True	False	True	2.85512511411e-07	float64	float32
1l63A	T152I	151	V2_backward_weighted_neighbor_energy_changes	scalar	scalar	True	False	True	2.85610237682e-08	float64	float32
1l63A	T152I	151	weighted_neighbor_forward_KL	scalar	scalar	True	True	True	0	float32	float32
1l63A	T152I	151	weighted_neighbor_backward_KL	scalar	scalar	True	True	True	0	float32	float32
1l63A	T152I	151	backward_weighted_neighbor_backward_KL	scalar	scalar	True	True	True	0	float32	float32
1l63A	T152I	151	V2_backward_weighted_neighbor_backward_KL	scalar	scalar	True	True	True	0	float32	float32
1l63A	T152I	151	weighted_neighbor_entropy_changes	scalar	scalar	True	True	True	0	float32	float32
1l63A	T152I	151	backward_weighted_neighbor_entropy_changes	scalar	scalar	True	True	True	0	float32	float32
1l63A	T152I	151	V2_backward_weighted_neighbor_entropy_changes	scalar	scalar	True	True	True	0	float32	float32
1l63A	T152I	151	center_neighbor_weight_check_m_w	scalar	scalar	True	True	True	0	float32	float32
1l63A	T152I	151	center_neighbor_weight_check_w_m	scalar	scalar	True	True	True	0	float32	float32
1l63A	T152I	151	neighbor_embedding_change_m_w	scalar	scalar	True	True	True	0	float32	float32
1l63A	T152I	151	neighbor_embedding_change_m_w_raw	15x128	15x128	True	True	True	0	float32	float32
1l63A	T152I	151	neighbor_message_change_m_w	scalar	scalar	True	False	True	4.76837158203e-07	float32	float32
1l63A	T152I	151	neighbor_message_change_m_w_raw	15x128x1	15x128x1	True	True	True	0	float32	float32
1l63A	T152I	151	unweighted_backward_KL	scalar	scalar	True	True	True	0	float32	float32
1l63A	T152I	151	unweighted_forward_KL	scalar	scalar	True	True	True	0	float32	float32
1l63A	T152I	151	wild_pssm	scalar	scalar	True	True	True	0	float64	float64
1l63A	T152I	151	alternate_pssm	scalar	scalar	True	True	True	0	float64	float64
1l63A	T152S	151	center_mut_wild_energy	scalar	scalar	True	False	True	2.38418579102e-07	float64	float32
1l63A	T152S	151	center_mut_max_energy	scalar	scalar	True	False	True	2.38418579102e-07	float64	float32
1l63A	T152S	151	center_entropy	scalar	scalar	True	True	True	0	float64	float32
1l63A	T152S	151	weighted_neighbor_entropies	scalar	scalar	True	False	True	2.38418579102e-07	float32	float32
1l63A	T152S	151	weighted_neighbor_energy_changes	scalar	scalar	True	False	True	2.17075417197e-07	float64	float32
1l63A	T152S	151	backward_weighted_neighbor_energy_changes	scalar	scalar	True	False	True	1.46124344624e-07	float64	float32
1l63A	T152S	151	V2_backward_weighted_neighbor_energy_changes	scalar	scalar	True	False	True	1.19619761207e-07	float64	float32
1l63A	T152S	151	weighted_neighbor_forward_KL	scalar	scalar	True	True	True	0	float32	float32
1l63A	T152S	151	weighted_neighbor_backward_KL	scalar	scalar	True	True	True	0	float32	float32
1l63A	T152S	151	backward_weighted_neighbor_backward_KL	scalar	scalar	True	True	True	0	float32	float32
1l63A	T152S	151	V2_backward_weighted_neighbor_backward_KL	scalar	scalar	True	True	True	0	float32	float32
1l63A	T152S	151	weighted_neighbor_entropy_changes	scalar	scalar	True	True	True	0	float32	float32
1l63A	T152S	151	backward_weighted_neighbor_entropy_changes	scalar	scalar	True	True	True	0	float32	float32
1l63A	T152S	151	V2_backward_weighted_neighbor_entropy_changes	scalar	scalar	True	True	True	0	float32	float32
1l63A	T152S	151	center_neighbor_weight_check_m_w	scalar	scalar	True	True	True	0	float32	float32
1l63A	T152S	151	center_neighbor_weight_check_w_m	scalar	scalar	True	True	True	0	float32	float32
1l63A	T152S	151	neighbor_embedding_change_m_w	scalar	scalar	True	True	True	0	float32	float32
1l63A	T152S	151	neighbor_embedding_change_m_w_raw	15x128	15x128	True	True	True	0	float32	float32
1l63A	T152S	151	neighbor_message_change_m_w	scalar	scalar	True	True	True	0	float32	float32
1l63A	T152S	151	neighbor_message_change_m_w_raw	15x128x1	15x128x1	True	True	True	0	float32	float32
1l63A	T152S	151	unweighted_backward_KL	scalar	scalar	True	True	True	0	float32	float32
1l63A	T152S	151	unweighted_forward_KL	scalar	scalar	True	True	True	0	float32	float32
1l63A	T152S	151	wild_pssm	scalar	scalar	True	True	True	0	float64	float64
1l63A	T152S	151	alternate_pssm	scalar	scalar	True	True	True	0	float64	float64
1l63A	T152V	151	center_mut_wild_energy	scalar	scalar	True	False	True	5.96046447754e-08	float64	float32
1l63A	T152V	151	center_mut_max_energy	scalar	scalar	True	False	True	5.96046447754e-08	float64	float32
1l63A	T152V	151	center_entropy	scalar	scalar	True	True	True	0	float64	float32
1l63A	T152V	151	weighted_neighbor_entropies	scalar	scalar	True	False	True	1.19209289551e-07	float32	float32
1l63A	T152V	151	weighted_neighbor_energy_changes	scalar	scalar	True	False	True	3.00796916264e-08	float64	float32
1l63A	T152V	151	backward_weighted_neighbor_energy_changes	scalar	scalar	True	False	True	1.77517797795e-07	float64	float32
1l63A	T152V	151	V2_backward_weighted_neighbor_energy_changes	scalar	scalar	True	False	True	3.85152914895e-07	float64	float32
1l63A	T152V	151	weighted_neighbor_forward_KL	scalar	scalar	True	True	True	0	float32	float32
1l63A	T152V	151	weighted_neighbor_backward_KL	scalar	scalar	True	True	True	0	float32	float32
1l63A	T152V	151	backward_weighted_neighbor_backward_KL	scalar	scalar	True	True	True	0	float32	float32
1l63A	T152V	151	V2_backward_weighted_neighbor_backward_KL	scalar	scalar	True	True	True	0	float32	float32
1l63A	T152V	151	weighted_neighbor_entropy_changes	scalar	scalar	True	True	True	0	float32	float32
1l63A	T152V	151	backward_weighted_neighbor_entropy_changes	scalar	scalar	True	True	True	0	float32	float32
1l63A	T152V	151	V2_backward_weighted_neighbor_entropy_changes	scalar	scalar	True	True	True	0	float32	float32
1l63A	T152V	151	center_neighbor_weight_check_m_w	scalar	scalar	True	True	True	0	float32	float32
1l63A	T152V	151	center_neighbor_weight_check_w_m	scalar	scalar	True	True	True	0	float32	float32
1l63A	T152V	151	neighbor_embedding_change_m_w	scalar	scalar	True	True	True	0	float32	float32
1l63A	T152V	151	neighbor_embedding_change_m_w_raw	15x128	15x128	True	True	True	0	float32	float32
1l63A	T152V	151	neighbor_message_change_m_w	scalar	scalar	True	True	True	0	float32	float32
1l63A	T152V	151	neighbor_message_change_m_w_raw	15x128x1	15x128x1	True	True	True	0	float32	float32
1l63A	T152V	151	unweighted_backward_KL	scalar	scalar	True	True	True	0	float32	float32
1l63A	T152V	151	unweighted_forward_KL	scalar	scalar	True	True	True	0	float32	float32
1l63A	T152V	151	wild_pssm	scalar	scalar	True	True	True	0	float64	float64
1l63A	T152V	151	alternate_pssm	scalar	scalar	True	True	True	0	float64	float64
1l63A	F153A	152	center_mut_wild_energy	scalar	scalar	True	False	True	1.49011611938e-08	float64	float32
1l63A	F153A	152	center_mut_max_energy	scalar	scalar	True	False	True	1.49011611938e-08	float64	float32
1l63A	F153A	152	center_entropy	scalar	scalar	True	True	True	0	float64	float32
1l63A	F153A	152	weighted_neighbor_entropies	scalar	scalar	True	True	True	0	float32	float32
1l63A	F153A	152	weighted_neighbor_energy_changes	scalar	scalar	True	False	True	1.34896986026e-07	float64	float32
1l63A	F153A	152	backward_weighted_neighbor_energy_changes	scalar	scalar	True	False	True	3.00933580277e-07	float64	float32
1l63A	F153A	152	V2_backward_weighted_neighbor_energy_changes	scalar	scalar	True	False	True	1.26654191135e-07	float64	float32
1l63A	F153A	152	weighted_neighbor_forward_KL	scalar	scalar	True	True	True	0	float32	float32
1l63A	F153A	152	weighted_neighbor_backward_KL	scalar	scalar	True	True	True	0	float32	float32
1l63A	F153A	152	backward_weighted_neighbor_backward_KL	scalar	scalar	True	True	True	0	float32	float32
1l63A	F153A	152	V2_backward_weighted_neighbor_backward_KL	scalar	scalar	True	True	True	0	float32	float32
1l63A	F153A	152	weighted_neighbor_entropy_changes	scalar	scalar	True	True	True	0	float32	float32
1l63A	F153A	152	backward_weighted_neighbor_entropy_changes	scalar	scalar	True	True	True	0	float32	float32
1l63A	F153A	152	V2_backward_weighted_neighbor_entropy_changes	scalar	scalar	True	True	True	0	float32	float32
1l63A	F153A	152	center_neighbor_weight_check_m_w	scalar	scalar	True	True	True	0	float32	float32
1l63A	F153A	152	center_neighbor_weight_check_w_m	scalar	scalar	True	True	True	0	float32	float32
1l63A	F153A	152	neighbor_embedding_change_m_w	scalar	scalar	True	True	True	0	float32	float32
1l63A	F153A	152	neighbor_embedding_change_m_w_raw	15x128	15x128	True	True	True	0	float32	float32
1l63A	F153A	152	neighbor_message_change_m_w	scalar	scalar	True	True	True	0	float32	float32
1l63A	F153A	152	neighbor_message_change_m_w_raw	15x128x1	15x128x1	True	True	True	0	float32	float32
1l63A	F153A	152	unweighted_backward_KL	scalar	scalar	True	True	True	0	float32	float32
1l63A	F153A	152	unweighted_forward_KL	scalar	scalar	True	True	True	0	float32	float32
1l63A	F153A	152	wild_pssm	scalar	scalar	True	True	True	0	float64	float64
1l63A	F153A	152	alternate_pssm	scalar	scalar	True	True	True	0	float64	float64
1l63A	F153I	152	center_mut_wild_energy	scalar	scalar	True	False	True	7.45058059692e-08	float64	float32
1l63A	F153I	152	center_mut_max_energy	scalar	scalar	True	False	True	7.45058059692e-08	float64	float32
1l63A	F153I	152	center_entropy	scalar	scalar	True	True	True	0	float64	float32
1l63A	F153I	152	weighted_neighbor_entropies	scalar	scalar	True	True	True	0	float32	float32
1l63A	F153I	152	weighted_neighbor_energy_changes	scalar	scalar	True	False	True	6.39270769653e-09	float64	float32
1l63A	F153I	152	backward_weighted_neighbor_energy_changes	scalar	scalar	True	False	True	9.1291150639e-08	float64	float32
1l63A	F153I	152	V2_backward_weighted_neighbor_energy_changes	scalar	scalar	True	False	True	3.25929550016e-08	float64	float32
1l63A	F153I	152	weighted_neighbor_forward_KL	scalar	scalar	True	True	True	0	float32	float32
1l63A	F153I	152	weighted_neighbor_backward_KL	scalar	scalar	True	True	True	0	float32	float32
1l63A	F153I	152	backward_weighted_neighbor_backward_KL	scalar	scalar	True	True	True	0	float32	float32
1l63A	F153I	152	V2_backward_weighted_neighbor_backward_KL	scalar	scalar	True	True	True	0	float32	float32
1l63A	F153I	152	weighted_neighbor_entropy_changes	scalar	scalar	True	True	True	0	float32	float32
1l63A	F153I	152	backward_weighted_neighbor_entropy_changes	scalar	scalar	True	True	True	0	float32	float32
1l63A	F153I	152	V2_backward_weighted_neighbor_entropy_changes	scalar	scalar	True	True	True	0	float32	float32
1l63A	F153I	152	center_neighbor_weight_check_m_w	scalar	scalar	True	True	True	0	float32	float32
1l63A	F153I	152	center_neighbor_weight_check_w_m	scalar	scalar	True	True	True	0	float32	float32
1l63A	F153I	152	neighbor_embedding_change_m_w	scalar	scalar	True	True	True	0	float32	float32
1l63A	F153I	152	neighbor_embedding_change_m_w_raw	15x128	15x128	True	True	True	0	float32	float32
1l63A	F153I	152	neighbor_message_change_m_w	scalar	scalar	True	True	True	0	float32	float32
1l63A	F153I	152	neighbor_message_change_m_w_raw	15x128x1	15x128x1	True	True	True	0	float32	float32
1l63A	F153I	152	unweighted_backward_KL	scalar	scalar	True	True	True	0	float32	float32
1l63A	F153I	152	unweighted_forward_KL	scalar	scalar	True	True	True	0	float32	float32
1l63A	F153I	152	wild_pssm	scalar	scalar	True	True	True	0	float64	float64
1l63A	F153I	152	alternate_pssm	scalar	scalar	True	True	True	0	float64	float64
1l63A	F153L	152	center_mut_wild_energy	scalar	scalar	True	False	True	1.49011611938e-08	float64	float32
1l63A	F153L	152	center_mut_max_energy	scalar	scalar	True	False	True	1.49011611938e-08	float64	float32
1l63A	F153L	152	center_entropy	scalar	scalar	True	True	True	0	float64	float32
1l63A	F153L	152	weighted_neighbor_entropies	scalar	scalar	True	False	True	2.38418579102e-07	float32	float32
1l63A	F153L	152	weighted_neighbor_energy_changes	scalar	scalar	True	False	True	9.43469040671e-08	float64	float32
1l63A	F153L	152	backward_weighted_neighbor_energy_changes	scalar	scalar	True	False	True	2.58885113347e-08	float64	float32
1l63A	F153L	152	V2_backward_weighted_neighbor_energy_changes	scalar	scalar	True	False	True	8.13688667556e-08	float64	float32
1l63A	F153L	152	weighted_neighbor_forward_KL	scalar	scalar	True	True	True	0	float32	float32
1l63A	F153L	152	weighted_neighbor_backward_KL	scalar	scalar	True	True	True	0	float32	float32
1l63A	F153L	152	backward_weighted_neighbor_backward_KL	scalar	scalar	True	True	True	0	float32	float32
1l63A	F153L	152	V2_backward_weighted_neighbor_backward_KL	scalar	scalar	True	True	True	0	float32	float32
1l63A	F153L	152	weighted_neighbor_entropy_changes	scalar	scalar	True	True	True	0	float32	float32
1l63A	F153L	152	backward_weighted_neighbor_entropy_changes	scalar	scalar	True	True	True	0	float32	float32
1l63A	F153L	152	V2_backward_weighted_neighbor_entropy_changes	scalar	scalar	True	True	True	0	float32	float32
1l63A	F153L	152	center_neighbor_weight_check_m_w	scalar	scalar	True	True	True	0	float32	float32
1l63A	F153L	152	center_neighbor_weight_check_w_m	scalar	scalar	True	True	True	0	float32	float32
1l63A	F153L	152	neighbor_embedding_change_m_w	scalar	scalar	True	True	True	0	float32	float32
1l63A	F153L	152	neighbor_embedding_change_m_w_raw	15x128	15x128	True	True	True	0	float32	float32
1l63A	F153L	152	neighbor_message_change_m_w	scalar	scalar	True	False	True	4.76837158203e-07	float32	float32
1l63A	F153L	152	neighbor_message_change_m_w_raw	15x128x1	15x128x1	True	True	True	0	float32	float32
1l63A	F153L	152	unweighted_backward_KL	scalar	scalar	True	True	True	0	float32	float32
1l63A	F153L	152	unweighted_forward_KL	scalar	scalar	True	True	True	0	float32	float32
1l63A	F153L	152	wild_pssm	scalar	scalar	True	True	True	0	float64	float64
1l63A	F153L	152	alternate_pssm	scalar	scalar	True	True	True	0	float64	float64
1l63A	F153M	152	center_mut_wild_energy	scalar	scalar	True	False	True	1.49011611938e-08	float64	float32
1l63A	F153M	152	center_mut_max_energy	scalar	scalar	True	False	True	1.49011611938e-08	float64	float32
1l63A	F153M	152	center_entropy	scalar	scalar	True	True	True	0	float64	float32
1l63A	F153M	152	weighted_neighbor_entropies	scalar	scalar	True	True	True	0	float32	float32
1l63A	F153M	152	weighted_neighbor_energy_changes	scalar	scalar	True	False	True	1.64677516068e-08	float64	float32
1l63A	F153M	152	backward_weighted_neighbor_energy_changes	scalar	scalar	True	False	True	1.48128628918e-07	float64	float32
1l63A	F153M	152	V2_backward_weighted_neighbor_energy_changes	scalar	scalar	True	False	True	9.77033920435e-09	float64	float32
1l63A	F153M	152	weighted_neighbor_forward_KL	scalar	scalar	True	True	True	0	float32	float32
1l63A	F153M	152	weighted_neighbor_backward_KL	scalar	scalar	True	True	True	0	float32	float32
1l63A	F153M	152	backward_weighted_neighbor_backward_KL	scalar	scalar	True	True	True	0	float32	float32
1l63A	F153M	152	V2_backward_weighted_neighbor_backward_KL	scalar	scalar	True	True	True	0	float32	float32
1l63A	F153M	152	weighted_neighbor_entropy_changes	scalar	scalar	True	True	True	0	float32	float32
1l63A	F153M	152	backward_weighted_neighbor_entropy_changes	scalar	scalar	True	True	True	0	float32	float32
1l63A	F153M	152	V2_backward_weighted_neighbor_entropy_changes	scalar	scalar	True	True	True	0	float32	float32
1l63A	F153M	152	center_neighbor_weight_check_m_w	scalar	scalar	True	True	True	0	float32	float32
1l63A	F153M	152	center_neighbor_weight_check_w_m	scalar	scalar	True	True	True	0	float32	float32
1l63A	F153M	152	neighbor_embedding_change_m_w	scalar	scalar	True	True	True	0	float32	float32
1l63A	F153M	152	neighbor_embedding_change_m_w_raw	15x128	15x128	True	True	True	0	float32	float32
1l63A	F153M	152	neighbor_message_change_m_w	scalar	scalar	True	True	True	0	float32	float32
1l63A	F153M	152	neighbor_message_change_m_w_raw	15x128x1	15x128x1	True	True	True	0	float32	float32
1l63A	F153M	152	unweighted_backward_KL	scalar	scalar	True	True	True	0	float32	float32
1l63A	F153M	152	unweighted_forward_KL	scalar	scalar	True	True	True	0	float32	float32
1l63A	F153M	152	wild_pssm	scalar	scalar	True	True	True	0	float64	float64
1l63A	F153M	152	alternate_pssm	scalar	scalar	True	True	True	0	float64	float64
1l63A	F153V	152	center_mut_wild_energy	scalar	scalar	True	False	True	4.47034835815e-08	float64	float32
1l63A	F153V	152	center_mut_max_energy	scalar	scalar	True	False	True	4.47034835815e-08	float64	float32
1l63A	F153V	152	center_entropy	scalar	scalar	True	True	True	0	float64	float32
1l63A	F153V	152	weighted_neighbor_entropies	scalar	scalar	True	False	True	1.19209289551e-07	float32	float32
1l63A	F153V	152	weighted_neighbor_energy_changes	scalar	scalar	True	False	True	2.51106627935e-07	float64	float32
1l63A	F153V	152	backward_weighted_neighbor_energy_changes	scalar	scalar	True	False	True	3.20649303553e-07	float64	float32
1l63A	F153V	152	V2_backward_weighted_neighbor_energy_changes	scalar	scalar	True	False	True	2.16934258113e-07	float64	float32
1l63A	F153V	152	weighted_neighbor_forward_KL	scalar	scalar	True	True	True	0	float32	float32
1l63A	F153V	152	weighted_neighbor_backward_KL	scalar	scalar	True	True	True	0	float32	float32
1l63A	F153V	152	backward_weighted_neighbor_backward_KL	scalar	scalar	True	True	True	0	float32	float32
1l63A	F153V	152	V2_backward_weighted_neighbor_backward_KL	scalar	scalar	True	True	True	0	float32	float32
1l63A	F153V	152	weighted_neighbor_entropy_changes	scalar	scalar	True	True	True	0	float32	float32
1l63A	F153V	152	backward_weighted_neighbor_entropy_changes	scalar	scalar	True	True	True	0	float32	float32
1l63A	F153V	152	V2_backward_weighted_neighbor_entropy_changes	scalar	scalar	True	True	True	0	float32	float32
1l63A	F153V	152	center_neighbor_weight_check_m_w	scalar	scalar	True	True	True	0	float32	float32
1l63A	F153V	152	center_neighbor_weight_check_w_m	scalar	scalar	True	True	True	0	float32	float32
1l63A	F153V	152	neighbor_embedding_change_m_w	scalar	scalar	True	True	True	0	float32	float32
1l63A	F153V	152	neighbor_embedding_change_m_w_raw	15x128	15x128	True	True	True	0	float32	float32
1l63A	F153V	152	neighbor_message_change_m_w	scalar	scalar	True	True	True	0	float32	float32
1l63A	F153V	152	neighbor_message_change_m_w_raw	15x128x1	15x128x1	True	True	True	0	float32	float32
1l63A	F153V	152	unweighted_backward_KL	scalar	scalar	True	True	True	0	float32	float32
1l63A	F153V	152	unweighted_forward_KL	scalar	scalar	True	True	True	0	float32	float32
1l63A	F153V	152	wild_pssm	scalar	scalar	True	True	True	0	float64	float64
1l63A	F153V	152	alternate_pssm	scalar	scalar	True	True	True	0	float64	float64
1lz1A	V2A	1	center_mut_wild_energy	scalar	scalar	True	True	True	0	float64	float32
1lz1A	V2A	1	center_mut_max_energy	scalar	scalar	True	True	True	0	float64	float32
1lz1A	V2A	1	center_entropy	scalar	scalar	True	True	True	0	float64	float32
1lz1A	V2A	1	weighted_neighbor_entropies	scalar	scalar	True	True	True	0	float32	float32
1lz1A	V2A	1	weighted_neighbor_energy_changes	scalar	scalar	True	False	True	5.24780509714e-07	float64	float32
1lz1A	V2A	1	backward_weighted_neighbor_energy_changes	scalar	scalar	True	True	True	0	float64	float64
1lz1A	V2A	1	V2_backward_weighted_neighbor_energy_changes	scalar	scalar	True	True	True	0	float64	float64
1lz1A	V2A	1	weighted_neighbor_forward_KL	scalar	scalar	True	True	True	0	float32	float32
1lz1A	V2A	1	weighted_neighbor_backward_KL	scalar	scalar	True	True	True	0	float32	float32
1lz1A	V2A	1	backward_weighted_neighbor_backward_KL	scalar	scalar	True	True	True	0	float64	float64
1lz1A	V2A	1	V2_backward_weighted_neighbor_backward_KL	scalar	scalar	True	True	True	0	float64	float64
1lz1A	V2A	1	weighted_neighbor_entropy_changes	scalar	scalar	True	True	True	0	float32	float32
1lz1A	V2A	1	backward_weighted_neighbor_entropy_changes	scalar	scalar	True	True	True	0	float64	float64
1lz1A	V2A	1	V2_backward_weighted_neighbor_entropy_changes	scalar	scalar	True	True	True	0	float64	float64
1lz1A	V2A	1	center_neighbor_weight_check_m_w	scalar	scalar	True	True	True	0	float64	float64
1lz1A	V2A	1	center_neighbor_weight_check_w_m	scalar	scalar	True	True	True	0	float64	float64
1lz1A	V2A	1	neighbor_embedding_change_m_w	scalar	scalar	True	True	True	0	float32	float32
1lz1A	V2A	1	neighbor_embedding_change_m_w_raw	15x128	15x128	True	True	True	0	float32	float32
1lz1A	V2A	1	neighbor_message_change_m_w	scalar	scalar	True	False	True	7.45058059692e-09	float64	float64
1lz1A	V2A	1	neighbor_message_change_m_w_raw	15x128x1	15x128x1	True	True	True	0	float64	float64
1lz1A	V2A	1	unweighted_backward_KL	scalar	scalar	True	True	True	0	float32	float32
1lz1A	V2A	1	unweighted_forward_KL	scalar	scalar	True	True	True	0	float32	float32
1lz1A	V2A	1	wild_pssm	scalar	scalar	True	True	True	0	float64	float64
1lz1A	V2A	1	alternate_pssm	scalar	scalar	True	True	True	0	float64	float64
1lz1A	V2G	1	center_mut_wild_energy	scalar	scalar	True	False	True	1.19209289551e-07	float64	float32
1lz1A	V2G	1	center_mut_max_energy	scalar	scalar	True	False	True	1.19209289551e-07	float64	float32
1lz1A	V2G	1	center_entropy	scalar	scalar	True	True	True	0	float64	float32
1lz1A	V2G	1	weighted_neighbor_entropies	scalar	scalar	True	True	True	0	float32	float32
1lz1A	V2G	1	weighted_neighbor_energy_changes	scalar	scalar	True	False	True	4.33346531103e-07	float64	float32
1lz1A	V2G	1	backward_weighted_neighbor_energy_changes	scalar	scalar	True	True	True	0	float64	float64
1lz1A	V2G	1	V2_backward_weighted_neighbor_energy_changes	scalar	scalar	True	True	True	0	float64	float64
1lz1A	V2G	1	weighted_neighbor_forward_KL	scalar	scalar	True	True	True	0	float32	float32
1lz1A	V2G	1	weighted_neighbor_backward_KL	scalar	scalar	True	True	True	0	float32	float32
1lz1A	V2G	1	backward_weighted_neighbor_backward_KL	scalar	scalar	True	True	True	0	float64	float64
1lz1A	V2G	1	V2_backward_weighted_neighbor_backward_KL	scalar	scalar	True	True	True	0	float64	float64
1lz1A	V2G	1	weighted_neighbor_entropy_changes	scalar	scalar	True	True	True	0	float32	float32
1lz1A	V2G	1	backward_weighted_neighbor_entropy_changes	scalar	scalar	True	True	True	0	float64	float64
1lz1A	V2G	1	V2_backward_weighted_neighbor_entropy_changes	scalar	scalar	True	True	True	0	float64	float64
1lz1A	V2G	1	center_neighbor_weight_check_m_w	scalar	scalar	True	True	True	0	float64	float64
1lz1A	V2G	1	center_neighbor_weight_check_w_m	scalar	scalar	True	True	True	0	float64	float64
1lz1A	V2G	1	neighbor_embedding_change_m_w	scalar	scalar	True	True	True	0	float32	float32
1lz1A	V2G	1	neighbor_embedding_change_m_w_raw	15x128	15x128	True	True	True	0	float32	float32
1lz1A	V2G	1	neighbor_message_change_m_w	scalar	scalar	True	False	True	4.47034835815e-08	float64	float64
1lz1A	V2G	1	neighbor_message_change_m_w_raw	15x128x1	15x128x1	True	True	True	0	float64	float64
1lz1A	V2G	1	unweighted_backward_KL	scalar	scalar	True	True	True	0	float32	float32
1lz1A	V2G	1	unweighted_forward_KL	scalar	scalar	True	True	True	0	float32	float32
1lz1A	V2G	1	wild_pssm	scalar	scalar	True	True	True	0	float64	float64
1lz1A	V2G	1	alternate_pssm	scalar	scalar	True	True	True	0	float64	float64
1lz1A	V2S	1	center_mut_wild_energy	scalar	scalar	True	False	True	1.19209289551e-07	float64	float32
1lz1A	V2S	1	center_mut_max_energy	scalar	scalar	True	False	True	1.19209289551e-07	float64	float32
1lz1A	V2S	1	center_entropy	scalar	scalar	True	True	True	0	float64	float32
1lz1A	V2S	1	weighted_neighbor_entropies	scalar	scalar	True	False	True	2.38418579102e-07	float32	float32
1lz1A	V2S	1	weighted_neighbor_energy_changes	scalar	scalar	True	False	True	8.18220001975e-07	float64	float32
1lz1A	V2S	1	backward_weighted_neighbor_energy_changes	scalar	scalar	True	True	True	0	float64	float64
1lz1A	V2S	1	V2_backward_weighted_neighbor_energy_changes	scalar	scalar	True	True	True	0	float64	float64
1lz1A	V2S	1	weighted_neighbor_forward_KL	scalar	scalar	True	True	True	0	float32	float32
1lz1A	V2S	1	weighted_neighbor_backward_KL	scalar	scalar	True	True	True	0	float32	float32
1lz1A	V2S	1	backward_weighted_neighbor_backward_KL	scalar	scalar	True	True	True	0	float64	float64
1lz1A	V2S	1	V2_backward_weighted_neighbor_backward_KL	scalar	scalar	True	True	True	0	float64	float64
1lz1A	V2S	1	weighted_neighbor_entropy_changes	scalar	scalar	True	True	True	0	float32	float32
1lz1A	V2S	1	backward_weighted_neighbor_entropy_changes	scalar	scalar	True	True	True	0	float64	float64
1lz1A	V2S	1	V2_backward_weighted_neighbor_entropy_changes	scalar	scalar	True	True	True	0	float64	float64
1lz1A	V2S	1	center_neighbor_weight_check_m_w	scalar	scalar	True	True	True	0	float64	float64
1lz1A	V2S	1	center_neighbor_weight_check_w_m	scalar	scalar	True	True	True	0	float64	float64
1lz1A	V2S	1	neighbor_embedding_change_m_w	scalar	scalar	True	True	True	0	float32	float32
1lz1A	V2S	1	neighbor_embedding_change_m_w_raw	15x128	15x128	True	True	True	0	float32	float32
1lz1A	V2S	1	neighbor_message_change_m_w	scalar	scalar	True	False	True	4.47034835815e-08	float64	float64
1lz1A	V2S	1	neighbor_message_change_m_w_raw	15x128x1	15x128x1	True	True	True	0	float64	float64
1lz1A	V2S	1	unweighted_backward_KL	scalar	scalar	True	True	True	0	float32	float32
1lz1A	V2S	1	unweighted_forward_KL	scalar	scalar	True	True	True	0	float32	float32
1lz1A	V2S	1	wild_pssm	scalar	scalar	True	True	True	0	float64	float64
1lz1A	V2S	1	alternate_pssm	scalar	scalar	True	True	True	0	float64	float64
1lz1A	V2Y	1	center_mut_wild_energy	scalar	scalar	True	False	True	2.38418579102e-07	float64	float32
1lz1A	V2Y	1	center_mut_max_energy	scalar	scalar	True	False	True	2.38418579102e-07	float64	float32
1lz1A	V2Y	1	center_entropy	scalar	scalar	True	True	True	0	float64	float32
1lz1A	V2Y	1	weighted_neighbor_entropies	scalar	scalar	True	False	True	2.38418579102e-07	float32	float32
1lz1A	V2Y	1	weighted_neighbor_energy_changes	scalar	scalar	True	False	True	2.46229389766e-07	float64	float32
1lz1A	V2Y	1	backward_weighted_neighbor_energy_changes	scalar	scalar	True	True	True	0	float64	float64
1lz1A	V2Y	1	V2_backward_weighted_neighbor_energy_changes	scalar	scalar	True	True	True	0	float64	float64
1lz1A	V2Y	1	weighted_neighbor_forward_KL	scalar	scalar	True	True	True	0	float32	float32
1lz1A	V2Y	1	weighted_neighbor_backward_KL	scalar	scalar	True	True	True	0	float32	float32
1lz1A	V2Y	1	backward_weighted_neighbor_backward_KL	scalar	scalar	True	True	True	0	float64	float64
1lz1A	V2Y	1	V2_backward_weighted_neighbor_backward_KL	scalar	scalar	True	True	True	0	float64	float64
1lz1A	V2Y	1	weighted_neighbor_entropy_changes	scalar	scalar	True	True	True	0	float32	float32
1lz1A	V2Y	1	backward_weighted_neighbor_entropy_changes	scalar	scalar	True	True	True	0	float64	float64
1lz1A	V2Y	1	V2_backward_weighted_neighbor_entropy_changes	scalar	scalar	True	True	True	0	float64	float64
1lz1A	V2Y	1	center_neighbor_weight_check_m_w	scalar	scalar	True	True	True	0	float64	float64
1lz1A	V2Y	1	center_neighbor_weight_check_w_m	scalar	scalar	True	True	True	0	float64	float64
1lz1A	V2Y	1	neighbor_embedding_change_m_w	scalar	scalar	True	True	True	0	float32	float32
1lz1A	V2Y	1	neighbor_embedding_change_m_w_raw	15x128	15x128	True	True	True	0	float32	float32
1lz1A	V2Y	1	neighbor_message_change_m_w	scalar	scalar	True	False	True	1.49011611938e-08	float64	float64
1lz1A	V2Y	1	neighbor_message_change_m_w_raw	15x128x1	15x128x1	True	True	True	0	float64	float64
1lz1A	V2Y	1	unweighted_backward_KL	scalar	scalar	True	True	True	0	float32	float32
1lz1A	V2Y	1	unweighted_forward_KL	scalar	scalar	True	True	True	0	float32	float32
1lz1A	V2Y	1	wild_pssm	scalar	scalar	True	True	True	0	float64	float64
1lz1A	V2Y	1	alternate_pssm	scalar	scalar	True	True	True	0	float64	float64
1lz1A	V2D	1	center_mut_wild_energy	scalar	scalar	True	False	True	1.19209289551e-07	float64	float32
1lz1A	V2D	1	center_mut_max_energy	scalar	scalar	True	False	True	1.19209289551e-07	float64	float32
1lz1A	V2D	1	center_entropy	scalar	scalar	True	True	True	0	float64	float32
1lz1A	V2D	1	weighted_neighbor_entropies	scalar	scalar	True	False	True	2.38418579102e-07	float32	float32
1lz1A	V2D	1	weighted_neighbor_energy_changes	scalar	scalar	True	False	True	4.4101955865e-08	float64	float32
1lz1A	V2D	1	backward_weighted_neighbor_energy_changes	scalar	scalar	True	True	True	0	float64	float64
1lz1A	V2D	1	V2_backward_weighted_neighbor_energy_changes	scalar	scalar	True	True	True	0	float64	float64
1lz1A	V2D	1	weighted_neighbor_forward_KL	scalar	scalar	True	True	True	0	float32	float32
1lz1A	V2D	1	weighted_neighbor_backward_KL	scalar	scalar	True	True	True	0	float32	float32
1lz1A	V2D	1	backward_weighted_neighbor_backward_KL	scalar	scalar	True	True	True	0	float64	float64
1lz1A	V2D	1	V2_backward_weighted_neighbor_backward_KL	scalar	scalar	True	True	True	0	float64	float64
1lz1A	V2D	1	weighted_neighbor_entropy_changes	scalar	scalar	True	True	True	0	float32	float32
1lz1A	V2D	1	backward_weighted_neighbor_entropy_changes	scalar	scalar	True	True	True	0	float64	float64
1lz1A	V2D	1	V2_backward_weighted_neighbor_entropy_changes	scalar	scalar	True	True	True	0	float64	float64
1lz1A	V2D	1	center_neighbor_weight_check_m_w	scalar	scalar	True	True	True	0	float64	float64
1lz1A	V2D	1	center_neighbor_weight_check_w_m	scalar	scalar	True	True	True	0	float64	float64
1lz1A	V2D	1	neighbor_embedding_change_m_w	scalar	scalar	True	True	True	0	float32	float32
1lz1A	V2D	1	neighbor_embedding_change_m_w_raw	15x128	15x128	True	True	True	0	float32	float32
1lz1A	V2D	1	neighbor_message_change_m_w	scalar	scalar	True	False	True	5.96046447754e-08	float64	float64
1lz1A	V2D	1	neighbor_message_change_m_w_raw	15x128x1	15x128x1	True	True	True	0	float64	float64
1lz1A	V2D	1	unweighted_backward_KL	scalar	scalar	True	True	True	0	float32	float32
1lz1A	V2D	1	unweighted_forward_KL	scalar	scalar	True	True	True	0	float32	float32
1lz1A	V2D	1	wild_pssm	scalar	scalar	True	True	True	0	float64	float64
1lz1A	V2D	1	alternate_pssm	scalar	scalar	True	True	True	0	float64	float64
1lz1A	V2N	1	center_mut_wild_energy	scalar	scalar	True	True	True	0	float64	float32
1lz1A	V2N	1	center_mut_max_energy	scalar	scalar	True	True	True	0	float64	float32
1lz1A	V2N	1	center_entropy	scalar	scalar	True	True	True	0	float64	float32
1lz1A	V2N	1	weighted_neighbor_entropies	scalar	scalar	True	True	True	0	float32	float32
1lz1A	V2N	1	weighted_neighbor_energy_changes	scalar	scalar	True	False	True	4.36417238348e-07	float64	float32
1lz1A	V2N	1	backward_weighted_neighbor_energy_changes	scalar	scalar	True	True	True	0	float64	float64
1lz1A	V2N	1	V2_backward_weighted_neighbor_energy_changes	scalar	scalar	True	True	True	0	float64	float64
1lz1A	V2N	1	weighted_neighbor_forward_KL	scalar	scalar	True	True	True	0	float32	float32
1lz1A	V2N	1	weighted_neighbor_backward_KL	scalar	scalar	True	True	True	0	float32	float32
1lz1A	V2N	1	backward_weighted_neighbor_backward_KL	scalar	scalar	True	True	True	0	float64	float64
1lz1A	V2N	1	V2_backward_weighted_neighbor_backward_KL	scalar	scalar	True	True	True	0	float64	float64
1lz1A	V2N	1	weighted_neighbor_entropy_changes	scalar	scalar	True	True	True	0	float32	float32
1lz1A	V2N	1	backward_weighted_neighbor_entropy_changes	scalar	scalar	True	True	True	0	float64	float64
1lz1A	V2N	1	V2_backward_weighted_neighbor_entropy_changes	scalar	scalar	True	True	True	0	float64	float64
1lz1A	V2N	1	center_neighbor_weight_check_m_w	scalar	scalar	True	True	True	0	float64	float64
1lz1A	V2N	1	center_neighbor_weight_check_w_m	scalar	scalar	True	True	True	0	float64	float64
1lz1A	V2N	1	neighbor_embedding_change_m_w	scalar	scalar	True	True	True	0	float32	float32
1lz1A	V2N	1	neighbor_embedding_change_m_w_raw	15x128	15x128	True	True	True	0	float32	float32
1lz1A	V2N	1	neighbor_message_change_m_w	scalar	scalar	True	False	True	2.23517417908e-08	float64	float64
1lz1A	V2N	1	neighbor_message_change_m_w_raw	15x128x1	15x128x1	True	True	True	0	float64	float64
1lz1A	V2N	1	unweighted_backward_KL	scalar	scalar	True	True	True	0	float32	float32
1lz1A	V2N	1	unweighted_forward_KL	scalar	scalar	True	True	True	0	float32	float32
1lz1A	V2N	1	wild_pssm	scalar	scalar	True	True	True	0	float64	float64
1lz1A	V2N	1	alternate_pssm	scalar	scalar	True	True	True	0	float64	float64
1lz1A	V2R	1	center_mut_wild_energy	scalar	scalar	True	True	True	0	float64	float32
1lz1A	V2R	1	center_mut_max_energy	scalar	scalar	True	True	True	0	float64	float32
1lz1A	V2R	1	center_entropy	scalar	scalar	True	True	True	0	float64	float32
1lz1A	V2R	1	weighted_neighbor_entropies	scalar	scalar	True	True	True	0	float32	float32
1lz1A	V2R	1	weighted_neighbor_energy_changes	scalar	scalar	True	False	True	6.88502282742e-07	float64	float32
1lz1A	V2R	1	backward_weighted_neighbor_energy_changes	scalar	scalar	True	False	True	6.98208364014e-07	float64	float64
1lz1A	V2R	1	V2_backward_weighted_neighbor_energy_changes	scalar	scalar	True	False	True	6.22760776281e-07	float64	float64
1lz1A	V2R	1	weighted_neighbor_forward_KL	scalar	scalar	True	True	True	0	float32	float32
1lz1A	V2R	1	weighted_neighbor_backward_KL	scalar	scalar	True	True	True	0	float32	float32
1lz1A	V2R	1	backward_weighted_neighbor_backward_KL	scalar	scalar	True	True	True	0	float64	float64
1lz1A	V2R	1	V2_backward_weighted_neighbor_backward_KL	scalar	scalar	True	True	True	0	float64	float64
1lz1A	V2R	1	weighted_neighbor_entropy_changes	scalar	scalar	True	True	True	0	float32	float32
1lz1A	V2R	1	backward_weighted_neighbor_entropy_changes	scalar	scalar	True	True	True	0	float64	float64
1lz1A	V2R	1	V2_backward_weighted_neighbor_entropy_changes	scalar	scalar	True	True	True	0	float64	float64
1lz1A	V2R	1	center_neighbor_weight_check_m_w	scalar	scalar	True	True	True	0	float64	float64
1lz1A	V2R	1	center_neighbor_weight_check_w_m	scalar	scalar	True	True	True	0	float64	float64
1lz1A	V2R	1	neighbor_embedding_change_m_w	scalar	scalar	True	True	True	0	float32	float32
1lz1A	V2R	1	neighbor_embedding_change_m_w_raw	15x128	15x128	True	True	True	0	float32	float32
1lz1A	V2R	1	neighbor_message_change_m_w	scalar	scalar	True	False	True	1.49011611938e-08	float64	float64
1lz1A	V2R	1	neighbor_message_change_m_w_raw	15x128x1	15x128x1	True	True	True	0	float64	float64
1lz1A	V2R	1	unweighted_backward_KL	scalar	scalar	True	True	True	0	float32	float32
1lz1A	V2R	1	unweighted_forward_KL	scalar	scalar	True	True	True	0	float32	float32
1lz1A	V2R	1	wild_pssm	scalar	scalar	True	True	True	0	float64	float64
1lz1A	V2R	1	alternate_pssm	scalar	scalar	True	True	True	0	float64	float64
1lz1A	V2L	1	center_mut_wild_energy	scalar	scalar	True	False	True	1.19209289551e-07	float64	float32
1lz1A	V2L	1	center_mut_max_energy	scalar	scalar	True	False	True	1.19209289551e-07	float64	float32
1lz1A	V2L	1	center_entropy	scalar	scalar	True	True	True	0	float64	float32
1lz1A	V2L	1	weighted_neighbor_entropies	scalar	scalar	True	True	True	0	float32	float32
1lz1A	V2L	1	weighted_neighbor_energy_changes	scalar	scalar	True	False	True	2.05007465226e-07	float64	float32
1lz1A	V2L	1	backward_weighted_neighbor_energy_changes	scalar	scalar	True	True	True	0	float64	float64
1lz1A	V2L	1	V2_backward_weighted_neighbor_energy_changes	scalar	scalar	True	True	True	0	float64	float64
1lz1A	V2L	1	weighted_neighbor_forward_KL	scalar	scalar	True	True	True	0	float32	float32
1lz1A	V2L	1	weighted_neighbor_backward_KL	scalar	scalar	True	True	True	0	float32	float32
1lz1A	V2L	1	backward_weighted_neighbor_backward_KL	scalar	scalar	True	True	True	0	float64	float64
1lz1A	V2L	1	V2_backward_weighted_neighbor_backward_KL	scalar	scalar	True	True	True	0	float64	float64
1lz1A	V2L	1	weighted_neighbor_entropy_changes	scalar	scalar	True	True	True	0	float32	float32
1lz1A	V2L	1	backward_weighted_neighbor_entropy_changes	scalar	scalar	True	True	True	0	float64	float64
1lz1A	V2L	1	V2_backward_weighted_neighbor_entropy_changes	scalar	scalar	True	True	True	0	float64	float64
1lz1A	V2L	1	center_neighbor_weight_check_m_w	scalar	scalar	True	True	True	0	float64	float64
1lz1A	V2L	1	center_neighbor_weight_check_w_m	scalar	scalar	True	True	True	0	float64	float64
1lz1A	V2L	1	neighbor_embedding_change_m_w	scalar	scalar	True	False	True	4.76837158203e-07	float32	float32
1lz1A	V2L	1	neighbor_embedding_change_m_w_raw	15x128	15x128	True	True	True	0	float32	float32
1lz1A	V2L	1	neighbor_message_change_m_w	scalar	scalar	True	False	True	5.96046447754e-08	float64	float64
1lz1A	V2L	1	neighbor_message_change_m_w_raw	15x128x1	15x128x1	True	True	True	0	float64	float64
1lz1A	V2L	1	unweighted_backward_KL	scalar	scalar	True	True	True	0	float32	float32
1lz1A	V2L	1	unweighted_forward_KL	scalar	scalar	True	True	True	0	float32	float32
1lz1A	V2L	1	wild_pssm	scalar	scalar	True	True	True	0	float64	float64
1lz1A	V2L	1	alternate_pssm	scalar	scalar	True	True	True	0	float64	float64
1lz1A	V2M	1	center_mut_wild_energy	scalar	scalar	True	False	True	1.19209289551e-07	float64	float32
1lz1A	V2M	1	center_mut_max_energy	scalar	scalar	True	False	True	1.19209289551e-07	float64	float32
1lz1A	V2M	1	center_entropy	scalar	scalar	True	True	True	0	float64	float32
1lz1A	V2M	1	weighted_neighbor_entropies	scalar	scalar	True	False	True	2.38418579102e-07	float32	float32
1lz1A	V2M	1	weighted_neighbor_energy_changes	scalar	scalar	True	False	True	1.22555045223e-07	float64	float32
1lz1A	V2M	1	backward_weighted_neighbor_energy_changes	scalar	scalar	True	True	True	0	float64	float64
1lz1A	V2M	1	V2_backward_weighted_neighbor_energy_changes	scalar	scalar	True	True	True	0	float64	float64
1lz1A	V2M	1	weighted_neighbor_forward_KL	scalar	scalar	True	True	True	0	float32	float32
1lz1A	V2M	1	weighted_neighbor_backward_KL	scalar	scalar	True	True	True	0	float32	float32
1lz1A	V2M	1	backward_weighted_neighbor_backward_KL	scalar	scalar	True	True	True	0	float64	float64
1lz1A	V2M	1	V2_backward_weighted_neighbor_backward_KL	scalar	scalar	True	True	True	0	float64	float64
1lz1A	V2M	1	weighted_neighbor_entropy_changes	scalar	scalar	True	True	True	0	float32	float32
1lz1A	V2M	1	backward_weighted_neighbor_entropy_changes	scalar	scalar	True	True	True	0	float64	float64
1lz1A	V2M	1	V2_backward_weighted_neighbor_entropy_changes	scalar	scalar	True	True	True	0	float64	float64
1lz1A	V2M	1	center_neighbor_weight_check_m_w	scalar	scalar	True	True	True	0	float64	float64
1lz1A	V2M	1	center_neighbor_weight_check_w_m	scalar	scalar	True	True	True	0	float64	float64
1lz1A	V2M	1	neighbor_embedding_change_m_w	scalar	scalar	True	True	True	0	float32	float32
1lz1A	V2M	1	neighbor_embedding_change_m_w_raw	15x128	15x128	True	True	True	0	float32	float32
1lz1A	V2M	1	neighbor_message_change_m_w	scalar	scalar	True	False	True	8.94069671631e-08	float64	float64
1lz1A	V2M	1	neighbor_message_change_m_w_raw	15x128x1	15x128x1	True	True	True	0	float64	float64
1lz1A	V2M	1	unweighted_backward_KL	scalar	scalar	True	True	True	0	float32	float32
1lz1A	V2M	1	unweighted_forward_KL	scalar	scalar	True	True	True	0	float32	float32
1lz1A	V2M	1	wild_pssm	scalar	scalar	True	True	True	0	float64	float64
1lz1A	V2M	1	alternate_pssm	scalar	scalar	True	True	True	0	float64	float64
1lz1A	V2F	1	center_mut_wild_energy	scalar	scalar	True	False	True	1.19209289551e-07	float64	float32
1lz1A	V2F	1	center_mut_max_energy	scalar	scalar	True	False	True	1.19209289551e-07	float64	float32
1lz1A	V2F	1	center_entropy	scalar	scalar	True	True	True	0	float64	float32
1lz1A	V2F	1	weighted_neighbor_entropies	scalar	scalar	True	True	True	0	float32	float32
1lz1A	V2F	1	weighted_neighbor_energy_changes	scalar	scalar	True	False	True	1.3956825029e-08	float64	float32
1lz1A	V2F	1	backward_weighted_neighbor_energy_changes	scalar	scalar	True	True	True	0	float64	float64
1lz1A	V2F	1	V2_backward_weighted_neighbor_energy_changes	scalar	scalar	True	True	True	0	float64	float64
1lz1A	V2F	1	weighted_neighbor_forward_KL	scalar	scalar	True	True	True	0	float32	float32
1lz1A	V2F	1	weighted_neighbor_backward_KL	scalar	scalar	True	True	True	0	float32	float32
1lz1A	V2F	1	backward_weighted_neighbor_backward_KL	scalar	scalar	True	True	True	0	float64	float64
1lz1A	V2F	1	V2_backward_weighted_neighbor_backward_KL	scalar	scalar	True	True	True	0	float64	float64
1lz1A	V2F	1	weighted_neighbor_entropy_changes	scalar	scalar	True	True	True	0	float32	float32
1lz1A	V2F	1	backward_weighted_neighbor_entropy_changes	scalar	scalar	True	True	True	0	float64	float64
1lz1A	V2F	1	V2_backward_weighted_neighbor_entropy_changes	scalar	scalar	True	True	True	0	float64	float64
1lz1A	V2F	1	center_neighbor_weight_check_m_w	scalar	scalar	True	True	True	0	float64	float64
1lz1A	V2F	1	center_neighbor_weight_check_w_m	scalar	scalar	True	True	True	0	float64	float64
1lz1A	V2F	1	neighbor_embedding_change_m_w	scalar	scalar	True	True	True	0	float32	float32
1lz1A	V2F	1	neighbor_embedding_change_m_w_raw	15x128	15x128	True	True	True	0	float32	float32
1lz1A	V2F	1	neighbor_message_change_m_w	scalar	scalar	True	True	True	0	float64	float64
1lz1A	V2F	1	neighbor_message_change_m_w_raw	15x128x1	15x128x1	True	True	True	0	float64	float64
1lz1A	V2F	1	unweighted_backward_KL	scalar	scalar	True	True	True	0	float32	float32
1lz1A	V2F	1	unweighted_forward_KL	scalar	scalar	True	True	True	0	float32	float32
1lz1A	V2F	1	wild_pssm	scalar	scalar	True	True	True	0	float64	float64
1lz1A	V2F	1	alternate_pssm	scalar	scalar	True	True	True	0	float64	float64
1lz1A	Y20F	19	center_mut_wild_energy	scalar	scalar	True	True	True	0	float64	float32
1lz1A	Y20F	19	center_mut_max_energy	scalar	scalar	True	True	True	0	float64	float32
1lz1A	Y20F	19	center_entropy	scalar	scalar	True	True	True	0	float64	float32
1lz1A	Y20F	19	weighted_neighbor_entropies	scalar	scalar	True	True	True	0	float32	float32
1lz1A	Y20F	19	weighted_neighbor_energy_changes	scalar	scalar	True	False	True	6.16374027373e-08	float64	float32
1lz1A	Y20F	19	backward_weighted_neighbor_energy_changes	scalar	scalar	True	True	True	0	float64	float64
1lz1A	Y20F	19	V2_backward_weighted_neighbor_energy_changes	scalar	scalar	True	True	True	0	float64	float64
1lz1A	Y20F	19	weighted_neighbor_forward_KL	scalar	scalar	True	True	True	0	float32	float32
1lz1A	Y20F	19	weighted_neighbor_backward_KL	scalar	scalar	True	True	True	0	float32	float32
1lz1A	Y20F	19	backward_weighted_neighbor_backward_KL	scalar	scalar	True	True	True	0	float64	float64
1lz1A	Y20F	19	V2_backward_weighted_neighbor_backward_KL	scalar	scalar	True	True	True	0	float64	float64
1lz1A	Y20F	19	weighted_neighbor_entropy_changes	scalar	scalar	True	True	True	0	float32	float32
1lz1A	Y20F	19	backward_weighted_neighbor_entropy_changes	scalar	scalar	True	True	True	0	float64	float64
1lz1A	Y20F	19	V2_backward_weighted_neighbor_entropy_changes	scalar	scalar	True	True	True	0	float64	float64
1lz1A	Y20F	19	center_neighbor_weight_check_m_w	scalar	scalar	True	True	True	0	float64	float64
1lz1A	Y20F	19	center_neighbor_weight_check_w_m	scalar	scalar	True	True	True	0	float64	float64
1lz1A	Y20F	19	neighbor_embedding_change_m_w	scalar	scalar	True	False	True	2.38418579102e-07	float32	float32
1lz1A	Y20F	19	neighbor_embedding_change_m_w_raw	15x128	15x128	True	True	True	0	float32	float32
1lz1A	Y20F	19	neighbor_message_change_m_w	scalar	scalar	True	False	True	3.72529029846e-09	float64	float64
1lz1A	Y20F	19	neighbor_message_change_m_w_raw	15x128x1	15x128x1	True	True	True	0	float64	float64
1lz1A	Y20F	19	unweighted_backward_KL	scalar	scalar	True	True	True	0	float32	float32
1lz1A	Y20F	19	unweighted_forward_KL	scalar	scalar	True	True	True	0	float32	float32
1lz1A	Y20F	19	wild_pssm	scalar	scalar	True	True	True	0	float64	float64
1lz1A	Y20F	19	alternate_pssm	scalar	scalar	True	True	True	0	float64	float64
1lz1A	I23A	22	center_mut_wild_energy	scalar	scalar	True	False	True	1.19209289551e-07	float64	float32
1lz1A	I23A	22	center_mut_max_energy	scalar	scalar	True	False	True	1.19209289551e-07	float64	float32
1lz1A	I23A	22	center_entropy	scalar	scalar	True	True	True	0	float64	float32
1lz1A	I23A	22	weighted_neighbor_entropies	scalar	scalar	True	True	True	0	float32	float32
1lz1A	I23A	22	weighted_neighbor_energy_changes	scalar	scalar	True	False	True	5.70315549453e-07	float64	float32
1lz1A	I23A	22	backward_weighted_neighbor_energy_changes	scalar	scalar	True	False	True	1.65425277743e-06	float64	float32
1lz1A	I23A	22	V2_backward_weighted_neighbor_energy_changes	scalar	scalar	True	False	True	1.59077656647e-06	float64	float32
1lz1A	I23A	22	weighted_neighbor_forward_KL	scalar	scalar	True	True	True	0	float32	float32
1lz1A	I23A	22	weighted_neighbor_backward_KL	scalar	scalar	True	True	True	0	float32	float32
1lz1A	I23A	22	backward_weighted_neighbor_backward_KL	scalar	scalar	True	True	True	0	float32	float32
1lz1A	I23A	22	V2_backward_weighted_neighbor_backward_KL	scalar	scalar	True	True	True	0	float32	float32
1lz1A	I23A	22	weighted_neighbor_entropy_changes	scalar	scalar	True	True	True	0	float32	float32
1lz1A	I23A	22	backward_weighted_neighbor_entropy_changes	scalar	scalar	True	True	True	0	float32	float32
1lz1A	I23A	22	V2_backward_weighted_neighbor_entropy_changes	scalar	scalar	True	True	True	0	float32	float32
1lz1A	I23A	22	center_neighbor_weight_check_m_w	scalar	scalar	True	True	True	0	float32	float32
1lz1A	I23A	22	center_neighbor_weight_check_w_m	scalar	scalar	True	True	True	0	float32	float32
1lz1A	I23A	22	neighbor_embedding_change_m_w	scalar	scalar	True	True	True	0	float32	float32
1lz1A	I23A	22	neighbor_embedding_change_m_w_raw	15x128	15x128	True	True	True	0	float32	float32
1lz1A	I23A	22	neighbor_message_change_m_w	scalar	scalar	True	True	True	0	float32	float32
1lz1A	I23A	22	neighbor_message_change_m_w_raw	15x128x1	15x128x1	True	True	True	0	float32	float32
1lz1A	I23A	22	unweighted_backward_KL	scalar	scalar	True	True	True	0	float32	float32
1lz1A	I23A	22	unweighted_forward_KL	scalar	scalar	True	True	True	0	float32	float32
1lz1A	I23A	22	wild_pssm	scalar	scalar	True	True	True	0	float64	float64
1lz1A	I23A	22	alternate_pssm	scalar	scalar	True	True	True	0	float64	float64
1lz1A	I23V	22	center_mut_wild_energy	scalar	scalar	True	True	True	0	float64	float32
1lz1A	I23V	22	center_mut_max_energy	scalar	scalar	True	True	True	0	float64	float32
1lz1A	I23V	22	center_entropy	scalar	scalar	True	True	True	0	float64	float32
1lz1A	I23V	22	weighted_neighbor_entropies	scalar	scalar	True	True	True	0	float32	float32
1lz1A	I23V	22	weighted_neighbor_energy_changes	scalar	scalar	True	False	True	2.84526340266e-08	float64	float32
1lz1A	I23V	22	backward_weighted_neighbor_energy_changes	scalar	scalar	True	False	True	4.08280165232e-09	float64	float32
1lz1A	I23V	22	V2_backward_weighted_neighbor_energy_changes	scalar	scalar	True	False	True	7.92565781893e-08	float64	float32
1lz1A	I23V	22	weighted_neighbor_forward_KL	scalar	scalar	True	True	True	0	float32	float32
1lz1A	I23V	22	weighted_neighbor_backward_KL	scalar	scalar	True	True	True	0	float32	float32
1lz1A	I23V	22	backward_weighted_neighbor_backward_KL	scalar	scalar	True	True	True	0	float32	float32
1lz1A	I23V	22	V2_backward_weighted_neighbor_backward_KL	scalar	scalar	True	True	True	0	float32	float32
1lz1A	I23V	22	weighted_neighbor_entropy_changes	scalar	scalar	True	True	True	0	float32	float32
1lz1A	I23V	22	backward_weighted_neighbor_entropy_changes	scalar	scalar	True	True	True	0	float32	float32
1lz1A	I23V	22	V2_backward_weighted_neighbor_entropy_changes	scalar	scalar	True	True	True	0	float32	float32
1lz1A	I23V	22	center_neighbor_weight_check_m_w	scalar	scalar	True	True	True	0	float32	float32
1lz1A	I23V	22	center_neighbor_weight_check_w_m	scalar	scalar	True	True	True	0	float32	float32
1lz1A	I23V	22	neighbor_embedding_change_m_w	scalar	scalar	True	True	True	0	float32	float32
1lz1A	I23V	22	neighbor_embedding_change_m_w_raw	15x128	15x128	True	True	True	0	float32	float32
1lz1A	I23V	22	neighbor_message_change_m_w	scalar	scalar	True	True	True	0	float32	float32
1lz1A	I23V	22	neighbor_message_change_m_w_raw	15x128x1	15x128x1	True	True	True	0	float32	float32
1lz1A	I23V	22	unweighted_backward_KL	scalar	scalar	True	True	True	0	float32	float32
1lz1A	I23V	22	unweighted_forward_KL	scalar	scalar	True	True	True	0	float32	float32
1lz1A	I23V	22	wild_pssm	scalar	scalar	True	True	True	0	float64	float64
1lz1A	I23V	22	alternate_pssm	scalar	scalar	True	True	True	0	float64	float64
1lz1A	Y38F	37	center_mut_wild_energy	scalar	scalar	True	True	True	0	float64	float32
1lz1A	Y38F	37	center_mut_max_energy	scalar	scalar	True	True	True	0	float64	float32
1lz1A	Y38F	37	center_entropy	scalar	scalar	True	True	True	0	float64	float32
1lz1A	Y38F	37	weighted_neighbor_entropies	scalar	scalar	True	True	True	0	float32	float32
1lz1A	Y38F	37	weighted_neighbor_energy_changes	scalar	scalar	True	False	True	1.99132443868e-09	float64	float32
1lz1A	Y38F	37	backward_weighted_neighbor_energy_changes	scalar	scalar	True	False	True	1.68507163778e-08	float64	float32
1lz1A	Y38F	37	V2_backward_weighted_neighbor_energy_changes	scalar	scalar	True	False	True	1.03949478358e-07	float64	float32
1lz1A	Y38F	37	weighted_neighbor_forward_KL	scalar	scalar	True	True	True	0	float32	float32
1lz1A	Y38F	37	weighted_neighbor_backward_KL	scalar	scalar	True	True	True	0	float32	float32
1lz1A	Y38F	37	backward_weighted_neighbor_backward_KL	scalar	scalar	True	True	True	0	float32	float32
1lz1A	Y38F	37	V2_backward_weighted_neighbor_backward_KL	scalar	scalar	True	True	True	0	float32	float32
1lz1A	Y38F	37	weighted_neighbor_entropy_changes	scalar	scalar	True	True	True	0	float32	float32
1lz1A	Y38F	37	backward_weighted_neighbor_entropy_changes	scalar	scalar	True	True	True	0	float32	float32
1lz1A	Y38F	37	V2_backward_weighted_neighbor_entropy_changes	scalar	scalar	True	True	True	0	float32	float32
1lz1A	Y38F	37	center_neighbor_weight_check_m_w	scalar	scalar	True	True	True	0	float32	float32
1lz1A	Y38F	37	center_neighbor_weight_check_w_m	scalar	scalar	True	True	True	0	float32	float32
1lz1A	Y38F	37	neighbor_embedding_change_m_w	scalar	scalar	True	True	True	0	float32	float32
1lz1A	Y38F	37	neighbor_embedding_change_m_w_raw	15x128	15x128	True	True	True	0	float32	float32
1lz1A	Y38F	37	neighbor_message_change_m_w	scalar	scalar	True	True	True	0	float32	float32
1lz1A	Y38F	37	neighbor_message_change_m_w_raw	15x128x1	15x128x1	True	True	True	0	float32	float32
1lz1A	Y38F	37	unweighted_backward_KL	scalar	scalar	True	True	True	0	float32	float32
1lz1A	Y38F	37	unweighted_forward_KL	scalar	scalar	True	True	True	0	float32	float32
1lz1A	Y38F	37	wild_pssm	scalar	scalar	True	True	True	0	float64	float64
1lz1A	Y38F	37	alternate_pssm	scalar	scalar	True	True	True	0	float64	float64
1lz1A	Y45F	44	center_mut_wild_energy	scalar	scalar	True	True	True	0	float64	float32
1lz1A	Y45F	44	center_mut_max_energy	scalar	scalar	True	True	True	0	float64	float32
1lz1A	Y45F	44	center_entropy	scalar	scalar	True	True	True	0	float64	float32
1lz1A	Y45F	44	weighted_neighbor_entropies	scalar	scalar	True	False	True	1.19209289551e-07	float32	float32
1lz1A	Y45F	44	weighted_neighbor_energy_changes	scalar	scalar	True	False	True	1.29611261723e-07	float64	float32
1lz1A	Y45F	44	backward_weighted_neighbor_energy_changes	scalar	scalar	True	True	True	0	float64	float64
1lz1A	Y45F	44	V2_backward_weighted_neighbor_energy_changes	scalar	scalar	True	True	True	0	float64	float64
1lz1A	Y45F	44	weighted_neighbor_forward_KL	scalar	scalar	True	True	True	0	float32	float32
1lz1A	Y45F	44	weighted_neighbor_backward_KL	scalar	scalar	True	True	True	0	float32	float32
1lz1A	Y45F	44	backward_weighted_neighbor_backward_KL	scalar	scalar	True	True	True	0	float64	float64
1lz1A	Y45F	44	V2_backward_weighted_neighbor_backward_KL	scalar	scalar	True	True	True	0	float64	float64
1lz1A	Y45F	44	weighted_neighbor_entropy_changes	scalar	scalar	True	True	True	0	float32	float32
1lz1A	Y45F	44	backward_weighted_neighbor_entropy_changes	scalar	scalar	True	True	True	0	float64	float64
1lz1A	Y45F	44	V2_backward_weighted_neighbor_entropy_changes	scalar	scalar	True	True	True	0	float64	float64
1lz1A	Y45F	44	center_neighbor_weight_check_m_w	scalar	scalar	True	True	True	0	float64	float64
1lz1A	Y45F	44	center_neighbor_weight_check_w_m	scalar	scalar	True	True	True	0	float64	float64
1lz1A	Y45F	44	neighbor_embedding_change_m_w	scalar	scalar	True	False	True	4.76837158203e-07	float32	float32
1lz1A	Y45F	44	neighbor_embedding_change_m_w_raw	15x128	15x128	True	True	True	0	float32	float32
1lz1A	Y45F	44	neighbor_message_change_m_w	scalar	scalar	True	False	True	1.41561031342e-07	float64	float64
1lz1A	Y45F	44	neighbor_message_change_m_w_raw	15x128x1	15x128x1	True	True	True	0	float64	float64
1lz1A	Y45F	44	unweighted_backward_KL	scalar	scalar	True	True	True	0	float32	float32
1lz1A	Y45F	44	unweighted_forward_KL	scalar	scalar	True	True	True	0	float32	float32
1lz1A	Y45F	44	wild_pssm	scalar	scalar	True	True	True	0	float64	float64
1lz1A	Y45F	44	alternate_pssm	scalar	scalar	True	True	True	0	float64	float64
1lz1A	A47P	46	center_mut_wild_energy	scalar	scalar	True	True	True	0	float64	float32
1lz1A	A47P	46	center_mut_max_energy	scalar	scalar	True	True	True	0	float64	float32
1lz1A	A47P	46	center_entropy	scalar	scalar	True	True	True	0	float64	float32
1lz1A	A47P	46	weighted_neighbor_entropies	scalar	scalar	True	True	True	0	float32	float32
1lz1A	A47P	46	weighted_neighbor_energy_changes	scalar	scalar	True	False	True	2.27205713355e-07	float64	float32
1lz1A	A47P	46	backward_weighted_neighbor_energy_changes	scalar	scalar	True	True	True	0	float64	float64
1lz1A	A47P	46	V2_backward_weighted_neighbor_energy_changes	scalar	scalar	True	True	True	0	float64	float64
1lz1A	A47P	46	weighted_neighbor_forward_KL	scalar	scalar	True	True	True	0	float32	float32
1lz1A	A47P	46	weighted_neighbor_backward_KL	scalar	scalar	True	True	True	0	float32	float32
1lz1A	A47P	46	backward_weighted_neighbor_backward_KL	scalar	scalar	True	True	True	0	float64	float64
1lz1A	A47P	46	V2_backward_weighted_neighbor_backward_KL	scalar	scalar	True	True	True	0	float64	float64
1lz1A	A47P	46	weighted_neighbor_entropy_changes	scalar	scalar	True	True	True	0	float32	float32
1lz1A	A47P	46	backward_weighted_neighbor_entropy_changes	scalar	scalar	True	True	True	0	float64	float64
1lz1A	A47P	46	V2_backward_weighted_neighbor_entropy_changes	scalar	scalar	True	True	True	0	float64	float64
1lz1A	A47P	46	center_neighbor_weight_check_m_w	scalar	scalar	True	True	True	0	float64	float64
1lz1A	A47P	46	center_neighbor_weight_check_w_m	scalar	scalar	True	True	True	0	float64	float64
1lz1A	A47P	46	neighbor_embedding_change_m_w	scalar	scalar	True	True	True	0	float32	float32
1lz1A	A47P	46	neighbor_embedding_change_m_w_raw	15x128	15x128	True	True	True	0	float32	float32
1lz1A	A47P	46	neighbor_message_change_m_w	scalar	scalar	True	False	True	5.96046447754e-08	float64	float64
1lz1A	A47P	46	neighbor_message_change_m_w_raw	15x128x1	15x128x1	True	True	True	0	float64	float64
1lz1A	A47P	46	unweighted_backward_KL	scalar	scalar	True	True	True	0	float32	float32
1lz1A	A47P	46	unweighted_forward_KL	scalar	scalar	True	True	True	0	float32	float32
1lz1A	A47P	46	wild_pssm	scalar	scalar	True	True	True	0	float64	float64
1lz1A	A47P	46	alternate_pssm	scalar	scalar	True	True	True	0	float64	float64
1lz1A	Y54F	53	center_mut_wild_energy	scalar	scalar	True	False	True	2.98023223877e-08	float64	float32
1lz1A	Y54F	53	center_mut_max_energy	scalar	scalar	True	False	True	2.98023223877e-08	float64	float32
1lz1A	Y54F	53	center_entropy	scalar	scalar	True	True	True	0	float64	float32
1lz1A	Y54F	53	weighted_neighbor_entropies	scalar	scalar	True	False	True	2.38418579102e-07	float32	float32
1lz1A	Y54F	53	weighted_neighbor_energy_changes	scalar	scalar	True	False	True	3.95268671127e-08	float64	float32
1lz1A	Y54F	53	backward_weighted_neighbor_energy_changes	scalar	scalar	True	False	True	1.43645706885e-07	float64	float32
1lz1A	Y54F	53	V2_backward_weighted_neighbor_energy_changes	scalar	scalar	True	False	True	1.59025603352e-07	float64	float32
1lz1A	Y54F	53	weighted_neighbor_forward_KL	scalar	scalar	True	True	True	0	float32	float32
1lz1A	Y54F	53	weighted_neighbor_backward_KL	scalar	scalar	True	True	True	0	float32	float32
1lz1A	Y54F	53	backward_weighted_neighbor_backward_KL	scalar	scalar	True	True	True	0	float32	float32
1lz1A	Y54F	53	V2_backward_weighted_neighbor_backward_KL	scalar	scalar	True	True	True	0	float32	float32
1lz1A	Y54F	53	weighted_neighbor_entropy_changes	scalar	scalar	True	True	True	0	float32	float32
1lz1A	Y54F	53	backward_weighted_neighbor_entropy_changes	scalar	scalar	True	True	True	0	float32	float32
1lz1A	Y54F	53	V2_backward_weighted_neighbor_entropy_changes	scalar	scalar	True	True	True	0	float32	float32
1lz1A	Y54F	53	center_neighbor_weight_check_m_w	scalar	scalar	True	True	True	0	float32	float32
1lz1A	Y54F	53	center_neighbor_weight_check_w_m	scalar	scalar	True	True	True	0	float32	float32
1lz1A	Y54F	53	neighbor_embedding_change_m_w	scalar	scalar	True	False	True	2.38418579102e-07	float32	float32
1lz1A	Y54F	53	neighbor_embedding_change_m_w_raw	15x128	15x128	True	True	True	0	float32	float32
1lz1A	Y54F	53	neighbor_message_change_m_w	scalar	scalar	True	True	True	0	float32	float32
1lz1A	Y54F	53	neighbor_message_change_m_w_raw	15x128x1	15x128x1	True	True	True	0	float32	float32
1lz1A	Y54F	53	unweighted_backward_KL	scalar	scalar	True	True	True	0	float32	float32
1lz1A	Y54F	53	unweighted_forward_KL	scalar	scalar	True	True	True	0	float32	float32
1lz1A	Y54F	53	wild_pssm	scalar	scalar	True	True	True	0	float64	float64
1lz1A	Y54F	53	alternate_pssm	scalar	scalar	True	True	True	0	float64	float64
1lz1A	I56A	55	center_mut_wild_energy	scalar	scalar	True	False	True	1.19209289551e-07	float64	float32
1lz1A	I56A	55	center_mut_max_energy	scalar	scalar	True	False	True	1.19209289551e-07	float64	float32
1lz1A	I56A	55	center_entropy	scalar	scalar	True	True	True	0	float64	float32
1lz1A	I56A	55	weighted_neighbor_entropies	scalar	scalar	True	False	True	5.96046447754e-08	float32	float32
1lz1A	I56A	55	weighted_neighbor_energy_changes	scalar	scalar	True	False	True	2.88819260952e-07	float64	float32
1lz1A	I56A	55	backward_weighted_neighbor_energy_changes	scalar	scalar	True	False	True	6.58126884545e-07	float64	float32
1lz1A	I56A	55	V2_backward_weighted_neighbor_energy_changes	scalar	scalar	True	False	True	5.33681845383e-08	float64	float32
1lz1A	I56A	55	weighted_neighbor_forward_KL	scalar	scalar	True	True	True	0	float32	float32
1lz1A	I56A	55	weighted_neighbor_backward_KL	scalar	scalar	True	True	True	0	float32	float32
1lz1A	I56A	55	backward_weighted_neighbor_backward_KL	scalar	scalar	True	True	True	0	float32	float32
1lz1A	I56A	55	V2_backward_weighted_neighbor_backward_KL	scalar	scalar	True	True	True	0	float32	float32
1lz1A	I56A	55	weighted_neighbor_entropy_changes	scalar	scalar	True	True	True	0	float32	float32
1lz1A	I56A	55	backward_weighted_neighbor_entropy_changes	scalar	scalar	True	True	True	0	float32	float32
1lz1A	I56A	55	V2_backward_weighted_neighbor_entropy_changes	scalar	scalar	True	True	True	0	float32	float32
1lz1A	I56A	55	center_neighbor_weight_check_m_w	scalar	scalar	True	True	True	0	float32	float32
1lz1A	I56A	55	center_neighbor_weight_check_w_m	scalar	scalar	True	True	True	0	float32	float32
1lz1A	I56A	55	neighbor_embedding_change_m_w	scalar	scalar	True	True	True	0	float32	float32
1lz1A	I56A	55	neighbor_embedding_change_m_w_raw	15x128	15x128	True	True	True	0	float32	float32
1lz1A	I56A	55	neighbor_message_change_m_w	scalar	scalar	True	True	True	0	float32	float32
1lz1A	I56A	55	neighbor_message_change_m_w_raw	15x128x1	15x128x1	True	True	True	0	float32	float32
1lz1A	I56A	55	unweighted_backward_KL	scalar	scalar	True	True	True	0	float32	float32
1lz1A	I56A	55	unweighted_forward_KL	scalar	scalar	True	True	True	0	float32	float32
1lz1A	I56A	55	wild_pssm	scalar	scalar	True	True	True	0	float64	float64
1lz1A	I56A	55	alternate_pssm	scalar	scalar	True	True	True	0	float64	float64
1lz1A	I56T	55	center_mut_wild_energy	scalar	scalar	True	False	True	5.96046447754e-08	float64	float32
1lz1A	I56T	55	center_mut_max_energy	scalar	scalar	True	False	True	5.96046447754e-08	float64	float32
1lz1A	I56T	55	center_entropy	scalar	scalar	True	True	True	0	float64	float32
1lz1A	I56T	55	weighted_neighbor_entropies	scalar	scalar	True	False	True	5.96046447754e-08	float32	float32
1lz1A	I56T	55	weighted_neighbor_energy_changes	scalar	scalar	True	False	True	1.45701266163e-07	float64	float32
1lz1A	I56T	55	backward_weighted_neighbor_energy_changes	scalar	scalar	True	False	True	1.03520637396e-07	float64	float32
1lz1A	I56T	55	V2_backward_weighted_neighbor_energy_changes	scalar	scalar	True	False	True	3.06834444075e-07	float64	float32
1lz1A	I56T	55	weighted_neighbor_forward_KL	scalar	scalar	True	True	True	0	float32	float32
1lz1A	I56T	55	weighted_neighbor_backward_KL	scalar	scalar	True	True	True	0	float32	float32
1lz1A	I56T	55	backward_weighted_neighbor_backward_KL	scalar	scalar	True	True	True	0	float32	float32
1lz1A	I56T	55	V2_backward_weighted_neighbor_backward_KL	scalar	scalar	True	True	True	0	float32	float32
1lz1A	I56T	55	weighted_neighbor_entropy_changes	scalar	scalar	True	True	True	0	float32	float32
1lz1A	I56T	55	backward_weighted_neighbor_entropy_changes	scalar	scalar	True	True	True	0	float32	float32
1lz1A	I56T	55	V2_backward_weighted_neighbor_entropy_changes	scalar	scalar	True	True	True	0	float32	float32
1lz1A	I56T	55	center_neighbor_weight_check_m_w	scalar	scalar	True	True	True	0	float32	float32
1lz1A	I56T	55	center_neighbor_weight_check_w_m	scalar	scalar	True	True	True	0	float32	float32
1lz1A	I56T	55	neighbor_embedding_change_m_w	scalar	scalar	True	True	True	0	float32	float32
1lz1A	I56T	55	neighbor_embedding_change_m_w_raw	15x128	15x128	True	True	True	0	float32	float32
1lz1A	I56T	55	neighbor_message_change_m_w	scalar	scalar	True	True	True	0	float32	float32
1lz1A	I56T	55	neighbor_message_change_m_w_raw	15x128x1	15x128x1	True	True	True	0	float32	float32
1lz1A	I56T	55	unweighted_backward_KL	scalar	scalar	True	True	True	0	float32	float32
1lz1A	I56T	55	unweighted_forward_KL	scalar	scalar	True	True	True	0	float32	float32
1lz1A	I56T	55	wild_pssm	scalar	scalar	True	True	True	0	float64	float64
1lz1A	I56T	55	alternate_pssm	scalar	scalar	True	True	True	0	float64	float64
1lz1A	I56V	55	center_mut_wild_energy	scalar	scalar	True	False	True	5.96046447754e-08	float64	float32
1lz1A	I56V	55	center_mut_max_energy	scalar	scalar	True	False	True	5.96046447754e-08	float64	float32
1lz1A	I56V	55	center_entropy	scalar	scalar	True	True	True	0	float64	float32
1lz1A	I56V	55	weighted_neighbor_entropies	scalar	scalar	True	False	True	1.19209289551e-07	float32	float32
1lz1A	I56V	55	weighted_neighbor_energy_changes	scalar	scalar	True	False	True	2.22106280034e-08	float64	float32
1lz1A	I56V	55	backward_weighted_neighbor_energy_changes	scalar	scalar	True	False	True	6.68023858452e-09	float64	float32
1lz1A	I56V	55	V2_backward_weighted_neighbor_energy_changes	scalar	scalar	True	False	True	4.85397322336e-09	float64	float32
1lz1A	I56V	55	weighted_neighbor_forward_KL	scalar	scalar	True	True	True	0	float32	float32
1lz1A	I56V	55	weighted_neighbor_backward_KL	scalar	scalar	True	True	True	0	float32	float32
1lz1A	I56V	55	backward_weighted_neighbor_backward_KL	scalar	scalar	True	True	True	0	float32	float32
1lz1A	I56V	55	V2_backward_weighted_neighbor_backward_KL	scalar	scalar	True	True	True	0	float32	float32
1lz1A	I56V	55	weighted_neighbor_entropy_changes	scalar	scalar	True	True	True	0	float32	float32
1lz1A	I56V	55	backward_weighted_neighbor_entropy_changes	scalar	scalar	True	True	True	0	float32	float32
1lz1A	I56V	55	V2_backward_weighted_neighbor_entropy_changes	scalar	scalar	True	True	True	0	float32	float32
1lz1A	I56V	55	center_neighbor_weight_check_m_w	scalar	scalar	True	True	True	0	float32	float32
1lz1A	I56V	55	center_neighbor_weight_check_w_m	scalar	scalar	True	True	True	0	float32	float32
1lz1A	I56V	55	neighbor_embedding_change_m_w	scalar	scalar	True	True	True	0	float32	float32
1lz1A	I56V	55	neighbor_embedding_change_m_w_raw	15x128	15x128	True	True	True	0	float32	float32
1lz1A	I56V	55	neighbor_message_change_m_w	scalar	scalar	True	True	True	0	float32	float32
1lz1A	I56V	55	neighbor_message_change_m_w_raw	15x128x1	15x128x1	True	True	True	0	float32	float32
1lz1A	I56V	55	unweighted_backward_KL	scalar	scalar	True	True	True	0	float32	float32
1lz1A	I56V	55	unweighted_forward_KL	scalar	scalar	True	True	True	0	float32	float32
1lz1A	I56V	55	wild_pssm	scalar	scalar	True	True	True	0	float64	float64
1lz1A	I56V	55	alternate_pssm	scalar	scalar	True	True	True	0	float64	float64
1lz1A	I59A	58	center_mut_wild_energy	scalar	scalar	True	False	True	2.98023223877e-08	float64	float32
1lz1A	I59A	58	center_mut_max_energy	scalar	scalar	True	False	True	2.98023223877e-08	float64	float32
1lz1A	I59A	58	center_entropy	scalar	scalar	True	True	True	0	float64	float32
1lz1A	I59A	58	weighted_neighbor_entropies	scalar	scalar	True	True	True	0	float32	float32
1lz1A	I59A	58	weighted_neighbor_energy_changes	scalar	scalar	True	False	True	4.65321034149e-07	float64	float32
1lz1A	I59A	58	backward_weighted_neighbor_energy_changes	scalar	scalar	True	False	True	4.81837130195e-08	float64	float32
1lz1A	I59A	58	V2_backward_weighted_neighbor_energy_changes	scalar	scalar	True	False	True	3.38567680558e-08	float64	float32
1lz1A	I59A	58	weighted_neighbor_forward_KL	scalar	scalar	True	True	True	0	float32	float32
1lz1A	I59A	58	weighted_neighbor_backward_KL	scalar	scalar	True	True	True	0	float32	float32
1lz1A	I59A	58	backward_weighted_neighbor_backward_KL	scalar	scalar	True	True	True	0	float32	float32
1lz1A	I59A	58	V2_backward_weighted_neighbor_backward_KL	scalar	scalar	True	True	True	0	float32	float32
1lz1A	I59A	58	weighted_neighbor_entropy_changes	scalar	scalar	True	True	True	0	float32	float32
1lz1A	I59A	58	backward_weighted_neighbor_entropy_changes	scalar	scalar	True	True	True	0	float32	float32
1lz1A	I59A	58	V2_backward_weighted_neighbor_entropy_changes	scalar	scalar	True	True	True	0	float32	float32
1lz1A	I59A	58	center_neighbor_weight_check_m_w	scalar	scalar	True	True	True	0	float32	float32
1lz1A	I59A	58	center_neighbor_weight_check_w_m	scalar	scalar	True	True	True	0	float32	float32
1lz1A	I59A	58	neighbor_embedding_change_m_w	scalar	scalar	True	True	True	0	float32	float32
1lz1A	I59A	58	neighbor_embedding_change_m_w_raw	15x128	15x128	True	True	True	0	float32	float32
1lz1A	I59A	58	neighbor_message_change_m_w	scalar	scalar	True	True	True	0	float32	float32
1lz1A	I59A	58	neighbor_message_change_m_w_raw	15x128x1	15x128x1	True	True	True	0	float32	float32
1lz1A	I59A	58	unweighted_backward_KL	scalar	scalar	True	True	True	0	float32	float32
1lz1A	I59A	58	unweighted_forward_KL	scalar	scalar	True	True	True	0	float32	float32
1lz1A	I59A	58	wild_pssm	scalar	scalar	True	True	True	0	float64	float64
1lz1A	I59A	58	alternate_pssm	scalar	scalar	True	True	True	0	float64	float64
1lz1A	I59G	58	center_mut_wild_energy	scalar	scalar	True	False	True	1.49011611938e-07	float64	float32
1lz1A	I59G	58	center_mut_max_energy	scalar	scalar	True	False	True	1.49011611938e-07	float64	float32
1lz1A	I59G	58	center_entropy	scalar	scalar	True	True	True	0	float64	float32
1lz1A	I59G	58	weighted_neighbor_entropies	scalar	scalar	True	False	True	1.19209289551e-07	float32	float32
1lz1A	I59G	58	weighted_neighbor_energy_changes	scalar	scalar	True	False	True	6.7045262675e-09	float64	float32
1lz1A	I59G	58	backward_weighted_neighbor_energy_changes	scalar	scalar	True	False	True	2.93126907636e-07	float64	float32
1lz1A	I59G	58	V2_backward_weighted_neighbor_energy_changes	scalar	scalar	True	False	True	4.57929378861e-08	float64	float32
1lz1A	I59G	58	weighted_neighbor_forward_KL	scalar	scalar	True	True	True	0	float32	float32
1lz1A	I59G	58	weighted_neighbor_backward_KL	scalar	scalar	True	True	True	0	float32	float32
1lz1A	I59G	58	backward_weighted_neighbor_backward_KL	scalar	scalar	True	True	True	0	float32	float32
1lz1A	I59G	58	V2_backward_weighted_neighbor_backward_KL	scalar	scalar	True	True	True	0	float32	float32
1lz1A	I59G	58	weighted_neighbor_entropy_changes	scalar	scalar	True	True	True	0	float32	float32
1lz1A	I59G	58	backward_weighted_neighbor_entropy_changes	scalar	scalar	True	True	True	0	float32	float32
1lz1A	I59G	58	V2_backward_weighted_neighbor_entropy_changes	scalar	scalar	True	True	True	0	float32	float32
1lz1A	I59G	58	center_neighbor_weight_check_m_w	scalar	scalar	True	True	True	0	float32	float32
1lz1A	I59G	58	center_neighbor_weight_check_w_m	scalar	scalar	True	True	True	0	float32	float32
1lz1A	I59G	58	neighbor_embedding_change_m_w	scalar	scalar	True	True	True	0	float32	float32
1lz1A	I59G	58	neighbor_embedding_change_m_w_raw	15x128	15x128	True	True	True	0	float32	float32
1lz1A	I59G	58	neighbor_message_change_m_w	scalar	scalar	True	True	True	0	float32	float32
1lz1A	I59G	58	neighbor_message_change_m_w_raw	15x128x1	15x128x1	True	True	True	0	float32	float32
1lz1A	I59G	58	unweighted_backward_KL	scalar	scalar	True	True	True	0	float32	float32
1lz1A	I59G	58	unweighted_forward_KL	scalar	scalar	True	True	True	0	float32	float32
1lz1A	I59G	58	wild_pssm	scalar	scalar	True	True	True	0	float64	float64
1lz1A	I59G	58	alternate_pssm	scalar	scalar	True	True	True	0	float64	float64
1lz1A	I59V	58	center_mut_wild_energy	scalar	scalar	True	False	True	8.94069671631e-08	float64	float32
1lz1A	I59V	58	center_mut_max_energy	scalar	scalar	True	False	True	8.94069671631e-08	float64	float32
1lz1A	I59V	58	center_entropy	scalar	scalar	True	True	True	0	float64	float32
1lz1A	I59V	58	weighted_neighbor_entropies	scalar	scalar	True	False	True	2.38418579102e-07	float32	float32
1lz1A	I59V	58	weighted_neighbor_energy_changes	scalar	scalar	True	False	True	8.32238837845e-08	float64	float32
1lz1A	I59V	58	backward_weighted_neighbor_energy_changes	scalar	scalar	True	False	True	9.01289824995e-08	float64	float32
1lz1A	I59V	58	V2_backward_weighted_neighbor_energy_changes	scalar	scalar	True	False	True	9.25701222343e-08	float64	float32
1lz1A	I59V	58	weighted_neighbor_forward_KL	scalar	scalar	True	True	True	0	float32	float32
1lz1A	I59V	58	weighted_neighbor_backward_KL	scalar	scalar	True	True	True	0	float32	float32
1lz1A	I59V	58	backward_weighted_neighbor_backward_KL	scalar	scalar	True	True	True	0	float32	float32
1lz1A	I59V	58	V2_backward_weighted_neighbor_backward_KL	scalar	scalar	True	True	True	0	float32	float32
1lz1A	I59V	58	weighted_neighbor_entropy_changes	scalar	scalar	True	True	True	0	float32	float32
1lz1A	I59V	58	backward_weighted_neighbor_entropy_changes	scalar	scalar	True	True	True	0	float32	float32
1lz1A	I59V	58	V2_backward_weighted_neighbor_entropy_changes	scalar	scalar	True	True	True	0	float32	float32
1lz1A	I59V	58	center_neighbor_weight_check_m_w	scalar	scalar	True	True	True	0	float32	float32
1lz1A	I59V	58	center_neighbor_weight_check_w_m	scalar	scalar	True	True	True	0	float32	float32
1lz1A	I59V	58	neighbor_embedding_change_m_w	scalar	scalar	True	True	True	0	float32	float32
1lz1A	I59V	58	neighbor_embedding_change_m_w_raw	15x128	15x128	True	True	True	0	float32	float32
1lz1A	I59V	58	neighbor_message_change_m_w	scalar	scalar	True	True	True	0	float32	float32
1lz1A	I59V	58	neighbor_message_change_m_w_raw	15x128x1	15x128x1	True	True	True	0	float32	float32
1lz1A	I59V	58	unweighted_backward_KL	scalar	scalar	True	True	True	0	float32	float32
1lz1A	I59V	58	unweighted_forward_KL	scalar	scalar	True	True	True	0	float32	float32
1lz1A	I59V	58	wild_pssm	scalar	scalar	True	True	True	0	float64	float64
1lz1A	I59V	58	alternate_pssm	scalar	scalar	True	True	True	0	float64	float64
1lz1A	Y63F	62	center_mut_wild_energy	scalar	scalar	True	True	True	0	float64	float32
1lz1A	Y63F	62	center_mut_max_energy	scalar	scalar	True	True	True	0	float64	float32
1lz1A	Y63F	62	center_entropy	scalar	scalar	True	True	True	0	float64	float32
1lz1A	Y63F	62	weighted_neighbor_entropies	scalar	scalar	True	False	True	1.19209289551e-07	float32	float32
1lz1A	Y63F	62	weighted_neighbor_energy_changes	scalar	scalar	True	False	True	1.05728545918e-08	float64	float32
1lz1A	Y63F	62	backward_weighted_neighbor_energy_changes	scalar	scalar	True	False	True	5.65559972188e-08	float64	float32
1lz1A	Y63F	62	V2_backward_weighted_neighbor_energy_changes	scalar	scalar	True	False	True	5.44034506333e-08	float64	float32
1lz1A	Y63F	62	weighted_neighbor_forward_KL	scalar	scalar	True	True	True	0	float32	float32
1lz1A	Y63F	62	weighted_neighbor_backward_KL	scalar	scalar	True	True	True	0	float32	float32
1lz1A	Y63F	62	backward_weighted_neighbor_backward_KL	scalar	scalar	True	True	True	0	float32	float32
1lz1A	Y63F	62	V2_backward_weighted_neighbor_backward_KL	scalar	scalar	True	True	True	0	float32	float32
1lz1A	Y63F	62	weighted_neighbor_entropy_changes	scalar	scalar	True	True	True	0	float32	float32
1lz1A	Y63F	62	backward_weighted_neighbor_entropy_changes	scalar	scalar	True	True	True	0	float32	float32
1lz1A	Y63F	62	V2_backward_weighted_neighbor_entropy_changes	scalar	scalar	True	True	True	0	float32	float32
1lz1A	Y63F	62	center_neighbor_weight_check_m_w	scalar	scalar	True	True	True	0	float32	float32
1lz1A	Y63F	62	center_neighbor_weight_check_w_m	scalar	scalar	True	True	True	0	float32	float32
1lz1A	Y63F	62	neighbor_embedding_change_m_w	scalar	scalar	True	True	True	0	float32	float32
1lz1A	Y63F	62	neighbor_embedding_change_m_w_raw	15x128	15x128	True	True	True	0	float32	float32
1lz1A	Y63F	62	neighbor_message_change_m_w	scalar	scalar	True	True	True	0	float32	float32
1lz1A	Y63F	62	neighbor_message_change_m_w_raw	15x128x1	15x128x1	True	True	True	0	float32	float32
1lz1A	Y63F	62	unweighted_backward_KL	scalar	scalar	True	True	True	0	float32	float32
1lz1A	Y63F	62	unweighted_forward_KL	scalar	scalar	True	True	True	0	float32	float32
1lz1A	Y63F	62	wild_pssm	scalar	scalar	True	True	True	0	float64	float64
1lz1A	Y63F	62	alternate_pssm	scalar	scalar	True	True	True	0	float64	float64
1lz1A	P71G	70	center_mut_wild_energy	scalar	scalar	True	False	True	8.94069671631e-08	float64	float32
1lz1A	P71G	70	center_mut_max_energy	scalar	scalar	True	False	True	8.94069671631e-08	float64	float32
1lz1A	P71G	70	center_entropy	scalar	scalar	True	True	True	0	float64	float32
1lz1A	P71G	70	weighted_neighbor_entropies	scalar	scalar	True	False	True	2.38418579102e-07	float32	float32
1lz1A	P71G	70	weighted_neighbor_energy_changes	scalar	scalar	True	False	True	5.88461084305e-08	float64	float32
1lz1A	P71G	70	backward_weighted_neighbor_energy_changes	scalar	scalar	True	True	True	0	float64	float64
1lz1A	P71G	70	V2_backward_weighted_neighbor_energy_changes	scalar	scalar	True	True	True	0	float64	float64
1lz1A	P71G	70	weighted_neighbor_forward_KL	scalar	scalar	True	True	True	0	float32	float32
1lz1A	P71G	70	weighted_neighbor_backward_KL	scalar	scalar	True	True	True	0	float32	float32
1lz1A	P71G	70	backward_weighted_neighbor_backward_KL	scalar	scalar	True	True	True	0	float64	float64
1lz1A	P71G	70	V2_backward_weighted_neighbor_backward_KL	scalar	scalar	True	True	True	0	float64	float64
1lz1A	P71G	70	weighted_neighbor_entropy_changes	scalar	scalar	True	True	True	0	float32	float32
1lz1A	P71G	70	backward_weighted_neighbor_entropy_changes	scalar	scalar	True	True	True	0	float64	float64
1lz1A	P71G	70	V2_backward_weighted_neighbor_entropy_changes	scalar	scalar	True	True	True	0	float64	float64
1lz1A	P71G	70	center_neighbor_weight_check_m_w	scalar	scalar	True	True	True	0	float64	float64
1lz1A	P71G	70	center_neighbor_weight_check_w_m	scalar	scalar	True	True	True	0	float64	float64
1lz1A	P71G	70	neighbor_embedding_change_m_w	scalar	scalar	True	True	True	0	float32	float32
1lz1A	P71G	70	neighbor_embedding_change_m_w_raw	15x128	15x128	True	True	True	0	float32	float32
1lz1A	P71G	70	neighbor_message_change_m_w	scalar	scalar	True	False	True	1.49011611938e-08	float64	float64
1lz1A	P71G	70	neighbor_message_change_m_w_raw	15x128x1	15x128x1	True	True	True	0	float64	float64
1lz1A	P71G	70	unweighted_backward_KL	scalar	scalar	True	True	True	0	float32	float32
1lz1A	P71G	70	unweighted_forward_KL	scalar	scalar	True	True	True	0	float32	float32
1lz1A	P71G	70	wild_pssm	scalar	scalar	True	True	True	0	float64	float64
1lz1A	P71G	70	alternate_pssm	scalar	scalar	True	True	True	0	float64	float64
1lz1A	V74A	73	center_mut_wild_energy	scalar	scalar	True	True	True	0	float64	float32
1lz1A	V74A	73	center_mut_max_energy	scalar	scalar	True	True	True	0	float64	float32
1lz1A	V74A	73	center_entropy	scalar	scalar	True	True	True	0	float64	float32
1lz1A	V74A	73	weighted_neighbor_entropies	scalar	scalar	True	True	True	0	float32	float32
1lz1A	V74A	73	weighted_neighbor_energy_changes	scalar	scalar	True	False	True	8.47166266027e-08	float64	float32
1lz1A	V74A	73	backward_weighted_neighbor_energy_changes	scalar	scalar	True	True	True	0	float64	float64
1lz1A	V74A	73	V2_backward_weighted_neighbor_energy_changes	scalar	scalar	True	True	True	0	float64	float64
1lz1A	V74A	73	weighted_neighbor_forward_KL	scalar	scalar	True	True	True	0	float32	float32
1lz1A	V74A	73	weighted_neighbor_backward_KL	scalar	scalar	True	True	True	0	float32	float32
1lz1A	V74A	73	backward_weighted_neighbor_backward_KL	scalar	scalar	True	True	True	0	float64	float64
1lz1A	V74A	73	V2_backward_weighted_neighbor_backward_KL	scalar	scalar	True	True	True	0	float64	float64
1lz1A	V74A	73	weighted_neighbor_entropy_changes	scalar	scalar	True	True	True	0	float32	float32
1lz1A	V74A	73	backward_weighted_neighbor_entropy_changes	scalar	scalar	True	True	True	0	float64	float64
1lz1A	V74A	73	V2_backward_weighted_neighbor_entropy_changes	scalar	scalar	True	True	True	0	float64	float64
1lz1A	V74A	73	center_neighbor_weight_check_m_w	scalar	scalar	True	True	True	0	float64	float64
1lz1A	V74A	73	center_neighbor_weight_check_w_m	scalar	scalar	True	True	True	0	float64	float64
1lz1A	V74A	73	neighbor_embedding_change_m_w	scalar	scalar	True	True	True	0	float32	float32
1lz1A	V74A	73	neighbor_embedding_change_m_w_raw	15x128	15x128	True	True	True	0	float32	float32
1lz1A	V74A	73	neighbor_message_change_m_w	scalar	scalar	True	True	True	0	float64	float64
1lz1A	V74A	73	neighbor_message_change_m_w_raw	15x128x1	15x128x1	True	True	True	0	float64	float64
1lz1A	V74A	73	unweighted_backward_KL	scalar	scalar	True	True	True	0	float32	float32
1lz1A	V74A	73	unweighted_forward_KL	scalar	scalar	True	True	True	0	float32	float32
1lz1A	V74A	73	wild_pssm	scalar	scalar	True	True	True	0	float64	float64
1lz1A	V74A	73	alternate_pssm	scalar	scalar	True	True	True	0	float64	float64
1lz1A	V74G	73	center_mut_wild_energy	scalar	scalar	True	True	True	0	float64	float32
1lz1A	V74G	73	center_mut_max_energy	scalar	scalar	True	True	True	0	float64	float32
1lz1A	V74G	73	center_entropy	scalar	scalar	True	True	True	0	float64	float32
1lz1A	V74G	73	weighted_neighbor_entropies	scalar	scalar	True	True	True	0	float32	float32
1lz1A	V74G	73	weighted_neighbor_energy_changes	scalar	scalar	True	False	True	8.32276718654e-08	float64	float32
1lz1A	V74G	73	backward_weighted_neighbor_energy_changes	scalar	scalar	True	True	True	0	float64	float64
1lz1A	V74G	73	V2_backward_weighted_neighbor_energy_changes	scalar	scalar	True	True	True	0	float64	float64
1lz1A	V74G	73	weighted_neighbor_forward_KL	scalar	scalar	True	True	True	0	float32	float32
1lz1A	V74G	73	weighted_neighbor_backward_KL	scalar	scalar	True	True	True	0	float32	float32
1lz1A	V74G	73	backward_weighted_neighbor_backward_KL	scalar	scalar	True	True	True	0	float64	float64
1lz1A	V74G	73	V2_backward_weighted_neighbor_backward_KL	scalar	scalar	True	True	True	0	float64	float64
1lz1A	V74G	73	weighted_neighbor_entropy_changes	scalar	scalar	True	True	True	0	float32	float32
1lz1A	V74G	73	backward_weighted_neighbor_entropy_changes	scalar	scalar	True	True	True	0	float64	float64
1lz1A	V74G	73	V2_backward_weighted_neighbor_entropy_changes	scalar	scalar	True	True	True	0	float64	float64
1lz1A	V74G	73	center_neighbor_weight_check_m_w	scalar	scalar	True	True	True	0	float64	float64
1lz1A	V74G	73	center_neighbor_weight_check_w_m	scalar	scalar	True	True	True	0	float64	float64
1lz1A	V74G	73	neighbor_embedding_change_m_w	scalar	scalar	True	True	True	0	float32	float32
1lz1A	V74G	73	neighbor_embedding_change_m_w_raw	15x128	15x128	True	True	True	0	float32	float32
1lz1A	V74G	73	neighbor_message_change_m_w	scalar	scalar	True	False	True	2.98023223877e-08	float64	float64
1lz1A	V74G	73	neighbor_message_change_m_w_raw	15x128x1	15x128x1	True	True	True	0	float64	float64
1lz1A	V74G	73	unweighted_backward_KL	scalar	scalar	True	True	True	0	float32	float32
1lz1A	V74G	73	unweighted_forward_KL	scalar	scalar	True	True	True	0	float32	float32
1lz1A	V74G	73	wild_pssm	scalar	scalar	True	True	True	0	float64	float64
1lz1A	V74G	73	alternate_pssm	scalar	scalar	True	True	True	0	float64	float64
1lz1A	V74I	73	center_mut_wild_energy	scalar	scalar	True	True	True	0	float64	float32
1lz1A	V74I	73	center_mut_max_energy	scalar	scalar	True	True	True	0	float64	float32
1lz1A	V74I	73	center_entropy	scalar	scalar	True	True	True	0	float64	float32
1lz1A	V74I	73	weighted_neighbor_entropies	scalar	scalar	True	False	True	1.19209289551e-07	float32	float32
1lz1A	V74I	73	weighted_neighbor_energy_changes	scalar	scalar	True	False	True	5.85331587644e-08	float64	float32
1lz1A	V74I	73	backward_weighted_neighbor_energy_changes	scalar	scalar	True	True	True	0	float64	float64
1lz1A	V74I	73	V2_backward_weighted_neighbor_energy_changes	scalar	scalar	True	True	True	0	float64	float64
1lz1A	V74I	73	weighted_neighbor_forward_KL	scalar	scalar	True	True	True	0	float32	float32
1lz1A	V74I	73	weighted_neighbor_backward_KL	scalar	scalar	True	True	True	0	float32	float32
1lz1A	V74I	73	backward_weighted_neighbor_backward_KL	scalar	scalar	True	True	True	0	float64	float64
1lz1A	V74I	73	V2_backward_weighted_neighbor_backward_KL	scalar	scalar	True	True	True	0	float64	float64
1lz1A	V74I	73	weighted_neighbor_entropy_changes	scalar	scalar	True	True	True	0	float32	float32
1lz1A	V74I	73	backward_weighted_neighbor_entropy_changes	scalar	scalar	True	True	True	0	float64	float64
1lz1A	V74I	73	V2_backward_weighted_neighbor_entropy_changes	scalar	scalar	True	True	True	0	float64	float64
1lz1A	V74I	73	center_neighbor_weight_check_m_w	scalar	scalar	True	True	True	0	float64	float64
1lz1A	V74I	73	center_neighbor_weight_check_w_m	scalar	scalar	True	True	True	0	float64	float64
1lz1A	V74I	73	neighbor_embedding_change_m_w	scalar	scalar	True	True	True	0	float32	float32
1lz1A	V74I	73	neighbor_embedding_change_m_w_raw	15x128	15x128	True	True	True	0	float32	float32
1lz1A	V74I	73	neighbor_message_change_m_w	scalar	scalar	True	True	True	0	float64	float64
1lz1A	V74I	73	neighbor_message_change_m_w_raw	15x128x1	15x128x1	True	True	True	0	float64	float64
1lz1A	V74I	73	unweighted_backward_KL	scalar	scalar	True	True	True	0	float32	float32
1lz1A	V74I	73	unweighted_forward_KL	scalar	scalar	True	True	True	0	float32	float32
1lz1A	V74I	73	wild_pssm	scalar	scalar	True	True	True	0	float64	float64
1lz1A	V74I	73	alternate_pssm	scalar	scalar	True	True	True	0	float64	float64
1lz1A	V74L	73	center_mut_wild_energy	scalar	scalar	True	True	True	0	float64	float32
1lz1A	V74L	73	center_mut_max_energy	scalar	scalar	True	True	True	0	float64	float32
1lz1A	V74L	73	center_entropy	scalar	scalar	True	True	True	0	float64	float32
1lz1A	V74L	73	weighted_neighbor_entropies	scalar	scalar	True	True	True	0	float32	float32
1lz1A	V74L	73	weighted_neighbor_energy_changes	scalar	scalar	True	False	True	4.32950965745e-07	float64	float32
1lz1A	V74L	73	backward_weighted_neighbor_energy_changes	scalar	scalar	True	True	True	0	float64	float64
1lz1A	V74L	73	V2_backward_weighted_neighbor_energy_changes	scalar	scalar	True	True	True	0	float64	float64
1lz1A	V74L	73	weighted_neighbor_forward_KL	scalar	scalar	True	True	True	0	float32	float32
1lz1A	V74L	73	weighted_neighbor_backward_KL	scalar	scalar	True	True	True	0	float32	float32
1lz1A	V74L	73	backward_weighted_neighbor_backward_KL	scalar	scalar	True	True	True	0	float64	float64
1lz1A	V74L	73	V2_backward_weighted_neighbor_backward_KL	scalar	scalar	True	True	True	0	float64	float64
1lz1A	V74L	73	weighted_neighbor_entropy_changes	scalar	scalar	True	True	True	0	float32	float32
1lz1A	V74L	73	backward_weighted_neighbor_entropy_changes	scalar	scalar	True	True	True	0	float64	float64
1lz1A	V74L	73	V2_backward_weighted_neighbor_entropy_changes	scalar	scalar	True	True	True	0	float64	float64
1lz1A	V74L	73	center_neighbor_weight_check_m_w	scalar	scalar	True	True	True	0	float64	float64
1lz1A	V74L	73	center_neighbor_weight_check_w_m	scalar	scalar	True	True	True	0	float64	float64
1lz1A	V74L	73	neighbor_embedding_change_m_w	scalar	scalar	True	True	True	0	float32	float32
1lz1A	V74L	73	neighbor_embedding_change_m_w_raw	15x128	15x128	True	True	True	0	float32	float32
1lz1A	V74L	73	neighbor_message_change_m_w	scalar	scalar	True	False	True	3.72529029846e-09	float64	float64
1lz1A	V74L	73	neighbor_message_change_m_w_raw	15x128x1	15x128x1	True	True	True	0	float64	float64
1lz1A	V74L	73	unweighted_backward_KL	scalar	scalar	True	True	True	0	float32	float32
1lz1A	V74L	73	unweighted_forward_KL	scalar	scalar	True	True	True	0	float32	float32
1lz1A	V74L	73	wild_pssm	scalar	scalar	True	True	True	0	float64	float64
1lz1A	V74L	73	alternate_pssm	scalar	scalar	True	True	True	0	float64	float64
1lz1A	V74M	73	center_mut_wild_energy	scalar	scalar	True	True	True	0	float64	float32
1lz1A	V74M	73	center_mut_max_energy	scalar	scalar	True	True	True	0	float64	float32
1lz1A	V74M	73	center_entropy	scalar	scalar	True	True	True	0	float64	float32
1lz1A	V74M	73	weighted_neighbor_entropies	scalar	scalar	True	False	True	1.19209289551e-07	float32	float32
1lz1A	V74M	73	weighted_neighbor_energy_changes	scalar	scalar	True	False	True	6.80090010974e-08	float64	float32
1lz1A	V74M	73	backward_weighted_neighbor_energy_changes	scalar	scalar	True	True	True	0	float64	float64
1lz1A	V74M	73	V2_backward_weighted_neighbor_energy_changes	scalar	scalar	True	True	True	0	float64	float64
1lz1A	V74M	73	weighted_neighbor_forward_KL	scalar	scalar	True	True	True	0	float32	float32
1lz1A	V74M	73	weighted_neighbor_backward_KL	scalar	scalar	True	True	True	0	float32	float32
1lz1A	V74M	73	backward_weighted_neighbor_backward_KL	scalar	scalar	True	True	True	0	float64	float64
1lz1A	V74M	73	V2_backward_weighted_neighbor_backward_KL	scalar	scalar	True	True	True	0	float64	float64
1lz1A	V74M	73	weighted_neighbor_entropy_changes	scalar	scalar	True	True	True	0	float32	float32
1lz1A	V74M	73	backward_weighted_neighbor_entropy_changes	scalar	scalar	True	True	True	0	float64	float64
1lz1A	V74M	73	V2_backward_weighted_neighbor_entropy_changes	scalar	scalar	True	True	True	0	float64	float64
1lz1A	V74M	73	center_neighbor_weight_check_m_w	scalar	scalar	True	True	True	0	float64	float64
1lz1A	V74M	73	center_neighbor_weight_check_w_m	scalar	scalar	True	True	True	0	float64	float64
1lz1A	V74M	73	neighbor_embedding_change_m_w	scalar	scalar	True	True	True	0	float32	float32
1lz1A	V74M	73	neighbor_embedding_change_m_w_raw	15x128	15x128	True	True	True	0	float32	float32
1lz1A	V74M	73	neighbor_message_change_m_w	scalar	scalar	True	False	True	7.45058059692e-09	float64	float64
1lz1A	V74M	73	neighbor_message_change_m_w_raw	15x128x1	15x128x1	True	True	True	0	float64	float64
1lz1A	V74M	73	unweighted_backward_KL	scalar	scalar	True	True	True	0	float32	float32
1lz1A	V74M	73	unweighted_forward_KL	scalar	scalar	True	True	True	0	float32	float32
1lz1A	V74M	73	wild_pssm	scalar	scalar	True	True	True	0	float64	float64
1lz1A	V74M	73	alternate_pssm	scalar	scalar	True	True	True	0	float64	float64
1lz1A	V74F	73	center_mut_wild_energy	scalar	scalar	True	True	True	0	float64	float32
1lz1A	V74F	73	center_mut_max_energy	scalar	scalar	True	False	True	1.19209289551e-07	float64	float32
1lz1A	V74F	73	center_entropy	scalar	scalar	True	True	True	0	float64	float32
1lz1A	V74F	73	weighted_neighbor_entropies	scalar	scalar	True	False	True	5.96046447754e-07	float32	float32
1lz1A	V74F	73	weighted_neighbor_energy_changes	scalar	scalar	True	False	True	3.85337379782e-08	float64	float32
1lz1A	V74F	73	backward_weighted_neighbor_energy_changes	scalar	scalar	True	True	True	0	float64	float64
1lz1A	V74F	73	V2_backward_weighted_neighbor_energy_changes	scalar	scalar	True	True	True	0	float64	float64
1lz1A	V74F	73	weighted_neighbor_forward_KL	scalar	scalar	True	True	True	0	float32	float32
1lz1A	V74F	73	weighted_neighbor_backward_KL	scalar	scalar	True	True	True	0	float32	float32
1lz1A	V74F	73	backward_weighted_neighbor_backward_KL	scalar	scalar	True	True	True	0	float64	float64
1lz1A	V74F	73	V2_backward_weighted_neighbor_backward_KL	scalar	scalar	True	True	True	0	float64	float64
1lz1A	V74F	73	weighted_neighbor_entropy_changes	scalar	scalar	True	True	True	0	float32	float32
1lz1A	V74F	73	backward_weighted_neighbor_entropy_changes	scalar	scalar	True	True	True	0	float64	float64
1lz1A	V74F	73	V2_backward_weighted_neighbor_entropy_changes	scalar	scalar	True	True	True	0	float64	float64
1lz1A	V74F	73	center_neighbor_weight_check_m_w	scalar	scalar	True	True	True	0	float64	float64
1lz1A	V74F	73	center_neighbor_weight_check_w_m	scalar	scalar	True	True	True	0	float64	float64
1lz1A	V74F	73	neighbor_embedding_change_m_w	scalar	scalar	True	True	True	0	float32	float32
1lz1A	V74F	73	neighbor_embedding_change_m_w_raw	15x128	15x128	True	True	True	0	float32	float32
1lz1A	V74F	73	neighbor_message_change_m_w	scalar	scalar	True	False	True	2.98023223877e-08	float64	float64
1lz1A	V74F	73	neighbor_message_change_m_w_raw	15x128x1	15x128x1	True	True	True	0	float64	float64
1lz1A	V74F	73	unweighted_backward_KL	scalar	scalar	True	True	True	0	float32	float32
1lz1A	V74F	73	unweighted_forward_KL	scalar	scalar	True	True	True	0	float32	float32
1lz1A	V74F	73	wild_pssm	scalar	scalar	True	True	True	0	float64	float64
1lz1A	V74F	73	alternate_pssm	scalar	scalar	True	True	True	0	float64	float64
1lz1A	V74Y	73	center_mut_wild_energy	scalar	scalar	True	True	True	0	float64	float32
1lz1A	V74Y	73	center_mut_max_energy	scalar	scalar	True	False	True	1.19209289551e-07	float64	float32
1lz1A	V74Y	73	center_entropy	scalar	scalar	True	True	True	0	float64	float32
1lz1A	V74Y	73	weighted_neighbor_entropies	scalar	scalar	True	False	True	2.38418579102e-07	float32	float32
1lz1A	V74Y	73	weighted_neighbor_energy_changes	scalar	scalar	True	False	True	4.56834312601e-08	float64	float32
1lz1A	V74Y	73	backward_weighted_neighbor_energy_changes	scalar	scalar	True	True	True	0	float64	float64
1lz1A	V74Y	73	V2_backward_weighted_neighbor_energy_changes	scalar	scalar	True	True	True	0	float64	float64
1lz1A	V74Y	73	weighted_neighbor_forward_KL	scalar	scalar	True	True	True	0	float32	float32
1lz1A	V74Y	73	weighted_neighbor_backward_KL	scalar	scalar	True	True	True	0	float32	float32
1lz1A	V74Y	73	backward_weighted_neighbor_backward_KL	scalar	scalar	True	True	True	0	float64	float64
1lz1A	V74Y	73	V2_backward_weighted_neighbor_backward_KL	scalar	scalar	True	True	True	0	float64	float64
1lz1A	V74Y	73	weighted_neighbor_entropy_changes	scalar	scalar	True	True	True	0	float32	float32
1lz1A	V74Y	73	backward_weighted_neighbor_entropy_changes	scalar	scalar	True	True	True	0	float64	float64
1lz1A	V74Y	73	V2_backward_weighted_neighbor_entropy_changes	scalar	scalar	True	True	True	0	float64	float64
1lz1A	V74Y	73	center_neighbor_weight_check_m_w	scalar	scalar	True	True	True	0	float64	float64
1lz1A	V74Y	73	center_neighbor_weight_check_w_m	scalar	scalar	True	True	True	0	float64	float64
1lz1A	V74Y	73	neighbor_embedding_change_m_w	scalar	scalar	True	True	True	0	float32	float32
1lz1A	V74Y	73	neighbor_embedding_change_m_w_raw	15x128	15x128	True	True	True	0	float32	float32
1lz1A	V74Y	73	neighbor_message_change_m_w	scalar	scalar	True	False	True	5.96046447754e-08	float64	float64
1lz1A	V74Y	73	neighbor_message_change_m_w_raw	15x128x1	15x128x1	True	True	True	0	float64	float64
1lz1A	V74Y	73	unweighted_backward_KL	scalar	scalar	True	True	True	0	float32	float32
1lz1A	V74Y	73	unweighted_forward_KL	scalar	scalar	True	True	True	0	float32	float32
1lz1A	V74Y	73	wild_pssm	scalar	scalar	True	True	True	0	float64	float64
1lz1A	V74Y	73	alternate_pssm	scalar	scalar	True	True	True	0	float64	float64
1lz1A	V74D	73	center_mut_wild_energy	scalar	scalar	True	True	True	0	float64	float32
1lz1A	V74D	73	center_mut_max_energy	scalar	scalar	True	False	True	1.19209289551e-07	float64	float32
1lz1A	V74D	73	center_entropy	scalar	scalar	True	True	True	0	float64	float32
1lz1A	V74D	73	weighted_neighbor_entropies	scalar	scalar	True	True	True	0	float32	float32
1lz1A	V74D	73	weighted_neighbor_energy_changes	scalar	scalar	True	False	True	1.71923240089e-08	float64	float32
1lz1A	V74D	73	backward_weighted_neighbor_energy_changes	scalar	scalar	True	True	True	0	float64	float64
1lz1A	V74D	73	V2_backward_weighted_neighbor_energy_changes	scalar	scalar	True	True	True	0	float64	float64
1lz1A	V74D	73	weighted_neighbor_forward_KL	scalar	scalar	True	True	True	0	float32	float32
1lz1A	V74D	73	weighted_neighbor_backward_KL	scalar	scalar	True	True	True	0	float32	float32
1lz1A	V74D	73	backward_weighted_neighbor_backward_KL	scalar	scalar	True	True	True	0	float64	float64
1lz1A	V74D	73	V2_backward_weighted_neighbor_backward_KL	scalar	scalar	True	True	True	0	float64	float64
1lz1A	V74D	73	weighted_neighbor_entropy_changes	scalar	scalar	True	True	True	0	float32	float32
1lz1A	V74D	73	backward_weighted_neighbor_entropy_changes	scalar	scalar	True	True	True	0	float64	float64
1lz1A	V74D	73	V2_backward_weighted_neighbor_entropy_changes	scalar	scalar	True	True	True	0	float64	float64
1lz1A	V74D	73	center_neighbor_weight_check_m_w	scalar	scalar	True	True	True	0	float64	float64
1lz1A	V74D	73	center_neighbor_weight_check_w_m	scalar	scalar	True	True	True	0	float64	float64
1lz1A	V74D	73	neighbor_embedding_change_m_w	scalar	scalar	True	True	True	0	float32	float32
1lz1A	V74D	73	neighbor_embedding_change_m_w_raw	15x128	15x128	True	True	True	0	float32	float32
1lz1A	V74D	73	neighbor_message_change_m_w	scalar	scalar	True	False	True	5.96046447754e-08	float64	float64
1lz1A	V74D	73	neighbor_message_change_m_w_raw	15x128x1	15x128x1	True	True	True	0	float64	float64
1lz1A	V74D	73	unweighted_backward_KL	scalar	scalar	True	True	True	0	float32	float32
1lz1A	V74D	73	unweighted_forward_KL	scalar	scalar	True	True	True	0	float32	float32
1lz1A	V74D	73	wild_pssm	scalar	scalar	True	True	True	0	float64	float64
1lz1A	V74D	73	alternate_pssm	scalar	scalar	True	True	True	0	float64	float64
1lz1A	V74N	73	center_mut_wild_energy	scalar	scalar	True	True	True	0	float64	float32
1lz1A	V74N	73	center_mut_max_energy	scalar	scalar	True	False	True	1.19209289551e-07	float64	float32
1lz1A	V74N	73	center_entropy	scalar	scalar	True	True	True	0	float64	float32
1lz1A	V74N	73	weighted_neighbor_entropies	scalar	scalar	True	True	True	0	float32	float32
1lz1A	V74N	73	weighted_neighbor_energy_changes	scalar	scalar	True	False	True	2.73130920547e-07	float64	float32
1lz1A	V74N	73	backward_weighted_neighbor_energy_changes	scalar	scalar	True	False	True	8.05760013378e-07	float64	float32
1lz1A	V74N	73	V2_backward_weighted_neighbor_energy_changes	scalar	scalar	True	False	True	6.36493899364e-07	float64	float32
1lz1A	V74N	73	weighted_neighbor_forward_KL	scalar	scalar	True	True	True	0	float32	float32
1lz1A	V74N	73	weighted_neighbor_backward_KL	scalar	scalar	True	True	True	0	float32	float32
1lz1A	V74N	73	backward_weighted_neighbor_backward_KL	scalar	scalar	True	True	True	0	float32	float32
1lz1A	V74N	73	V2_backward_weighted_neighbor_backward_KL	scalar	scalar	True	True	True	0	float32	float32
1lz1A	V74N	73	weighted_neighbor_entropy_changes	scalar	scalar	True	True	True	0	float32	float32
1lz1A	V74N	73	backward_weighted_neighbor_entropy_changes	scalar	scalar	True	True	True	0	float32	float32
1lz1A	V74N	73	V2_backward_weighted_neighbor_entropy_changes	scalar	scalar	True	True	True	0	float32	float32
1lz1A	V74N	73	center_neighbor_weight_check_m_w	scalar	scalar	True	True	True	0	float32	float32
1lz1A	V74N	73	center_neighbor_weight_check_w_m	scalar	scalar	True	True	True	0	float32	float32
1lz1A	V74N	73	neighbor_embedding_change_m_w	scalar	scalar	True	True	True	0	float32	float32
1lz1A	V74N	73	neighbor_embedding_change_m_w_raw	15x128	15x128	True	True	True	0	float32	float32
1lz1A	V74N	73	neighbor_message_change_m_w	scalar	scalar	True	True	True	0	float32	float32
1lz1A	V74N	73	neighbor_message_change_m_w_raw	15x128x1	15x128x1	True	True	True	0	float32	float32
1lz1A	V74N	73	unweighted_backward_KL	scalar	scalar	True	True	True	0	float32	float32
1lz1A	V74N	73	unweighted_forward_KL	scalar	scalar	True	True	True	0	float32	float32
1lz1A	V74N	73	wild_pssm	scalar	scalar	True	True	True	0	float64	float64
1lz1A	V74N	73	alternate_pssm	scalar	scalar	True	True	True	0	float64	float64
1lz1A	V74R	73	center_mut_wild_energy	scalar	scalar	True	True	True	0	float64	float32
1lz1A	V74R	73	center_mut_max_energy	scalar	scalar	True	True	True	0	float64	float32
1lz1A	V74R	73	center_entropy	scalar	scalar	True	True	True	0	float64	float32
1lz1A	V74R	73	weighted_neighbor_entropies	scalar	scalar	True	False	True	1.19209289551e-07	float32	float32
1lz1A	V74R	73	weighted_neighbor_energy_changes	scalar	scalar	True	False	True	4.38120242308e-08	float64	float32
1lz1A	V74R	73	backward_weighted_neighbor_energy_changes	scalar	scalar	True	True	True	0	float64	float64
1lz1A	V74R	73	V2_backward_weighted_neighbor_energy_changes	scalar	scalar	True	True	True	0	float64	float64
1lz1A	V74R	73	weighted_neighbor_forward_KL	scalar	scalar	True	True	True	0	float32	float32
1lz1A	V74R	73	weighted_neighbor_backward_KL	scalar	scalar	True	True	True	0	float32	float32
1lz1A	V74R	73	backward_weighted_neighbor_backward_KL	scalar	scalar	True	True	True	0	float64	float64
1lz1A	V74R	73	V2_backward_weighted_neighbor_backward_KL	scalar	scalar	True	True	True	0	float64	float64
1lz1A	V74R	73	weighted_neighbor_entropy_changes	scalar	scalar	True	True	True	0	float32	float32
1lz1A	V74R	73	backward_weighted_neighbor_entropy_changes	scalar	scalar	True	True	True	0	float64	float64
1lz1A	V74R	73	V2_backward_weighted_neighbor_entropy_changes	scalar	scalar	True	True	True	0	float64	float64
1lz1A	V74R	73	center_neighbor_weight_check_m_w	scalar	scalar	True	True	True	0	float64	float64
1lz1A	V74R	73	center_neighbor_weight_check_w_m	scalar	scalar	True	True	True	0	float64	float64
1lz1A	V74R	73	neighbor_embedding_change_m_w	scalar	scalar	True	True	True	0	float32	float32
1lz1A	V74R	73	neighbor_embedding_change_m_w_raw	15x128	15x128	True	True	True	0	float32	float32
1lz1A	V74R	73	neighbor_message_change_m_w	scalar	scalar	True	False	True	1.19209289551e-07	float64	float64
1lz1A	V74R	73	neighbor_message_change_m_w_raw	15x128x1	15x128x1	True	True	True	0	float64	float64
1lz1A	V74R	73	unweighted_backward_KL	scalar	scalar	True	True	True	0	float32	float32
1lz1A	V74R	73	unweighted_forward_KL	scalar	scalar	True	True	True	0	float32	float32
1lz1A	V74R	73	wild_pssm	scalar	scalar	True	True	True	0	float64	float64
1lz1A	V74R	73	alternate_pssm	scalar	scalar	True	True	True	0	float64	float64
1lz1A	V74S	73	center_mut_wild_energy	scalar	scalar	True	True	True	0	float64	float32
1lz1A	V74S	73	center_mut_max_energy	scalar	scalar	True	True	True	0	float64	float32
1lz1A	V74S	73	center_entropy	scalar	scalar	True	True	True	0	float64	float32
1lz1A	V74S	73	weighted_neighbor_entropies	scalar	scalar	True	True	True	0	float32	float32
1lz1A	V74S	73	weighted_neighbor_energy_changes	scalar	scalar	True	False	True	1.0243059112e-07	float64	float32
1lz1A	V74S	73	backward_weighted_neighbor_energy_changes	scalar	scalar	True	True	True	0	float64	float64
1lz1A	V74S	73	V2_backward_weighted_neighbor_energy_changes	scalar	scalar	True	True	True	0	float64	float64
1lz1A	V74S	73	weighted_neighbor_forward_KL	scalar	scalar	True	True	True	0	float32	float32
1lz1A	V74S	73	weighted_neighbor_backward_KL	scalar	scalar	True	True	True	0	float32	float32
1lz1A	V74S	73	backward_weighted_neighbor_backward_KL	scalar	scalar	True	True	True	0	float64	float64
1lz1A	V74S	73	V2_backward_weighted_neighbor_backward_KL	scalar	scalar	True	True	True	0	float64	float64
1lz1A	V74S	73	weighted_neighbor_entropy_changes	scalar	scalar	True	True	True	0	float32	float32
1lz1A	V74S	73	backward_weighted_neighbor_entropy_changes	scalar	scalar	True	True	True	0	float64	float64
1lz1A	V74S	73	V2_backward_weighted_neighbor_entropy_changes	scalar	scalar	True	True	True	0	float64	float64
1lz1A	V74S	73	center_neighbor_weight_check_m_w	scalar	scalar	True	True	True	0	float64	float64
1lz1A	V74S	73	center_neighbor_weight_check_w_m	scalar	scalar	True	True	True	0	float64	float64
1lz1A	V74S	73	neighbor_embedding_change_m_w	scalar	scalar	True	True	True	0	float32	float32
1lz1A	V74S	73	neighbor_embedding_change_m_w_raw	15x128	15x128	True	True	True	0	float32	float32
1lz1A	V74S	73	neighbor_message_change_m_w	scalar	scalar	True	False	True	1.49011611938e-08	float64	float64
1lz1A	V74S	73	neighbor_message_change_m_w_raw	15x128x1	15x128x1	True	True	True	0	float64	float64
1lz1A	V74S	73	unweighted_backward_KL	scalar	scalar	True	True	True	0	float32	float32
1lz1A	V74S	73	unweighted_forward_KL	scalar	scalar	True	True	True	0	float32	float32
1lz1A	V74S	73	wild_pssm	scalar	scalar	True	True	True	0	float64	float64
1lz1A	V74S	73	alternate_pssm	scalar	scalar	True	True	True	0	float64	float64
1lz1A	C77A	76	center_mut_wild_energy	scalar	scalar	True	False	True	2.23517417908e-07	float64	float32
1lz1A	C77A	76	center_mut_max_energy	scalar	scalar	True	False	True	2.23517417908e-07	float64	float32
1lz1A	C77A	76	center_entropy	scalar	scalar	True	True	True	0	float64	float32
1lz1A	C77A	76	weighted_neighbor_entropies	scalar	scalar	True	False	True	2.38418579102e-07	float32	float32
1lz1A	C77A	76	weighted_neighbor_energy_changes	scalar	scalar	True	False	True	1.01416584641e-06	float64	float32
1lz1A	C77A	76	backward_weighted_neighbor_energy_changes	scalar	scalar	True	False	True	9.04342350339e-07	float64	float32
1lz1A	C77A	76	V2_backward_weighted_neighbor_energy_changes	scalar	scalar	True	False	True	4.87565507257e-06	float64	float32
1lz1A	C77A	76	weighted_neighbor_forward_KL	scalar	scalar	True	True	True	0	float32	float32
1lz1A	C77A	76	weighted_neighbor_backward_KL	scalar	scalar	True	True	True	0	float32	float32
1lz1A	C77A	76	backward_weighted_neighbor_backward_KL	scalar	scalar	True	True	True	0	float32	float32
1lz1A	C77A	76	V2_backward_weighted_neighbor_backward_KL	scalar	scalar	True	True	True	0	float32	float32
1lz1A	C77A	76	weighted_neighbor_entropy_changes	scalar	scalar	True	True	True	0	float32	float32
1lz1A	C77A	76	backward_weighted_neighbor_entropy_changes	scalar	scalar	True	True	True	0	float32	float32
1lz1A	C77A	76	V2_backward_weighted_neighbor_entropy_changes	scalar	scalar	True	True	True	0	float32	float32
1lz1A	C77A	76	center_neighbor_weight_check_m_w	scalar	scalar	True	True	True	0	float32	float32
1lz1A	C77A	76	center_neighbor_weight_check_w_m	scalar	scalar	True	True	True	0	float32	float32
1lz1A	C77A	76	neighbor_embedding_change_m_w	scalar	scalar	True	True	True	0	float32	float32
1lz1A	C77A	76	neighbor_embedding_change_m_w_raw	15x128	15x128	True	True	True	0	float32	float32
1lz1A	C77A	76	neighbor_message_change_m_w	scalar	scalar	True	True	True	0	float32	float32
1lz1A	C77A	76	neighbor_message_change_m_w_raw	15x128x1	15x128x1	True	True	True	0	float32	float32
1lz1A	C77A	76	unweighted_backward_KL	scalar	scalar	True	True	True	0	float32	float32
1lz1A	C77A	76	unweighted_forward_KL	scalar	scalar	True	True	True	0	float32	float32
1lz1A	C77A	76	wild_pssm	scalar	scalar	True	True	True	0	float64	float64
1lz1A	C77A	76	alternate_pssm	scalar	scalar	True	True	True	0	float64	float64
1lz1A	I89A	88	center_mut_wild_energy	scalar	scalar	True	False	True	6.70552253723e-08	float64	float32
1lz1A	I89A	88	center_mut_max_energy	scalar	scalar	True	False	True	6.70552253723e-08	float64	float32
1lz1A	I89A	88	center_entropy	scalar	scalar	True	True	True	0	float64	float32
1lz1A	I89A	88	weighted_neighbor_entropies	scalar	scalar	True	False	True	1.19209289551e-07	float32	float32
1lz1A	I89A	88	weighted_neighbor_energy_changes	scalar	scalar	True	False	True	1.24914794952e-07	float64	float32
1lz1A	I89A	88	backward_weighted_neighbor_energy_changes	scalar	scalar	True	False	True	3.14313730598e-07	float64	float32
1lz1A	I89A	88	V2_backward_weighted_neighbor_energy_changes	scalar	scalar	True	False	True	2.91703731392e-07	float64	float32
1lz1A	I89A	88	weighted_neighbor_forward_KL	scalar	scalar	True	True	True	0	float32	float32
1lz1A	I89A	88	weighted_neighbor_backward_KL	scalar	scalar	True	True	True	0	float32	float32
1lz1A	I89A	88	backward_weighted_neighbor_backward_KL	scalar	scalar	True	True	True	0	float32	float32
1lz1A	I89A	88	V2_backward_weighted_neighbor_backward_KL	scalar	scalar	True	True	True	0	float32	float32
1lz1A	I89A	88	weighted_neighbor_entropy_changes	scalar	scalar	True	True	True	0	float32	float32
1lz1A	I89A	88	backward_weighted_neighbor_entropy_changes	scalar	scalar	True	True	True	0	float32	float32
1lz1A	I89A	88	V2_backward_weighted_neighbor_entropy_changes	scalar	scalar	True	True	True	0	float32	float32
1lz1A	I89A	88	center_neighbor_weight_check_m_w	scalar	scalar	True	True	True	0	float32	float32
1lz1A	I89A	88	center_neighbor_weight_check_w_m	scalar	scalar	True	True	True	0	float32	float32
1lz1A	I89A	88	neighbor_embedding_change_m_w	scalar	scalar	True	True	True	0	float32	float32
1lz1A	I89A	88	neighbor_embedding_change_m_w_raw	15x128	15x128	True	True	True	0	float32	float32
1lz1A	I89A	88	neighbor_message_change_m_w	scalar	scalar	True	True	True	0	float32	float32
1lz1A	I89A	88	neighbor_message_change_m_w_raw	15x128x1	15x128x1	True	True	True	0	float32	float32
1lz1A	I89A	88	unweighted_backward_KL	scalar	scalar	True	True	True	0	float32	float32
1lz1A	I89A	88	unweighted_forward_KL	scalar	scalar	True	True	True	0	float32	float32
1lz1A	I89A	88	wild_pssm	scalar	scalar	True	True	True	0	float64	float64
1lz1A	I89A	88	alternate_pssm	scalar	scalar	True	True	True	0	float64	float64
1lz1A	I89V	88	center_mut_wild_energy	scalar	scalar	True	False	True	7.45058059692e-09	float64	float32
1lz1A	I89V	88	center_mut_max_energy	scalar	scalar	True	False	True	7.45058059692e-09	float64	float32
1lz1A	I89V	88	center_entropy	scalar	scalar	True	True	True	0	float64	float32
1lz1A	I89V	88	weighted_neighbor_entropies	scalar	scalar	True	False	True	3.57627868652e-07	float32	float32
1lz1A	I89V	88	weighted_neighbor_energy_changes	scalar	scalar	True	False	True	9.83984573821e-08	float64	float32
1lz1A	I89V	88	backward_weighted_neighbor_energy_changes	scalar	scalar	True	False	True	3.58720511073e-07	float64	float32
1lz1A	I89V	88	V2_backward_weighted_neighbor_energy_changes	scalar	scalar	True	False	True	3.40303245139e-07	float64	float32
1lz1A	I89V	88	weighted_neighbor_forward_KL	scalar	scalar	True	True	True	0	float32	float32
1lz1A	I89V	88	weighted_neighbor_backward_KL	scalar	scalar	True	True	True	0	float32	float32
1lz1A	I89V	88	backward_weighted_neighbor_backward_KL	scalar	scalar	True	True	True	0	float32	float32
1lz1A	I89V	88	V2_backward_weighted_neighbor_backward_KL	scalar	scalar	True	True	True	0	float32	float32
1lz1A	I89V	88	weighted_neighbor_entropy_changes	scalar	scalar	True	True	True	0	float32	float32
1lz1A	I89V	88	backward_weighted_neighbor_entropy_changes	scalar	scalar	True	True	True	0	float32	float32
1lz1A	I89V	88	V2_backward_weighted_neighbor_entropy_changes	scalar	scalar	True	True	True	0	float32	float32
1lz1A	I89V	88	center_neighbor_weight_check_m_w	scalar	scalar	True	True	True	0	float32	float32
1lz1A	I89V	88	center_neighbor_weight_check_w_m	scalar	scalar	True	True	True	0	float32	float32
1lz1A	I89V	88	neighbor_embedding_change_m_w	scalar	scalar	True	True	True	0	float32	float32
1lz1A	I89V	88	neighbor_embedding_change_m_w_raw	15x128	15x128	True	True	True	0	float32	float32
1lz1A	I89V	88	neighbor_message_change_m_w	scalar	scalar	True	True	True	0	float32	float32
1lz1A	I89V	88	neighbor_message_change_m_w_raw	15x128x1	15x128x1	True	True	True	0	float32	float32
1lz1A	I89V	88	unweighted_backward_KL	scalar	scalar	True	True	True	0	float32	float32
1lz1A	I89V	88	unweighted_forward_KL	scalar	scalar	True	True	True	0	float32	float32
1lz1A	I89V	88	wild_pssm	scalar	scalar	True	True	True	0	float64	float64
1lz1A	I89V	88	alternate_pssm	scalar	scalar	True	True	True	0	float64	float64
1lz1A	D91P	90	center_mut_wild_energy	scalar	scalar	True	True	True	0	float64	float32
1lz1A	D91P	90	center_mut_max_energy	scalar	scalar	True	True	True	0	float64	float32
1lz1A	D91P	90	center_entropy	scalar	scalar	True	True	True	0	float64	float32
1lz1A	D91P	90	weighted_neighbor_entropies	scalar	scalar	True	False	True	1.19209289551e-07	float32	float32
1lz1A	D91P	90	weighted_neighbor_energy_changes	scalar	scalar	True	False	True	9.67623670078e-09	float64	float32
1lz1A	D91P	90	backward_weighted_neighbor_energy_changes	scalar	scalar	True	False	True	9.77954659476e-08	float64	float32
1lz1A	D91P	90	V2_backward_weighted_neighbor_energy_changes	scalar	scalar	True	False	True	2.15631594358e-07	float64	float32
1lz1A	D91P	90	weighted_neighbor_forward_KL	scalar	scalar	True	True	True	0	float32	float32
1lz1A	D91P	90	weighted_neighbor_backward_KL	scalar	scalar	True	True	True	0	float32	float32
1lz1A	D91P	90	backward_weighted_neighbor_backward_KL	scalar	scalar	True	True	True	0	float32	float32
1lz1A	D91P	90	V2_backward_weighted_neighbor_backward_KL	scalar	scalar	True	True	True	0	float32	float32
1lz1A	D91P	90	weighted_neighbor_entropy_changes	scalar	scalar	True	True	True	0	float32	float32
1lz1A	D91P	90	backward_weighted_neighbor_entropy_changes	scalar	scalar	True	True	True	0	float32	float32
1lz1A	D91P	90	V2_backward_weighted_neighbor_entropy_changes	scalar	scalar	True	True	True	0	float32	float32
1lz1A	D91P	90	center_neighbor_weight_check_m_w	scalar	scalar	True	True	True	0	float32	float32
1lz1A	D91P	90	center_neighbor_weight_check_w_m	scalar	scalar	True	True	True	0	float32	float32
1lz1A	D91P	90	neighbor_embedding_change_m_w	scalar	scalar	True	True	True	0	float32	float32
1lz1A	D91P	90	neighbor_embedding_change_m_w_raw	15x128	15x128	True	True	True	0	float32	float32
1lz1A	D91P	90	neighbor_message_change_m_w	scalar	scalar	True	True	True	0	float32	float32
1lz1A	D91P	90	neighbor_message_change_m_w_raw	15x128x1	15x128x1	True	True	True	0	float32	float32
1lz1A	D91P	90	unweighted_backward_KL	scalar	scalar	True	True	True	0	float32	float32
1lz1A	D91P	90	unweighted_forward_KL	scalar	scalar	True	True	True	0	float32	float32
1lz1A	D91P	90	wild_pssm	scalar	scalar	True	True	True	0	float64	float64
1lz1A	D91P	90	alternate_pssm	scalar	scalar	True	True	True	0	float64	float64
1lz1A	V93A	92	center_mut_wild_energy	scalar	scalar	True	False	True	8.19563865662e-08	float64	float32
1lz1A	V93A	92	center_mut_max_energy	scalar	scalar	True	False	True	8.19563865662e-08	float64	float32
1lz1A	V93A	92	center_entropy	scalar	scalar	True	True	True	0	float64	float32
1lz1A	V93A	92	weighted_neighbor_entropies	scalar	scalar	True	False	True	2.38418579102e-07	float32	float32
1lz1A	V93A	92	weighted_neighbor_energy_changes	scalar	scalar	True	False	True	1.31013289106e-07	float64	float32
1lz1A	V93A	92	backward_weighted_neighbor_energy_changes	scalar	scalar	True	False	True	1.86016382742e-07	float64	float32
1lz1A	V93A	92	V2_backward_weighted_neighbor_energy_changes	scalar	scalar	True	False	True	1.97007997471e-07	float64	float32
1lz1A	V93A	92	weighted_neighbor_forward_KL	scalar	scalar	True	True	True	0	float32	float32
1lz1A	V93A	92	weighted_neighbor_backward_KL	scalar	scalar	True	True	True	0	float32	float32
1lz1A	V93A	92	backward_weighted_neighbor_backward_KL	scalar	scalar	True	True	True	0	float32	float32
1lz1A	V93A	92	V2_backward_weighted_neighbor_backward_KL	scalar	scalar	True	True	True	0	float32	float32
1lz1A	V93A	92	weighted_neighbor_entropy_changes	scalar	scalar	True	True	True	0	float32	float32
1lz1A	V93A	92	backward_weighted_neighbor_entropy_changes	scalar	scalar	True	True	True	0	float32	float32
1lz1A	V93A	92	V2_backward_weighted_neighbor_entropy_changes	scalar	scalar	True	True	True	0	float32	float32
1lz1A	V93A	92	center_neighbor_weight_check_m_w	scalar	scalar	True	True	True	0	float32	float32
1lz1A	V93A	92	center_neighbor_weight_check_w_m	scalar	scalar	True	True	True	0	float32	float32
1lz1A	V93A	92	neighbor_embedding_change_m_w	scalar	scalar	True	True	True	0	float32	float32
1lz1A	V93A	92	neighbor_embedding_change_m_w_raw	15x128	15x128	True	True	True	0	float32	float32
1lz1A	V93A	92	neighbor_message_change_m_w	scalar	scalar	True	True	True	0	float32	float32
1lz1A	V93A	92	neighbor_message_change_m_w_raw	15x128x1	15x128x1	True	True	True	0	float32	float32
1lz1A	V93A	92	unweighted_backward_KL	scalar	scalar	True	True	True	0	float32	float32
1lz1A	V93A	92	unweighted_forward_KL	scalar	scalar	True	True	True	0	float32	float32
1lz1A	V93A	92	wild_pssm	scalar	scalar	True	True	True	0	float64	float64
1lz1A	V93A	92	alternate_pssm	scalar	scalar	True	True	True	0	float64	float64
1lz1A	V99A	98	center_mut_wild_energy	scalar	scalar	True	False	True	1.19209289551e-07	float64	float32
1lz1A	V99A	98	center_mut_max_energy	scalar	scalar	True	False	True	1.49011611938e-07	float64	float32
1lz1A	V99A	98	center_entropy	scalar	scalar	True	True	True	0	float64	float32
1lz1A	V99A	98	weighted_neighbor_entropies	scalar	scalar	True	False	True	1.19209289551e-07	float32	float32
1lz1A	V99A	98	weighted_neighbor_energy_changes	scalar	scalar	True	False	True	6.4400262545e-07	float64	float32
1lz1A	V99A	98	backward_weighted_neighbor_energy_changes	scalar	scalar	True	False	True	3.25195159689e-07	float64	float64
1lz1A	V99A	98	V2_backward_weighted_neighbor_energy_changes	scalar	scalar	True	False	True	3.3709396341e-07	float64	float64
1lz1A	V99A	98	weighted_neighbor_forward_KL	scalar	scalar	True	True	True	0	float32	float32
1lz1A	V99A	98	weighted_neighbor_backward_KL	scalar	scalar	True	True	True	0	float32	float32
1lz1A	V99A	98	backward_weighted_neighbor_backward_KL	scalar	scalar	True	True	True	0	float64	float64
1lz1A	V99A	98	V2_backward_weighted_neighbor_backward_KL	scalar	scalar	True	True	True	0	float64	float64
1lz1A	V99A	98	weighted_neighbor_entropy_changes	scalar	scalar	True	True	True	0	float32	float32
1lz1A	V99A	98	backward_weighted_neighbor_entropy_changes	scalar	scalar	True	True	True	0	float64	float64
1lz1A	V99A	98	V2_backward_weighted_neighbor_entropy_changes	scalar	scalar	True	True	True	0	float64	float64
1lz1A	V99A	98	center_neighbor_weight_check_m_w	scalar	scalar	True	True	True	0	float64	float64
1lz1A	V99A	98	center_neighbor_weight_check_w_m	scalar	scalar	True	True	True	0	float64	float64
1lz1A	V99A	98	neighbor_embedding_change_m_w	scalar	scalar	True	True	True	0	float32	float32
1lz1A	V99A	98	neighbor_embedding_change_m_w_raw	15x128	15x128	True	True	True	0	float32	float32
1lz1A	V99A	98	neighbor_message_change_m_w	scalar	scalar	True	False	True	7.45058059692e-08	float64	float64
1lz1A	V99A	98	neighbor_message_change_m_w_raw	15x128x1	15x128x1	True	True	True	0	float64	float64
1lz1A	V99A	98	unweighted_backward_KL	scalar	scalar	True	True	True	0	float32	float32
1lz1A	V99A	98	unweighted_forward_KL	scalar	scalar	True	True	True	0	float32	float32
1lz1A	V99A	98	wild_pssm	scalar	scalar	True	True	True	0	float64	float64
1lz1A	V99A	98	alternate_pssm	scalar	scalar	True	True	True	0	float64	float64
1lz1A	V100A	99	center_mut_wild_energy	scalar	scalar	True	False	True	2.98023223877e-08	float64	float32
1lz1A	V100A	99	center_mut_max_energy	scalar	scalar	True	False	True	2.98023223877e-08	float64	float32
1lz1A	V100A	99	center_entropy	scalar	scalar	True	True	True	0	float64	float32
1lz1A	V100A	99	weighted_neighbor_entropies	scalar	scalar	True	True	True	0	float32	float32
1lz1A	V100A	99	weighted_neighbor_energy_changes	scalar	scalar	True	False	True	1.76750946324e-07	float64	float32
1lz1A	V100A	99	backward_weighted_neighbor_energy_changes	scalar	scalar	True	True	True	0	float64	float64
1lz1A	V100A	99	V2_backward_weighted_neighbor_energy_changes	scalar	scalar	True	True	True	0	float64	float64
1lz1A	V100A	99	weighted_neighbor_forward_KL	scalar	scalar	True	True	True	0	float32	float32
1lz1A	V100A	99	weighted_neighbor_backward_KL	scalar	scalar	True	True	True	0	float32	float32
1lz1A	V100A	99	backward_weighted_neighbor_backward_KL	scalar	scalar	True	True	True	0	float64	float64
1lz1A	V100A	99	V2_backward_weighted_neighbor_backward_KL	scalar	scalar	True	True	True	0	float64	float64
1lz1A	V100A	99	weighted_neighbor_entropy_changes	scalar	scalar	True	True	True	0	float32	float32
1lz1A	V100A	99	backward_weighted_neighbor_entropy_changes	scalar	scalar	True	True	True	0	float64	float64
1lz1A	V100A	99	V2_backward_weighted_neighbor_entropy_changes	scalar	scalar	True	True	True	0	float64	float64
1lz1A	V100A	99	center_neighbor_weight_check_m_w	scalar	scalar	True	True	True	0	float64	float64
1lz1A	V100A	99	center_neighbor_weight_check_w_m	scalar	scalar	True	True	True	0	float64	float64
1lz1A	V100A	99	neighbor_embedding_change_m_w	scalar	scalar	True	True	True	0	float32	float32
1lz1A	V100A	99	neighbor_embedding_change_m_w_raw	15x128	15x128	True	True	True	0	float32	float32
1lz1A	V100A	99	neighbor_message_change_m_w	scalar	scalar	True	False	True	2.98023223877e-08	float64	float64
1lz1A	V100A	99	neighbor_message_change_m_w_raw	15x128x1	15x128x1	True	True	True	0	float64	float64
1lz1A	V100A	99	unweighted_backward_KL	scalar	scalar	True	True	True	0	float32	float32
1lz1A	V100A	99	unweighted_forward_KL	scalar	scalar	True	True	True	0	float32	float32
1lz1A	V100A	99	wild_pssm	scalar	scalar	True	True	True	0	float64	float64
1lz1A	V100A	99	alternate_pssm	scalar	scalar	True	True	True	0	float64	float64
1lz1A	P103G	102	center_mut_wild_energy	scalar	scalar	True	True	True	0	float64	float32
1lz1A	P103G	102	center_mut_max_energy	scalar	scalar	True	True	True	0	float64	float32
1lz1A	P103G	102	center_entropy	scalar	scalar	True	True	True	0	float64	float32
1lz1A	P103G	102	weighted_neighbor_entropies	scalar	scalar	True	False	True	1.19209289551e-07	float32	float32
1lz1A	P103G	102	weighted_neighbor_energy_changes	scalar	scalar	True	False	True	3.88625936765e-07	float64	float32
1lz1A	P103G	102	backward_weighted_neighbor_energy_changes	scalar	scalar	True	True	True	0	float64	float64
1lz1A	P103G	102	V2_backward_weighted_neighbor_energy_changes	scalar	scalar	True	True	True	0	float64	float64
1lz1A	P103G	102	weighted_neighbor_forward_KL	scalar	scalar	True	True	True	0	float32	float32
1lz1A	P103G	102	weighted_neighbor_backward_KL	scalar	scalar	True	True	True	0	float32	float32
1lz1A	P103G	102	backward_weighted_neighbor_backward_KL	scalar	scalar	True	True	True	0	float64	float64
1lz1A	P103G	102	V2_backward_weighted_neighbor_backward_KL	scalar	scalar	True	True	True	0	float64	float64
1lz1A	P103G	102	weighted_neighbor_entropy_changes	scalar	scalar	True	True	True	0	float32	float32
1lz1A	P103G	102	backward_weighted_neighbor_entropy_changes	scalar	scalar	True	True	True	0	float64	float64
1lz1A	P103G	102	V2_backward_weighted_neighbor_entropy_changes	scalar	scalar	True	True	True	0	float64	float64
1lz1A	P103G	102	center_neighbor_weight_check_m_w	scalar	scalar	True	True	True	0	float64	float64
1lz1A	P103G	102	center_neighbor_weight_check_w_m	scalar	scalar	True	True	True	0	float64	float64
1lz1A	P103G	102	neighbor_embedding_change_m_w	scalar	scalar	True	True	True	0	float32	float32
1lz1A	P103G	102	neighbor_embedding_change_m_w_raw	15x128	15x128	True	True	True	0	float32	float32
1lz1A	P103G	102	neighbor_message_change_m_w	scalar	scalar	True	False	True	1.49011611938e-08	float64	float64
1lz1A	P103G	102	neighbor_message_change_m_w_raw	15x128x1	15x128x1	True	True	True	0	float64	float64
1lz1A	P103G	102	unweighted_backward_KL	scalar	scalar	True	True	True	0	float32	float32
1lz1A	P103G	102	unweighted_forward_KL	scalar	scalar	True	True	True	0	float32	float32
1lz1A	P103G	102	wild_pssm	scalar	scalar	True	True	True	0	float64	float64
1lz1A	P103G	102	alternate_pssm	scalar	scalar	True	True	True	0	float64	float64
1lz1A	I106A	105	center_mut_wild_energy	scalar	scalar	True	True	True	0	float64	float32
1lz1A	I106A	105	center_mut_max_energy	scalar	scalar	True	True	True	0	float64	float32
1lz1A	I106A	105	center_entropy	scalar	scalar	True	True	True	0	float64	float32
1lz1A	I106A	105	weighted_neighbor_entropies	scalar	scalar	True	True	True	0	float32	float32
1lz1A	I106A	105	weighted_neighbor_energy_changes	scalar	scalar	True	False	True	4.48329489089e-08	float64	float32
1lz1A	I106A	105	backward_weighted_neighbor_energy_changes	scalar	scalar	True	False	True	4.64242244647e-09	float64	float32
1lz1A	I106A	105	V2_backward_weighted_neighbor_energy_changes	scalar	scalar	True	False	True	8.82569590743e-08	float64	float32
1lz1A	I106A	105	weighted_neighbor_forward_KL	scalar	scalar	True	True	True	0	float32	float32
1lz1A	I106A	105	weighted_neighbor_backward_KL	scalar	scalar	True	True	True	0	float32	float32
1lz1A	I106A	105	backward_weighted_neighbor_backward_KL	scalar	scalar	True	True	True	0	float32	float32
1lz1A	I106A	105	V2_backward_weighted_neighbor_backward_KL	scalar	scalar	True	True	True	0	float32	float32
1lz1A	I106A	105	weighted_neighbor_entropy_changes	scalar	scalar	True	True	True	0	float32	float32
1lz1A	I106A	105	backward_weighted_neighbor_entropy_changes	scalar	scalar	True	True	True	0	float32	float32
1lz1A	I106A	105	V2_backward_weighted_neighbor_entropy_changes	scalar	scalar	True	True	True	0	float32	float32
1lz1A	I106A	105	center_neighbor_weight_check_m_w	scalar	scalar	True	True	True	0	float32	float32
1lz1A	I106A	105	center_neighbor_weight_check_w_m	scalar	scalar	True	True	True	0	float32	float32
1lz1A	I106A	105	neighbor_embedding_change_m_w	scalar	scalar	True	True	True	0	float32	float32
1lz1A	I106A	105	neighbor_embedding_change_m_w_raw	15x128	15x128	True	True	True	0	float32	float32
1lz1A	I106A	105	neighbor_message_change_m_w	scalar	scalar	True	True	True	0	float32	float32
1lz1A	I106A	105	neighbor_message_change_m_w_raw	15x128x1	15x128x1	True	True	True	0	float32	float32
1lz1A	I106A	105	unweighted_backward_KL	scalar	scalar	True	True	True	0	float32	float32
1lz1A	I106A	105	unweighted_forward_KL	scalar	scalar	True	True	True	0	float32	float32
1lz1A	I106A	105	wild_pssm	scalar	scalar	True	True	True	0	float64	float64
1lz1A	I106A	105	alternate_pssm	scalar	scalar	True	True	True	0	float64	float64
1lz1A	I106V	105	center_mut_wild_energy	scalar	scalar	True	False	True	1.19209289551e-07	float64	float32
1lz1A	I106V	105	center_mut_max_energy	scalar	scalar	True	False	True	1.19209289551e-07	float64	float32
1lz1A	I106V	105	center_entropy	scalar	scalar	True	True	True	0	float64	float32
1lz1A	I106V	105	weighted_neighbor_entropies	scalar	scalar	True	False	True	1.19209289551e-07	float32	float32
1lz1A	I106V	105	weighted_neighbor_energy_changes	scalar	scalar	True	False	True	6.85274414991e-09	float64	float32
1lz1A	I106V	105	backward_weighted_neighbor_energy_changes	scalar	scalar	True	False	True	9.16190767697e-08	float64	float32
1lz1A	I106V	105	V2_backward_weighted_neighbor_energy_changes	scalar	scalar	True	False	True	7.85872318332e-08	float64	float32
1lz1A	I106V	105	weighted_neighbor_forward_KL	scalar	scalar	True	True	True	0	float32	float32
1lz1A	I106V	105	weighted_neighbor_backward_KL	scalar	scalar	True	True	True	0	float32	float32
1lz1A	I106V	105	backward_weighted_neighbor_backward_KL	scalar	scalar	True	True	True	0	float32	float32
1lz1A	I106V	105	V2_backward_weighted_neighbor_backward_KL	scalar	scalar	True	True	True	0	float32	float32
1lz1A	I106V	105	weighted_neighbor_entropy_changes	scalar	scalar	True	True	True	0	float32	float32
1lz1A	I106V	105	backward_weighted_neighbor_entropy_changes	scalar	scalar	True	True	True	0	float32	float32
1lz1A	I106V	105	V2_backward_weighted_neighbor_entropy_changes	scalar	scalar	True	True	True	0	float32	float32
1lz1A	I106V	105	center_neighbor_weight_check_m_w	scalar	scalar	True	True	True	0	float32	float32
1lz1A	I106V	105	center_neighbor_weight_check_w_m	scalar	scalar	True	True	True	0	float32	float32
1lz1A	I106V	105	neighbor_embedding_change_m_w	scalar	scalar	True	True	True	0	float32	float32
1lz1A	I106V	105	neighbor_embedding_change_m_w_raw	15x128	15x128	True	True	True	0	float32	float32
1lz1A	I106V	105	neighbor_message_change_m_w	scalar	scalar	True	True	True	0	float32	float32
1lz1A	I106V	105	neighbor_message_change_m_w_raw	15x128x1	15x128x1	True	True	True	0	float32	float32
1lz1A	I106V	105	unweighted_backward_KL	scalar	scalar	True	True	True	0	float32	float32
1lz1A	I106V	105	unweighted_forward_KL	scalar	scalar	True	True	True	0	float32	float32
1lz1A	I106V	105	wild_pssm	scalar	scalar	True	True	True	0	float64	float64
1lz1A	I106V	105	alternate_pssm	scalar	scalar	True	True	True	0	float64	float64
1lz1A	V110A	109	center_mut_wild_energy	scalar	scalar	True	True	True	0	float64	float32
1lz1A	V110A	109	center_mut_max_energy	scalar	scalar	True	True	True	0	float64	float32
1lz1A	V110A	109	center_entropy	scalar	scalar	True	True	True	0	float64	float32
1lz1A	V110A	109	weighted_neighbor_entropies	scalar	scalar	True	False	True	1.19209289551e-07	float32	float32
1lz1A	V110A	109	weighted_neighbor_energy_changes	scalar	scalar	True	False	True	5.75721479379e-08	float64	float32
1lz1A	V110A	109	backward_weighted_neighbor_energy_changes	scalar	scalar	True	True	True	0	float64	float64
1lz1A	V110A	109	V2_backward_weighted_neighbor_energy_changes	scalar	scalar	True	True	True	0	float64	float64
1lz1A	V110A	109	weighted_neighbor_forward_KL	scalar	scalar	True	True	True	0	float32	float32
1lz1A	V110A	109	weighted_neighbor_backward_KL	scalar	scalar	True	True	True	0	float32	float32
1lz1A	V110A	109	backward_weighted_neighbor_backward_KL	scalar	scalar	True	True	True	0	float64	float64
1lz1A	V110A	109	V2_backward_weighted_neighbor_backward_KL	scalar	scalar	True	True	True	0	float64	float64
1lz1A	V110A	109	weighted_neighbor_entropy_changes	scalar	scalar	True	True	True	0	float32	float32
1lz1A	V110A	109	backward_weighted_neighbor_entropy_changes	scalar	scalar	True	True	True	0	float64	float64
1lz1A	V110A	109	V2_backward_weighted_neighbor_entropy_changes	scalar	scalar	True	True	True	0	float64	float64
1lz1A	V110A	109	center_neighbor_weight_check_m_w	scalar	scalar	True	True	True	0	float64	float64
1lz1A	V110A	109	center_neighbor_weight_check_w_m	scalar	scalar	True	True	True	0	float64	float64
1lz1A	V110A	109	neighbor_embedding_change_m_w	scalar	scalar	True	True	True	0	float32	float32
1lz1A	V110A	109	neighbor_embedding_change_m_w_raw	15x128	15x128	True	True	True	0	float32	float32
1lz1A	V110A	109	neighbor_message_change_m_w	scalar	scalar	True	False	True	1.49011611938e-08	float64	float64
1lz1A	V110A	109	neighbor_message_change_m_w_raw	15x128x1	15x128x1	True	True	True	0	float64	float64
1lz1A	V110A	109	unweighted_backward_KL	scalar	scalar	True	True	True	0	float32	float32
1lz1A	V110A	109	unweighted_forward_KL	scalar	scalar	True	True	True	0	float32	float32
1lz1A	V110A	109	wild_pssm	scalar	scalar	True	True	True	0	float64	float64
1lz1A	V110A	109	alternate_pssm	scalar	scalar	True	True	True	0	float64	float64
1lz1A	V110D	109	center_mut_wild_energy	scalar	scalar	True	True	True	0	float64	float32
1lz1A	V110D	109	center_mut_max_energy	scalar	scalar	True	True	True	0	float64	float32
1lz1A	V110D	109	center_entropy	scalar	scalar	True	True	True	0	float64	float32
1lz1A	V110D	109	weighted_neighbor_entropies	scalar	scalar	True	False	True	2.38418579102e-07	float32	float32
1lz1A	V110D	109	weighted_neighbor_energy_changes	scalar	scalar	True	False	True	6.79005365711e-07	float64	float32
1lz1A	V110D	109	backward_weighted_neighbor_energy_changes	scalar	scalar	True	False	True	3.14083893116e-07	float64	float32
1lz1A	V110D	109	V2_backward_weighted_neighbor_energy_changes	scalar	scalar	True	False	True	3.01978058559e-07	float64	float32
1lz1A	V110D	109	weighted_neighbor_forward_KL	scalar	scalar	True	True	True	0	float32	float32
1lz1A	V110D	109	weighted_neighbor_backward_KL	scalar	scalar	True	True	True	0	float32	float32
1lz1A	V110D	109	backward_weighted_neighbor_backward_KL	scalar	scalar	True	True	True	0	float32	float32
1lz1A	V110D	109	V2_backward_weighted_neighbor_backward_KL	scalar	scalar	True	True	True	0	float32	float32
1lz1A	V110D	109	weighted_neighbor_entropy_changes	scalar	scalar	True	True	True	0	float32	float32
1lz1A	V110D	109	backward_weighted_neighbor_entropy_changes	scalar	scalar	True	True	True	0	float32	float32
1lz1A	V110D	109	V2_backward_weighted_neighbor_entropy_changes	scalar	scalar	True	True	True	0	float32	float32
1lz1A	V110D	109	center_neighbor_weight_check_m_w	scalar	scalar	True	True	True	0	float32	float32
1lz1A	V110D	109	center_neighbor_weight_check_w_m	scalar	scalar	True	True	True	0	float32	float32
1lz1A	V110D	109	neighbor_embedding_change_m_w	scalar	scalar	True	True	True	0	float32	float32
1lz1A	V110D	109	neighbor_embedding_change_m_w_raw	15x128	15x128	True	True	True	0	float32	float32
1lz1A	V110D	109	neighbor_message_change_m_w	scalar	scalar	True	True	True	0	float32	float32
1lz1A	V110D	109	neighbor_message_change_m_w_raw	15x128x1	15x128x1	True	True	True	0	float32	float32
1lz1A	V110D	109	unweighted_backward_KL	scalar	scalar	True	True	True	0	float32	float32
1lz1A	V110D	109	unweighted_forward_KL	scalar	scalar	True	True	True	0	float32	float32
1lz1A	V110D	109	wild_pssm	scalar	scalar	True	True	True	0	float64	float64
1lz1A	V110D	109	alternate_pssm	scalar	scalar	True	True	True	0	float64	float64
1lz1A	V110G	109	center_mut_wild_energy	scalar	scalar	True	True	True	0	float64	float32
1lz1A	V110G	109	center_mut_max_energy	scalar	scalar	True	True	True	0	float64	float32
1lz1A	V110G	109	center_entropy	scalar	scalar	True	True	True	0	float64	float32
1lz1A	V110G	109	weighted_neighbor_entropies	scalar	scalar	True	False	True	2.38418579102e-07	float32	float32
1lz1A	V110G	109	weighted_neighbor_energy_changes	scalar	scalar	True	False	True	1.66885065767e-08	float64	float32
1lz1A	V110G	109	backward_weighted_neighbor_energy_changes	scalar	scalar	True	True	True	0	float64	float64
1lz1A	V110G	109	V2_backward_weighted_neighbor_energy_changes	scalar	scalar	True	True	True	0	float64	float64
1lz1A	V110G	109	weighted_neighbor_forward_KL	scalar	scalar	True	True	True	0	float32	float32
1lz1A	V110G	109	weighted_neighbor_backward_KL	scalar	scalar	True	True	True	0	float32	float32
1lz1A	V110G	109	backward_weighted_neighbor_backward_KL	scalar	scalar	True	True	True	0	float64	float64
1lz1A	V110G	109	V2_backward_weighted_neighbor_backward_KL	scalar	scalar	True	True	True	0	float64	float64
1lz1A	V110G	109	weighted_neighbor_entropy_changes	scalar	scalar	True	True	True	0	float32	float32
1lz1A	V110G	109	backward_weighted_neighbor_entropy_changes	scalar	scalar	True	True	True	0	float64	float64
1lz1A	V110G	109	V2_backward_weighted_neighbor_entropy_changes	scalar	scalar	True	True	True	0	float64	float64
1lz1A	V110G	109	center_neighbor_weight_check_m_w	scalar	scalar	True	True	True	0	float64	float64
1lz1A	V110G	109	center_neighbor_weight_check_w_m	scalar	scalar	True	True	True	0	float64	float64
1lz1A	V110G	109	neighbor_embedding_change_m_w	scalar	scalar	True	True	True	0	float32	float32
1lz1A	V110G	109	neighbor_embedding_change_m_w_raw	15x128	15x128	True	True	True	0	float32	float32
1lz1A	V110G	109	neighbor_message_change_m_w	scalar	scalar	True	False	True	4.842877388e-08	float64	float64
1lz1A	V110G	109	neighbor_message_change_m_w_raw	15x128x1	15x128x1	True	True	True	0	float64	float64
1lz1A	V110G	109	unweighted_backward_KL	scalar	scalar	True	True	True	0	float32	float32
1lz1A	V110G	109	unweighted_forward_KL	scalar	scalar	True	True	True	0	float32	float32
1lz1A	V110G	109	wild_pssm	scalar	scalar	True	True	True	0	float64	float64
1lz1A	V110G	109	alternate_pssm	scalar	scalar	True	True	True	0	float64	float64
1lz1A	V110I	109	center_mut_wild_energy	scalar	scalar	True	True	True	0	float64	float32
1lz1A	V110I	109	center_mut_max_energy	scalar	scalar	True	False	True	1.19209289551e-07	float64	float32
1lz1A	V110I	109	center_entropy	scalar	scalar	True	True	True	0	float64	float32
1lz1A	V110I	109	weighted_neighbor_entropies	scalar	scalar	True	False	True	4.76837158203e-07	float32	float32
1lz1A	V110I	109	weighted_neighbor_energy_changes	scalar	scalar	True	False	True	2.60134926933e-08	float64	float32
1lz1A	V110I	109	backward_weighted_neighbor_energy_changes	scalar	scalar	True	True	True	0	float64	float64
1lz1A	V110I	109	V2_backward_weighted_neighbor_energy_changes	scalar	scalar	True	True	True	0	float64	float64
1lz1A	V110I	109	weighted_neighbor_forward_KL	scalar	scalar	True	True	True	0	float32	float32
1lz1A	V110I	109	weighted_neighbor_backward_KL	scalar	scalar	True	True	True	0	float32	float32
1lz1A	V110I	109	backward_weighted_neighbor_backward_KL	scalar	scalar	True	True	True	0	float64	float64
1lz1A	V110I	109	V2_backward_weighted_neighbor_backward_KL	scalar	scalar	True	True	True	0	float64	float64
1lz1A	V110I	109	weighted_neighbor_entropy_changes	scalar	scalar	True	True	True	0	float32	float32
1lz1A	V110I	109	backward_weighted_neighbor_entropy_changes	scalar	scalar	True	True	True	0	float64	float64
1lz1A	V110I	109	V2_backward_weighted_neighbor_entropy_changes	scalar	scalar	True	True	True	0	float64	float64
1lz1A	V110I	109	center_neighbor_weight_check_m_w	scalar	scalar	True	True	True	0	float64	float64
1lz1A	V110I	109	center_neighbor_weight_check_w_m	scalar	scalar	True	True	True	0	float64	float64
1lz1A	V110I	109	neighbor_embedding_change_m_w	scalar	scalar	True	False	True	2.38418579102e-07	float32	float32
1lz1A	V110I	109	neighbor_embedding_change_m_w_raw	15x128	15x128	True	True	True	0	float32	float32
1lz1A	V110I	109	neighbor_message_change_m_w	scalar	scalar	True	True	True	0	float64	float64
1lz1A	V110I	109	neighbor_message_change_m_w_raw	15x128x1	15x128x1	True	True	True	0	float64	float64
1lz1A	V110I	109	unweighted_backward_KL	scalar	scalar	True	True	True	0	float32	float32
1lz1A	V110I	109	unweighted_forward_KL	scalar	scalar	True	True	True	0	float32	float32
1lz1A	V110I	109	wild_pssm	scalar	scalar	True	True	True	0	float64	float64
1lz1A	V110I	109	alternate_pssm	scalar	scalar	True	True	True	0	float64	float64
1lz1A	V110L	109	center_mut_wild_energy	scalar	scalar	True	True	True	0	float64	float32
1lz1A	V110L	109	center_mut_max_energy	scalar	scalar	True	False	True	1.19209289551e-07	float64	float32
1lz1A	V110L	109	center_entropy	scalar	scalar	True	True	True	0	float64	float32
1lz1A	V110L	109	weighted_neighbor_entropies	scalar	scalar	True	True	True	0	float32	float32
1lz1A	V110L	109	weighted_neighbor_energy_changes	scalar	scalar	True	False	True	2.1375008874e-08	float64	float32
1lz1A	V110L	109	backward_weighted_neighbor_energy_changes	scalar	scalar	True	False	True	2.01026575386e-07	float64	float32
1lz1A	V110L	109	V2_backward_weighted_neighbor_energy_changes	scalar	scalar	True	False	True	8.17545693366e-08	float64	float32
1lz1A	V110L	109	weighted_neighbor_forward_KL	scalar	scalar	True	True	True	0	float32	float32
1lz1A	V110L	109	weighted_neighbor_backward_KL	scalar	scalar	True	True	True	0	float32	float32
1lz1A	V110L	109	backward_weighted_neighbor_backward_KL	scalar	scalar	True	True	True	0	float32	float32
1lz1A	V110L	109	V2_backward_weighted_neighbor_backward_KL	scalar	scalar	True	True	True	0	float32	float32
1lz1A	V110L	109	weighted_neighbor_entropy_changes	scalar	scalar	True	True	True	0	float32	float32
1lz1A	V110L	109	backward_weighted_neighbor_entropy_changes	scalar	scalar	True	True	True	0	float32	float32
1lz1A	V110L	109	V2_backward_weighted_neighbor_entropy_changes	scalar	scalar	True	True	True	0	float32	float32
1lz1A	V110L	109	center_neighbor_weight_check_m_w	scalar	scalar	True	True	True	0	float32	float32
1lz1A	V110L	109	center_neighbor_weight_check_w_m	scalar	scalar	True	True	True	0	float32	float32
1lz1A	V110L	109	neighbor_embedding_change_m_w	scalar	scalar	True	True	True	0	float32	float32
1lz1A	V110L	109	neighbor_embedding_change_m_w_raw	15x128	15x128	True	True	True	0	float32	float32
1lz1A	V110L	109	neighbor_message_change_m_w	scalar	scalar	True	False	True	2.38418579102e-07	float32	float32
1lz1A	V110L	109	neighbor_message_change_m_w_raw	15x128x1	15x128x1	True	True	True	0	float32	float32
1lz1A	V110L	109	unweighted_backward_KL	scalar	scalar	True	True	True	0	float32	float32
1lz1A	V110L	109	unweighted_forward_KL	scalar	scalar	True	True	True	0	float32	float32
1lz1A	V110L	109	wild_pssm	scalar	scalar	True	True	True	0	float64	float64
1lz1A	V110L	109	alternate_pssm	scalar	scalar	True	True	True	0	float64	float64
1lz1A	V110M	109	center_mut_wild_energy	scalar	scalar	True	True	True	0	float64	float32
1lz1A	V110M	109	center_mut_max_energy	scalar	scalar	True	True	True	0	float64	float32
1lz1A	V110M	109	center_entropy	scalar	scalar	True	True	True	0	float64	float32
1lz1A	V110M	109	weighted_neighbor_entropies	scalar	scalar	True	True	True	0	float32	float32
1lz1A	V110M	109	weighted_neighbor_energy_changes	scalar	scalar	True	False	True	3.99945350615e-07	float64	float32
1lz1A	V110M	109	backward_weighted_neighbor_energy_changes	scalar	scalar	True	True	True	0	float64	float64
1lz1A	V110M	109	V2_backward_weighted_neighbor_energy_changes	scalar	scalar	True	True	True	0	float64	float64
1lz1A	V110M	109	weighted_neighbor_forward_KL	scalar	scalar	True	True	True	0	float32	float32
1lz1A	V110M	109	weighted_neighbor_backward_KL	scalar	scalar	True	True	True	0	float32	float32
1lz1A	V110M	109	backward_weighted_neighbor_backward_KL	scalar	scalar	True	True	True	0	float64	float64
1lz1A	V110M	109	V2_backward_weighted_neighbor_backward_KL	scalar	scalar	True	True	True	0	float64	float64
1lz1A	V110M	109	weighted_neighbor_entropy_changes	scalar	scalar	True	True	True	0	float32	float32
1lz1A	V110M	109	backward_weighted_neighbor_entropy_changes	scalar	scalar	True	True	True	0	float64	float64
1lz1A	V110M	109	V2_backward_weighted_neighbor_entropy_changes	scalar	scalar	True	True	True	0	float64	float64
1lz1A	V110M	109	center_neighbor_weight_check_m_w	scalar	scalar	True	True	True	0	float64	float64
1lz1A	V110M	109	center_neighbor_weight_check_w_m	scalar	scalar	True	True	True	0	float64	float64
1lz1A	V110M	109	neighbor_embedding_change_m_w	scalar	scalar	True	True	True	0	float32	float32
1lz1A	V110M	109	neighbor_embedding_change_m_w_raw	15x128	15x128	True	True	True	0	float32	float32
1lz1A	V110M	109	neighbor_message_change_m_w	scalar	scalar	True	False	True	2.23517417908e-08	float64	float64
1lz1A	V110M	109	neighbor_message_change_m_w_raw	15x128x1	15x128x1	True	True	True	0	float64	float64
1lz1A	V110M	109	unweighted_backward_KL	scalar	scalar	True	True	True	0	float32	float32
1lz1A	V110M	109	unweighted_forward_KL	scalar	scalar	True	True	True	0	float32	float32
1lz1A	V110M	109	wild_pssm	scalar	scalar	True	True	True	0	float64	float64
1lz1A	V110M	109	alternate_pssm	scalar	scalar	True	True	True	0	float64	float64
1lz1A	V110N	109	center_mut_wild_energy	scalar	scalar	True	True	True	0	float64	float32
1lz1A	V110N	109	center_mut_max_energy	scalar	scalar	True	False	True	1.19209289551e-07	float64	float32
1lz1A	V110N	109	center_entropy	scalar	scalar	True	True	True	0	float64	float32
1lz1A	V110N	109	weighted_neighbor_entropies	scalar	scalar	True	True	True	0	float32	float32
1lz1A	V110N	109	weighted_neighbor_energy_changes	scalar	scalar	True	False	True	3.51931399578e-08	float64	float32
1lz1A	V110N	109	backward_weighted_neighbor_energy_changes	scalar	scalar	True	False	True	2.33472444044e-07	float64	float32
1lz1A	V110N	109	V2_backward_weighted_neighbor_energy_changes	scalar	scalar	True	False	True	4.75907493858e-07	float64	float32
1lz1A	V110N	109	weighted_neighbor_forward_KL	scalar	scalar	True	True	True	0	float32	float32
1lz1A	V110N	109	weighted_neighbor_backward_KL	scalar	scalar	True	True	True	0	float32	float32
1lz1A	V110N	109	backward_weighted_neighbor_backward_KL	scalar	scalar	True	True	True	0	float32	float32
1lz1A	V110N	109	V2_backward_weighted_neighbor_backward_KL	scalar	scalar	True	True	True	0	float32	float32
1lz1A	V110N	109	weighted_neighbor_entropy_changes	scalar	scalar	True	True	True	0	float32	float32
1lz1A	V110N	109	backward_weighted_neighbor_entropy_changes	scalar	scalar	True	True	True	0	float32	float32
1lz1A	V110N	109	V2_backward_weighted_neighbor_entropy_changes	scalar	scalar	True	True	True	0	float32	float32
1lz1A	V110N	109	center_neighbor_weight_check_m_w	scalar	scalar	True	True	True	0	float32	float32
1lz1A	V110N	109	center_neighbor_weight_check_w_m	scalar	scalar	True	True	True	0	float32	float32
1lz1A	V110N	109	neighbor_embedding_change_m_w	scalar	scalar	True	True	True	0	float32	float32
1lz1A	V110N	109	neighbor_embedding_change_m_w_raw	15x128	15x128	True	True	True	0	float32	float32
1lz1A	V110N	109	neighbor_message_change_m_w	scalar	scalar	True	True	True	0	float32	float32
1lz1A	V110N	109	neighbor_message_change_m_w_raw	15x128x1	15x128x1	True	True	True	0	float32	float32
1lz1A	V110N	109	unweighted_backward_KL	scalar	scalar	True	True	True	0	float32	float32
1lz1A	V110N	109	unweighted_forward_KL	scalar	scalar	True	True	True	0	float32	float32
1lz1A	V110N	109	wild_pssm	scalar	scalar	True	True	True	0	float64	float64
1lz1A	V110N	109	alternate_pssm	scalar	scalar	True	True	True	0	float64	float64
1lz1A	V110R	109	center_mut_wild_energy	scalar	scalar	True	True	True	0	float64	float32
1lz1A	V110R	109	center_mut_max_energy	scalar	scalar	True	True	True	0	float64	float32
1lz1A	V110R	109	center_entropy	scalar	scalar	True	True	True	0	float64	float32
1lz1A	V110R	109	weighted_neighbor_entropies	scalar	scalar	True	False	True	1.19209289551e-07	float32	float32
1lz1A	V110R	109	weighted_neighbor_energy_changes	scalar	scalar	True	False	True	2.9322314532e-07	float64	float32
1lz1A	V110R	109	backward_weighted_neighbor_energy_changes	scalar	scalar	True	False	True	1.34179464872e-07	float64	float32
1lz1A	V110R	109	V2_backward_weighted_neighbor_energy_changes	scalar	scalar	True	False	True	3.75859663393e-08	float64	float32
1lz1A	V110R	109	weighted_neighbor_forward_KL	scalar	scalar	True	True	True	0	float32	float32
1lz1A	V110R	109	weighted_neighbor_backward_KL	scalar	scalar	True	True	True	0	float32	float32
1lz1A	V110R	109	backward_weighted_neighbor_backward_KL	scalar	scalar	True	True	True	0	float32	float32
1lz1A	V110R	109	V2_backward_weighted_neighbor_backward_KL	scalar	scalar	True	True	True	0	float32	float32
1lz1A	V110R	109	weighted_neighbor_entropy_changes	scalar	scalar	True	True	True	0	float32	float32
1lz1A	V110R	109	backward_weighted_neighbor_entropy_changes	scalar	scalar	True	True	True	0	float32	float32
1lz1A	V110R	109	V2_backward_weighted_neighbor_entropy_changes	scalar	scalar	True	True	True	0	float32	float32
1lz1A	V110R	109	center_neighbor_weight_check_m_w	scalar	scalar	True	True	True	0	float32	float32
1lz1A	V110R	109	center_neighbor_weight_check_w_m	scalar	scalar	True	True	True	0	float32	float32
1lz1A	V110R	109	neighbor_embedding_change_m_w	scalar	scalar	True	True	True	0	float32	float32
1lz1A	V110R	109	neighbor_embedding_change_m_w_raw	15x128	15x128	True	True	True	0	float32	float32
1lz1A	V110R	109	neighbor_message_change_m_w	scalar	scalar	True	True	True	0	float32	float32
1lz1A	V110R	109	neighbor_message_change_m_w_raw	15x128x1	15x128x1	True	True	True	0	float32	float32
1lz1A	V110R	109	unweighted_backward_KL	scalar	scalar	True	True	True	0	float32	float32
1lz1A	V110R	109	unweighted_forward_KL	scalar	scalar	True	True	True	0	float32	float32
1lz1A	V110R	109	wild_pssm	scalar	scalar	True	True	True	0	float64	float64
1lz1A	V110R	109	alternate_pssm	scalar	scalar	True	True	True	0	float64	float64
1lz1A	V110F	109	center_mut_wild_energy	scalar	scalar	True	True	True	0	float64	float32
1lz1A	V110F	109	center_mut_max_energy	scalar	scalar	True	True	True	0	float64	float32
1lz1A	V110F	109	center_entropy	scalar	scalar	True	True	True	0	float64	float32
1lz1A	V110F	109	weighted_neighbor_entropies	scalar	scalar	True	False	True	1.19209289551e-07	float32	float32
1lz1A	V110F	109	weighted_neighbor_energy_changes	scalar	scalar	True	False	True	3.56997013284e-07	float64	float32
1lz1A	V110F	109	backward_weighted_neighbor_energy_changes	scalar	scalar	True	False	True	5.92326548698e-07	float64	float32
1lz1A	V110F	109	V2_backward_weighted_neighbor_energy_changes	scalar	scalar	True	False	True	3.58807033862e-07	float64	float32
1lz1A	V110F	109	weighted_neighbor_forward_KL	scalar	scalar	True	True	True	0	float32	float32
1lz1A	V110F	109	weighted_neighbor_backward_KL	scalar	scalar	True	True	True	0	float32	float32
1lz1A	V110F	109	backward_weighted_neighbor_backward_KL	scalar	scalar	True	True	True	0	float32	float32
1lz1A	V110F	109	V2_backward_weighted_neighbor_backward_KL	scalar	scalar	True	True	True	0	float32	float32
1lz1A	V110F	109	weighted_neighbor_entropy_changes	scalar	scalar	True	True	True	0	float32	float32
1lz1A	V110F	109	backward_weighted_neighbor_entropy_changes	scalar	scalar	True	True	True	0	float32	float32
1lz1A	V110F	109	V2_backward_weighted_neighbor_entropy_changes	scalar	scalar	True	True	True	0	float32	float32
1lz1A	V110F	109	center_neighbor_weight_check_m_w	scalar	scalar	True	True	True	0	float32	float32
1lz1A	V110F	109	center_neighbor_weight_check_w_m	scalar	scalar	True	True	True	0	float32	float32
1lz1A	V110F	109	neighbor_embedding_change_m_w	scalar	scalar	True	True	True	0	float32	float32
1lz1A	V110F	109	neighbor_embedding_change_m_w_raw	15x128	15x128	True	True	True	0	float32	float32
1lz1A	V110F	109	neighbor_message_change_m_w	scalar	scalar	True	True	True	0	float32	float32
1lz1A	V110F	109	neighbor_message_change_m_w_raw	15x128x1	15x128x1	True	True	True	0	float32	float32
1lz1A	V110F	109	unweighted_backward_KL	scalar	scalar	True	True	True	0	float32	float32
1lz1A	V110F	109	unweighted_forward_KL	scalar	scalar	True	True	True	0	float32	float32
1lz1A	V110F	109	wild_pssm	scalar	scalar	True	True	True	0	float64	float64
1lz1A	V110F	109	alternate_pssm	scalar	scalar	True	True	True	0	float64	float64
1lz1A	V110P	109	center_mut_wild_energy	scalar	scalar	True	False	True	1.19209289551e-07	float64	float32
1lz1A	V110P	109	center_mut_max_energy	scalar	scalar	True	True	True	0	float64	float32
1lz1A	V110P	109	center_entropy	scalar	scalar	True	True	True	0	float64	float32
1lz1A	V110P	109	weighted_neighbor_entropies	scalar	scalar	True	False	True	1.19209289551e-07	float32	float32
1lz1A	V110P	109	weighted_neighbor_energy_changes	scalar	scalar	True	False	True	1.16755380475e-07	float64	float32
1lz1A	V110P	109	backward_weighted_neighbor_energy_changes	scalar	scalar	True	True	True	0	float64	float64
1lz1A	V110P	109	V2_backward_weighted_neighbor_energy_changes	scalar	scalar	True	True	True	0	float64	float64
1lz1A	V110P	109	weighted_neighbor_forward_KL	scalar	scalar	True	True	True	0	float32	float32
1lz1A	V110P	109	weighted_neighbor_backward_KL	scalar	scalar	True	True	True	0	float32	float32
1lz1A	V110P	109	backward_weighted_neighbor_backward_KL	scalar	scalar	True	True	True	0	float64	float64
1lz1A	V110P	109	V2_backward_weighted_neighbor_backward_KL	scalar	scalar	True	True	True	0	float64	float64
1lz1A	V110P	109	weighted_neighbor_entropy_changes	scalar	scalar	True	True	True	0	float32	float32
1lz1A	V110P	109	backward_weighted_neighbor_entropy_changes	scalar	scalar	True	True	True	0	float64	float64
1lz1A	V110P	109	V2_backward_weighted_neighbor_entropy_changes	scalar	scalar	True	True	True	0	float64	float64
1lz1A	V110P	109	center_neighbor_weight_check_m_w	scalar	scalar	True	True	True	0	float64	float64
1lz1A	V110P	109	center_neighbor_weight_check_w_m	scalar	scalar	True	True	True	0	float64	float64
1lz1A	V110P	109	neighbor_embedding_change_m_w	scalar	scalar	True	False	True	4.76837158203e-07	float32	float32
1lz1A	V110P	109	neighbor_embedding_change_m_w_raw	15x128	15x128	True	True	True	0	float32	float32
1lz1A	V110P	109	neighbor_message_change_m_w	scalar	scalar	True	False	True	5.21540641785e-08	float64	float64
1lz1A	V110P	109	neighbor_message_change_m_w_raw	15x128x1	15x128x1	True	True	True	0	float64	float64
1lz1A	V110P	109	unweighted_backward_KL	scalar	scalar	True	True	True	0	float32	float32
1lz1A	V110P	109	unweighted_forward_KL	scalar	scalar	True	True	True	0	float32	float32
1lz1A	V110P	109	wild_pssm	scalar	scalar	True	True	True	0	float64	float64
1lz1A	V110P	109	alternate_pssm	scalar	scalar	True	True	True	0	float64	float64
1lz1A	V110Y	109	center_mut_wild_energy	scalar	scalar	True	True	True	0	float64	float32
1lz1A	V110Y	109	center_mut_max_energy	scalar	scalar	True	True	True	0	float64	float32
1lz1A	V110Y	109	center_entropy	scalar	scalar	True	True	True	0	float64	float32
1lz1A	V110Y	109	weighted_neighbor_entropies	scalar	scalar	True	True	True	0	float32	float32
1lz1A	V110Y	109	weighted_neighbor_energy_changes	scalar	scalar	True	False	True	7.09095909102e-07	float64	float32
1lz1A	V110Y	109	backward_weighted_neighbor_energy_changes	scalar	scalar	True	True	True	0	float64	float64
1lz1A	V110Y	109	V2_backward_weighted_neighbor_energy_changes	scalar	scalar	True	True	True	0	float64	float64
1lz1A	V110Y	109	weighted_neighbor_forward_KL	scalar	scalar	True	True	True	0	float32	float32
1lz1A	V110Y	109	weighted_neighbor_backward_KL	scalar	scalar	True	True	True	0	float32	float32
1lz1A	V110Y	109	backward_weighted_neighbor_backward_KL	scalar	scalar	True	True	True	0	float64	float64
1lz1A	V110Y	109	V2_backward_weighted_neighbor_backward_KL	scalar	scalar	True	True	True	0	float64	float64
1lz1A	V110Y	109	weighted_neighbor_entropy_changes	scalar	scalar	True	True	True	0	float32	float32
1lz1A	V110Y	109	backward_weighted_neighbor_entropy_changes	scalar	scalar	True	True	True	0	float64	float64
1lz1A	V110Y	109	V2_backward_weighted_neighbor_entropy_changes	scalar	scalar	True	True	True	0	float64	float64
1lz1A	V110Y	109	center_neighbor_weight_check_m_w	scalar	scalar	True	True	True	0	float64	float64
1lz1A	V110Y	109	center_neighbor_weight_check_w_m	scalar	scalar	True	True	True	0	float64	float64
1lz1A	V110Y	109	neighbor_embedding_change_m_w	scalar	scalar	True	True	True	0	float32	float32
1lz1A	V110Y	109	neighbor_embedding_change_m_w_raw	15x128	15x128	True	True	True	0	float32	float32
1lz1A	V110Y	109	neighbor_message_change_m_w	scalar	scalar	True	False	True	6.70552253723e-08	float64	float64
1lz1A	V110Y	109	neighbor_message_change_m_w_raw	15x128x1	15x128x1	True	True	True	0	float64	float64
1lz1A	V110Y	109	unweighted_backward_KL	scalar	scalar	True	True	True	0	float32	float32
1lz1A	V110Y	109	unweighted_forward_KL	scalar	scalar	True	True	True	0	float32	float32
1lz1A	V110Y	109	wild_pssm	scalar	scalar	True	True	True	0	float64	float64
1lz1A	V110Y	109	alternate_pssm	scalar	scalar	True	True	True	0	float64	float64
1lz1A	V121A	120	center_mut_wild_energy	scalar	scalar	True	True	True	0	float64	float32
1lz1A	V121A	120	center_mut_max_energy	scalar	scalar	True	True	True	0	float64	float32
1lz1A	V121A	120	center_entropy	scalar	scalar	True	True	True	0	float64	float32
1lz1A	V121A	120	weighted_neighbor_entropies	scalar	scalar	True	False	True	1.19209289551e-07	float32	float32
1lz1A	V121A	120	weighted_neighbor_energy_changes	scalar	scalar	True	False	True	1.65806092411e-07	float64	float32
1lz1A	V121A	120	backward_weighted_neighbor_energy_changes	scalar	scalar	True	False	True	7.06835621145e-08	float64	float32
1lz1A	V121A	120	V2_backward_weighted_neighbor_energy_changes	scalar	scalar	True	False	True	5.38070086264e-08	float64	float32
1lz1A	V121A	120	weighted_neighbor_forward_KL	scalar	scalar	True	True	True	0	float32	float32
1lz1A	V121A	120	weighted_neighbor_backward_KL	scalar	scalar	True	True	True	0	float32	float32
1lz1A	V121A	120	backward_weighted_neighbor_backward_KL	scalar	scalar	True	True	True	0	float32	float32
1lz1A	V121A	120	V2_backward_weighted_neighbor_backward_KL	scalar	scalar	True	True	True	0	float32	float32
1lz1A	V121A	120	weighted_neighbor_entropy_changes	scalar	scalar	True	True	True	0	float32	float32
1lz1A	V121A	120	backward_weighted_neighbor_entropy_changes	scalar	scalar	True	True	True	0	float32	float32
1lz1A	V121A	120	V2_backward_weighted_neighbor_entropy_changes	scalar	scalar	True	True	True	0	float32	float32
1lz1A	V121A	120	center_neighbor_weight_check_m_w	scalar	scalar	True	True	True	0	float32	float32
1lz1A	V121A	120	center_neighbor_weight_check_w_m	scalar	scalar	True	True	True	0	float32	float32
1lz1A	V121A	120	neighbor_embedding_change_m_w	scalar	scalar	True	True	True	0	float32	float32
1lz1A	V121A	120	neighbor_embedding_change_m_w_raw	15x128	15x128	True	True	True	0	float32	float32
1lz1A	V121A	120	neighbor_message_change_m_w	scalar	scalar	True	True	True	0	float32	float32
1lz1A	V121A	120	neighbor_message_change_m_w_raw	15x128x1	15x128x1	True	True	True	0	float32	float32
1lz1A	V121A	120	unweighted_backward_KL	scalar	scalar	True	True	True	0	float32	float32
1lz1A	V121A	120	unweighted_forward_KL	scalar	scalar	True	True	True	0	float32	float32
1lz1A	V121A	120	wild_pssm	scalar	scalar	True	True	True	0	float64	float64
1lz1A	V121A	120	alternate_pssm	scalar	scalar	True	True	True	0	float64	float64
1lz1A	Y124F	123	center_mut_wild_energy	scalar	scalar	True	True	True	0	float64	float32
1lz1A	Y124F	123	center_mut_max_energy	scalar	scalar	True	False	True	5.96046447754e-08	float64	float32
1lz1A	Y124F	123	center_entropy	scalar	scalar	True	True	True	0	float64	float32
1lz1A	Y124F	123	weighted_neighbor_entropies	scalar	scalar	True	True	True	0	float32	float32
1lz1A	Y124F	123	weighted_neighbor_energy_changes	scalar	scalar	True	False	True	5.29811821082e-08	float64	float32
1lz1A	Y124F	123	backward_weighted_neighbor_energy_changes	scalar	scalar	True	False	True	9.53526768654e-09	float64	float32
1lz1A	Y124F	123	V2_backward_weighted_neighbor_energy_changes	scalar	scalar	True	False	True	2.42679174534e-08	float64	float32
1lz1A	Y124F	123	weighted_neighbor_forward_KL	scalar	scalar	True	True	True	0	float32	float32
1lz1A	Y124F	123	weighted_neighbor_backward_KL	scalar	scalar	True	True	True	0	float32	float32
1lz1A	Y124F	123	backward_weighted_neighbor_backward_KL	scalar	scalar	True	True	True	0	float32	float32
1lz1A	Y124F	123	V2_backward_weighted_neighbor_backward_KL	scalar	scalar	True	True	True	0	float32	float32
1lz1A	Y124F	123	weighted_neighbor_entropy_changes	scalar	scalar	True	True	True	0	float32	float32
1lz1A	Y124F	123	backward_weighted_neighbor_entropy_changes	scalar	scalar	True	True	True	0	float32	float32
1lz1A	Y124F	123	V2_backward_weighted_neighbor_entropy_changes	scalar	scalar	True	True	True	0	float32	float32
1lz1A	Y124F	123	center_neighbor_weight_check_m_w	scalar	scalar	True	True	True	0	float32	float32
1lz1A	Y124F	123	center_neighbor_weight_check_w_m	scalar	scalar	True	True	True	0	float32	float32
1lz1A	Y124F	123	neighbor_embedding_change_m_w	scalar	scalar	True	True	True	0	float32	float32
1lz1A	Y124F	123	neighbor_embedding_change_m_w_raw	15x128	15x128	True	True	True	0	float32	float32
1lz1A	Y124F	123	neighbor_message_change_m_w	scalar	scalar	True	True	True	0	float32	float32
1lz1A	Y124F	123	neighbor_message_change_m_w_raw	15x128x1	15x128x1	True	True	True	0	float32	float32
1lz1A	Y124F	123	unweighted_backward_KL	scalar	scalar	True	True	True	0	float32	float32
1lz1A	Y124F	123	unweighted_forward_KL	scalar	scalar	True	True	True	0	float32	float32
1lz1A	Y124F	123	wild_pssm	scalar	scalar	True	True	True	0	float64	float64
1lz1A	Y124F	123	alternate_pssm	scalar	scalar	True	True	True	0	float64	float64
1lz1A	V125A	124	center_mut_wild_energy	scalar	scalar	True	False	True	1.19209289551e-07	float64	float32
1lz1A	V125A	124	center_mut_max_energy	scalar	scalar	True	False	True	1.19209289551e-07	float64	float32
1lz1A	V125A	124	center_entropy	scalar	scalar	True	True	True	0	float64	float32
1lz1A	V125A	124	weighted_neighbor_entropies	scalar	scalar	True	True	True	0	float32	float32
1lz1A	V125A	124	weighted_neighbor_energy_changes	scalar	scalar	True	False	True	9.52887496908e-07	float64	float32
1lz1A	V125A	124	backward_weighted_neighbor_energy_changes	scalar	scalar	True	False	True	2.25117081243e-06	float64	float32
1lz1A	V125A	124	V2_backward_weighted_neighbor_energy_changes	scalar	scalar	True	False	True	2.66584677888e-07	float64	float32
1lz1A	V125A	124	weighted_neighbor_forward_KL	scalar	scalar	True	True	True	0	float32	float32
1lz1A	V125A	124	weighted_neighbor_backward_KL	scalar	scalar	True	True	True	0	float32	float32
1lz1A	V125A	124	backward_weighted_neighbor_backward_KL	scalar	scalar	True	True	True	0	float32	float32
1lz1A	V125A	124	V2_backward_weighted_neighbor_backward_KL	scalar	scalar	True	True	True	0	float32	float32
1lz1A	V125A	124	weighted_neighbor_entropy_changes	scalar	scalar	True	True	True	0	float32	float32
1lz1A	V125A	124	backward_weighted_neighbor_entropy_changes	scalar	scalar	True	True	True	0	float32	float32
1lz1A	V125A	124	V2_backward_weighted_neighbor_entropy_changes	scalar	scalar	True	True	True	0	float32	float32
1lz1A	V125A	124	center_neighbor_weight_check_m_w	scalar	scalar	True	True	True	0	float32	float32
1lz1A	V125A	124	center_neighbor_weight_check_w_m	scalar	scalar	True	True	True	0	float32	float32
1lz1A	V125A	124	neighbor_embedding_change_m_w	scalar	scalar	True	True	True	0	float32	float32
1lz1A	V125A	124	neighbor_embedding_change_m_w_raw	15x128	15x128	True	True	True	0	float32	float32
1lz1A	V125A	124	neighbor_message_change_m_w	scalar	scalar	True	True	True	0	float32	float32
1lz1A	V125A	124	neighbor_message_change_m_w_raw	15x128x1	15x128x1	True	True	True	0	float32	float32
1lz1A	V125A	124	unweighted_backward_KL	scalar	scalar	True	True	True	0	float32	float32
1lz1A	V125A	124	unweighted_forward_KL	scalar	scalar	True	True	True	0	float32	float32
1lz1A	V125A	124	wild_pssm	scalar	scalar	True	True	True	0	float64	float64
1lz1A	V125A	124	alternate_pssm	scalar	scalar	True	True	True	0	float64	float64
1lz1A	V130A	129	center_mut_wild_energy	scalar	scalar	True	False	True	1.34110450745e-07	float64	float32
1lz1A	V130A	129	center_mut_max_energy	scalar	scalar	True	False	True	1.34110450745e-07	float64	float32
1lz1A	V130A	129	center_entropy	scalar	scalar	True	True	True	0	float64	float32
1lz1A	V130A	129	weighted_neighbor_entropies	scalar	scalar	True	True	True	0	float32	float32
1lz1A	V130A	129	weighted_neighbor_energy_changes	scalar	scalar	True	False	True	3.1834097669e-07	float64	float32
1lz1A	V130A	129	backward_weighted_neighbor_energy_changes	scalar	scalar	True	False	True	1.6012562476e-07	float64	float64
1lz1A	V130A	129	V2_backward_weighted_neighbor_energy_changes	scalar	scalar	True	False	True	1.68110323884e-07	float64	float64
1lz1A	V130A	129	weighted_neighbor_forward_KL	scalar	scalar	True	True	True	0	float32	float32
1lz1A	V130A	129	weighted_neighbor_backward_KL	scalar	scalar	True	True	True	0	float32	float32
1lz1A	V130A	129	backward_weighted_neighbor_backward_KL	scalar	scalar	True	True	True	0	float64	float64
1lz1A	V130A	129	V2_backward_weighted_neighbor_backward_KL	scalar	scalar	True	True	True	0	float64	float64
1lz1A	V130A	129	weighted_neighbor_entropy_changes	scalar	scalar	True	True	True	0	float32	float32
1lz1A	V130A	129	backward_weighted_neighbor_entropy_changes	scalar	scalar	True	True	True	0	float64	float64
1lz1A	V130A	129	V2_backward_weighted_neighbor_entropy_changes	scalar	scalar	True	True	True	0	float64	float64
1lz1A	V130A	129	center_neighbor_weight_check_m_w	scalar	scalar	True	True	True	0	float64	float64
1lz1A	V130A	129	center_neighbor_weight_check_w_m	scalar	scalar	True	True	True	0	float64	float64
1lz1A	V130A	129	neighbor_embedding_change_m_w	scalar	scalar	True	True	True	0	float32	float32
1lz1A	V130A	129	neighbor_embedding_change_m_w_raw	15x128	15x128	True	True	True	0	float32	float32
1lz1A	V130A	129	neighbor_message_change_m_w	scalar	scalar	True	False	True	6.70552253723e-08	float64	float64
1lz1A	V130A	129	neighbor_message_change_m_w_raw	15x128x1	15x128x1	True	True	True	0	float64	float64
1lz1A	V130A	129	unweighted_backward_KL	scalar	scalar	True	True	True	0	float32	float32
1lz1A	V130A	129	unweighted_forward_KL	scalar	scalar	True	True	True	0	float32	float32
1lz1A	V130A	129	wild_pssm	scalar	scalar	True	True	True	0	float64	float64
1lz1A	V130A	129	alternate_pssm	scalar	scalar	True	True	True	0	float64	float64
1oh0A	Y32F	29	center_mut_wild_energy	scalar	scalar	True	True	True	0	float64	float32
1oh0A	Y32F	29	center_mut_max_energy	scalar	scalar	True	True	True	0	float64	float32
1oh0A	Y32F	29	center_entropy	scalar	scalar	True	True	True	0	float64	float32
1oh0A	Y32F	29	weighted_neighbor_entropies	scalar	scalar	True	False	True	1.19209289551e-07	float32	float32
1oh0A	Y32F	29	weighted_neighbor_energy_changes	scalar	scalar	True	False	True	2.52344669605e-08	float64	float32
1oh0A	Y32F	29	backward_weighted_neighbor_energy_changes	scalar	scalar	True	False	True	3.99599816348e-07	float64	float32
1oh0A	Y32F	29	V2_backward_weighted_neighbor_energy_changes	scalar	scalar	True	False	True	1.5460160796e-07	float64	float32
1oh0A	Y32F	29	weighted_neighbor_forward_KL	scalar	scalar	True	True	True	0	float32	float32
1oh0A	Y32F	29	weighted_neighbor_backward_KL	scalar	scalar	True	True	True	0	float32	float32
1oh0A	Y32F	29	backward_weighted_neighbor_backward_KL	scalar	scalar	True	True	True	0	float32	float32
1oh0A	Y32F	29	V2_backward_weighted_neighbor_backward_KL	scalar	scalar	True	True	True	0	float32	float32
1oh0A	Y32F	29	weighted_neighbor_entropy_changes	scalar	scalar	True	True	True	0	float32	float32
1oh0A	Y32F	29	backward_weighted_neighbor_entropy_changes	scalar	scalar	True	True	True	0	float32	float32
1oh0A	Y32F	29	V2_backward_weighted_neighbor_entropy_changes	scalar	scalar	True	True	True	0	float32	float32
1oh0A	Y32F	29	center_neighbor_weight_check_m_w	scalar	scalar	True	True	True	0	float32	float32
1oh0A	Y32F	29	center_neighbor_weight_check_w_m	scalar	scalar	True	True	True	0	float32	float32
1oh0A	Y32F	29	neighbor_embedding_change_m_w	scalar	scalar	True	True	True	0	float32	float32
1oh0A	Y32F	29	neighbor_embedding_change_m_w_raw	15x128	15x128	True	True	True	0	float32	float32
1oh0A	Y32F	29	neighbor_message_change_m_w	scalar	scalar	True	True	True	0	float32	float32
1oh0A	Y32F	29	neighbor_message_change_m_w_raw	15x128x1	15x128x1	True	True	True	0	float32	float32
1oh0A	Y32F	29	unweighted_backward_KL	scalar	scalar	True	True	True	0	float32	float32
1oh0A	Y32F	29	unweighted_forward_KL	scalar	scalar	True	True	True	0	float32	float32
1oh0A	Y32F	29	wild_pssm	scalar	scalar	True	True	True	0	float64	float64
1oh0A	Y32F	29	alternate_pssm	scalar	scalar	True	True	True	0	float64	float64
1oh0A	Y57F	54	center_mut_wild_energy	scalar	scalar	True	True	True	0	float64	float32
1oh0A	Y57F	54	center_mut_max_energy	scalar	scalar	True	True	True	0	float64	float32
1oh0A	Y57F	54	center_entropy	scalar	scalar	True	True	True	0	float64	float32
1oh0A	Y57F	54	weighted_neighbor_entropies	scalar	scalar	True	True	True	0	float32	float32
1oh0A	Y57F	54	weighted_neighbor_energy_changes	scalar	scalar	True	False	True	3.10341036425e-07	float64	float32
1oh0A	Y57F	54	backward_weighted_neighbor_energy_changes	scalar	scalar	True	False	True	8.24501000807e-09	float64	float32
1oh0A	Y57F	54	V2_backward_weighted_neighbor_energy_changes	scalar	scalar	True	False	True	6.05634937756e-08	float64	float32
1oh0A	Y57F	54	weighted_neighbor_forward_KL	scalar	scalar	True	True	True	0	float32	float32
1oh0A	Y57F	54	weighted_neighbor_backward_KL	scalar	scalar	True	True	True	0	float32	float32
1oh0A	Y57F	54	backward_weighted_neighbor_backward_KL	scalar	scalar	True	True	True	0	float32	float32
1oh0A	Y57F	54	V2_backward_weighted_neighbor_backward_KL	scalar	scalar	True	True	True	0	float32	float32
1oh0A	Y57F	54	weighted_neighbor_entropy_changes	scalar	scalar	True	True	True	0	float32	float32
1oh0A	Y57F	54	backward_weighted_neighbor_entropy_changes	scalar	scalar	True	True	True	0	float32	float32
1oh0A	Y57F	54	V2_backward_weighted_neighbor_entropy_changes	scalar	scalar	True	True	True	0	float32	float32
1oh0A	Y57F	54	center_neighbor_weight_check_m_w	scalar	scalar	True	True	True	0	float32	float32
1oh0A	Y57F	54	center_neighbor_weight_check_w_m	scalar	scalar	True	True	True	0	float32	float32
1oh0A	Y57F	54	neighbor_embedding_change_m_w	scalar	scalar	True	True	True	0	float32	float32
1oh0A	Y57F	54	neighbor_embedding_change_m_w_raw	15x128	15x128	True	True	True	0	float32	float32
1oh0A	Y57F	54	neighbor_message_change_m_w	scalar	scalar	True	True	True	0	float32	float32
1oh0A	Y57F	54	neighbor_message_change_m_w_raw	15x128x1	15x128x1	True	True	True	0	float32	float32
1oh0A	Y57F	54	unweighted_backward_KL	scalar	scalar	True	True	True	0	float32	float32
1oh0A	Y57F	54	unweighted_forward_KL	scalar	scalar	True	True	True	0	float32	float32
1oh0A	Y57F	54	wild_pssm	scalar	scalar	True	True	True	0	float64	float64
1oh0A	Y57F	54	alternate_pssm	scalar	scalar	True	True	True	0	float64	float64
1rn1C	Q25K	24	center_mut_wild_energy	scalar	scalar	True	True	True	0	float64	float32
1rn1C	Q25K	24	center_mut_max_energy	scalar	scalar	True	True	True	0	float64	float32
1rn1C	Q25K	24	center_entropy	scalar	scalar	True	True	True	0	float64	float32
1rn1C	Q25K	24	weighted_neighbor_entropies	scalar	scalar	True	False	True	1.19209289551e-07	float32	float32
1rn1C	Q25K	24	weighted_neighbor_energy_changes	scalar	scalar	True	False	True	3.82914837616e-08	float64	float32
1rn1C	Q25K	24	backward_weighted_neighbor_energy_changes	scalar	scalar	True	True	True	0	float64	float64
1rn1C	Q25K	24	V2_backward_weighted_neighbor_energy_changes	scalar	scalar	True	True	True	0	float64	float64
1rn1C	Q25K	24	weighted_neighbor_forward_KL	scalar	scalar	True	True	True	0	float32	float32
1rn1C	Q25K	24	weighted_neighbor_backward_KL	scalar	scalar	True	True	True	0	float32	float32
1rn1C	Q25K	24	backward_weighted_neighbor_backward_KL	scalar	scalar	True	True	True	0	float64	float64
1rn1C	Q25K	24	V2_backward_weighted_neighbor_backward_KL	scalar	scalar	True	True	True	0	float64	float64
1rn1C	Q25K	24	weighted_neighbor_entropy_changes	scalar	scalar	True	True	True	0	float32	float32
1rn1C	Q25K	24	backward_weighted_neighbor_entropy_changes	scalar	scalar	True	True	True	0	float64	float64
1rn1C	Q25K	24	V2_backward_weighted_neighbor_entropy_changes	scalar	scalar	True	True	True	0	float64	float64
1rn1C	Q25K	24	center_neighbor_weight_check_m_w	scalar	scalar	True	True	True	0	float64	float64
1rn1C	Q25K	24	center_neighbor_weight_check_w_m	scalar	scalar	True	True	True	0	float64	float64
1rn1C	Q25K	24	neighbor_embedding_change_m_w	scalar	scalar	True	True	True	0	float32	float32
1rn1C	Q25K	24	neighbor_embedding_change_m_w_raw	15x128	15x128	True	True	True	0	float32	float32
1rn1C	Q25K	24	neighbor_message_change_m_w	scalar	scalar	True	False	True	2.98023223877e-08	float64	float64
1rn1C	Q25K	24	neighbor_message_change_m_w_raw	15x128x1	15x128x1	True	True	True	0	float64	float64
1rn1C	Q25K	24	unweighted_backward_KL	scalar	scalar	True	True	True	0	float32	float32
1rn1C	Q25K	24	unweighted_forward_KL	scalar	scalar	True	True	True	0	float32	float32
1rn1C	Q25K	24	wild_pssm	scalar	scalar	True	True	True	0	float64	float64
1rn1C	Q25K	24	alternate_pssm	scalar	scalar	True	True	True	0	float64	float64
1vqbA	V35I	34	center_mut_wild_energy	scalar	scalar	True	True	True	0	float64	float32
1vqbA	V35I	34	center_mut_max_energy	scalar	scalar	True	True	True	0	float64	float32
1vqbA	V35I	34	center_entropy	scalar	scalar	True	True	True	0	float64	float32
1vqbA	V35I	34	weighted_neighbor_entropies	scalar	scalar	True	False	True	2.38418579102e-07	float32	float32
1vqbA	V35I	34	weighted_neighbor_energy_changes	scalar	scalar	True	False	True	5.10147115662e-08	float64	float32
1vqbA	V35I	34	backward_weighted_neighbor_energy_changes	scalar	scalar	True	False	True	3.80739040295e-08	float64	float32
1vqbA	V35I	34	V2_backward_weighted_neighbor_energy_changes	scalar	scalar	True	False	True	1.57733550665e-08	float64	float32
1vqbA	V35I	34	weighted_neighbor_forward_KL	scalar	scalar	True	True	True	0	float32	float32
1vqbA	V35I	34	weighted_neighbor_backward_KL	scalar	scalar	True	True	True	0	float32	float32
1vqbA	V35I	34	backward_weighted_neighbor_backward_KL	scalar	scalar	True	True	True	0	float32	float32
1vqbA	V35I	34	V2_backward_weighted_neighbor_backward_KL	scalar	scalar	True	True	True	0	float32	float32
1vqbA	V35I	34	weighted_neighbor_entropy_changes	scalar	scalar	True	True	True	0	float32	float32
1vqbA	V35I	34	backward_weighted_neighbor_entropy_changes	scalar	scalar	True	True	True	0	float32	float32
1vqbA	V35I	34	V2_backward_weighted_neighbor_entropy_changes	scalar	scalar	True	True	True	0	float32	float32
1vqbA	V35I	34	center_neighbor_weight_check_m_w	scalar	scalar	True	True	True	0	float32	float32
1vqbA	V35I	34	center_neighbor_weight_check_w_m	scalar	scalar	True	True	True	0	float32	float32
1vqbA	V35I	34	neighbor_embedding_change_m_w	scalar	scalar	True	True	True	0	float32	float32
1vqbA	V35I	34	neighbor_embedding_change_m_w_raw	15x128	15x128	True	True	True	0	float32	float32
1vqbA	V35I	34	neighbor_message_change_m_w	scalar	scalar	True	True	True	0	float32	float32
1vqbA	V35I	34	neighbor_message_change_m_w_raw	15x128x1	15x128x1	True	True	True	0	float32	float32
1vqbA	V35I	34	unweighted_backward_KL	scalar	scalar	True	True	True	0	float32	float32
1vqbA	V35I	34	unweighted_forward_KL	scalar	scalar	True	True	True	0	float32	float32
1vqbA	V35I	34	wild_pssm	scalar	scalar	True	True	True	0	float64	float64
1vqbA	V35I	34	alternate_pssm	scalar	scalar	True	True	True	0	float64	float64
1vqbA	Y41F	40	center_mut_wild_energy	scalar	scalar	True	True	True	0	float64	float32
1vqbA	Y41F	40	center_mut_max_energy	scalar	scalar	True	True	True	0	float64	float32
1vqbA	Y41F	40	center_entropy	scalar	scalar	True	True	True	0	float64	float32
1vqbA	Y41F	40	weighted_neighbor_entropies	scalar	scalar	True	False	True	2.38418579102e-07	float32	float32
1vqbA	Y41F	40	weighted_neighbor_energy_changes	scalar	scalar	True	False	True	9.41127069609e-08	float64	float32
1vqbA	Y41F	40	backward_weighted_neighbor_energy_changes	scalar	scalar	True	True	True	0	float64	float64
1vqbA	Y41F	40	V2_backward_weighted_neighbor_energy_changes	scalar	scalar	True	True	True	0	float64	float64
1vqbA	Y41F	40	weighted_neighbor_forward_KL	scalar	scalar	True	True	True	0	float32	float32
1vqbA	Y41F	40	weighted_neighbor_backward_KL	scalar	scalar	True	True	True	0	float32	float32
1vqbA	Y41F	40	backward_weighted_neighbor_backward_KL	scalar	scalar	True	True	True	0	float64	float64
1vqbA	Y41F	40	V2_backward_weighted_neighbor_backward_KL	scalar	scalar	True	True	True	0	float64	float64
1vqbA	Y41F	40	weighted_neighbor_entropy_changes	scalar	scalar	True	True	True	0	float32	float32
1vqbA	Y41F	40	backward_weighted_neighbor_entropy_changes	scalar	scalar	True	True	True	0	float64	float64
1vqbA	Y41F	40	V2_backward_weighted_neighbor_entropy_changes	scalar	scalar	True	True	True	0	float64	float64
1vqbA	Y41F	40	center_neighbor_weight_check_m_w	scalar	scalar	True	True	True	0	float64	float64
1vqbA	Y41F	40	center_neighbor_weight_check_w_m	scalar	scalar	True	True	True	0	float64	float64
1vqbA	Y41F	40	neighbor_embedding_change_m_w	scalar	scalar	True	True	True	0	float32	float32
1vqbA	Y41F	40	neighbor_embedding_change_m_w_raw	15x128	15x128	True	True	True	0	float32	float32
1vqbA	Y41F	40	neighbor_message_change_m_w	scalar	scalar	True	False	True	2.98023223877e-08	float64	float64
1vqbA	Y41F	40	neighbor_message_change_m_w_raw	15x128x1	15x128x1	True	True	True	0	float64	float64
1vqbA	Y41F	40	unweighted_backward_KL	scalar	scalar	True	True	True	0	float32	float32
1vqbA	Y41F	40	unweighted_forward_KL	scalar	scalar	True	True	True	0	float32	float32
1vqbA	Y41F	40	wild_pssm	scalar	scalar	True	True	True	0	float64	float64
1vqbA	Y41F	40	alternate_pssm	scalar	scalar	True	True	True	0	float64	float64
1vqbA	I47L	46	center_mut_wild_energy	scalar	scalar	True	True	True	0	float64	float32
1vqbA	I47L	46	center_mut_max_energy	scalar	scalar	True	True	True	0	float64	float32
1vqbA	I47L	46	center_entropy	scalar	scalar	True	True	True	0	float64	float32
1vqbA	I47L	46	weighted_neighbor_entropies	scalar	scalar	True	True	True	0	float32	float32
1vqbA	I47L	46	weighted_neighbor_energy_changes	scalar	scalar	True	False	True	5.96070233172e-08	float64	float32
1vqbA	I47L	46	backward_weighted_neighbor_energy_changes	scalar	scalar	True	False	True	2.42252351512e-09	float64	float32
1vqbA	I47L	46	V2_backward_weighted_neighbor_energy_changes	scalar	scalar	True	False	True	4.6419372346e-08	float64	float32
1vqbA	I47L	46	weighted_neighbor_forward_KL	scalar	scalar	True	True	True	0	float32	float32
1vqbA	I47L	46	weighted_neighbor_backward_KL	scalar	scalar	True	True	True	0	float32	float32
1vqbA	I47L	46	backward_weighted_neighbor_backward_KL	scalar	scalar	True	True	True	0	float32	float32
1vqbA	I47L	46	V2_backward_weighted_neighbor_backward_KL	scalar	scalar	True	True	True	0	float32	float32
1vqbA	I47L	46	weighted_neighbor_entropy_changes	scalar	scalar	True	True	True	0	float32	float32
1vqbA	I47L	46	backward_weighted_neighbor_entropy_changes	scalar	scalar	True	True	True	0	float32	float32
1vqbA	I47L	46	V2_backward_weighted_neighbor_entropy_changes	scalar	scalar	True	True	True	0	float32	float32
1vqbA	I47L	46	center_neighbor_weight_check_m_w	scalar	scalar	True	True	True	0	float32	float32
1vqbA	I47L	46	center_neighbor_weight_check_w_m	scalar	scalar	True	True	True	0	float32	float32
1vqbA	I47L	46	neighbor_embedding_change_m_w	scalar	scalar	True	True	True	0	float32	float32
1vqbA	I47L	46	neighbor_embedding_change_m_w_raw	15x128	15x128	True	True	True	0	float32	float32
1vqbA	I47L	46	neighbor_message_change_m_w	scalar	scalar	True	True	True	0	float32	float32
1vqbA	I47L	46	neighbor_message_change_m_w_raw	15x128x1	15x128x1	True	True	True	0	float32	float32
1vqbA	I47L	46	unweighted_backward_KL	scalar	scalar	True	True	True	0	float32	float32
1vqbA	I47L	46	unweighted_forward_KL	scalar	scalar	True	True	True	0	float32	float32
1vqbA	I47L	46	wild_pssm	scalar	scalar	True	True	True	0	float64	float64
1vqbA	I47L	46	alternate_pssm	scalar	scalar	True	True	True	0	float64	float64
1vqbA	I47M	46	center_mut_wild_energy	scalar	scalar	True	True	True	0	float64	float32
1vqbA	I47M	46	center_mut_max_energy	scalar	scalar	True	True	True	0	float64	float32
1vqbA	I47M	46	center_entropy	scalar	scalar	True	True	True	0	float64	float32
1vqbA	I47M	46	weighted_neighbor_entropies	scalar	scalar	True	False	True	2.38418579102e-07	float32	float32
1vqbA	I47M	46	weighted_neighbor_energy_changes	scalar	scalar	True	False	True	3.79041296128e-08	float64	float32
1vqbA	I47M	46	backward_weighted_neighbor_energy_changes	scalar	scalar	True	False	True	2.2996002258e-07	float64	float32
1vqbA	I47M	46	V2_backward_weighted_neighbor_energy_changes	scalar	scalar	True	False	True	1.87418436326e-07	float64	float32
1vqbA	I47M	46	weighted_neighbor_forward_KL	scalar	scalar	True	True	True	0	float32	float32
1vqbA	I47M	46	weighted_neighbor_backward_KL	scalar	scalar	True	True	True	0	float32	float32
1vqbA	I47M	46	backward_weighted_neighbor_backward_KL	scalar	scalar	True	True	True	0	float32	float32
1vqbA	I47M	46	V2_backward_weighted_neighbor_backward_KL	scalar	scalar	True	True	True	0	float32	float32
1vqbA	I47M	46	weighted_neighbor_entropy_changes	scalar	scalar	True	True	True	0	float32	float32
1vqbA	I47M	46	backward_weighted_neighbor_entropy_changes	scalar	scalar	True	True	True	0	float32	float32
1vqbA	I47M	46	V2_backward_weighted_neighbor_entropy_changes	scalar	scalar	True	True	True	0	float32	float32
1vqbA	I47M	46	center_neighbor_weight_check_m_w	scalar	scalar	True	True	True	0	float32	float32
1vqbA	I47M	46	center_neighbor_weight_check_w_m	scalar	scalar	True	True	True	0	float32	float32
1vqbA	I47M	46	neighbor_embedding_change_m_w	scalar	scalar	True	True	True	0	float32	float32
1vqbA	I47M	46	neighbor_embedding_change_m_w_raw	15x128	15x128	True	True	True	0	float32	float32
1vqbA	I47M	46	neighbor_message_change_m_w	scalar	scalar	True	False	True	4.76837158203e-07	float32	float32
1vqbA	I47M	46	neighbor_message_change_m_w_raw	15x128x1	15x128x1	True	True	True	0	float32	float32
1vqbA	I47M	46	unweighted_backward_KL	scalar	scalar	True	True	True	0	float32	float32
1vqbA	I47M	46	unweighted_forward_KL	scalar	scalar	True	True	True	0	float32	float32
1vqbA	I47M	46	wild_pssm	scalar	scalar	True	True	True	0	float64	float64
1vqbA	I47M	46	alternate_pssm	scalar	scalar	True	True	True	0	float64	float64
1vqbA	I47V	46	center_mut_wild_energy	scalar	scalar	True	True	True	0	float64	float32
1vqbA	I47V	46	center_mut_max_energy	scalar	scalar	True	True	True	0	float64	float32
1vqbA	I47V	46	center_entropy	scalar	scalar	True	True	True	0	float64	float32
1vqbA	I47V	46	weighted_neighbor_entropies	scalar	scalar	True	False	True	1.19209289551e-07	float32	float32
1vqbA	I47V	46	weighted_neighbor_energy_changes	scalar	scalar	True	False	True	3.01567318672e-07	float64	float32
1vqbA	I47V	46	backward_weighted_neighbor_energy_changes	scalar	scalar	True	False	True	3.53298048594e-07	float64	float32
1vqbA	I47V	46	V2_backward_weighted_neighbor_energy_changes	scalar	scalar	True	False	True	7.86361269434e-08	float64	float32
1vqbA	I47V	46	weighted_neighbor_forward_KL	scalar	scalar	True	True	True	0	float32	float32
1vqbA	I47V	46	weighted_neighbor_backward_KL	scalar	scalar	True	True	True	0	float32	float32
1vqbA	I47V	46	backward_weighted_neighbor_backward_KL	scalar	scalar	True	True	True	0	float32	float32
1vqbA	I47V	46	V2_backward_weighted_neighbor_backward_KL	scalar	scalar	True	True	True	0	float32	float32
1vqbA	I47V	46	weighted_neighbor_entropy_changes	scalar	scalar	True	True	True	0	float32	float32
1vqbA	I47V	46	backward_weighted_neighbor_entropy_changes	scalar	scalar	True	True	True	0	float32	float32
1vqbA	I47V	46	V2_backward_weighted_neighbor_entropy_changes	scalar	scalar	True	True	True	0	float32	float32
1vqbA	I47V	46	center_neighbor_weight_check_m_w	scalar	scalar	True	True	True	0	float32	float32
1vqbA	I47V	46	center_neighbor_weight_check_w_m	scalar	scalar	True	True	True	0	float32	float32
1vqbA	I47V	46	neighbor_embedding_change_m_w	scalar	scalar	True	True	True	0	float32	float32
1vqbA	I47V	46	neighbor_embedding_change_m_w_raw	15x128	15x128	True	True	True	0	float32	float32
1vqbA	I47V	46	neighbor_message_change_m_w	scalar	scalar	True	True	True	0	float32	float32
1vqbA	I47V	46	neighbor_message_change_m_w_raw	15x128x1	15x128x1	True	True	True	0	float32	float32
1vqbA	I47V	46	unweighted_backward_KL	scalar	scalar	True	True	True	0	float32	float32
1vqbA	I47V	46	unweighted_forward_KL	scalar	scalar	True	True	True	0	float32	float32
1vqbA	I47V	46	wild_pssm	scalar	scalar	True	True	True	0	float64	float64
1vqbA	I47V	46	alternate_pssm	scalar	scalar	True	True	True	0	float64	float64
2lzmA	I3L	2	center_mut_wild_energy	scalar	scalar	True	False	True	5.96046447754e-08	float64	float32
2lzmA	I3L	2	center_mut_max_energy	scalar	scalar	True	False	True	5.96046447754e-08	float64	float32
2lzmA	I3L	2	center_entropy	scalar	scalar	True	True	True	0	float64	float32
2lzmA	I3L	2	weighted_neighbor_entropies	scalar	scalar	True	False	True	2.38418579102e-07	float32	float32
2lzmA	I3L	2	weighted_neighbor_energy_changes	scalar	scalar	True	False	True	4.64310131232e-07	float64	float32
2lzmA	I3L	2	backward_weighted_neighbor_energy_changes	scalar	scalar	True	False	True	6.1481927105e-08	float64	float32
2lzmA	I3L	2	V2_backward_weighted_neighbor_energy_changes	scalar	scalar	True	False	True	1.44976588956e-07	float64	float32
2lzmA	I3L	2	weighted_neighbor_forward_KL	scalar	scalar	True	True	True	0	float32	float32
2lzmA	I3L	2	weighted_neighbor_backward_KL	scalar	scalar	True	True	True	0	float32	float32
2lzmA	I3L	2	backward_weighted_neighbor_backward_KL	scalar	scalar	True	True	True	0	float32	float32
2lzmA	I3L	2	V2_backward_weighted_neighbor_backward_KL	scalar	scalar	True	True	True	0	float32	float32
2lzmA	I3L	2	weighted_neighbor_entropy_changes	scalar	scalar	True	True	True	0	float32	float32
2lzmA	I3L	2	backward_weighted_neighbor_entropy_changes	scalar	scalar	True	True	True	0	float32	float32
2lzmA	I3L	2	V2_backward_weighted_neighbor_entropy_changes	scalar	scalar	True	True	True	0	float32	float32
2lzmA	I3L	2	center_neighbor_weight_check_m_w	scalar	scalar	True	True	True	0	float32	float32
2lzmA	I3L	2	center_neighbor_weight_check_w_m	scalar	scalar	True	True	True	0	float32	float32
2lzmA	I3L	2	neighbor_embedding_change_m_w	scalar	scalar	True	True	True	0	float32	float32
2lzmA	I3L	2	neighbor_embedding_change_m_w_raw	15x128	15x128	True	True	True	0	float32	float32
2lzmA	I3L	2	neighbor_message_change_m_w	scalar	scalar	True	True	True	0	float32	float32
2lzmA	I3L	2	neighbor_message_change_m_w_raw	15x128x1	15x128x1	True	True	True	0	float32	float32
2lzmA	I3L	2	unweighted_backward_KL	scalar	scalar	True	True	True	0	float32	float32
2lzmA	I3L	2	unweighted_forward_KL	scalar	scalar	True	True	True	0	float32	float32
2lzmA	I3L	2	wild_pssm	scalar	scalar	True	True	True	0	float64	float64
2lzmA	I3L	2	alternate_pssm	scalar	scalar	True	True	True	0	float64	float64
2lzmA	I3C	2	center_mut_wild_energy	scalar	scalar	True	False	True	5.96046447754e-08	float64	float32
2lzmA	I3C	2	center_mut_max_energy	scalar	scalar	True	False	True	5.96046447754e-08	float64	float32
2lzmA	I3C	2	center_entropy	scalar	scalar	True	True	True	0	float64	float32
2lzmA	I3C	2	weighted_neighbor_entropies	scalar	scalar	True	True	True	0	float32	float32
2lzmA	I3C	2	weighted_neighbor_energy_changes	scalar	scalar	True	False	True	3.25451621208e-07	float64	float32
2lzmA	I3C	2	backward_weighted_neighbor_energy_changes	scalar	scalar	True	False	True	4.16044612095e-07	float64	float32
2lzmA	I3C	2	V2_backward_weighted_neighbor_energy_changes	scalar	scalar	True	False	True	1.23829338605e-06	float64	float32
2lzmA	I3C	2	weighted_neighbor_forward_KL	scalar	scalar	True	True	True	0	float32	float32
2lzmA	I3C	2	weighted_neighbor_backward_KL	scalar	scalar	True	True	True	0	float32	float32
2lzmA	I3C	2	backward_weighted_neighbor_backward_KL	scalar	scalar	True	True	True	0	float32	float32
2lzmA	I3C	2	V2_backward_weighted_neighbor_backward_KL	scalar	scalar	True	True	True	0	float32	float32
2lzmA	I3C	2	weighted_neighbor_entropy_changes	scalar	scalar	True	True	True	0	float32	float32
2lzmA	I3C	2	backward_weighted_neighbor_entropy_changes	scalar	scalar	True	True	True	0	float32	float32
2lzmA	I3C	2	V2_backward_weighted_neighbor_entropy_changes	scalar	scalar	True	True	True	0	float32	float32
2lzmA	I3C	2	center_neighbor_weight_check_m_w	scalar	scalar	True	True	True	0	float32	float32
2lzmA	I3C	2	center_neighbor_weight_check_w_m	scalar	scalar	True	True	True	0	float32	float32
2lzmA	I3C	2	neighbor_embedding_change_m_w	scalar	scalar	True	True	True	0	float32	float32
2lzmA	I3C	2	neighbor_embedding_change_m_w_raw	15x128	15x128	True	True	True	0	float32	float32
2lzmA	I3C	2	neighbor_message_change_m_w	scalar	scalar	True	True	True	0	float32	float32
2lzmA	I3C	2	neighbor_message_change_m_w_raw	15x128x1	15x128x1	True	True	True	0	float32	float32
2lzmA	I3C	2	unweighted_backward_KL	scalar	scalar	True	True	True	0	float32	float32
2lzmA	I3C	2	unweighted_forward_KL	scalar	scalar	True	True	True	0	float32	float32
2lzmA	I3C	2	wild_pssm	scalar	scalar	True	True	True	0	float64	float64
2lzmA	I3C	2	alternate_pssm	scalar	scalar	True	True	True	0	float64	float64
2lzmA	I3P	2	center_mut_wild_energy	scalar	scalar	True	False	True	5.96046447754e-08	float64	float32
2lzmA	I3P	2	center_mut_max_energy	scalar	scalar	True	False	True	5.96046447754e-08	float64	float32
2lzmA	I3P	2	center_entropy	scalar	scalar	True	True	True	0	float64	float32
2lzmA	I3P	2	weighted_neighbor_entropies	scalar	scalar	True	False	True	1.19209289551e-07	float32	float32
2lzmA	I3P	2	weighted_neighbor_energy_changes	scalar	scalar	True	False	True	1.15041633109e-07	float64	float32
2lzmA	I3P	2	backward_weighted_neighbor_energy_changes	scalar	scalar	True	False	True	2.52519630095e-07	float64	float32
2lzmA	I3P	2	V2_backward_weighted_neighbor_energy_changes	scalar	scalar	True	False	True	3.99083194935e-07	float64	float32
2lzmA	I3P	2	weighted_neighbor_forward_KL	scalar	scalar	True	True	True	0	float32	float32
2lzmA	I3P	2	weighted_neighbor_backward_KL	scalar	scalar	True	True	True	0	float32	float32
2lzmA	I3P	2	backward_weighted_neighbor_backward_KL	scalar	scalar	True	True	True	0	float32	float32
2lzmA	I3P	2	V2_backward_weighted_neighbor_backward_KL	scalar	scalar	True	True	True	0	float32	float32
2lzmA	I3P	2	weighted_neighbor_entropy_changes	scalar	scalar	True	True	True	0	float32	float32
2lzmA	I3P	2	backward_weighted_neighbor_entropy_changes	scalar	scalar	True	True	True	0	float32	float32
2lzmA	I3P	2	V2_backward_weighted_neighbor_entropy_changes	scalar	scalar	True	True	True	0	float32	float32
2lzmA	I3P	2	center_neighbor_weight_check_m_w	scalar	scalar	True	True	True	0	float32	float32
2lzmA	I3P	2	center_neighbor_weight_check_w_m	scalar	scalar	True	True	True	0	float32	float32
2lzmA	I3P	2	neighbor_embedding_change_m_w	scalar	scalar	True	True	True	0	float32	float32
2lzmA	I3P	2	neighbor_embedding_change_m_w_raw	15x128	15x128	True	True	True	0	float32	float32
2lzmA	I3P	2	neighbor_message_change_m_w	scalar	scalar	True	True	True	0	float32	float32
2lzmA	I3P	2	neighbor_message_change_m_w_raw	15x128x1	15x128x1	True	True	True	0	float32	float32
2lzmA	I3P	2	unweighted_backward_KL	scalar	scalar	True	True	True	0	float32	float32
2lzmA	I3P	2	unweighted_forward_KL	scalar	scalar	True	True	True	0	float32	float32
2lzmA	I3P	2	wild_pssm	scalar	scalar	True	True	True	0	float64	float64
2lzmA	I3P	2	alternate_pssm	scalar	scalar	True	True	True	0	float64	float64
2lzmA	I3Y	2	center_mut_wild_energy	scalar	scalar	True	False	True	1.78813934326e-07	float64	float32
2lzmA	I3Y	2	center_mut_max_energy	scalar	scalar	True	False	True	1.78813934326e-07	float64	float32
2lzmA	I3Y	2	center_entropy	scalar	scalar	True	True	True	0	float64	float32
2lzmA	I3Y	2	weighted_neighbor_entropies	scalar	scalar	True	False	True	4.76837158203e-07	float32	float32
2lzmA	I3Y	2	weighted_neighbor_energy_changes	scalar	scalar	True	False	True	1.00697335803e-07	float64	float32
2lzmA	I3Y	2	backward_weighted_neighbor_energy_changes	scalar	scalar	True	False	True	8.11390048483e-08	float64	float32
2lzmA	I3Y	2	V2_backward_weighted_neighbor_energy_changes	scalar	scalar	True	False	True	1.51928576386e-07	float64	float32
2lzmA	I3Y	2	weighted_neighbor_forward_KL	scalar	scalar	True	True	True	0	float32	float32
2lzmA	I3Y	2	weighted_neighbor_backward_KL	scalar	scalar	True	True	True	0	float32	float32
2lzmA	I3Y	2	backward_weighted_neighbor_backward_KL	scalar	scalar	True	True	True	0	float32	float32
2lzmA	I3Y	2	V2_backward_weighted_neighbor_backward_KL	scalar	scalar	True	True	True	0	float32	float32
2lzmA	I3Y	2	weighted_neighbor_entropy_changes	scalar	scalar	True	True	True	0	float32	float32
2lzmA	I3Y	2	backward_weighted_neighbor_entropy_changes	scalar	scalar	True	True	True	0	float32	float32
2lzmA	I3Y	2	V2_backward_weighted_neighbor_entropy_changes	scalar	scalar	True	True	True	0	float32	float32
2lzmA	I3Y	2	center_neighbor_weight_check_m_w	scalar	scalar	True	True	True	0	float32	float32
2lzmA	I3Y	2	center_neighbor_weight_check_w_m	scalar	scalar	True	True	True	0	float32	float32
2lzmA	I3Y	2	neighbor_embedding_change_m_w	scalar	scalar	True	True	True	0	float32	float32
2lzmA	I3Y	2	neighbor_embedding_change_m_w_raw	15x128	15x128	True	True	True	0	float32	float32
2lzmA	I3Y	2	neighbor_message_change_m_w	scalar	scalar	True	False	True	9.53674316406e-07	float32	float32
2lzmA	I3Y	2	neighbor_message_change_m_w_raw	15x128x1	15x128x1	True	True	True	0	float32	float32
2lzmA	I3Y	2	unweighted_backward_KL	scalar	scalar	True	True	True	0	float32	float32
2lzmA	I3Y	2	unweighted_forward_KL	scalar	scalar	True	True	True	0	float32	float32
2lzmA	I3Y	2	wild_pssm	scalar	scalar	True	True	True	0	float64	float64
2lzmA	I3Y	2	alternate_pssm	scalar	scalar	True	True	True	0	float64	float64
2lzmA	I3V	2	center_mut_wild_energy	scalar	scalar	True	True	True	0	float64	float32
2lzmA	I3V	2	center_mut_max_energy	scalar	scalar	True	True	True	0	float64	float32
2lzmA	I3V	2	center_entropy	scalar	scalar	True	True	True	0	float64	float32
2lzmA	I3V	2	weighted_neighbor_entropies	scalar	scalar	True	False	True	3.57627868652e-07	float32	float32
2lzmA	I3V	2	weighted_neighbor_energy_changes	scalar	scalar	True	False	True	3.1010665591e-08	float64	float32
2lzmA	I3V	2	backward_weighted_neighbor_energy_changes	scalar	scalar	True	False	True	9.45686862153e-08	float64	float32
2lzmA	I3V	2	V2_backward_weighted_neighbor_energy_changes	scalar	scalar	True	False	True	3.85808163195e-08	float64	float32
2lzmA	I3V	2	weighted_neighbor_forward_KL	scalar	scalar	True	True	True	0	float32	float32
2lzmA	I3V	2	weighted_neighbor_backward_KL	scalar	scalar	True	True	True	0	float32	float32
2lzmA	I3V	2	backward_weighted_neighbor_backward_KL	scalar	scalar	True	True	True	0	float32	float32
2lzmA	I3V	2	V2_backward_weighted_neighbor_backward_KL	scalar	scalar	True	True	True	0	float32	float32
2lzmA	I3V	2	weighted_neighbor_entropy_changes	scalar	scalar	True	True	True	0	float32	float32
2lzmA	I3V	2	backward_weighted_neighbor_entropy_changes	scalar	scalar	True	True	True	0	float32	float32
2lzmA	I3V	2	V2_backward_weighted_neighbor_entropy_changes	scalar	scalar	True	True	True	0	float32	float32
2lzmA	I3V	2	center_neighbor_weight_check_m_w	scalar	scalar	True	True	True	0	float32	float32
2lzmA	I3V	2	center_neighbor_weight_check_w_m	scalar	scalar	True	True	True	0	float32	float32
2lzmA	I3V	2	neighbor_embedding_change_m_w	scalar	scalar	True	False	True	4.76837158203e-07	float32	float32
2lzmA	I3V	2	neighbor_embedding_change_m_w_raw	15x128	15x128	True	True	True	0	float32	float32
2lzmA	I3V	2	neighbor_message_change_m_w	scalar	scalar	True	True	True	0	float32	float32
2lzmA	I3V	2	neighbor_message_change_m_w_raw	15x128x1	15x128x1	True	True	True	0	float32	float32
2lzmA	I3V	2	unweighted_backward_KL	scalar	scalar	True	True	True	0	float32	float32
2lzmA	I3V	2	unweighted_forward_KL	scalar	scalar	True	True	True	0	float32	float32
2lzmA	I3V	2	wild_pssm	scalar	scalar	True	True	True	0	float64	float64
2lzmA	I3V	2	alternate_pssm	scalar	scalar	True	True	True	0	float64	float64
2lzmA	M6I	5	center_mut_wild_energy	scalar	scalar	True	True	True	0	float64	float32
2lzmA	M6I	5	center_mut_max_energy	scalar	scalar	True	True	True	0	float64	float32
2lzmA	M6I	5	center_entropy	scalar	scalar	True	True	True	0	float64	float32
2lzmA	M6I	5	weighted_neighbor_entropies	scalar	scalar	True	False	True	1.19209289551e-07	float32	float32
2lzmA	M6I	5	weighted_neighbor_energy_changes	scalar	scalar	True	False	True	5.61879787142e-09	float64	float32
2lzmA	M6I	5	backward_weighted_neighbor_energy_changes	scalar	scalar	True	False	True	1.39709968039e-08	float64	float32
2lzmA	M6I	5	V2_backward_weighted_neighbor_energy_changes	scalar	scalar	True	False	True	2.51675125185e-08	float64	float32
2lzmA	M6I	5	weighted_neighbor_forward_KL	scalar	scalar	True	True	True	0	float32	float32
2lzmA	M6I	5	weighted_neighbor_backward_KL	scalar	scalar	True	True	True	0	float32	float32
2lzmA	M6I	5	backward_weighted_neighbor_backward_KL	scalar	scalar	True	True	True	0	float32	float32
2lzmA	M6I	5	V2_backward_weighted_neighbor_backward_KL	scalar	scalar	True	True	True	0	float32	float32
2lzmA	M6I	5	weighted_neighbor_entropy_changes	scalar	scalar	True	True	True	0	float32	float32
2lzmA	M6I	5	backward_weighted_neighbor_entropy_changes	scalar	scalar	True	True	True	0	float32	float32
2lzmA	M6I	5	V2_backward_weighted_neighbor_entropy_changes	scalar	scalar	True	True	True	0	float32	float32
2lzmA	M6I	5	center_neighbor_weight_check_m_w	scalar	scalar	True	True	True	0	float32	float32
2lzmA	M6I	5	center_neighbor_weight_check_w_m	scalar	scalar	True	True	True	0	float32	float32
2lzmA	M6I	5	neighbor_embedding_change_m_w	scalar	scalar	True	True	True	0	float32	float32
2lzmA	M6I	5	neighbor_embedding_change_m_w_raw	15x128	15x128	True	True	True	0	float32	float32
2lzmA	M6I	5	neighbor_message_change_m_w	scalar	scalar	True	True	True	0	float32	float32
2lzmA	M6I	5	neighbor_message_change_m_w_raw	15x128x1	15x128x1	True	True	True	0	float32	float32
2lzmA	M6I	5	unweighted_backward_KL	scalar	scalar	True	True	True	0	float32	float32
2lzmA	M6I	5	unweighted_forward_KL	scalar	scalar	True	True	True	0	float32	float32
2lzmA	M6I	5	wild_pssm	scalar	scalar	True	True	True	0	float64	float64
2lzmA	M6I	5	alternate_pssm	scalar	scalar	True	True	True	0	float64	float64
2lzmA	K16E	15	center_mut_wild_energy	scalar	scalar	True	True	True	0	float64	float32
2lzmA	K16E	15	center_mut_max_energy	scalar	scalar	True	True	True	0	float64	float32
2lzmA	K16E	15	center_entropy	scalar	scalar	True	True	True	0	float64	float32
2lzmA	K16E	15	weighted_neighbor_entropies	scalar	scalar	True	False	True	2.38418579102e-07	float32	float32
2lzmA	K16E	15	weighted_neighbor_energy_changes	scalar	scalar	True	False	True	1.26905049136e-07	float64	float32
2lzmA	K16E	15	backward_weighted_neighbor_energy_changes	scalar	scalar	True	False	True	1.59390123322e-08	float64	float32
2lzmA	K16E	15	V2_backward_weighted_neighbor_energy_changes	scalar	scalar	True	False	True	8.50295407417e-08	float64	float32
2lzmA	K16E	15	weighted_neighbor_forward_KL	scalar	scalar	True	True	True	0	float32	float32
2lzmA	K16E	15	weighted_neighbor_backward_KL	scalar	scalar	True	True	True	0	float32	float32
2lzmA	K16E	15	backward_weighted_neighbor_backward_KL	scalar	scalar	True	True	True	0	float32	float32
2lzmA	K16E	15	V2_backward_weighted_neighbor_backward_KL	scalar	scalar	True	True	True	0	float32	float32
2lzmA	K16E	15	weighted_neighbor_entropy_changes	scalar	scalar	True	True	True	0	float32	float32
2lzmA	K16E	15	backward_weighted_neighbor_entropy_changes	scalar	scalar	True	True	True	0	float32	float32
2lzmA	K16E	15	V2_backward_weighted_neighbor_entropy_changes	scalar	scalar	True	True	True	0	float32	float32
2lzmA	K16E	15	center_neighbor_weight_check_m_w	scalar	scalar	True	True	True	0	float32	float32
2lzmA	K16E	15	center_neighbor_weight_check_w_m	scalar	scalar	True	True	True	0	float32	float32
2lzmA	K16E	15	neighbor_embedding_change_m_w	scalar	scalar	True	True	True	0	float32	float32
2lzmA	K16E	15	neighbor_embedding_change_m_w_raw	15x128	15x128	True	True	True	0	float32	float32
2lzmA	K16E	15	neighbor_message_change_m_w	scalar	scalar	True	True	True	0	float32	float32
2lzmA	K16E	15	neighbor_message_change_m_w_raw	15x128x1	15x128x1	True	True	True	0	float32	float32
2lzmA	K16E	15	unweighted_backward_KL	scalar	scalar	True	True	True	0	float32	float32
2lzmA	K16E	15	unweighted_forward_KL	scalar	scalar	True	True	True	0	float32	float32
2lzmA	K16E	15	wild_pssm	scalar	scalar	True	True	True	0	float64	float64
2lzmA	K16E	15	alternate_pssm	scalar	scalar	True	True	True	0	float64	float64
2lzmA	S38D	37	center_mut_wild_energy	scalar	scalar	True	False	True	5.96046447754e-08	float64	float32
2lzmA	S38D	37	center_mut_max_energy	scalar	scalar	True	False	True	5.96046447754e-08	float64	float32
2lzmA	S38D	37	center_entropy	scalar	scalar	True	True	True	0	float64	float32
2lzmA	S38D	37	weighted_neighbor_entropies	scalar	scalar	True	False	True	2.38418579102e-07	float32	float32
2lzmA	S38D	37	weighted_neighbor_energy_changes	scalar	scalar	True	False	True	2.51879471058e-07	float64	float32
2lzmA	S38D	37	backward_weighted_neighbor_energy_changes	scalar	scalar	True	True	True	0	float64	float64
2lzmA	S38D	37	V2_backward_weighted_neighbor_energy_changes	scalar	scalar	True	True	True	0	float64	float64
2lzmA	S38D	37	weighted_neighbor_forward_KL	scalar	scalar	True	True	True	0	float32	float32
2lzmA	S38D	37	weighted_neighbor_backward_KL	scalar	scalar	True	True	True	0	float32	float32
2lzmA	S38D	37	backward_weighted_neighbor_backward_KL	scalar	scalar	True	True	True	0	float64	float64
2lzmA	S38D	37	V2_backward_weighted_neighbor_backward_KL	scalar	scalar	True	True	True	0	float64	float64
2lzmA	S38D	37	weighted_neighbor_entropy_changes	scalar	scalar	True	True	True	0	float32	float32
2lzmA	S38D	37	backward_weighted_neighbor_entropy_changes	scalar	scalar	True	True	True	0	float64	float64
2lzmA	S38D	37	V2_backward_weighted_neighbor_entropy_changes	scalar	scalar	True	True	True	0	float64	float64
2lzmA	S38D	37	center_neighbor_weight_check_m_w	scalar	scalar	True	True	True	0	float64	float64
2lzmA	S38D	37	center_neighbor_weight_check_w_m	scalar	scalar	True	True	True	0	float64	float64
2lzmA	S38D	37	neighbor_embedding_change_m_w	scalar	scalar	True	True	True	0	float32	float32
2lzmA	S38D	37	neighbor_embedding_change_m_w_raw	15x128	15x128	True	True	True	0	float32	float32
2lzmA	S38D	37	neighbor_message_change_m_w	scalar	scalar	True	False	True	2.23517417908e-08	float64	float64
2lzmA	S38D	37	neighbor_message_change_m_w_raw	15x128x1	15x128x1	True	True	True	0	float64	float64
2lzmA	S38D	37	unweighted_backward_KL	scalar	scalar	True	True	True	0	float32	float32
2lzmA	S38D	37	unweighted_forward_KL	scalar	scalar	True	True	True	0	float32	float32
2lzmA	S38D	37	wild_pssm	scalar	scalar	True	True	True	0	float64	float64
2lzmA	S38D	37	alternate_pssm	scalar	scalar	True	True	True	0	float64	float64
2lzmA	N55G	54	center_mut_wild_energy	scalar	scalar	True	True	True	0	float64	float32
2lzmA	N55G	54	center_mut_max_energy	scalar	scalar	True	True	True	0	float64	float32
2lzmA	N55G	54	center_entropy	scalar	scalar	True	True	True	0	float64	float32
2lzmA	N55G	54	weighted_neighbor_entropies	scalar	scalar	True	False	True	2.38418579102e-07	float32	float32
2lzmA	N55G	54	weighted_neighbor_energy_changes	scalar	scalar	True	False	True	3.98895494413e-08	float64	float32
2lzmA	N55G	54	backward_weighted_neighbor_energy_changes	scalar	scalar	True	False	True	5.58811663609e-09	float64	float32
2lzmA	N55G	54	V2_backward_weighted_neighbor_energy_changes	scalar	scalar	True	False	True	5.39647658115e-07	float64	float32
2lzmA	N55G	54	weighted_neighbor_forward_KL	scalar	scalar	True	True	True	0	float32	float32
2lzmA	N55G	54	weighted_neighbor_backward_KL	scalar	scalar	True	True	True	0	float32	float32
2lzmA	N55G	54	backward_weighted_neighbor_backward_KL	scalar	scalar	True	True	True	0	float32	float32
2lzmA	N55G	54	V2_backward_weighted_neighbor_backward_KL	scalar	scalar	True	True	True	0	float32	float32
2lzmA	N55G	54	weighted_neighbor_entropy_changes	scalar	scalar	True	True	True	0	float32	float32
2lzmA	N55G	54	backward_weighted_neighbor_entropy_changes	scalar	scalar	True	True	True	0	float32	float32
2lzmA	N55G	54	V2_backward_weighted_neighbor_entropy_changes	scalar	scalar	True	True	True	0	float32	float32
2lzmA	N55G	54	center_neighbor_weight_check_m_w	scalar	scalar	True	True	True	0	float32	float32
2lzmA	N55G	54	center_neighbor_weight_check_w_m	scalar	scalar	True	True	True	0	float32	float32
2lzmA	N55G	54	neighbor_embedding_change_m_w	scalar	scalar	True	True	True	0	float32	float32
2lzmA	N55G	54	neighbor_embedding_change_m_w_raw	15x128	15x128	True	True	True	0	float32	float32
2lzmA	N55G	54	neighbor_message_change_m_w	scalar	scalar	True	True	True	0	float32	float32
2lzmA	N55G	54	neighbor_message_change_m_w_raw	15x128x1	15x128x1	True	True	True	0	float32	float32
2lzmA	N55G	54	unweighted_backward_KL	scalar	scalar	True	True	True	0	float32	float32
2lzmA	N55G	54	unweighted_forward_KL	scalar	scalar	True	True	True	0	float32	float32
2lzmA	N55G	54	wild_pssm	scalar	scalar	True	True	True	0	float64	float64
2lzmA	N55G	54	alternate_pssm	scalar	scalar	True	True	True	0	float64	float64
2lzmA	K60P	59	center_mut_wild_energy	scalar	scalar	True	False	True	1.19209289551e-07	float64	float32
2lzmA	K60P	59	center_mut_max_energy	scalar	scalar	True	False	True	1.19209289551e-07	float64	float32
2lzmA	K60P	59	center_entropy	scalar	scalar	True	True	True	0	float64	float32
2lzmA	K60P	59	weighted_neighbor_entropies	scalar	scalar	True	False	True	1.19209289551e-07	float32	float32
2lzmA	K60P	59	weighted_neighbor_energy_changes	scalar	scalar	True	False	True	5.35264302215e-07	float64	float32
2lzmA	K60P	59	backward_weighted_neighbor_energy_changes	scalar	scalar	True	True	True	0	float64	float64
2lzmA	K60P	59	V2_backward_weighted_neighbor_energy_changes	scalar	scalar	True	True	True	0	float64	float64
2lzmA	K60P	59	weighted_neighbor_forward_KL	scalar	scalar	True	True	True	0	float32	float32
2lzmA	K60P	59	weighted_neighbor_backward_KL	scalar	scalar	True	True	True	0	float32	float32
2lzmA	K60P	59	backward_weighted_neighbor_backward_KL	scalar	scalar	True	True	True	0	float64	float64
2lzmA	K60P	59	V2_backward_weighted_neighbor_backward_KL	scalar	scalar	True	True	True	0	float64	float64
2lzmA	K60P	59	weighted_neighbor_entropy_changes	scalar	scalar	True	True	True	0	float32	float32
2lzmA	K60P	59	backward_weighted_neighbor_entropy_changes	scalar	scalar	True	True	True	0	float64	float64
2lzmA	K60P	59	V2_backward_weighted_neighbor_entropy_changes	scalar	scalar	True	True	True	0	float64	float64
2lzmA	K60P	59	center_neighbor_weight_check_m_w	scalar	scalar	True	True	True	0	float64	float64
2lzmA	K60P	59	center_neighbor_weight_check_w_m	scalar	scalar	True	True	True	0	float64	float64
2lzmA	K60P	59	neighbor_embedding_change_m_w	scalar	scalar	True	True	True	0	float32	float32
2lzmA	K60P	59	neighbor_embedding_change_m_w_raw	15x128	15x128	True	True	True	0	float32	float32
2lzmA	K60P	59	neighbor_message_change_m_w	scalar	scalar	True	False	True	1.26659870148e-07	float64	float64
2lzmA	K60P	59	neighbor_message_change_m_w_raw	15x128x1	15x128x1	True	True	True	0	float64	float64
2lzmA	K60P	59	unweighted_backward_KL	scalar	scalar	True	True	True	0	float32	float32
2lzmA	K60P	59	unweighted_forward_KL	scalar	scalar	True	True	True	0	float32	float32
2lzmA	K60P	59	wild_pssm	scalar	scalar	True	True	True	0	float64	float64
2lzmA	K60P	59	alternate_pssm	scalar	scalar	True	True	True	0	float64	float64
2lzmA	G77A	76	center_mut_wild_energy	scalar	scalar	True	True	True	0	float64	float32
2lzmA	G77A	76	center_mut_max_energy	scalar	scalar	True	True	True	0	float64	float32
2lzmA	G77A	76	center_entropy	scalar	scalar	True	True	True	0	float64	float32
2lzmA	G77A	76	weighted_neighbor_entropies	scalar	scalar	True	False	True	2.38418579102e-07	float32	float32
2lzmA	G77A	76	weighted_neighbor_energy_changes	scalar	scalar	True	False	True	5.83805625176e-07	float64	float32
2lzmA	G77A	76	backward_weighted_neighbor_energy_changes	scalar	scalar	True	True	True	0	float64	float64
2lzmA	G77A	76	V2_backward_weighted_neighbor_energy_changes	scalar	scalar	True	True	True	0	float64	float64
2lzmA	G77A	76	weighted_neighbor_forward_KL	scalar	scalar	True	True	True	0	float32	float32
2lzmA	G77A	76	weighted_neighbor_backward_KL	scalar	scalar	True	True	True	0	float32	float32
2lzmA	G77A	76	backward_weighted_neighbor_backward_KL	scalar	scalar	True	True	True	0	float64	float64
2lzmA	G77A	76	V2_backward_weighted_neighbor_backward_KL	scalar	scalar	True	True	True	0	float64	float64
2lzmA	G77A	76	weighted_neighbor_entropy_changes	scalar	scalar	True	True	True	0	float32	float32
2lzmA	G77A	76	backward_weighted_neighbor_entropy_changes	scalar	scalar	True	True	True	0	float64	float64
2lzmA	G77A	76	V2_backward_weighted_neighbor_entropy_changes	scalar	scalar	True	True	True	0	float64	float64
2lzmA	G77A	76	center_neighbor_weight_check_m_w	scalar	scalar	True	True	True	0	float64	float64
2lzmA	G77A	76	center_neighbor_weight_check_w_m	scalar	scalar	True	True	True	0	float64	float64
2lzmA	G77A	76	neighbor_embedding_change_m_w	scalar	scalar	True	True	True	0	float32	float32
2lzmA	G77A	76	neighbor_embedding_change_m_w_raw	15x128	15x128	True	True	True	0	float32	float32
2lzmA	G77A	76	neighbor_message_change_m_w	scalar	scalar	True	False	True	2.98023223877e-08	float64	float64
2lzmA	G77A	76	neighbor_message_change_m_w_raw	15x128x1	15x128x1	True	True	True	0	float64	float64
2lzmA	G77A	76	unweighted_backward_KL	scalar	scalar	True	True	True	0	float32	float32
2lzmA	G77A	76	unweighted_forward_KL	scalar	scalar	True	True	True	0	float32	float32
2lzmA	G77A	76	wild_pssm	scalar	scalar	True	True	True	0	float64	float64
2lzmA	G77A	76	alternate_pssm	scalar	scalar	True	True	True	0	float64	float64
2lzmA	A82P	81	center_mut_wild_energy	scalar	scalar	True	True	True	0	float64	float32
2lzmA	A82P	81	center_mut_max_energy	scalar	scalar	True	True	True	0	float64	float32
2lzmA	A82P	81	center_entropy	scalar	scalar	True	True	True	0	float64	float32
2lzmA	A82P	81	weighted_neighbor_entropies	scalar	scalar	True	False	True	4.76837158203e-07	float32	float32
2lzmA	A82P	81	weighted_neighbor_energy_changes	scalar	scalar	True	False	True	1.29802231186e-08	float64	float32
2lzmA	A82P	81	backward_weighted_neighbor_energy_changes	scalar	scalar	True	True	True	0	float64	float64
2lzmA	A82P	81	V2_backward_weighted_neighbor_energy_changes	scalar	scalar	True	True	True	0	float64	float64
2lzmA	A82P	81	weighted_neighbor_forward_KL	scalar	scalar	True	True	True	0	float32	float32
2lzmA	A82P	81	weighted_neighbor_backward_KL	scalar	scalar	True	True	True	0	float32	float32
2lzmA	A82P	81	backward_weighted_neighbor_backward_KL	scalar	scalar	True	True	True	0	float64	float64
2lzmA	A82P	81	V2_backward_weighted_neighbor_backward_KL	scalar	scalar	True	True	True	0	float64	float64
2lzmA	A82P	81	weighted_neighbor_entropy_changes	scalar	scalar	True	True	True	0	float32	float32
2lzmA	A82P	81	backward_weighted_neighbor_entropy_changes	scalar	scalar	True	True	True	0	float64	float64
2lzmA	A82P	81	V2_backward_weighted_neighbor_entropy_changes	scalar	scalar	True	True	True	0	float64	float64
2lzmA	A82P	81	center_neighbor_weight_check_m_w	scalar	scalar	True	True	True	0	float64	float64
2lzmA	A82P	81	center_neighbor_weight_check_w_m	scalar	scalar	True	True	True	0	float64	float64
2lzmA	A82P	81	neighbor_embedding_change_m_w	scalar	scalar	True	True	True	0	float32	float32
2lzmA	A82P	81	neighbor_embedding_change_m_w_raw	15x128	15x128	True	True	True	0	float32	float32
2lzmA	A82P	81	neighbor_message_change_m_w	scalar	scalar	True	False	True	2.23517417908e-08	float64	float64
2lzmA	A82P	81	neighbor_message_change_m_w_raw	15x128x1	15x128x1	True	True	True	0	float64	float64
2lzmA	A82P	81	unweighted_backward_KL	scalar	scalar	True	True	True	0	float32	float32
2lzmA	A82P	81	unweighted_forward_KL	scalar	scalar	True	True	True	0	float32	float32
2lzmA	A82P	81	wild_pssm	scalar	scalar	True	True	True	0	float64	float64
2lzmA	A82P	81	alternate_pssm	scalar	scalar	True	True	True	0	float64	float64
2lzmA	K85A	84	center_mut_wild_energy	scalar	scalar	True	True	True	0	float64	float32
2lzmA	K85A	84	center_mut_max_energy	scalar	scalar	True	True	True	0	float64	float32
2lzmA	K85A	84	center_entropy	scalar	scalar	True	True	True	0	float64	float32
2lzmA	K85A	84	weighted_neighbor_entropies	scalar	scalar	True	False	True	3.57627868652e-07	float32	float32
2lzmA	K85A	84	weighted_neighbor_energy_changes	scalar	scalar	True	False	True	7.01236636758e-07	float64	float32
2lzmA	K85A	84	backward_weighted_neighbor_energy_changes	scalar	scalar	True	True	True	0	float64	float64
2lzmA	K85A	84	V2_backward_weighted_neighbor_energy_changes	scalar	scalar	True	True	True	0	float64	float64
2lzmA	K85A	84	weighted_neighbor_forward_KL	scalar	scalar	True	True	True	0	float32	float32
2lzmA	K85A	84	weighted_neighbor_backward_KL	scalar	scalar	True	True	True	0	float32	float32
2lzmA	K85A	84	backward_weighted_neighbor_backward_KL	scalar	scalar	True	True	True	0	float64	float64
2lzmA	K85A	84	V2_backward_weighted_neighbor_backward_KL	scalar	scalar	True	True	True	0	float64	float64
2lzmA	K85A	84	weighted_neighbor_entropy_changes	scalar	scalar	True	True	True	0	float32	float32
2lzmA	K85A	84	backward_weighted_neighbor_entropy_changes	scalar	scalar	True	True	True	0	float64	float64
2lzmA	K85A	84	V2_backward_weighted_neighbor_entropy_changes	scalar	scalar	True	True	True	0	float64	float64
2lzmA	K85A	84	center_neighbor_weight_check_m_w	scalar	scalar	True	True	True	0	float64	float64
2lzmA	K85A	84	center_neighbor_weight_check_w_m	scalar	scalar	True	True	True	0	float64	float64
2lzmA	K85A	84	neighbor_embedding_change_m_w	scalar	scalar	True	True	True	0	float32	float32
2lzmA	K85A	84	neighbor_embedding_change_m_w_raw	15x128	15x128	True	True	True	0	float32	float32
2lzmA	K85A	84	neighbor_message_change_m_w	scalar	scalar	True	False	True	5.96046447754e-08	float64	float64
2lzmA	K85A	84	neighbor_message_change_m_w_raw	15x128x1	15x128x1	True	True	True	0	float64	float64
2lzmA	K85A	84	unweighted_backward_KL	scalar	scalar	True	True	True	0	float32	float32
2lzmA	K85A	84	unweighted_forward_KL	scalar	scalar	True	True	True	0	float32	float32
2lzmA	K85A	84	wild_pssm	scalar	scalar	True	True	True	0	float64	float64
2lzmA	K85A	84	alternate_pssm	scalar	scalar	True	True	True	0	float64	float64
2lzmA	D89A	88	center_mut_wild_energy	scalar	scalar	True	True	True	0	float64	float32
2lzmA	D89A	88	center_mut_max_energy	scalar	scalar	True	True	True	0	float64	float32
2lzmA	D89A	88	center_entropy	scalar	scalar	True	True	True	0	float64	float32
2lzmA	D89A	88	weighted_neighbor_entropies	scalar	scalar	True	True	True	0	float32	float32
2lzmA	D89A	88	weighted_neighbor_energy_changes	scalar	scalar	True	False	True	5.25792366091e-07	float64	float32
2lzmA	D89A	88	backward_weighted_neighbor_energy_changes	scalar	scalar	True	True	True	0	float64	float64
2lzmA	D89A	88	V2_backward_weighted_neighbor_energy_changes	scalar	scalar	True	True	True	0	float64	float64
2lzmA	D89A	88	weighted_neighbor_forward_KL	scalar	scalar	True	True	True	0	float32	float32
2lzmA	D89A	88	weighted_neighbor_backward_KL	scalar	scalar	True	True	True	0	float32	float32
2lzmA	D89A	88	backward_weighted_neighbor_backward_KL	scalar	scalar	True	True	True	0	float64	float64
2lzmA	D89A	88	V2_backward_weighted_neighbor_backward_KL	scalar	scalar	True	True	True	0	float64	float64
2lzmA	D89A	88	weighted_neighbor_entropy_changes	scalar	scalar	True	True	True	0	float32	float32
2lzmA	D89A	88	backward_weighted_neighbor_entropy_changes	scalar	scalar	True	True	True	0	float64	float64
2lzmA	D89A	88	V2_backward_weighted_neighbor_entropy_changes	scalar	scalar	True	True	True	0	float64	float64
2lzmA	D89A	88	center_neighbor_weight_check_m_w	scalar	scalar	True	True	True	0	float64	float64
2lzmA	D89A	88	center_neighbor_weight_check_w_m	scalar	scalar	True	True	True	0	float64	float64
2lzmA	D89A	88	neighbor_embedding_change_m_w	scalar	scalar	True	True	True	0	float32	float32
2lzmA	D89A	88	neighbor_embedding_change_m_w_raw	15x128	15x128	True	True	True	0	float32	float32
2lzmA	D89A	88	neighbor_message_change_m_w	scalar	scalar	True	False	True	2.98023223877e-08	float64	float64
2lzmA	D89A	88	neighbor_message_change_m_w_raw	15x128x1	15x128x1	True	True	True	0	float64	float64
2lzmA	D89A	88	unweighted_backward_KL	scalar	scalar	True	True	True	0	float32	float32
2lzmA	D89A	88	unweighted_forward_KL	scalar	scalar	True	True	True	0	float32	float32
2lzmA	D89A	88	wild_pssm	scalar	scalar	True	True	True	0	float64	float64
2lzmA	D89A	88	alternate_pssm	scalar	scalar	True	True	True	0	float64	float64
2lzmA	R96A	95	center_mut_wild_energy	scalar	scalar	True	True	True	0	float64	float32
2lzmA	R96A	95	center_mut_max_energy	scalar	scalar	True	True	True	0	float64	float32
2lzmA	R96A	95	center_entropy	scalar	scalar	True	True	True	0	float64	float32
2lzmA	R96A	95	weighted_neighbor_entropies	scalar	scalar	True	True	True	0	float32	float32
2lzmA	R96A	95	weighted_neighbor_energy_changes	scalar	scalar	True	False	True	1.57516886645e-07	float64	float32
2lzmA	R96A	95	backward_weighted_neighbor_energy_changes	scalar	scalar	True	False	True	1.01261258934e-07	float64	float32
2lzmA	R96A	95	V2_backward_weighted_neighbor_energy_changes	scalar	scalar	True	False	True	1.07799078108e-07	float64	float32
2lzmA	R96A	95	weighted_neighbor_forward_KL	scalar	scalar	True	True	True	0	float32	float32
2lzmA	R96A	95	weighted_neighbor_backward_KL	scalar	scalar	True	True	True	0	float32	float32
2lzmA	R96A	95	backward_weighted_neighbor_backward_KL	scalar	scalar	True	True	True	0	float32	float32
2lzmA	R96A	95	V2_backward_weighted_neighbor_backward_KL	scalar	scalar	True	True	True	0	float32	float32
2lzmA	R96A	95	weighted_neighbor_entropy_changes	scalar	scalar	True	True	True	0	float32	float32
2lzmA	R96A	95	backward_weighted_neighbor_entropy_changes	scalar	scalar	True	True	True	0	float32	float32
2lzmA	R96A	95	V2_backward_weighted_neighbor_entropy_changes	scalar	scalar	True	True	True	0	float32	float32
2lzmA	R96A	95	center_neighbor_weight_check_m_w	scalar	scalar	True	True	True	0	float32	float32
2lzmA	R96A	95	center_neighbor_weight_check_w_m	scalar	scalar	True	True	True	0	float32	float32
2lzmA	R96A	95	neighbor_embedding_change_m_w	scalar	scalar	True	True	True	0	float32	float32
2lzmA	R96A	95	neighbor_embedding_change_m_w_raw	15x128	15x128	True	True	True	0	float32	float32
2lzmA	R96A	95	neighbor_message_change_m_w	scalar	scalar	True	False	True	4.76837158203e-07	float32	float32
2lzmA	R96A	95	neighbor_message_change_m_w_raw	15x128x1	15x128x1	True	True	True	0	float32	float32
2lzmA	R96A	95	unweighted_backward_KL	scalar	scalar	True	True	True	0	float32	float32
2lzmA	R96A	95	unweighted_forward_KL	scalar	scalar	True	True	True	0	float32	float32
2lzmA	R96A	95	wild_pssm	scalar	scalar	True	True	True	0	float64	float64
2lzmA	R96A	95	alternate_pssm	scalar	scalar	True	True	True	0	float64	float64
2lzmA	R96D	95	center_mut_wild_energy	scalar	scalar	True	False	True	1.19209289551e-07	float64	float32
2lzmA	R96D	95	center_mut_max_energy	scalar	scalar	True	False	True	1.19209289551e-07	float64	float32
2lzmA	R96D	95	center_entropy	scalar	scalar	True	True	True	0	float64	float32
2lzmA	R96D	95	weighted_neighbor_entropies	scalar	scalar	True	False	True	2.38418579102e-07	float32	float32
2lzmA	R96D	95	weighted_neighbor_energy_changes	scalar	scalar	True	False	True	1.37155174329e-07	float64	float32
2lzmA	R96D	95	backward_weighted_neighbor_energy_changes	scalar	scalar	True	False	True	5.04564383164e-07	float64	float32
2lzmA	R96D	95	V2_backward_weighted_neighbor_energy_changes	scalar	scalar	True	False	True	4.60088127596e-07	float64	float32
2lzmA	R96D	95	weighted_neighbor_forward_KL	scalar	scalar	True	True	True	0	float32	float32
2lzmA	R96D	95	weighted_neighbor_backward_KL	scalar	scalar	True	True	True	0	float32	float32
2lzmA	R96D	95	backward_weighted_neighbor_backward_KL	scalar	scalar	True	True	True	0	float32	float32
2lzmA	R96D	95	V2_backward_weighted_neighbor_backward_KL	scalar	scalar	True	True	True	0	float32	float32
2lzmA	R96D	95	weighted_neighbor_entropy_changes	scalar	scalar	True	True	True	0	float32	float32
2lzmA	R96D	95	backward_weighted_neighbor_entropy_changes	scalar	scalar	True	True	True	0	float32	float32
2lzmA	R96D	95	V2_backward_weighted_neighbor_entropy_changes	scalar	scalar	True	True	True	0	float32	float32
2lzmA	R96D	95	center_neighbor_weight_check_m_w	scalar	scalar	True	True	True	0	float32	float32
2lzmA	R96D	95	center_neighbor_weight_check_w_m	scalar	scalar	True	True	True	0	float32	float32
2lzmA	R96D	95	neighbor_embedding_change_m_w	scalar	scalar	True	True	True	0	float32	float32
2lzmA	R96D	95	neighbor_embedding_change_m_w_raw	15x128	15x128	True	True	True	0	float32	float32
2lzmA	R96D	95	neighbor_message_change_m_w	scalar	scalar	True	True	True	0	float32	float32
2lzmA	R96D	95	neighbor_message_change_m_w_raw	15x128x1	15x128x1	True	True	True	0	float32	float32
2lzmA	R96D	95	unweighted_backward_KL	scalar	scalar	True	True	True	0	float32	float32
2lzmA	R96D	95	unweighted_forward_KL	scalar	scalar	True	True	True	0	float32	float32
2lzmA	R96D	95	wild_pssm	scalar	scalar	True	True	True	0	float64	float64
2lzmA	R96D	95	alternate_pssm	scalar	scalar	True	True	True	0	float64	float64
2lzmA	R96M	95	center_mut_wild_energy	scalar	scalar	True	False	True	1.19209289551e-07	float64	float32
2lzmA	R96M	95	center_mut_max_energy	scalar	scalar	True	False	True	1.19209289551e-07	float64	float32
2lzmA	R96M	95	center_entropy	scalar	scalar	True	True	True	0	float64	float32
2lzmA	R96M	95	weighted_neighbor_entropies	scalar	scalar	True	True	True	0	float32	float32
2lzmA	R96M	95	weighted_neighbor_energy_changes	scalar	scalar	True	False	True	4.24529034149e-08	float64	float32
2lzmA	R96M	95	backward_weighted_neighbor_energy_changes	scalar	scalar	True	False	True	7.54600895547e-07	float64	float32
2lzmA	R96M	95	V2_backward_weighted_neighbor_energy_changes	scalar	scalar	True	False	True	1.94469151893e-07	float64	float32
2lzmA	R96M	95	weighted_neighbor_forward_KL	scalar	scalar	True	True	True	0	float32	float32
2lzmA	R96M	95	weighted_neighbor_backward_KL	scalar	scalar	True	True	True	0	float32	float32
2lzmA	R96M	95	backward_weighted_neighbor_backward_KL	scalar	scalar	True	True	True	0	float32	float32
2lzmA	R96M	95	V2_backward_weighted_neighbor_backward_KL	scalar	scalar	True	True	True	0	float32	float32
2lzmA	R96M	95	weighted_neighbor_entropy_changes	scalar	scalar	True	True	True	0	float32	float32
2lzmA	R96M	95	backward_weighted_neighbor_entropy_changes	scalar	scalar	True	True	True	0	float32	float32
2lzmA	R96M	95	V2_backward_weighted_neighbor_entropy_changes	scalar	scalar	True	True	True	0	float32	float32
2lzmA	R96M	95	center_neighbor_weight_check_m_w	scalar	scalar	True	True	True	0	float32	float32
2lzmA	R96M	95	center_neighbor_weight_check_w_m	scalar	scalar	True	True	True	0	float32	float32
2lzmA	R96M	95	neighbor_embedding_change_m_w	scalar	scalar	True	False	True	4.76837158203e-07	float32	float32
2lzmA	R96M	95	neighbor_embedding_change_m_w_raw	15x128	15x128	True	True	True	0	float32	float32
2lzmA	R96M	95	neighbor_message_change_m_w	scalar	scalar	True	True	True	0	float32	float32
2lzmA	R96M	95	neighbor_message_change_m_w_raw	15x128x1	15x128x1	True	True	True	0	float32	float32
2lzmA	R96M	95	unweighted_backward_KL	scalar	scalar	True	True	True	0	float32	float32
2lzmA	R96M	95	unweighted_forward_KL	scalar	scalar	True	True	True	0	float32	float32
2lzmA	R96M	95	wild_pssm	scalar	scalar	True	True	True	0	float64	float64
2lzmA	R96M	95	alternate_pssm	scalar	scalar	True	True	True	0	float64	float64
2lzmA	R96E	95	center_mut_wild_energy	scalar	scalar	True	False	True	5.96046447754e-08	float64	float32
2lzmA	R96E	95	center_mut_max_energy	scalar	scalar	True	False	True	5.96046447754e-08	float64	float32
2lzmA	R96E	95	center_entropy	scalar	scalar	True	True	True	0	float64	float32
2lzmA	R96E	95	weighted_neighbor_entropies	scalar	scalar	True	False	True	3.57627868652e-07	float32	float32
2lzmA	R96E	95	weighted_neighbor_energy_changes	scalar	scalar	True	False	True	8.34314919373e-08	float64	float32
2lzmA	R96E	95	backward_weighted_neighbor_energy_changes	scalar	scalar	True	False	True	1.89714837617e-07	float64	float32
2lzmA	R96E	95	V2_backward_weighted_neighbor_energy_changes	scalar	scalar	True	False	True	3.20235518103e-08	float64	float32
2lzmA	R96E	95	weighted_neighbor_forward_KL	scalar	scalar	True	True	True	0	float32	float32
2lzmA	R96E	95	weighted_neighbor_backward_KL	scalar	scalar	True	True	True	0	float32	float32
2lzmA	R96E	95	backward_weighted_neighbor_backward_KL	scalar	scalar	True	True	True	0	float32	float32
2lzmA	R96E	95	V2_backward_weighted_neighbor_backward_KL	scalar	scalar	True	True	True	0	float32	float32
2lzmA	R96E	95	weighted_neighbor_entropy_changes	scalar	scalar	True	True	True	0	float32	float32
2lzmA	R96E	95	backward_weighted_neighbor_entropy_changes	scalar	scalar	True	True	True	0	float32	float32
2lzmA	R96E	95	V2_backward_weighted_neighbor_entropy_changes	scalar	scalar	True	True	True	0	float32	float32
2lzmA	R96E	95	center_neighbor_weight_check_m_w	scalar	scalar	True	True	True	0	float32	float32
2lzmA	R96E	95	center_neighbor_weight_check_w_m	scalar	scalar	True	True	True	0	float32	float32
2lzmA	R96E	95	neighbor_embedding_change_m_w	scalar	scalar	True	True	True	0	float32	float32
2lzmA	R96E	95	neighbor_embedding_change_m_w_raw	15x128	15x128	True	True	True	0	float32	float32
2lzmA	R96E	95	neighbor_message_change_m_w	scalar	scalar	True	True	True	0	float32	float32
2lzmA	R96E	95	neighbor_message_change_m_w_raw	15x128x1	15x128x1	True	True	True	0	float32	float32
2lzmA	R96E	95	unweighted_backward_KL	scalar	scalar	True	True	True	0	float32	float32
2lzmA	R96E	95	unweighted_forward_KL	scalar	scalar	True	True	True	0	float32	float32
2lzmA	R96E	95	wild_pssm	scalar	scalar	True	True	True	0	float64	float64
2lzmA	R96E	95	alternate_pssm	scalar	scalar	True	True	True	0	float64	float64
2lzmA	R96G	95	center_mut_wild_energy	scalar	scalar	True	False	True	1.19209289551e-07	float64	float32
2lzmA	R96G	95	center_mut_max_energy	scalar	scalar	True	False	True	1.19209289551e-07	float64	float32
2lzmA	R96G	95	center_entropy	scalar	scalar	True	True	True	0	float64	float32
2lzmA	R96G	95	weighted_neighbor_entropies	scalar	scalar	True	False	True	2.38418579102e-07	float32	float32
2lzmA	R96G	95	weighted_neighbor_energy_changes	scalar	scalar	True	False	True	1.90978696857e-07	float64	float32
2lzmA	R96G	95	backward_weighted_neighbor_energy_changes	scalar	scalar	True	False	True	3.48898596236e-07	float64	float32
2lzmA	R96G	95	V2_backward_weighted_neighbor_energy_changes	scalar	scalar	True	False	True	3.61598399223e-07	float64	float32
2lzmA	R96G	95	weighted_neighbor_forward_KL	scalar	scalar	True	True	True	0	float32	float32
2lzmA	R96G	95	weighted_neighbor_backward_KL	scalar	scalar	True	True	True	0	float32	float32
2lzmA	R96G	95	backward_weighted_neighbor_backward_KL	scalar	scalar	True	True	True	0	float32	float32
2lzmA	R96G	95	V2_backward_weighted_neighbor_backward_KL	scalar	scalar	True	True	True	0	float32	float32
2lzmA	R96G	95	weighted_neighbor_entropy_changes	scalar	scalar	True	True	True	0	float32	float32
2lzmA	R96G	95	backward_weighted_neighbor_entropy_changes	scalar	scalar	True	True	True	0	float32	float32
2lzmA	R96G	95	V2_backward_weighted_neighbor_entropy_changes	scalar	scalar	True	True	True	0	float32	float32
2lzmA	R96G	95	center_neighbor_weight_check_m_w	scalar	scalar	True	True	True	0	float32	float32
2lzmA	R96G	95	center_neighbor_weight_check_w_m	scalar	scalar	True	True	True	0	float32	float32
2lzmA	R96G	95	neighbor_embedding_change_m_w	scalar	scalar	True	True	True	0	float32	float32
2lzmA	R96G	95	neighbor_embedding_change_m_w_raw	15x128	15x128	True	True	True	0	float32	float32
2lzmA	R96G	95	neighbor_message_change_m_w	scalar	scalar	True	True	True	0	float32	float32
2lzmA	R96G	95	neighbor_message_change_m_w_raw	15x128x1	15x128x1	True	True	True	0	float32	float32
2lzmA	R96G	95	unweighted_backward_KL	scalar	scalar	True	True	True	0	float32	float32
2lzmA	R96G	95	unweighted_forward_KL	scalar	scalar	True	True	True	0	float32	float32
2lzmA	R96G	95	wild_pssm	scalar	scalar	True	True	True	0	float64	float64
2lzmA	R96G	95	alternate_pssm	scalar	scalar	True	True	True	0	float64	float64
2lzmA	R96Q	95	center_mut_wild_energy	scalar	scalar	True	True	True	0	float64	float32
2lzmA	R96Q	95	center_mut_max_energy	scalar	scalar	True	True	True	0	float64	float32
2lzmA	R96Q	95	center_entropy	scalar	scalar	True	True	True	0	float64	float32
2lzmA	R96Q	95	weighted_neighbor_entropies	scalar	scalar	True	True	True	0	float32	float32
2lzmA	R96Q	95	weighted_neighbor_energy_changes	scalar	scalar	True	False	True	1.31642946766e-07	float64	float32
2lzmA	R96Q	95	backward_weighted_neighbor_energy_changes	scalar	scalar	True	False	True	1.71374825442e-09	float64	float32
2lzmA	R96Q	95	V2_backward_weighted_neighbor_energy_changes	scalar	scalar	True	False	True	6.09145676123e-08	float64	float32
2lzmA	R96Q	95	weighted_neighbor_forward_KL	scalar	scalar	True	True	True	0	float32	float32
2lzmA	R96Q	95	weighted_neighbor_backward_KL	scalar	scalar	True	True	True	0	float32	float32
2lzmA	R96Q	95	backward_weighted_neighbor_backward_KL	scalar	scalar	True	True	True	0	float32	float32
2lzmA	R96Q	95	V2_backward_weighted_neighbor_backward_KL	scalar	scalar	True	True	True	0	float32	float32
2lzmA	R96Q	95	weighted_neighbor_entropy_changes	scalar	scalar	True	True	True	0	float32	float32
2lzmA	R96Q	95	backward_weighted_neighbor_entropy_changes	scalar	scalar	True	True	True	0	float32	float32
2lzmA	R96Q	95	V2_backward_weighted_neighbor_entropy_changes	scalar	scalar	True	True	True	0	float32	float32
2lzmA	R96Q	95	center_neighbor_weight_check_m_w	scalar	scalar	True	True	True	0	float32	float32
2lzmA	R96Q	95	center_neighbor_weight_check_w_m	scalar	scalar	True	True	True	0	float32	float32
2lzmA	R96Q	95	neighbor_embedding_change_m_w	scalar	scalar	True	True	True	0	float32	float32
2lzmA	R96Q	95	neighbor_embedding_change_m_w_raw	15x128	15x128	True	True	True	0	float32	float32
2lzmA	R96Q	95	neighbor_message_change_m_w	scalar	scalar	True	True	True	0	float32	float32
2lzmA	R96Q	95	neighbor_message_change_m_w_raw	15x128x1	15x128x1	True	True	True	0	float32	float32
2lzmA	R96Q	95	unweighted_backward_KL	scalar	scalar	True	True	True	0	float32	float32
2lzmA	R96Q	95	unweighted_forward_KL	scalar	scalar	True	True	True	0	float32	float32
2lzmA	R96Q	95	wild_pssm	scalar	scalar	True	True	True	0	float64	float64
2lzmA	R96Q	95	alternate_pssm	scalar	scalar	True	True	True	0	float64	float64
2lzmA	R96H	95	center_mut_wild_energy	scalar	scalar	True	False	True	5.96046447754e-08	float64	float32
2lzmA	R96H	95	center_mut_max_energy	scalar	scalar	True	False	True	5.96046447754e-08	float64	float32
2lzmA	R96H	95	center_entropy	scalar	scalar	True	True	True	0	float64	float32
2lzmA	R96H	95	weighted_neighbor_entropies	scalar	scalar	True	False	True	1.19209289551e-07	float32	float32
2lzmA	R96H	95	weighted_neighbor_energy_changes	scalar	scalar	True	False	True	4.3965293095e-07	float64	float32
2lzmA	R96H	95	backward_weighted_neighbor_energy_changes	scalar	scalar	True	False	True	5.83646706076e-07	float64	float32
2lzmA	R96H	95	V2_backward_weighted_neighbor_energy_changes	scalar	scalar	True	False	True	3.80733413685e-07	float64	float32
2lzmA	R96H	95	weighted_neighbor_forward_KL	scalar	scalar	True	True	True	0	float32	float32
2lzmA	R96H	95	weighted_neighbor_backward_KL	scalar	scalar	True	True	True	0	float32	float32
2lzmA	R96H	95	backward_weighted_neighbor_backward_KL	scalar	scalar	True	True	True	0	float32	float32
2lzmA	R96H	95	V2_backward_weighted_neighbor_backward_KL	scalar	scalar	True	True	True	0	float32	float32
2lzmA	R96H	95	weighted_neighbor_entropy_changes	scalar	scalar	True	True	True	0	float32	float32
2lzmA	R96H	95	backward_weighted_neighbor_entropy_changes	scalar	scalar	True	True	True	0	float32	float32
2lzmA	R96H	95	V2_backward_weighted_neighbor_entropy_changes	scalar	scalar	True	True	True	0	float32	float32
2lzmA	R96H	95	center_neighbor_weight_check_m_w	scalar	scalar	True	True	True	0	float32	float32
2lzmA	R96H	95	center_neighbor_weight_check_w_m	scalar	scalar	True	True	True	0	float32	float32
2lzmA	R96H	95	neighbor_embedding_change_m_w	scalar	scalar	True	True	True	0	float32	float32
2lzmA	R96H	95	neighbor_embedding_change_m_w_raw	15x128	15x128	True	True	True	0	float32	float32
2lzmA	R96H	95	neighbor_message_change_m_w	scalar	scalar	True	True	True	0	float32	float32
2lzmA	R96H	95	neighbor_message_change_m_w_raw	15x128x1	15x128x1	True	True	True	0	float32	float32
2lzmA	R96H	95	unweighted_backward_KL	scalar	scalar	True	True	True	0	float32	float32
2lzmA	R96H	95	unweighted_forward_KL	scalar	scalar	True	True	True	0	float32	float32
2lzmA	R96H	95	wild_pssm	scalar	scalar	True	True	True	0	float64	float64
2lzmA	R96H	95	alternate_pssm	scalar	scalar	True	True	True	0	float64	float64
2lzmA	R96N	95	center_mut_wild_energy	scalar	scalar	True	False	True	1.19209289551e-07	float64	float32
2lzmA	R96N	95	center_mut_max_energy	scalar	scalar	True	False	True	1.19209289551e-07	float64	float32
2lzmA	R96N	95	center_entropy	scalar	scalar	True	True	True	0	float64	float32
2lzmA	R96N	95	weighted_neighbor_entropies	scalar	scalar	True	False	True	1.19209289551e-07	float32	float32
2lzmA	R96N	95	weighted_neighbor_energy_changes	scalar	scalar	True	False	True	5.26418730828e-09	float64	float32
2lzmA	R96N	95	backward_weighted_neighbor_energy_changes	scalar	scalar	True	False	True	6.01769123421e-08	float64	float32
2lzmA	R96N	95	V2_backward_weighted_neighbor_energy_changes	scalar	scalar	True	False	True	4.81494941695e-08	float64	float32
2lzmA	R96N	95	weighted_neighbor_forward_KL	scalar	scalar	True	True	True	0	float32	float32
2lzmA	R96N	95	weighted_neighbor_backward_KL	scalar	scalar	True	True	True	0	float32	float32
2lzmA	R96N	95	backward_weighted_neighbor_backward_KL	scalar	scalar	True	True	True	0	float32	float32
2lzmA	R96N	95	V2_backward_weighted_neighbor_backward_KL	scalar	scalar	True	True	True	0	float32	float32
2lzmA	R96N	95	weighted_neighbor_entropy_changes	scalar	scalar	True	True	True	0	float32	float32
2lzmA	R96N	95	backward_weighted_neighbor_entropy_changes	scalar	scalar	True	True	True	0	float32	float32
2lzmA	R96N	95	V2_backward_weighted_neighbor_entropy_changes	scalar	scalar	True	True	True	0	float32	float32
2lzmA	R96N	95	center_neighbor_weight_check_m_w	scalar	scalar	True	True	True	0	float32	float32
2lzmA	R96N	95	center_neighbor_weight_check_w_m	scalar	scalar	True	True	True	0	float32	float32
2lzmA	R96N	95	neighbor_embedding_change_m_w	scalar	scalar	True	True	True	0	float32	float32
2lzmA	R96N	95	neighbor_embedding_change_m_w_raw	15x128	15x128	True	True	True	0	float32	float32
2lzmA	R96N	95	neighbor_message_change_m_w	scalar	scalar	True	False	True	4.76837158203e-07	float32	float32
2lzmA	R96N	95	neighbor_message_change_m_w_raw	15x128x1	15x128x1	True	True	True	0	float32	float32
2lzmA	R96N	95	unweighted_backward_KL	scalar	scalar	True	True	True	0	float32	float32
2lzmA	R96N	95	unweighted_forward_KL	scalar	scalar	True	True	True	0	float32	float32
2lzmA	R96N	95	wild_pssm	scalar	scalar	True	True	True	0	float64	float64
2lzmA	R96N	95	alternate_pssm	scalar	scalar	True	True	True	0	float64	float64
2lzmA	R96K	95	center_mut_wild_energy	scalar	scalar	True	True	True	0	float64	float32
2lzmA	R96K	95	center_mut_max_energy	scalar	scalar	True	True	True	0	float64	float32
2lzmA	R96K	95	center_entropy	scalar	scalar	True	True	True	0	float64	float32
2lzmA	R96K	95	weighted_neighbor_entropies	scalar	scalar	True	False	True	1.19209289551e-07	float32	float32
2lzmA	R96K	95	weighted_neighbor_energy_changes	scalar	scalar	True	False	True	1.98180742039e-07	float64	float32
2lzmA	R96K	95	backward_weighted_neighbor_energy_changes	scalar	scalar	True	False	True	4.16930614477e-08	float64	float32
2lzmA	R96K	95	V2_backward_weighted_neighbor_energy_changes	scalar	scalar	True	False	True	1.39565923263e-07	float64	float32
2lzmA	R96K	95	weighted_neighbor_forward_KL	scalar	scalar	True	True	True	0	float32	float32
2lzmA	R96K	95	weighted_neighbor_backward_KL	scalar	scalar	True	True	True	0	float32	float32
2lzmA	R96K	95	backward_weighted_neighbor_backward_KL	scalar	scalar	True	True	True	0	float32	float32
2lzmA	R96K	95	V2_backward_weighted_neighbor_backward_KL	scalar	scalar	True	True	True	0	float32	float32
2lzmA	R96K	95	weighted_neighbor_entropy_changes	scalar	scalar	True	True	True	0	float32	float32
2lzmA	R96K	95	backward_weighted_neighbor_entropy_changes	scalar	scalar	True	True	True	0	float32	float32
2lzmA	R96K	95	V2_backward_weighted_neighbor_entropy_changes	scalar	scalar	True	True	True	0	float32	float32
2lzmA	R96K	95	center_neighbor_weight_check_m_w	scalar	scalar	True	True	True	0	float32	float32
2lzmA	R96K	95	center_neighbor_weight_check_w_m	scalar	scalar	True	True	True	0	float32	float32
2lzmA	R96K	95	neighbor_embedding_change_m_w	scalar	scalar	True	False	True	2.38418579102e-07	float32	float32
2lzmA	R96K	95	neighbor_embedding_change_m_w_raw	15x128	15x128	True	True	True	0	float32	float32
2lzmA	R96K	95	neighbor_message_change_m_w	scalar	scalar	True	True	True	0	float32	float32
2lzmA	R96K	95	neighbor_message_change_m_w_raw	15x128x1	15x128x1	True	True	True	0	float32	float32
2lzmA	R96K	95	unweighted_backward_KL	scalar	scalar	True	True	True	0	float32	float32
2lzmA	R96K	95	unweighted_forward_KL	scalar	scalar	True	True	True	0	float32	float32
2lzmA	R96K	95	wild_pssm	scalar	scalar	True	True	True	0	float64	float64
2lzmA	R96K	95	alternate_pssm	scalar	scalar	True	True	True	0	float64	float64
2lzmA	R96S	95	center_mut_wild_energy	scalar	scalar	True	True	True	0	float64	float32
2lzmA	R96S	95	center_mut_max_energy	scalar	scalar	True	True	True	0	float64	float32
2lzmA	R96S	95	center_entropy	scalar	scalar	True	True	True	0	float64	float32
2lzmA	R96S	95	weighted_neighbor_entropies	scalar	scalar	True	True	True	0	float32	float32
2lzmA	R96S	95	weighted_neighbor_energy_changes	scalar	scalar	True	False	True	2.67032875811e-08	float64	float32
2lzmA	R96S	95	backward_weighted_neighbor_energy_changes	scalar	scalar	True	False	True	2.43138385869e-07	float64	float32
2lzmA	R96S	95	V2_backward_weighted_neighbor_energy_changes	scalar	scalar	True	False	True	6.53463416711e-09	float64	float32
2lzmA	R96S	95	weighted_neighbor_forward_KL	scalar	scalar	True	True	True	0	float32	float32
2lzmA	R96S	95	weighted_neighbor_backward_KL	scalar	scalar	True	True	True	0	float32	float32
2lzmA	R96S	95	backward_weighted_neighbor_backward_KL	scalar	scalar	True	True	True	0	float32	float32
2lzmA	R96S	95	V2_backward_weighted_neighbor_backward_KL	scalar	scalar	True	True	True	0	float32	float32
2lzmA	R96S	95	weighted_neighbor_entropy_changes	scalar	scalar	True	True	True	0	float32	float32
2lzmA	R96S	95	backward_weighted_neighbor_entropy_changes	scalar	scalar	True	True	True	0	float32	float32
2lzmA	R96S	95	V2_backward_weighted_neighbor_entropy_changes	scalar	scalar	True	True	True	0	float32	float32
2lzmA	R96S	95	center_neighbor_weight_check_m_w	scalar	scalar	True	True	True	0	float32	float32
2lzmA	R96S	95	center_neighbor_weight_check_w_m	scalar	scalar	True	True	True	0	float32	float32
2lzmA	R96S	95	neighbor_embedding_change_m_w	scalar	scalar	True	True	True	0	float32	float32
2lzmA	R96S	95	neighbor_embedding_change_m_w_raw	15x128	15x128	True	True	True	0	float32	float32
2lzmA	R96S	95	neighbor_message_change_m_w	scalar	scalar	True	True	True	0	float32	float32
2lzmA	R96S	95	neighbor_message_change_m_w_raw	15x128x1	15x128x1	True	True	True	0	float32	float32
2lzmA	R96S	95	unweighted_backward_KL	scalar	scalar	True	True	True	0	float32	float32
2lzmA	R96S	95	unweighted_forward_KL	scalar	scalar	True	True	True	0	float32	float32
2lzmA	R96S	95	wild_pssm	scalar	scalar	True	True	True	0	float64	float64
2lzmA	R96S	95	alternate_pssm	scalar	scalar	True	True	True	0	float64	float64
2lzmA	R96Y	95	center_mut_wild_energy	scalar	scalar	True	True	True	0	float64	float32
2lzmA	R96Y	95	center_mut_max_energy	scalar	scalar	True	True	True	0	float64	float32
2lzmA	R96Y	95	center_entropy	scalar	scalar	True	True	True	0	float64	float32
2lzmA	R96Y	95	weighted_neighbor_entropies	scalar	scalar	True	False	True	2.38418579102e-07	float32	float32
2lzmA	R96Y	95	weighted_neighbor_energy_changes	scalar	scalar	True	False	True	1.92199657967e-07	float64	float32
2lzmA	R96Y	95	backward_weighted_neighbor_energy_changes	scalar	scalar	True	False	True	2.50773918076e-07	float64	float32
2lzmA	R96Y	95	V2_backward_weighted_neighbor_energy_changes	scalar	scalar	True	False	True	7.08842229358e-08	float64	float32
2lzmA	R96Y	95	weighted_neighbor_forward_KL	scalar	scalar	True	True	True	0	float32	float32
2lzmA	R96Y	95	weighted_neighbor_backward_KL	scalar	scalar	True	True	True	0	float32	float32
2lzmA	R96Y	95	backward_weighted_neighbor_backward_KL	scalar	scalar	True	True	True	0	float32	float32
2lzmA	R96Y	95	V2_backward_weighted_neighbor_backward_KL	scalar	scalar	True	True	True	0	float32	float32
2lzmA	R96Y	95	weighted_neighbor_entropy_changes	scalar	scalar	True	True	True	0	float32	float32
2lzmA	R96Y	95	backward_weighted_neighbor_entropy_changes	scalar	scalar	True	True	True	0	float32	float32
2lzmA	R96Y	95	V2_backward_weighted_neighbor_entropy_changes	scalar	scalar	True	True	True	0	float32	float32
2lzmA	R96Y	95	center_neighbor_weight_check_m_w	scalar	scalar	True	True	True	0	float32	float32
2lzmA	R96Y	95	center_neighbor_weight_check_w_m	scalar	scalar	True	True	True	0	float32	float32
2lzmA	R96Y	95	neighbor_embedding_change_m_w	scalar	scalar	True	True	True	0	float32	float32
2lzmA	R96Y	95	neighbor_embedding_change_m_w_raw	15x128	15x128	True	True	True	0	float32	float32
2lzmA	R96Y	95	neighbor_message_change_m_w	scalar	scalar	True	False	True	4.76837158203e-07	float32	float32
2lzmA	R96Y	95	neighbor_message_change_m_w_raw	15x128x1	15x128x1	True	True	True	0	float32	float32
2lzmA	R96Y	95	unweighted_backward_KL	scalar	scalar	True	True	True	0	float32	float32
2lzmA	R96Y	95	unweighted_forward_KL	scalar	scalar	True	True	True	0	float32	float32
2lzmA	R96Y	95	wild_pssm	scalar	scalar	True	True	True	0	float64	float64
2lzmA	R96Y	95	alternate_pssm	scalar	scalar	True	True	True	0	float64	float64
2lzmA	R96V	95	center_mut_wild_energy	scalar	scalar	True	False	True	2.38418579102e-07	float64	float32
2lzmA	R96V	95	center_mut_max_energy	scalar	scalar	True	False	True	2.38418579102e-07	float64	float32
2lzmA	R96V	95	center_entropy	scalar	scalar	True	True	True	0	float64	float32
2lzmA	R96V	95	weighted_neighbor_entropies	scalar	scalar	True	False	True	2.38418579102e-07	float32	float32
2lzmA	R96V	95	weighted_neighbor_energy_changes	scalar	scalar	True	False	True	3.24173847766e-07	float64	float32
2lzmA	R96V	95	backward_weighted_neighbor_energy_changes	scalar	scalar	True	False	True	1.51636003309e-07	float64	float32
2lzmA	R96V	95	V2_backward_weighted_neighbor_energy_changes	scalar	scalar	True	False	True	1.99171937609e-07	float64	float32
2lzmA	R96V	95	weighted_neighbor_forward_KL	scalar	scalar	True	True	True	0	float32	float32
2lzmA	R96V	95	weighted_neighbor_backward_KL	scalar	scalar	True	True	True	0	float32	float32
2lzmA	R96V	95	backward_weighted_neighbor_backward_KL	scalar	scalar	True	True	True	0	float32	float32
2lzmA	R96V	95	V2_backward_weighted_neighbor_backward_KL	scalar	scalar	True	True	True	0	float32	float32
2lzmA	R96V	95	weighted_neighbor_entropy_changes	scalar	scalar	True	True	True	0	float32	float32
2lzmA	R96V	95	backward_weighted_neighbor_entropy_changes	scalar	scalar	True	True	True	0	float32	float32
2lzmA	R96V	95	V2_backward_weighted_neighbor_entropy_changes	scalar	scalar	True	True	True	0	float32	float32
2lzmA	R96V	95	center_neighbor_weight_check_m_w	scalar	scalar	True	True	True	0	float32	float32
2lzmA	R96V	95	center_neighbor_weight_check_w_m	scalar	scalar	True	True	True	0	float32	float32
2lzmA	R96V	95	neighbor_embedding_change_m_w	scalar	scalar	True	True	True	0	float32	float32
2lzmA	R96V	95	neighbor_embedding_change_m_w_raw	15x128	15x128	True	True	True	0	float32	float32
2lzmA	R96V	95	neighbor_message_change_m_w	scalar	scalar	True	False	True	9.53674316406e-07	float32	float32
2lzmA	R96V	95	neighbor_message_change_m_w_raw	15x128x1	15x128x1	True	True	True	0	float32	float32
2lzmA	R96V	95	unweighted_backward_KL	scalar	scalar	True	True	True	0	float32	float32
2lzmA	R96V	95	unweighted_forward_KL	scalar	scalar	True	True	True	0	float32	float32
2lzmA	R96V	95	wild_pssm	scalar	scalar	True	True	True	0	float64	float64
2lzmA	R96V	95	alternate_pssm	scalar	scalar	True	True	True	0	float64	float64
2lzmA	R96W	95	center_mut_wild_energy	scalar	scalar	True	False	True	1.19209289551e-07	float64	float32
2lzmA	R96W	95	center_mut_max_energy	scalar	scalar	True	False	True	1.19209289551e-07	float64	float32
2lzmA	R96W	95	center_entropy	scalar	scalar	True	True	True	0	float64	float32
2lzmA	R96W	95	weighted_neighbor_entropies	scalar	scalar	True	False	True	1.19209289551e-07	float32	float32
2lzmA	R96W	95	weighted_neighbor_energy_changes	scalar	scalar	True	False	True	1.85167035927e-07	float64	float32
2lzmA	R96W	95	backward_weighted_neighbor_energy_changes	scalar	scalar	True	False	True	2.03263645915e-08	float64	float32
2lzmA	R96W	95	V2_backward_weighted_neighbor_energy_changes	scalar	scalar	True	False	True	1.28102086716e-07	float64	float32
2lzmA	R96W	95	weighted_neighbor_forward_KL	scalar	scalar	True	True	True	0	float32	float32
2lzmA	R96W	95	weighted_neighbor_backward_KL	scalar	scalar	True	True	True	0	float32	float32
2lzmA	R96W	95	backward_weighted_neighbor_backward_KL	scalar	scalar	True	True	True	0	float32	float32
2lzmA	R96W	95	V2_backward_weighted_neighbor_backward_KL	scalar	scalar	True	True	True	0	float32	float32
2lzmA	R96W	95	weighted_neighbor_entropy_changes	scalar	scalar	True	True	True	0	float32	float32
2lzmA	R96W	95	backward_weighted_neighbor_entropy_changes	scalar	scalar	True	True	True	0	float32	float32
2lzmA	R96W	95	V2_backward_weighted_neighbor_entropy_changes	scalar	scalar	True	True	True	0	float32	float32
2lzmA	R96W	95	center_neighbor_weight_check_m_w	scalar	scalar	True	True	True	0	float32	float32
2lzmA	R96W	95	center_neighbor_weight_check_w_m	scalar	scalar	True	True	True	0	float32	float32
2lzmA	R96W	95	neighbor_embedding_change_m_w	scalar	scalar	True	True	True	0	float32	float32
2lzmA	R96W	95	neighbor_embedding_change_m_w_raw	15x128	15x128	True	True	True	0	float32	float32
2lzmA	R96W	95	neighbor_message_change_m_w	scalar	scalar	True	True	True	0	float32	float32
2lzmA	R96W	95	neighbor_message_change_m_w_raw	15x128x1	15x128x1	True	True	True	0	float32	float32
2lzmA	R96W	95	unweighted_backward_KL	scalar	scalar	True	True	True	0	float32	float32
2lzmA	R96W	95	unweighted_forward_KL	scalar	scalar	True	True	True	0	float32	float32
2lzmA	R96W	95	wild_pssm	scalar	scalar	True	True	True	0	float64	float64
2lzmA	R96W	95	alternate_pssm	scalar	scalar	True	True	True	0	float64	float64
2lzmA	A98V	97	center_mut_wild_energy	scalar	scalar	True	False	True	1.04308128357e-07	float64	float32
2lzmA	A98V	97	center_mut_max_energy	scalar	scalar	True	False	True	1.04308128357e-07	float64	float32
2lzmA	A98V	97	center_entropy	scalar	scalar	True	True	True	0	float64	float32
2lzmA	A98V	97	weighted_neighbor_entropies	scalar	scalar	True	True	True	0	float32	float32
2lzmA	A98V	97	weighted_neighbor_energy_changes	scalar	scalar	True	False	True	1.80437504937e-06	float64	float32
2lzmA	A98V	97	backward_weighted_neighbor_energy_changes	scalar	scalar	True	False	True	9.38405719353e-07	float64	float32
2lzmA	A98V	97	V2_backward_weighted_neighbor_energy_changes	scalar	scalar	True	False	True	1.65387906037e-07	float64	float32
2lzmA	A98V	97	weighted_neighbor_forward_KL	scalar	scalar	True	True	True	0	float32	float32
2lzmA	A98V	97	weighted_neighbor_backward_KL	scalar	scalar	True	True	True	0	float32	float32
2lzmA	A98V	97	backward_weighted_neighbor_backward_KL	scalar	scalar	True	True	True	0	float32	float32
2lzmA	A98V	97	V2_backward_weighted_neighbor_backward_KL	scalar	scalar	True	True	True	0	float32	float32
2lzmA	A98V	97	weighted_neighbor_entropy_changes	scalar	scalar	True	True	True	0	float32	float32
2lzmA	A98V	97	backward_weighted_neighbor_entropy_changes	scalar	scalar	True	True	True	0	float32	float32
2lzmA	A98V	97	V2_backward_weighted_neighbor_entropy_changes	scalar	scalar	True	True	True	0	float32	float32
2lzmA	A98V	97	center_neighbor_weight_check_m_w	scalar	scalar	True	True	True	0	float32	float32
2lzmA	A98V	97	center_neighbor_weight_check_w_m	scalar	scalar	True	True	True	0	float32	float32
2lzmA	A98V	97	neighbor_embedding_change_m_w	scalar	scalar	True	True	True	0	float32	float32
2lzmA	A98V	97	neighbor_embedding_change_m_w_raw	15x128	15x128	True	True	True	0	float32	float32
2lzmA	A98V	97	neighbor_message_change_m_w	scalar	scalar	True	True	True	0	float32	float32
2lzmA	A98V	97	neighbor_message_change_m_w_raw	15x128x1	15x128x1	True	True	True	0	float32	float32
2lzmA	A98V	97	unweighted_backward_KL	scalar	scalar	True	True	True	0	float32	float32
2lzmA	A98V	97	unweighted_forward_KL	scalar	scalar	True	True	True	0	float32	float32
2lzmA	A98V	97	wild_pssm	scalar	scalar	True	True	True	0	float64	float64
2lzmA	A98V	97	alternate_pssm	scalar	scalar	True	True	True	0	float64	float64
2lzmA	Q105A	104	center_mut_wild_energy	scalar	scalar	True	True	True	0	float64	float32
2lzmA	Q105A	104	center_mut_max_energy	scalar	scalar	True	True	True	0	float64	float32
2lzmA	Q105A	104	center_entropy	scalar	scalar	True	True	True	0	float64	float32
2lzmA	Q105A	104	weighted_neighbor_entropies	scalar	scalar	True	False	True	2.38418579102e-07	float32	float32
2lzmA	Q105A	104	weighted_neighbor_energy_changes	scalar	scalar	True	False	True	3.75259459062e-08	float64	float32
2lzmA	Q105A	104	backward_weighted_neighbor_energy_changes	scalar	scalar	True	False	True	2.46061185205e-07	float64	float32
2lzmA	Q105A	104	V2_backward_weighted_neighbor_energy_changes	scalar	scalar	True	False	True	2.54983473003e-07	float64	float32
2lzmA	Q105A	104	weighted_neighbor_forward_KL	scalar	scalar	True	True	True	0	float32	float32
2lzmA	Q105A	104	weighted_neighbor_backward_KL	scalar	scalar	True	True	True	0	float32	float32
2lzmA	Q105A	104	backward_weighted_neighbor_backward_KL	scalar	scalar	True	True	True	0	float32	float32
2lzmA	Q105A	104	V2_backward_weighted_neighbor_backward_KL	scalar	scalar	True	True	True	0	float32	float32
2lzmA	Q105A	104	weighted_neighbor_entropy_changes	scalar	scalar	True	True	True	0	float32	float32
2lzmA	Q105A	104	backward_weighted_neighbor_entropy_changes	scalar	scalar	True	True	True	0	float32	float32
2lzmA	Q105A	104	V2_backward_weighted_neighbor_entropy_changes	scalar	scalar	True	True	True	0	float32	float32
2lzmA	Q105A	104	center_neighbor_weight_check_m_w	scalar	scalar	True	True	True	0	float32	float32
2lzmA	Q105A	104	center_neighbor_weight_check_w_m	scalar	scalar	True	True	True	0	float32	float32
2lzmA	Q105A	104	neighbor_embedding_change_m_w	scalar	scalar	True	False	True	4.76837158203e-07	float32	float32
2lzmA	Q105A	104	neighbor_embedding_change_m_w_raw	15x128	15x128	True	True	True	0	float32	float32
2lzmA	Q105A	104	neighbor_message_change_m_w	scalar	scalar	True	True	True	0	float32	float32
2lzmA	Q105A	104	neighbor_message_change_m_w_raw	15x128x1	15x128x1	True	True	True	0	float32	float32
2lzmA	Q105A	104	unweighted_backward_KL	scalar	scalar	True	True	True	0	float32	float32
2lzmA	Q105A	104	unweighted_forward_KL	scalar	scalar	True	True	True	0	float32	float32
2lzmA	Q105A	104	wild_pssm	scalar	scalar	True	True	True	0	float64	float64
2lzmA	Q105A	104	alternate_pssm	scalar	scalar	True	True	True	0	float64	float64
2lzmA	Q105E	104	center_mut_wild_energy	scalar	scalar	True	True	True	0	float64	float32
2lzmA	Q105E	104	center_mut_max_energy	scalar	scalar	True	True	True	0	float64	float32
2lzmA	Q105E	104	center_entropy	scalar	scalar	True	True	True	0	float64	float32
2lzmA	Q105E	104	weighted_neighbor_entropies	scalar	scalar	True	True	True	0	float32	float32
2lzmA	Q105E	104	weighted_neighbor_energy_changes	scalar	scalar	True	False	True	6.59616651077e-07	float64	float32
2lzmA	Q105E	104	backward_weighted_neighbor_energy_changes	scalar	scalar	True	False	True	8.14298672935e-09	float64	float32
2lzmA	Q105E	104	V2_backward_weighted_neighbor_energy_changes	scalar	scalar	True	False	True	1.75931449853e-07	float64	float32
2lzmA	Q105E	104	weighted_neighbor_forward_KL	scalar	scalar	True	True	True	0	float32	float32
2lzmA	Q105E	104	weighted_neighbor_backward_KL	scalar	scalar	True	True	True	0	float32	float32
2lzmA	Q105E	104	backward_weighted_neighbor_backward_KL	scalar	scalar	True	True	True	0	float32	float32
2lzmA	Q105E	104	V2_backward_weighted_neighbor_backward_KL	scalar	scalar	True	True	True	0	float32	float32
2lzmA	Q105E	104	weighted_neighbor_entropy_changes	scalar	scalar	True	True	True	0	float32	float32
2lzmA	Q105E	104	backward_weighted_neighbor_entropy_changes	scalar	scalar	True	True	True	0	float32	float32
2lzmA	Q105E	104	V2_backward_weighted_neighbor_entropy_changes	scalar	scalar	True	True	True	0	float32	float32
2lzmA	Q105E	104	center_neighbor_weight_check_m_w	scalar	scalar	True	True	True	0	float32	float32
2lzmA	Q105E	104	center_neighbor_weight_check_w_m	scalar	scalar	True	True	True	0	float32	float32
2lzmA	Q105E	104	neighbor_embedding_change_m_w	scalar	scalar	True	True	True	0	float32	float32
2lzmA	Q105E	104	neighbor_embedding_change_m_w_raw	15x128	15x128	True	True	True	0	float32	float32
2lzmA	Q105E	104	neighbor_message_change_m_w	scalar	scalar	True	False	True	9.53674316406e-07	float32	float32
2lzmA	Q105E	104	neighbor_message_change_m_w_raw	15x128x1	15x128x1	True	True	True	0	float32	float32
2lzmA	Q105E	104	unweighted_backward_KL	scalar	scalar	True	True	True	0	float32	float32
2lzmA	Q105E	104	unweighted_forward_KL	scalar	scalar	True	True	True	0	float32	float32
2lzmA	Q105E	104	wild_pssm	scalar	scalar	True	True	True	0	float64	float64
2lzmA	Q105E	104	alternate_pssm	scalar	scalar	True	True	True	0	float64	float64
2lzmA	Q105G	104	center_mut_wild_energy	scalar	scalar	True	True	True	0	float64	float32
2lzmA	Q105G	104	center_mut_max_energy	scalar	scalar	True	True	True	0	float64	float32
2lzmA	Q105G	104	center_entropy	scalar	scalar	True	True	True	0	float64	float32
2lzmA	Q105G	104	weighted_neighbor_entropies	scalar	scalar	True	False	True	1.19209289551e-07	float32	float32
2lzmA	Q105G	104	weighted_neighbor_energy_changes	scalar	scalar	True	False	True	2.9819577918e-07	float64	float32
2lzmA	Q105G	104	backward_weighted_neighbor_energy_changes	scalar	scalar	True	False	True	7.30025224271e-07	float64	float32
2lzmA	Q105G	104	V2_backward_weighted_neighbor_energy_changes	scalar	scalar	True	False	True	6.04560311146e-07	float64	float32
2lzmA	Q105G	104	weighted_neighbor_forward_KL	scalar	scalar	True	True	True	0	float32	float32
2lzmA	Q105G	104	weighted_neighbor_backward_KL	scalar	scalar	True	True	True	0	float32	float32
2lzmA	Q105G	104	backward_weighted_neighbor_backward_KL	scalar	scalar	True	True	True	0	float32	float32
2lzmA	Q105G	104	V2_backward_weighted_neighbor_backward_KL	scalar	scalar	True	True	True	0	float32	float32
2lzmA	Q105G	104	weighted_neighbor_entropy_changes	scalar	scalar	True	True	True	0	float32	float32
2lzmA	Q105G	104	backward_weighted_neighbor_entropy_changes	scalar	scalar	True	True	True	0	float32	float32
2lzmA	Q105G	104	V2_backward_weighted_neighbor_entropy_changes	scalar	scalar	True	True	True	0	float32	float32
2lzmA	Q105G	104	center_neighbor_weight_check_m_w	scalar	scalar	True	True	True	0	float32	float32
2lzmA	Q105G	104	center_neighbor_weight_check_w_m	scalar	scalar	True	True	True	0	float32	float32
2lzmA	Q105G	104	neighbor_embedding_change_m_w	scalar	scalar	True	True	True	0	float32	float32
2lzmA	Q105G	104	neighbor_embedding_change_m_w_raw	15x128	15x128	True	True	True	0	float32	float32
2lzmA	Q105G	104	neighbor_message_change_m_w	scalar	scalar	True	True	True	0	float32	float32
2lzmA	Q105G	104	neighbor_message_change_m_w_raw	15x128x1	15x128x1	True	True	True	0	float32	float32
2lzmA	Q105G	104	unweighted_backward_KL	scalar	scalar	True	True	True	0	float32	float32
2lzmA	Q105G	104	unweighted_forward_KL	scalar	scalar	True	True	True	0	float32	float32
2lzmA	Q105G	104	wild_pssm	scalar	scalar	True	True	True	0	float64	float64
2lzmA	Q105G	104	alternate_pssm	scalar	scalar	True	True	True	0	float64	float64
2lzmA	G113A	112	center_mut_wild_energy	scalar	scalar	True	True	True	0	float64	float32
2lzmA	G113A	112	center_mut_max_energy	scalar	scalar	True	True	True	0	float64	float32
2lzmA	G113A	112	center_entropy	scalar	scalar	True	True	True	0	float64	float32
2lzmA	G113A	112	weighted_neighbor_entropies	scalar	scalar	True	False	True	1.19209289551e-07	float32	float32
2lzmA	G113A	112	weighted_neighbor_energy_changes	scalar	scalar	True	False	True	1.37743505491e-08	float64	float32
2lzmA	G113A	112	backward_weighted_neighbor_energy_changes	scalar	scalar	True	False	True	2.51739233903e-08	float64	float32
2lzmA	G113A	112	V2_backward_weighted_neighbor_energy_changes	scalar	scalar	True	False	True	3.29286580225e-07	float64	float32
2lzmA	G113A	112	weighted_neighbor_forward_KL	scalar	scalar	True	True	True	0	float32	float32
2lzmA	G113A	112	weighted_neighbor_backward_KL	scalar	scalar	True	True	True	0	float32	float32
2lzmA	G113A	112	backward_weighted_neighbor_backward_KL	scalar	scalar	True	True	True	0	float32	float32
2lzmA	G113A	112	V2_backward_weighted_neighbor_backward_KL	scalar	scalar	True	True	True	0	float32	float32
2lzmA	G113A	112	weighted_neighbor_entropy_changes	scalar	scalar	True	True	True	0	float32	float32
2lzmA	G113A	112	backward_weighted_neighbor_entropy_changes	scalar	scalar	True	True	True	0	float32	float32
2lzmA	G113A	112	V2_backward_weighted_neighbor_entropy_changes	scalar	scalar	True	True	True	0	float32	float32
2lzmA	G113A	112	center_neighbor_weight_check_m_w	scalar	scalar	True	True	True	0	float32	float32
2lzmA	G113A	112	center_neighbor_weight_check_w_m	scalar	scalar	True	True	True	0	float32	float32
2lzmA	G113A	112	neighbor_embedding_change_m_w	scalar	scalar	True	True	True	0	float32	float32
2lzmA	G113A	112	neighbor_embedding_change_m_w_raw	15x128	15x128	True	True	True	0	float32	float32
2lzmA	G113A	112	neighbor_message_change_m_w	scalar	scalar	True	True	True	0	float32	float32
2lzmA	G113A	112	neighbor_message_change_m_w_raw	15x128x1	15x128x1	True	True	True	0	float32	float32
2lzmA	G113A	112	unweighted_backward_KL	scalar	scalar	True	True	True	0	float32	float32
2lzmA	G113A	112	unweighted_forward_KL	scalar	scalar	True	True	True	0	float32	float32
2lzmA	G113A	112	wild_pssm	scalar	scalar	True	True	True	0	float64	float64
2lzmA	G113A	112	alternate_pssm	scalar	scalar	True	True	True	0	float64	float64
2lzmA	T115E	114	center_mut_wild_energy	scalar	scalar	True	False	True	1.19209289551e-07	float64	float32
2lzmA	T115E	114	center_mut_max_energy	scalar	scalar	True	False	True	1.19209289551e-07	float64	float32
2lzmA	T115E	114	center_entropy	scalar	scalar	True	True	True	0	float64	float32
2lzmA	T115E	114	weighted_neighbor_entropies	scalar	scalar	True	False	True	2.38418579102e-07	float32	float32
2lzmA	T115E	114	weighted_neighbor_energy_changes	scalar	scalar	True	False	True	2.18911511141e-09	float64	float32
2lzmA	T115E	114	backward_weighted_neighbor_energy_changes	scalar	scalar	True	False	True	9.1862951912e-08	float64	float32
2lzmA	T115E	114	V2_backward_weighted_neighbor_energy_changes	scalar	scalar	True	False	True	1.58637089243e-07	float64	float32
2lzmA	T115E	114	weighted_neighbor_forward_KL	scalar	scalar	True	True	True	0	float32	float32
2lzmA	T115E	114	weighted_neighbor_backward_KL	scalar	scalar	True	True	True	0	float32	float32
2lzmA	T115E	114	backward_weighted_neighbor_backward_KL	scalar	scalar	True	True	True	0	float32	float32
2lzmA	T115E	114	V2_backward_weighted_neighbor_backward_KL	scalar	scalar	True	True	True	0	float32	float32
2lzmA	T115E	114	weighted_neighbor_entropy_changes	scalar	scalar	True	True	True	0	float32	float32
2lzmA	T115E	114	backward_weighted_neighbor_entropy_changes	scalar	scalar	True	True	True	0	float32	float32
2lzmA	T115E	114	V2_backward_weighted_neighbor_entropy_changes	scalar	scalar	True	True	True	0	float32	float32
2lzmA	T115E	114	center_neighbor_weight_check_m_w	scalar	scalar	True	True	True	0	float32	float32
2lzmA	T115E	114	center_neighbor_weight_check_w_m	scalar	scalar	True	True	True	0	float32	float32
2lzmA	T115E	114	neighbor_embedding_change_m_w	scalar	scalar	True	True	True	0	float32	float32
2lzmA	T115E	114	neighbor_embedding_change_m_w_raw	15x128	15x128	True	True	True	0	float32	float32
2lzmA	T115E	114	neighbor_message_change_m_w	scalar	scalar	True	True	True	0	float32	float32
2lzmA	T115E	114	neighbor_message_change_m_w_raw	15x128x1	15x128x1	True	True	True	0	float32	float32
2lzmA	T115E	114	unweighted_backward_KL	scalar	scalar	True	True	True	0	float32	float32
2lzmA	T115E	114	unweighted_forward_KL	scalar	scalar	True	True	True	0	float32	float32
2lzmA	T115E	114	wild_pssm	scalar	scalar	True	True	True	0	float64	float64
2lzmA	T115E	114	alternate_pssm	scalar	scalar	True	True	True	0	float64	float64
2lzmA	N116D	115	center_mut_wild_energy	scalar	scalar	True	True	True	0	float64	float32
2lzmA	N116D	115	center_mut_max_energy	scalar	scalar	True	True	True	0	float64	float32
2lzmA	N116D	115	center_entropy	scalar	scalar	True	True	True	0	float64	float32
2lzmA	N116D	115	weighted_neighbor_entropies	scalar	scalar	True	False	True	1.19209289551e-07	float32	float32
2lzmA	N116D	115	weighted_neighbor_energy_changes	scalar	scalar	True	False	True	1.64009269277e-07	float64	float32
2lzmA	N116D	115	backward_weighted_neighbor_energy_changes	scalar	scalar	True	False	True	1.33272513025e-08	float64	float32
2lzmA	N116D	115	V2_backward_weighted_neighbor_energy_changes	scalar	scalar	True	False	True	6.74029712044e-08	float64	float32
2lzmA	N116D	115	weighted_neighbor_forward_KL	scalar	scalar	True	True	True	0	float32	float32
2lzmA	N116D	115	weighted_neighbor_backward_KL	scalar	scalar	True	True	True	0	float32	float32
2lzmA	N116D	115	backward_weighted_neighbor_backward_KL	scalar	scalar	True	True	True	0	float32	float32
2lzmA	N116D	115	V2_backward_weighted_neighbor_backward_KL	scalar	scalar	True	True	True	0	float32	float32
2lzmA	N116D	115	weighted_neighbor_entropy_changes	scalar	scalar	True	True	True	0	float32	float32
2lzmA	N116D	115	backward_weighted_neighbor_entropy_changes	scalar	scalar	True	True	True	0	float32	float32
2lzmA	N116D	115	V2_backward_weighted_neighbor_entropy_changes	scalar	scalar	True	True	True	0	float32	float32
2lzmA	N116D	115	center_neighbor_weight_check_m_w	scalar	scalar	True	True	True	0	float32	float32
2lzmA	N116D	115	center_neighbor_weight_check_w_m	scalar	scalar	True	True	True	0	float32	float32
2lzmA	N116D	115	neighbor_embedding_change_m_w	scalar	scalar	True	True	True	0	float32	float32
2lzmA	N116D	115	neighbor_embedding_change_m_w_raw	15x128	15x128	True	True	True	0	float32	float32
2lzmA	N116D	115	neighbor_message_change_m_w	scalar	scalar	True	True	True	0	float32	float32
2lzmA	N116D	115	neighbor_message_change_m_w_raw	15x128x1	15x128x1	True	True	True	0	float32	float32
2lzmA	N116D	115	unweighted_backward_KL	scalar	scalar	True	True	True	0	float32	float32
2lzmA	N116D	115	unweighted_forward_KL	scalar	scalar	True	True	True	0	float32	float32
2lzmA	N116D	115	wild_pssm	scalar	scalar	True	True	True	0	float64	float64
2lzmA	N116D	115	alternate_pssm	scalar	scalar	True	True	True	0	float64	float64
2lzmA	R119E	118	center_mut_wild_energy	scalar	scalar	True	True	True	0	float64	float32
2lzmA	R119E	118	center_mut_max_energy	scalar	scalar	True	True	True	0	float64	float32
2lzmA	R119E	118	center_entropy	scalar	scalar	True	True	True	0	float64	float32
2lzmA	R119E	118	weighted_neighbor_entropies	scalar	scalar	True	False	True	2.38418579102e-07	float32	float32
2lzmA	R119E	118	weighted_neighbor_energy_changes	scalar	scalar	True	False	True	1.19692856515e-07	float64	float32
2lzmA	R119E	118	backward_weighted_neighbor_energy_changes	scalar	scalar	True	False	True	4.01165152653e-07	float64	float32
2lzmA	R119E	118	V2_backward_weighted_neighbor_energy_changes	scalar	scalar	True	False	True	1.25390045014e-07	float64	float32
2lzmA	R119E	118	weighted_neighbor_forward_KL	scalar	scalar	True	True	True	0	float32	float32
2lzmA	R119E	118	weighted_neighbor_backward_KL	scalar	scalar	True	True	True	0	float32	float32
2lzmA	R119E	118	backward_weighted_neighbor_backward_KL	scalar	scalar	True	True	True	0	float32	float32
2lzmA	R119E	118	V2_backward_weighted_neighbor_backward_KL	scalar	scalar	True	True	True	0	float32	float32
2lzmA	R119E	118	weighted_neighbor_entropy_changes	scalar	scalar	True	True	True	0	float32	float32
2lzmA	R119E	118	backward_weighted_neighbor_entropy_changes	scalar	scalar	True	True	True	0	float32	float32
2lzmA	R119E	118	V2_backward_weighted_neighbor_entropy_changes	scalar	scalar	True	True	True	0	float32	float32
2lzmA	R119E	118	center_neighbor_weight_check_m_w	scalar	scalar	True	True	True	0	float32	float32
2lzmA	R119E	118	center_neighbor_weight_check_w_m	scalar	scalar	True	True	True	0	float32	float32
2lzmA	R119E	118	neighbor_embedding_change_m_w	scalar	scalar	True	True	True	0	float32	float32
2lzmA	R119E	118	neighbor_embedding_change_m_w_raw	15x128	15x128	True	True	True	0	float32	float32
2lzmA	R119E	118	neighbor_message_change_m_w	scalar	scalar	True	True	True	0	float32	float32
2lzmA	R119E	118	neighbor_message_change_m_w_raw	15x128x1	15x128x1	True	True	True	0	float32	float32
2lzmA	R119E	118	unweighted_backward_KL	scalar	scalar	True	True	True	0	float32	float32
2lzmA	R119E	118	unweighted_forward_KL	scalar	scalar	True	True	True	0	float32	float32
2lzmA	R119E	118	wild_pssm	scalar	scalar	True	True	True	0	float64	float64
2lzmA	R119E	118	alternate_pssm	scalar	scalar	True	True	True	0	float64	float64
2lzmA	Q123E	122	center_mut_wild_energy	scalar	scalar	True	False	True	5.96046447754e-08	float64	float32
2lzmA	Q123E	122	center_mut_max_energy	scalar	scalar	True	True	True	0	float64	float32
2lzmA	Q123E	122	center_entropy	scalar	scalar	True	True	True	0	float64	float32
2lzmA	Q123E	122	weighted_neighbor_entropies	scalar	scalar	True	True	True	0	float32	float32
2lzmA	Q123E	122	weighted_neighbor_energy_changes	scalar	scalar	True	False	True	9.79537908563e-08	float64	float32
2lzmA	Q123E	122	backward_weighted_neighbor_energy_changes	scalar	scalar	True	True	True	0	float64	float64
2lzmA	Q123E	122	V2_backward_weighted_neighbor_energy_changes	scalar	scalar	True	True	True	0	float64	float64
2lzmA	Q123E	122	weighted_neighbor_forward_KL	scalar	scalar	True	True	True	0	float32	float32
2lzmA	Q123E	122	weighted_neighbor_backward_KL	scalar	scalar	True	True	True	0	float32	float32
2lzmA	Q123E	122	backward_weighted_neighbor_backward_KL	scalar	scalar	True	True	True	0	float64	float64
2lzmA	Q123E	122	V2_backward_weighted_neighbor_backward_KL	scalar	scalar	True	True	True	0	float64	float64
2lzmA	Q123E	122	weighted_neighbor_entropy_changes	scalar	scalar	True	True	True	0	float32	float32
2lzmA	Q123E	122	backward_weighted_neighbor_entropy_changes	scalar	scalar	True	True	True	0	float64	float64
2lzmA	Q123E	122	V2_backward_weighted_neighbor_entropy_changes	scalar	scalar	True	True	True	0	float64	float64
2lzmA	Q123E	122	center_neighbor_weight_check_m_w	scalar	scalar	True	True	True	0	float64	float64
2lzmA	Q123E	122	center_neighbor_weight_check_w_m	scalar	scalar	True	True	True	0	float64	float64
2lzmA	Q123E	122	neighbor_embedding_change_m_w	scalar	scalar	True	True	True	0	float32	float32
2lzmA	Q123E	122	neighbor_embedding_change_m_w_raw	15x128	15x128	True	True	True	0	float32	float32
2lzmA	Q123E	122	neighbor_message_change_m_w	scalar	scalar	True	False	True	1.49011611938e-08	float64	float64
2lzmA	Q123E	122	neighbor_message_change_m_w_raw	15x128x1	15x128x1	True	True	True	0	float64	float64
2lzmA	Q123E	122	unweighted_backward_KL	scalar	scalar	True	True	True	0	float32	float32
2lzmA	Q123E	122	unweighted_forward_KL	scalar	scalar	True	True	True	0	float32	float32
2lzmA	Q123E	122	wild_pssm	scalar	scalar	True	True	True	0	float64	float64
2lzmA	Q123E	122	alternate_pssm	scalar	scalar	True	True	True	0	float64	float64
2lzmA	K124G	123	center_mut_wild_energy	scalar	scalar	True	True	True	0	float64	float32
2lzmA	K124G	123	center_mut_max_energy	scalar	scalar	True	True	True	0	float64	float32
2lzmA	K124G	123	center_entropy	scalar	scalar	True	True	True	0	float64	float32
2lzmA	K124G	123	weighted_neighbor_entropies	scalar	scalar	True	False	True	1.19209289551e-07	float32	float32
2lzmA	K124G	123	weighted_neighbor_energy_changes	scalar	scalar	True	False	True	1.61824876166e-07	float64	float32
2lzmA	K124G	123	backward_weighted_neighbor_energy_changes	scalar	scalar	True	True	True	0	float64	float64
2lzmA	K124G	123	V2_backward_weighted_neighbor_energy_changes	scalar	scalar	True	True	True	0	float64	float64
2lzmA	K124G	123	weighted_neighbor_forward_KL	scalar	scalar	True	True	True	0	float32	float32
2lzmA	K124G	123	weighted_neighbor_backward_KL	scalar	scalar	True	True	True	0	float32	float32
2lzmA	K124G	123	backward_weighted_neighbor_backward_KL	scalar	scalar	True	True	True	0	float64	float64
2lzmA	K124G	123	V2_backward_weighted_neighbor_backward_KL	scalar	scalar	True	True	True	0	float64	float64
2lzmA	K124G	123	weighted_neighbor_entropy_changes	scalar	scalar	True	True	True	0	float32	float32
2lzmA	K124G	123	backward_weighted_neighbor_entropy_changes	scalar	scalar	True	True	True	0	float64	float64
2lzmA	K124G	123	V2_backward_weighted_neighbor_entropy_changes	scalar	scalar	True	True	True	0	float64	float64
2lzmA	K124G	123	center_neighbor_weight_check_m_w	scalar	scalar	True	True	True	0	float64	float64
2lzmA	K124G	123	center_neighbor_weight_check_w_m	scalar	scalar	True	True	True	0	float64	float64
2lzmA	K124G	123	neighbor_embedding_change_m_w	scalar	scalar	True	True	True	0	float32	float32
2lzmA	K124G	123	neighbor_embedding_change_m_w_raw	15x128	15x128	True	True	True	0	float32	float32
2lzmA	K124G	123	neighbor_message_change_m_w	scalar	scalar	True	False	True	2.98023223877e-08	float64	float64
2lzmA	K124G	123	neighbor_message_change_m_w_raw	15x128x1	15x128x1	True	True	True	0	float64	float64
2lzmA	K124G	123	unweighted_backward_KL	scalar	scalar	True	True	True	0	float32	float32
2lzmA	K124G	123	unweighted_forward_KL	scalar	scalar	True	True	True	0	float32	float32
2lzmA	K124G	123	wild_pssm	scalar	scalar	True	True	True	0	float64	float64
2lzmA	K124G	123	alternate_pssm	scalar	scalar	True	True	True	0	float64	float64
2lzmA	V131A	130	center_mut_wild_energy	scalar	scalar	True	True	True	0	float64	float32
2lzmA	V131A	130	center_mut_max_energy	scalar	scalar	True	True	True	0	float64	float32
2lzmA	V131A	130	center_entropy	scalar	scalar	True	True	True	0	float64	float32
2lzmA	V131A	130	weighted_neighbor_entropies	scalar	scalar	True	False	True	4.76837158203e-07	float32	float32
2lzmA	V131A	130	weighted_neighbor_energy_changes	scalar	scalar	True	False	True	5.81612056294e-08	float64	float32
2lzmA	V131A	130	backward_weighted_neighbor_energy_changes	scalar	scalar	True	False	True	5.36021502739e-08	float64	float32
2lzmA	V131A	130	V2_backward_weighted_neighbor_energy_changes	scalar	scalar	True	False	True	9.8595407394e-08	float64	float32
2lzmA	V131A	130	weighted_neighbor_forward_KL	scalar	scalar	True	True	True	0	float32	float32
2lzmA	V131A	130	weighted_neighbor_backward_KL	scalar	scalar	True	True	True	0	float32	float32
2lzmA	V131A	130	backward_weighted_neighbor_backward_KL	scalar	scalar	True	True	True	0	float32	float32
2lzmA	V131A	130	V2_backward_weighted_neighbor_backward_KL	scalar	scalar	True	True	True	0	float32	float32
2lzmA	V131A	130	weighted_neighbor_entropy_changes	scalar	scalar	True	True	True	0	float32	float32
2lzmA	V131A	130	backward_weighted_neighbor_entropy_changes	scalar	scalar	True	True	True	0	float32	float32
2lzmA	V131A	130	V2_backward_weighted_neighbor_entropy_changes	scalar	scalar	True	True	True	0	float32	float32
2lzmA	V131A	130	center_neighbor_weight_check_m_w	scalar	scalar	True	True	True	0	float32	float32
2lzmA	V131A	130	center_neighbor_weight_check_w_m	scalar	scalar	True	True	True	0	float32	float32
2lzmA	V131A	130	neighbor_embedding_change_m_w	scalar	scalar	True	False	True	2.38418579102e-07	float32	float32
2lzmA	V131A	130	neighbor_embedding_change_m_w_raw	15x128	15x128	True	True	True	0	float32	float32
2lzmA	V131A	130	neighbor_message_change_m_w	scalar	scalar	True	True	True	0	float32	float32
2lzmA	V131A	130	neighbor_message_change_m_w_raw	15x128x1	15x128x1	True	True	True	0	float32	float32
2lzmA	V131A	130	unweighted_backward_KL	scalar	scalar	True	True	True	0	float32	float32
2lzmA	V131A	130	unweighted_forward_KL	scalar	scalar	True	True	True	0	float32	float32
2lzmA	V131A	130	wild_pssm	scalar	scalar	True	True	True	0	float64	float64
2lzmA	V131A	130	alternate_pssm	scalar	scalar	True	True	True	0	float64	float64
2lzmA	V131D	130	center_mut_wild_energy	scalar	scalar	True	True	True	0	float64	float32
2lzmA	V131D	130	center_mut_max_energy	scalar	scalar	True	True	True	0	float64	float32
2lzmA	V131D	130	center_entropy	scalar	scalar	True	True	True	0	float64	float32
2lzmA	V131D	130	weighted_neighbor_entropies	scalar	scalar	True	False	True	2.38418579102e-07	float32	float32
2lzmA	V131D	130	weighted_neighbor_energy_changes	scalar	scalar	True	False	True	2.07172161204e-07	float64	float32
2lzmA	V131D	130	backward_weighted_neighbor_energy_changes	scalar	scalar	True	False	True	3.46937323314e-09	float64	float32
2lzmA	V131D	130	V2_backward_weighted_neighbor_energy_changes	scalar	scalar	True	False	True	3.56638938825e-07	float64	float32
2lzmA	V131D	130	weighted_neighbor_forward_KL	scalar	scalar	True	True	True	0	float32	float32
2lzmA	V131D	130	weighted_neighbor_backward_KL	scalar	scalar	True	True	True	0	float32	float32
2lzmA	V131D	130	backward_weighted_neighbor_backward_KL	scalar	scalar	True	True	True	0	float32	float32
2lzmA	V131D	130	V2_backward_weighted_neighbor_backward_KL	scalar	scalar	True	True	True	0	float32	float32
2lzmA	V131D	130	weighted_neighbor_entropy_changes	scalar	scalar	True	True	True	0	float32	float32
2lzmA	V131D	130	backward_weighted_neighbor_entropy_changes	scalar	scalar	True	True	True	0	float32	float32
2lzmA	V131D	130	V2_backward_weighted_neighbor_entropy_changes	scalar	scalar	True	True	True	0	float32	float32
2lzmA	V131D	130	center_neighbor_weight_check_m_w	scalar	scalar	True	True	True	0	float32	float32
2lzmA	V131D	130	center_neighbor_weight_check_w_m	scalar	scalar	True	True	True	0	float32	float32
2lzmA	V131D	130	neighbor_embedding_change_m_w	scalar	scalar	True	True	True	0	float32	float32
2lzmA	V131D	130	neighbor_embedding_change_m_w_raw	15x128	15x128	True	True	True	0	float32	float32
2lzmA	V131D	130	neighbor_message_change_m_w	scalar	scalar	True	False	True	4.76837158203e-07	float32	float32
2lzmA	V131D	130	neighbor_message_change_m_w_raw	15x128x1	15x128x1	True	True	True	0	float32	float32
2lzmA	V131D	130	unweighted_backward_KL	scalar	scalar	True	True	True	0	float32	float32
2lzmA	V131D	130	unweighted_forward_KL	scalar	scalar	True	True	True	0	float32	float32
2lzmA	V131D	130	wild_pssm	scalar	scalar	True	True	True	0	float64	float64
2lzmA	V131D	130	alternate_pssm	scalar	scalar	True	True	True	0	float64	float64
2lzmA	V131G	130	center_mut_wild_energy	scalar	scalar	True	True	True	0	float64	float32
2lzmA	V131G	130	center_mut_max_energy	scalar	scalar	True	True	True	0	float64	float32
2lzmA	V131G	130	center_entropy	scalar	scalar	True	True	True	0	float64	float32
2lzmA	V131G	130	weighted_neighbor_entropies	scalar	scalar	True	True	True	0	float32	float32
2lzmA	V131G	130	weighted_neighbor_energy_changes	scalar	scalar	True	False	True	1.73514631108e-07	float64	float32
2lzmA	V131G	130	backward_weighted_neighbor_energy_changes	scalar	scalar	True	False	True	2.66090362189e-07	float64	float32
2lzmA	V131G	130	V2_backward_weighted_neighbor_energy_changes	scalar	scalar	True	False	True	6.25133163012e-08	float64	float32
2lzmA	V131G	130	weighted_neighbor_forward_KL	scalar	scalar	True	True	True	0	float32	float32
2lzmA	V131G	130	weighted_neighbor_backward_KL	scalar	scalar	True	True	True	0	float32	float32
2lzmA	V131G	130	backward_weighted_neighbor_backward_KL	scalar	scalar	True	True	True	0	float32	float32
2lzmA	V131G	130	V2_backward_weighted_neighbor_backward_KL	scalar	scalar	True	True	True	0	float32	float32
2lzmA	V131G	130	weighted_neighbor_entropy_changes	scalar	scalar	True	True	True	0	float32	float32
2lzmA	V131G	130	backward_weighted_neighbor_entropy_changes	scalar	scalar	True	True	True	0	float32	float32
2lzmA	V131G	130	V2_backward_weighted_neighbor_entropy_changes	scalar	scalar	True	True	True	0	float32	float32
2lzmA	V131G	130	center_neighbor_weight_check_m_w	scalar	scalar	True	True	True	0	float32	float32
2lzmA	V131G	130	center_neighbor_weight_check_w_m	scalar	scalar	True	True	True	0	float32	float32
2lzmA	V131G	130	neighbor_embedding_change_m_w	scalar	scalar	True	True	True	0	float32	float32
2lzmA	V131G	130	neighbor_embedding_change_m_w_raw	15x128	15x128	True	True	True	0	float32	float32
2lzmA	V131G	130	neighbor_message_change_m_w	scalar	scalar	True	True	True	0	float32	float32
2lzmA	V131G	130	neighbor_message_change_m_w_raw	15x128x1	15x128x1	True	True	True	0	float32	float32
2lzmA	V131G	130	unweighted_backward_KL	scalar	scalar	True	True	True	0	float32	float32
2lzmA	V131G	130	unweighted_forward_KL	scalar	scalar	True	True	True	0	float32	float32
2lzmA	V131G	130	wild_pssm	scalar	scalar	True	True	True	0	float64	float64
2lzmA	V131G	130	alternate_pssm	scalar	scalar	True	True	True	0	float64	float64
2lzmA	V131I	130	center_mut_wild_energy	scalar	scalar	True	True	True	0	float64	float32
2lzmA	V131I	130	center_mut_max_energy	scalar	scalar	True	True	True	0	float64	float32
2lzmA	V131I	130	center_entropy	scalar	scalar	True	True	True	0	float64	float32
2lzmA	V131I	130	weighted_neighbor_entropies	scalar	scalar	True	False	True	2.38418579102e-07	float32	float32
2lzmA	V131I	130	weighted_neighbor_energy_changes	scalar	scalar	True	False	True	3.71017334189e-07	float64	float32
2lzmA	V131I	130	backward_weighted_neighbor_energy_changes	scalar	scalar	True	False	True	3.30168898444e-07	float64	float32
2lzmA	V131I	130	V2_backward_weighted_neighbor_energy_changes	scalar	scalar	True	False	True	7.75071217873e-07	float64	float32
2lzmA	V131I	130	weighted_neighbor_forward_KL	scalar	scalar	True	True	True	0	float32	float32
2lzmA	V131I	130	weighted_neighbor_backward_KL	scalar	scalar	True	True	True	0	float32	float32
2lzmA	V131I	130	backward_weighted_neighbor_backward_KL	scalar	scalar	True	True	True	0	float32	float32
2lzmA	V131I	130	V2_backward_weighted_neighbor_backward_KL	scalar	scalar	True	True	True	0	float32	float32
2lzmA	V131I	130	weighted_neighbor_entropy_changes	scalar	scalar	True	True	True	0	float32	float32
2lzmA	V131I	130	backward_weighted_neighbor_entropy_changes	scalar	scalar	True	True	True	0	float32	float32
2lzmA	V131I	130	V2_backward_weighted_neighbor_entropy_changes	scalar	scalar	True	True	True	0	float32	float32
2lzmA	V131I	130	center_neighbor_weight_check_m_w	scalar	scalar	True	True	True	0	float32	float32
2lzmA	V131I	130	center_neighbor_weight_check_w_m	scalar	scalar	True	True	True	0	float32	float32
2lzmA	V131I	130	neighbor_embedding_change_m_w	scalar	scalar	True	True	True	0	float32	float32
2lzmA	V131I	130	neighbor_embedding_change_m_w_raw	15x128	15x128	True	True	True	0	float32	float32
2lzmA	V131I	130	neighbor_message_change_m_w	scalar	scalar	True	True	True	0	float32	float32
2lzmA	V131I	130	neighbor_message_change_m_w_raw	15x128x1	15x128x1	True	True	True	0	float32	float32
2lzmA	V131I	130	unweighted_backward_KL	scalar	scalar	True	True	True	0	float32	float32
2lzmA	V131I	130	unweighted_forward_KL	scalar	scalar	True	True	True	0	float32	float32
2lzmA	V131I	130	wild_pssm	scalar	scalar	True	True	True	0	float64	float64
2lzmA	V131I	130	alternate_pssm	scalar	scalar	True	True	True	0	float64	float64
2lzmA	V131L	130	center_mut_wild_energy	scalar	scalar	True	True	True	0	float64	float32
2lzmA	V131L	130	center_mut_max_energy	scalar	scalar	True	True	True	0	float64	float32
2lzmA	V131L	130	center_entropy	scalar	scalar	True	True	True	0	float64	float32
2lzmA	V131L	130	weighted_neighbor_entropies	scalar	scalar	True	True	True	0	float32	float32
2lzmA	V131L	130	weighted_neighbor_energy_changes	scalar	scalar	True	False	True	2.21094197173e-07	float64	float32
2lzmA	V131L	130	backward_weighted_neighbor_energy_changes	scalar	scalar	True	False	True	7.25414169622e-07	float64	float32
2lzmA	V131L	130	V2_backward_weighted_neighbor_energy_changes	scalar	scalar	True	False	True	5.01927921448e-08	float64	float32
2lzmA	V131L	130	weighted_neighbor_forward_KL	scalar	scalar	True	True	True	0	float32	float32
2lzmA	V131L	130	weighted_neighbor_backward_KL	scalar	scalar	True	True	True	0	float32	float32
2lzmA	V131L	130	backward_weighted_neighbor_backward_KL	scalar	scalar	True	True	True	0	float32	float32
2lzmA	V131L	130	V2_backward_weighted_neighbor_backward_KL	scalar	scalar	True	True	True	0	float32	float32
2lzmA	V131L	130	weighted_neighbor_entropy_changes	scalar	scalar	True	True	True	0	float32	float32
2lzmA	V131L	130	backward_weighted_neighbor_entropy_changes	scalar	scalar	True	True	True	0	float32	float32
2lzmA	V131L	130	V2_backward_weighted_neighbor_entropy_changes	scalar	scalar	True	True	True	0	float32	float32
2lzmA	V131L	130	center_neighbor_weight_check_m_w	scalar	scalar	True	True	True	0	float32	float32
2lzmA	V131L	130	center_neighbor_weight_check_w_m	scalar	scalar	True	True	True	0	float32	float32
2lzmA	V131L	130	neighbor_embedding_change_m_w	scalar	scalar	True	True	True	0	float32	float32
2lzmA	V131L	130	neighbor_embedding_change_m_w_raw	15x128	15x128	True	True	True	0	float32	float32
2lzmA	V131L	130	neighbor_message_change_m_w	scalar	scalar	True	True	True	0	float32	float32
2lzmA	V131L	130	neighbor_message_change_m_w_raw	15x128x1	15x128x1	True	True	True	0	float32	float32
2lzmA	V131L	130	unweighted_backward_KL	scalar	scalar	True	True	True	0	float32	float32
2lzmA	V131L	130	unweighted_forward_KL	scalar	scalar	True	True	True	0	float32	float32
2lzmA	V131L	130	wild_pssm	scalar	scalar	True	True	True	0	float64	float64
2lzmA	V131L	130	alternate_pssm	scalar	scalar	True	True	True	0	float64	float64
2lzmA	V131S	130	center_mut_wild_energy	scalar	scalar	True	True	True	0	float64	float32
2lzmA	V131S	130	center_mut_max_energy	scalar	scalar	True	True	True	0	float64	float32
2lzmA	V131S	130	center_entropy	scalar	scalar	True	True	True	0	float64	float32
2lzmA	V131S	130	weighted_neighbor_entropies	scalar	scalar	True	False	True	2.38418579102e-07	float32	float32
2lzmA	V131S	130	weighted_neighbor_energy_changes	scalar	scalar	True	False	True	8.30695153553e-07	float64	float32
2lzmA	V131S	130	backward_weighted_neighbor_energy_changes	scalar	scalar	True	False	True	1.09971299977e-06	float64	float32
2lzmA	V131S	130	V2_backward_weighted_neighbor_energy_changes	scalar	scalar	True	False	True	1.09761367995e-07	float64	float32
2lzmA	V131S	130	weighted_neighbor_forward_KL	scalar	scalar	True	True	True	0	float32	float32
2lzmA	V131S	130	weighted_neighbor_backward_KL	scalar	scalar	True	True	True	0	float32	float32
2lzmA	V131S	130	backward_weighted_neighbor_backward_KL	scalar	scalar	True	True	True	0	float32	float32
2lzmA	V131S	130	V2_backward_weighted_neighbor_backward_KL	scalar	scalar	True	True	True	0	float32	float32
2lzmA	V131S	130	weighted_neighbor_entropy_changes	scalar	scalar	True	True	True	0	float32	float32
2lzmA	V131S	130	backward_weighted_neighbor_entropy_changes	scalar	scalar	True	True	True	0	float32	float32
2lzmA	V131S	130	V2_backward_weighted_neighbor_entropy_changes	scalar	scalar	True	True	True	0	float32	float32
2lzmA	V131S	130	center_neighbor_weight_check_m_w	scalar	scalar	True	True	True	0	float32	float32
2lzmA	V131S	130	center_neighbor_weight_check_w_m	scalar	scalar	True	True	True	0	float32	float32
2lzmA	V131S	130	neighbor_embedding_change_m_w	scalar	scalar	True	True	True	0	float32	float32
2lzmA	V131S	130	neighbor_embedding_change_m_w_raw	15x128	15x128	True	True	True	0	float32	float32
2lzmA	V131S	130	neighbor_message_change_m_w	scalar	scalar	True	True	True	0	float32	float32
2lzmA	V131S	130	neighbor_message_change_m_w_raw	15x128x1	15x128x1	True	True	True	0	float32	float32
2lzmA	V131S	130	unweighted_backward_KL	scalar	scalar	True	True	True	0	float32	float32
2lzmA	V131S	130	unweighted_forward_KL	scalar	scalar	True	True	True	0	float32	float32
2lzmA	V131S	130	wild_pssm	scalar	scalar	True	True	True	0	float64	float64
2lzmA	V131S	130	alternate_pssm	scalar	scalar	True	True	True	0	float64	float64
2lzmA	V131M	130	center_mut_wild_energy	scalar	scalar	True	True	True	0	float64	float32
2lzmA	V131M	130	center_mut_max_energy	scalar	scalar	True	True	True	0	float64	float32
2lzmA	V131M	130	center_entropy	scalar	scalar	True	True	True	0	float64	float32
2lzmA	V131M	130	weighted_neighbor_entropies	scalar	scalar	True	False	True	2.38418579102e-07	float32	float32
2lzmA	V131M	130	weighted_neighbor_energy_changes	scalar	scalar	True	False	True	1.06045922266e-07	float64	float32
2lzmA	V131M	130	backward_weighted_neighbor_energy_changes	scalar	scalar	True	False	True	8.21199961365e-07	float64	float32
2lzmA	V131M	130	V2_backward_weighted_neighbor_energy_changes	scalar	scalar	True	False	True	3.54090513355e-07	float64	float32
2lzmA	V131M	130	weighted_neighbor_forward_KL	scalar	scalar	True	True	True	0	float32	float32
2lzmA	V131M	130	weighted_neighbor_backward_KL	scalar	scalar	True	True	True	0	float32	float32
2lzmA	V131M	130	backward_weighted_neighbor_backward_KL	scalar	scalar	True	True	True	0	float32	float32
2lzmA	V131M	130	V2_backward_weighted_neighbor_backward_KL	scalar	scalar	True	True	True	0	float32	float32
2lzmA	V131M	130	weighted_neighbor_entropy_changes	scalar	scalar	True	True	True	0	float32	float32
2lzmA	V131M	130	backward_weighted_neighbor_entropy_changes	scalar	scalar	True	True	True	0	float32	float32
2lzmA	V131M	130	V2_backward_weighted_neighbor_entropy_changes	scalar	scalar	True	True	True	0	float32	float32
2lzmA	V131M	130	center_neighbor_weight_check_m_w	scalar	scalar	True	True	True	0	float32	float32
2lzmA	V131M	130	center_neighbor_weight_check_w_m	scalar	scalar	True	True	True	0	float32	float32
2lzmA	V131M	130	neighbor_embedding_change_m_w	scalar	scalar	True	True	True	0	float32	float32
2lzmA	V131M	130	neighbor_embedding_change_m_w_raw	15x128	15x128	True	True	True	0	float32	float32
2lzmA	V131M	130	neighbor_message_change_m_w	scalar	scalar	True	True	True	0	float32	float32
2lzmA	V131M	130	neighbor_message_change_m_w_raw	15x128x1	15x128x1	True	True	True	0	float32	float32
2lzmA	V131M	130	unweighted_backward_KL	scalar	scalar	True	True	True	0	float32	float32
2lzmA	V131M	130	unweighted_forward_KL	scalar	scalar	True	True	True	0	float32	float32
2lzmA	V131M	130	wild_pssm	scalar	scalar	True	True	True	0	float64	float64
2lzmA	V131M	130	alternate_pssm	scalar	scalar	True	True	True	0	float64	float64
2lzmA	V131E	130	center_mut_wild_energy	scalar	scalar	True	True	True	0	float64	float32
2lzmA	V131E	130	center_mut_max_energy	scalar	scalar	True	True	True	0	float64	float32
2lzmA	V131E	130	center_entropy	scalar	scalar	True	True	True	0	float64	float32
2lzmA	V131E	130	weighted_neighbor_entropies	scalar	scalar	True	True	True	0	float32	float32
2lzmA	V131E	130	weighted_neighbor_energy_changes	scalar	scalar	True	False	True	1.33341025332e-07	float64	float32
2lzmA	V131E	130	backward_weighted_neighbor_energy_changes	scalar	scalar	True	True	True	0	float64	float64
2lzmA	V131E	130	V2_backward_weighted_neighbor_energy_changes	scalar	scalar	True	True	True	0	float64	float64
2lzmA	V131E	130	weighted_neighbor_forward_KL	scalar	scalar	True	True	True	0	float32	float32
2lzmA	V131E	130	weighted_neighbor_backward_KL	scalar	scalar	True	True	True	0	float32	float32
2lzmA	V131E	130	backward_weighted_neighbor_backward_KL	scalar	scalar	True	True	True	0	float64	float64
2lzmA	V131E	130	V2_backward_weighted_neighbor_backward_KL	scalar	scalar	True	True	True	0	float64	float64
2lzmA	V131E	130	weighted_neighbor_entropy_changes	scalar	scalar	True	True	True	0	float32	float32
2lzmA	V131E	130	backward_weighted_neighbor_entropy_changes	scalar	scalar	True	True	True	0	float64	float64
2lzmA	V131E	130	V2_backward_weighted_neighbor_entropy_changes	scalar	scalar	True	True	True	0	float64	float64
2lzmA	V131E	130	center_neighbor_weight_check_m_w	scalar	scalar	True	True	True	0	float64	float64
2lzmA	V131E	130	center_neighbor_weight_check_w_m	scalar	scalar	True	True	True	0	float64	float64
2lzmA	V131E	130	neighbor_embedding_change_m_w	scalar	scalar	True	True	True	0	float32	float32
2lzmA	V131E	130	neighbor_embedding_change_m_w_raw	15x128	15x128	True	True	True	0	float32	float32
2lzmA	V131E	130	neighbor_message_change_m_w	scalar	scalar	True	False	True	1.49011611938e-08	float64	float64
2lzmA	V131E	130	neighbor_message_change_m_w_raw	15x128x1	15x128x1	True	True	True	0	float64	float64
2lzmA	V131E	130	unweighted_backward_KL	scalar	scalar	True	True	True	0	float32	float32
2lzmA	V131E	130	unweighted_forward_KL	scalar	scalar	True	True	True	0	float32	float32
2lzmA	V131E	130	wild_pssm	scalar	scalar	True	True	True	0	float64	float64
2lzmA	V131E	130	alternate_pssm	scalar	scalar	True	True	True	0	float64	float64
2lzmA	L133A	132	center_mut_wild_energy	scalar	scalar	True	False	True	1.49011611938e-07	float64	float32
2lzmA	L133A	132	center_mut_max_energy	scalar	scalar	True	False	True	1.49011611938e-07	float64	float32
2lzmA	L133A	132	center_entropy	scalar	scalar	True	True	True	0	float64	float32
2lzmA	L133A	132	weighted_neighbor_entropies	scalar	scalar	True	False	True	1.19209289551e-07	float32	float32
2lzmA	L133A	132	weighted_neighbor_energy_changes	scalar	scalar	True	False	True	6.96341842854e-07	float64	float32
2lzmA	L133A	132	backward_weighted_neighbor_energy_changes	scalar	scalar	True	False	True	3.14251357025e-06	float64	float32
2lzmA	L133A	132	V2_backward_weighted_neighbor_energy_changes	scalar	scalar	True	False	True	1.12495395399e-06	float64	float32
2lzmA	L133A	132	weighted_neighbor_forward_KL	scalar	scalar	True	True	True	0	float32	float32
2lzmA	L133A	132	weighted_neighbor_backward_KL	scalar	scalar	True	True	True	0	float32	float32
2lzmA	L133A	132	backward_weighted_neighbor_backward_KL	scalar	scalar	True	True	True	0	float32	float32
2lzmA	L133A	132	V2_backward_weighted_neighbor_backward_KL	scalar	scalar	True	True	True	0	float32	float32
2lzmA	L133A	132	weighted_neighbor_entropy_changes	scalar	scalar	True	True	True	0	float32	float32
2lzmA	L133A	132	backward_weighted_neighbor_entropy_changes	scalar	scalar	True	True	True	0	float32	float32
2lzmA	L133A	132	V2_backward_weighted_neighbor_entropy_changes	scalar	scalar	True	True	True	0	float32	float32
2lzmA	L133A	132	center_neighbor_weight_check_m_w	scalar	scalar	True	True	True	0	float32	float32
2lzmA	L133A	132	center_neighbor_weight_check_w_m	scalar	scalar	True	True	True	0	float32	float32
2lzmA	L133A	132	neighbor_embedding_change_m_w	scalar	scalar	True	True	True	0	float32	float32
2lzmA	L133A	132	neighbor_embedding_change_m_w_raw	15x128	15x128	True	True	True	0	float32	float32
2lzmA	L133A	132	neighbor_message_change_m_w	scalar	scalar	True	True	True	0	float32	float32
2lzmA	L133A	132	neighbor_message_change_m_w_raw	15x128x1	15x128x1	True	True	True	0	float32	float32
2lzmA	L133A	132	unweighted_backward_KL	scalar	scalar	True	True	True	0	float32	float32
2lzmA	L133A	132	unweighted_forward_KL	scalar	scalar	True	True	True	0	float32	float32
2lzmA	L133A	132	wild_pssm	scalar	scalar	True	True	True	0	float64	float64
2lzmA	L133A	132	alternate_pssm	scalar	scalar	True	True	True	0	float64	float64
2lzmA	K135E	134	center_mut_wild_energy	scalar	scalar	True	True	True	0	float64	float32
2lzmA	K135E	134	center_mut_max_energy	scalar	scalar	True	True	True	0	float64	float32
2lzmA	K135E	134	center_entropy	scalar	scalar	True	True	True	0	float64	float32
2lzmA	K135E	134	weighted_neighbor_entropies	scalar	scalar	True	True	True	0	float32	float32
2lzmA	K135E	134	weighted_neighbor_energy_changes	scalar	scalar	True	False	True	1.57943771839e-07	float64	float32
2lzmA	K135E	134	backward_weighted_neighbor_energy_changes	scalar	scalar	True	False	True	4.0992166106e-08	float64	float32
2lzmA	K135E	134	V2_backward_weighted_neighbor_energy_changes	scalar	scalar	True	False	True	2.46107202173e-07	float64	float32
2lzmA	K135E	134	weighted_neighbor_forward_KL	scalar	scalar	True	True	True	0	float32	float32
2lzmA	K135E	134	weighted_neighbor_backward_KL	scalar	scalar	True	True	True	0	float32	float32
2lzmA	K135E	134	backward_weighted_neighbor_backward_KL	scalar	scalar	True	True	True	0	float32	float32
2lzmA	K135E	134	V2_backward_weighted_neighbor_backward_KL	scalar	scalar	True	True	True	0	float32	float32
2lzmA	K135E	134	weighted_neighbor_entropy_changes	scalar	scalar	True	True	True	0	float32	float32
2lzmA	K135E	134	backward_weighted_neighbor_entropy_changes	scalar	scalar	True	True	True	0	float32	float32
2lzmA	K135E	134	V2_backward_weighted_neighbor_entropy_changes	scalar	scalar	True	True	True	0	float32	float32
2lzmA	K135E	134	center_neighbor_weight_check_m_w	scalar	scalar	True	True	True	0	float32	float32
2lzmA	K135E	134	center_neighbor_weight_check_w_m	scalar	scalar	True	True	True	0	float32	float32
2lzmA	K135E	134	neighbor_embedding_change_m_w	scalar	scalar	True	True	True	0	float32	float32
2lzmA	K135E	134	neighbor_embedding_change_m_w_raw	15x128	15x128	True	True	True	0	float32	float32
2lzmA	K135E	134	neighbor_message_change_m_w	scalar	scalar	True	True	True	0	float32	float32
2lzmA	K135E	134	neighbor_message_change_m_w_raw	15x128x1	15x128x1	True	True	True	0	float32	float32
2lzmA	K135E	134	unweighted_backward_KL	scalar	scalar	True	True	True	0	float32	float32
2lzmA	K135E	134	unweighted_forward_KL	scalar	scalar	True	True	True	0	float32	float32
2lzmA	K135E	134	wild_pssm	scalar	scalar	True	True	True	0	float64	float64
2lzmA	K135E	134	alternate_pssm	scalar	scalar	True	True	True	0	float64	float64
2lzmA	N144D	143	center_mut_wild_energy	scalar	scalar	True	True	True	0	float64	float32
2lzmA	N144D	143	center_mut_max_energy	scalar	scalar	True	True	True	0	float64	float32
2lzmA	N144D	143	center_entropy	scalar	scalar	True	True	True	0	float64	float32
2lzmA	N144D	143	weighted_neighbor_entropies	scalar	scalar	True	True	True	0	float32	float32
2lzmA	N144D	143	weighted_neighbor_energy_changes	scalar	scalar	True	False	True	9.55631000998e-08	float64	float32
2lzmA	N144D	143	backward_weighted_neighbor_energy_changes	scalar	scalar	True	False	True	2.49021255172e-07	float64	float32
2lzmA	N144D	143	V2_backward_weighted_neighbor_energy_changes	scalar	scalar	True	False	True	4.40078427033e-08	float64	float32
2lzmA	N144D	143	weighted_neighbor_forward_KL	scalar	scalar	True	True	True	0	float32	float32
2lzmA	N144D	143	weighted_neighbor_backward_KL	scalar	scalar	True	True	True	0	float32	float32
2lzmA	N144D	143	backward_weighted_neighbor_backward_KL	scalar	scalar	True	True	True	0	float32	float32
2lzmA	N144D	143	V2_backward_weighted_neighbor_backward_KL	scalar	scalar	True	True	True	0	float32	float32
2lzmA	N144D	143	weighted_neighbor_entropy_changes	scalar	scalar	True	True	True	0	float32	float32
2lzmA	N144D	143	backward_weighted_neighbor_entropy_changes	scalar	scalar	True	True	True	0	float32	float32
2lzmA	N144D	143	V2_backward_weighted_neighbor_entropy_changes	scalar	scalar	True	True	True	0	float32	float32
2lzmA	N144D	143	center_neighbor_weight_check_m_w	scalar	scalar	True	True	True	0	float32	float32
2lzmA	N144D	143	center_neighbor_weight_check_w_m	scalar	scalar	True	True	True	0	float32	float32
2lzmA	N144D	143	neighbor_embedding_change_m_w	scalar	scalar	True	True	True	0	float32	float32
2lzmA	N144D	143	neighbor_embedding_change_m_w_raw	15x128	15x128	True	True	True	0	float32	float32
2lzmA	N144D	143	neighbor_message_change_m_w	scalar	scalar	True	True	True	0	float32	float32
2lzmA	N144D	143	neighbor_message_change_m_w_raw	15x128x1	15x128x1	True	True	True	0	float32	float32
2lzmA	N144D	143	unweighted_backward_KL	scalar	scalar	True	True	True	0	float32	float32
2lzmA	N144D	143	unweighted_forward_KL	scalar	scalar	True	True	True	0	float32	float32
2lzmA	N144D	143	wild_pssm	scalar	scalar	True	True	True	0	float64	float64
2lzmA	N144D	143	alternate_pssm	scalar	scalar	True	True	True	0	float64	float64
2lzmA	K147E	146	center_mut_wild_energy	scalar	scalar	True	True	True	0	float64	float32
2lzmA	K147E	146	center_mut_max_energy	scalar	scalar	True	True	True	0	float64	float32
2lzmA	K147E	146	center_entropy	scalar	scalar	True	True	True	0	float64	float32
2lzmA	K147E	146	weighted_neighbor_entropies	scalar	scalar	True	False	True	1.19209289551e-07	float32	float32
2lzmA	K147E	146	weighted_neighbor_energy_changes	scalar	scalar	True	False	True	6.6277889843e-09	float64	float32
2lzmA	K147E	146	backward_weighted_neighbor_energy_changes	scalar	scalar	True	False	True	1.02770144395e-07	float64	float32
2lzmA	K147E	146	V2_backward_weighted_neighbor_energy_changes	scalar	scalar	True	False	True	1.93625488976e-07	float64	float32
2lzmA	K147E	146	weighted_neighbor_forward_KL	scalar	scalar	True	True	True	0	float32	float32
2lzmA	K147E	146	weighted_neighbor_backward_KL	scalar	scalar	True	True	True	0	float32	float32
2lzmA	K147E	146	backward_weighted_neighbor_backward_KL	scalar	scalar	True	True	True	0	float32	float32
2lzmA	K147E	146	V2_backward_weighted_neighbor_backward_KL	scalar	scalar	True	True	True	0	float32	float32
2lzmA	K147E	146	weighted_neighbor_entropy_changes	scalar	scalar	True	True	True	0	float32	float32
2lzmA	K147E	146	backward_weighted_neighbor_entropy_changes	scalar	scalar	True	True	True	0	float32	float32
2lzmA	K147E	146	V2_backward_weighted_neighbor_entropy_changes	scalar	scalar	True	True	True	0	float32	float32
2lzmA	K147E	146	center_neighbor_weight_check_m_w	scalar	scalar	True	True	True	0	float32	float32
2lzmA	K147E	146	center_neighbor_weight_check_w_m	scalar	scalar	True	True	True	0	float32	float32
2lzmA	K147E	146	neighbor_embedding_change_m_w	scalar	scalar	True	True	True	0	float32	float32
2lzmA	K147E	146	neighbor_embedding_change_m_w_raw	15x128	15x128	True	True	True	0	float32	float32
2lzmA	K147E	146	neighbor_message_change_m_w	scalar	scalar	True	True	True	0	float32	float32
2lzmA	K147E	146	neighbor_message_change_m_w_raw	15x128x1	15x128x1	True	True	True	0	float32	float32
2lzmA	K147E	146	unweighted_backward_KL	scalar	scalar	True	True	True	0	float32	float32
2lzmA	K147E	146	unweighted_forward_KL	scalar	scalar	True	True	True	0	float32	float32
2lzmA	K147E	146	wild_pssm	scalar	scalar	True	True	True	0	float64	float64
2lzmA	K147E	146	alternate_pssm	scalar	scalar	True	True	True	0	float64	float64
2lzmA	V149C	148	center_mut_wild_energy	scalar	scalar	True	False	True	1.78813934326e-07	float64	float32
2lzmA	V149C	148	center_mut_max_energy	scalar	scalar	True	False	True	1.78813934326e-07	float64	float32
2lzmA	V149C	148	center_entropy	scalar	scalar	True	True	True	0	float64	float32
2lzmA	V149C	148	weighted_neighbor_entropies	scalar	scalar	True	True	True	0	float32	float32
2lzmA	V149C	148	weighted_neighbor_energy_changes	scalar	scalar	True	False	True	1.34274488417e-07	float64	float32
2lzmA	V149C	148	backward_weighted_neighbor_energy_changes	scalar	scalar	True	False	True	3.2453990606e-07	float64	float32
2lzmA	V149C	148	V2_backward_weighted_neighbor_energy_changes	scalar	scalar	True	False	True	4.80706123795e-08	float64	float32
2lzmA	V149C	148	weighted_neighbor_forward_KL	scalar	scalar	True	True	True	0	float32	float32
2lzmA	V149C	148	weighted_neighbor_backward_KL	scalar	scalar	True	True	True	0	float32	float32
2lzmA	V149C	148	backward_weighted_neighbor_backward_KL	scalar	scalar	True	True	True	0	float32	float32
2lzmA	V149C	148	V2_backward_weighted_neighbor_backward_KL	scalar	scalar	True	True	True	0	float32	float32
2lzmA	V149C	148	weighted_neighbor_entropy_changes	scalar	scalar	True	True	True	0	float32	float32
2lzmA	V149C	148	backward_weighted_neighbor_entropy_changes	scalar	scalar	True	True	True	0	float32	float32
2lzmA	V149C	148	V2_backward_weighted_neighbor_entropy_changes	scalar	scalar	True	True	True	0	float32	float32
2lzmA	V149C	148	center_neighbor_weight_check_m_w	scalar	scalar	True	True	True	0	float32	float32
2lzmA	V149C	148	center_neighbor_weight_check_w_m	scalar	scalar	True	True	True	0	float32	float32
2lzmA	V149C	148	neighbor_embedding_change_m_w	scalar	scalar	True	True	True	0	float32	float32
2lzmA	V149C	148	neighbor_embedding_change_m_w_raw	15x128	15x128	True	True	True	0	float32	float32
2lzmA	V149C	148	neighbor_message_change_m_w	scalar	scalar	True	True	True	0	float32	float32
2lzmA	V149C	148	neighbor_message_change_m_w_raw	15x128x1	15x128x1	True	True	True	0	float32	float32
2lzmA	V149C	148	unweighted_backward_KL	scalar	scalar	True	True	True	0	float32	float32
2lzmA	V149C	148	unweighted_forward_KL	scalar	scalar	True	True	True	0	float32	float32
2lzmA	V149C	148	wild_pssm	scalar	scalar	True	True	True	0	float64	float64
2lzmA	V149C	148	alternate_pssm	scalar	scalar	True	True	True	0	float64	float64
2lzmA	T152S	151	center_mut_wild_energy	scalar	scalar	True	False	True	1.78813934326e-07	float64	float32
2lzmA	T152S	151	center_mut_max_energy	scalar	scalar	True	False	True	1.78813934326e-07	float64	float32
2lzmA	T152S	151	center_entropy	scalar	scalar	True	True	True	0	float64	float32
2lzmA	T152S	151	weighted_neighbor_entropies	scalar	scalar	True	False	True	4.76837158203e-07	float32	float32
2lzmA	T152S	151	weighted_neighbor_energy_changes	scalar	scalar	True	False	True	6.2021581293e-07	float64	float32
2lzmA	T152S	151	backward_weighted_neighbor_energy_changes	scalar	scalar	True	False	True	2.09930689721e-07	float64	float32
2lzmA	T152S	151	V2_backward_weighted_neighbor_energy_changes	scalar	scalar	True	False	True	2.69935533481e-07	float64	float32
2lzmA	T152S	151	weighted_neighbor_forward_KL	scalar	scalar	True	True	True	0	float32	float32
2lzmA	T152S	151	weighted_neighbor_backward_KL	scalar	scalar	True	True	True	0	float32	float32
2lzmA	T152S	151	backward_weighted_neighbor_backward_KL	scalar	scalar	True	True	True	0	float32	float32
2lzmA	T152S	151	V2_backward_weighted_neighbor_backward_KL	scalar	scalar	True	True	True	0	float32	float32
2lzmA	T152S	151	weighted_neighbor_entropy_changes	scalar	scalar	True	True	True	0	float32	float32
2lzmA	T152S	151	backward_weighted_neighbor_entropy_changes	scalar	scalar	True	True	True	0	float32	float32
2lzmA	T152S	151	V2_backward_weighted_neighbor_entropy_changes	scalar	scalar	True	True	True	0	float32	float32
2lzmA	T152S	151	center_neighbor_weight_check_m_w	scalar	scalar	True	True	True	0	float32	float32
2lzmA	T152S	151	center_neighbor_weight_check_w_m	scalar	scalar	True	True	True	0	float32	float32
2lzmA	T152S	151	neighbor_embedding_change_m_w	scalar	scalar	True	True	True	0	float32	float32
2lzmA	T152S	151	neighbor_embedding_change_m_w_raw	15x128	15x128	True	True	True	0	float32	float32
2lzmA	T152S	151	neighbor_message_change_m_w	scalar	scalar	True	True	True	0	float32	float32
2lzmA	T152S	151	neighbor_message_change_m_w_raw	15x128x1	15x128x1	True	True	True	0	float32	float32
2lzmA	T152S	151	unweighted_backward_KL	scalar	scalar	True	True	True	0	float32	float32
2lzmA	T152S	151	unweighted_forward_KL	scalar	scalar	True	True	True	0	float32	float32
2lzmA	T152S	151	wild_pssm	scalar	scalar	True	True	True	0	float64	float64
2lzmA	T152S	151	alternate_pssm	scalar	scalar	True	True	True	0	float64	float64
2lzmA	R154E	153	center_mut_wild_energy	scalar	scalar	True	True	True	0	float64	float32
2lzmA	R154E	153	center_mut_max_energy	scalar	scalar	True	True	True	0	float64	float32
2lzmA	R154E	153	center_entropy	scalar	scalar	True	True	True	0	float64	float32
2lzmA	R154E	153	weighted_neighbor_entropies	scalar	scalar	True	False	True	2.38418579102e-07	float32	float32
2lzmA	R154E	153	weighted_neighbor_energy_changes	scalar	scalar	True	False	True	4.72828318721e-08	float64	float32
2lzmA	R154E	153	backward_weighted_neighbor_energy_changes	scalar	scalar	True	False	True	2.08569622728e-06	float64	float32
2lzmA	R154E	153	V2_backward_weighted_neighbor_energy_changes	scalar	scalar	True	False	True	2.13142370242e-06	float64	float32
2lzmA	R154E	153	weighted_neighbor_forward_KL	scalar	scalar	True	True	True	0	float32	float32
2lzmA	R154E	153	weighted_neighbor_backward_KL	scalar	scalar	True	True	True	0	float32	float32
2lzmA	R154E	153	backward_weighted_neighbor_backward_KL	scalar	scalar	True	True	True	0	float32	float32
2lzmA	R154E	153	V2_backward_weighted_neighbor_backward_KL	scalar	scalar	True	True	True	0	float32	float32
2lzmA	R154E	153	weighted_neighbor_entropy_changes	scalar	scalar	True	True	True	0	float32	float32
2lzmA	R154E	153	backward_weighted_neighbor_entropy_changes	scalar	scalar	True	True	True	0	float32	float32
2lzmA	R154E	153	V2_backward_weighted_neighbor_entropy_changes	scalar	scalar	True	True	True	0	float32	float32
2lzmA	R154E	153	center_neighbor_weight_check_m_w	scalar	scalar	True	True	True	0	float32	float32
2lzmA	R154E	153	center_neighbor_weight_check_w_m	scalar	scalar	True	True	True	0	float32	float32
2lzmA	R154E	153	neighbor_embedding_change_m_w	scalar	scalar	True	True	True	0	float32	float32
2lzmA	R154E	153	neighbor_embedding_change_m_w_raw	15x128	15x128	True	True	True	0	float32	float32
2lzmA	R154E	153	neighbor_message_change_m_w	scalar	scalar	True	True	True	0	float32	float32
2lzmA	R154E	153	neighbor_message_change_m_w_raw	15x128x1	15x128x1	True	True	True	0	float32	float32
2lzmA	R154E	153	unweighted_backward_KL	scalar	scalar	True	True	True	0	float32	float32
2lzmA	R154E	153	unweighted_forward_KL	scalar	scalar	True	True	True	0	float32	float32
2lzmA	R154E	153	wild_pssm	scalar	scalar	True	True	True	0	float64	float64
2lzmA	R154E	153	alternate_pssm	scalar	scalar	True	True	True	0	float64	float64
2lzmA	G156D	155	center_mut_wild_energy	scalar	scalar	True	False	True	1.63912773132e-07	float64	float32
2lzmA	G156D	155	center_mut_max_energy	scalar	scalar	True	False	True	1.63912773132e-07	float64	float32
2lzmA	G156D	155	center_entropy	scalar	scalar	True	True	True	0	float64	float32
2lzmA	G156D	155	weighted_neighbor_entropies	scalar	scalar	True	True	True	0	float32	float32
2lzmA	G156D	155	weighted_neighbor_energy_changes	scalar	scalar	True	False	True	8.53430567105e-07	float64	float32
2lzmA	G156D	155	backward_weighted_neighbor_energy_changes	scalar	scalar	True	False	True	2.29463370971e-06	float64	float32
2lzmA	G156D	155	V2_backward_weighted_neighbor_energy_changes	scalar	scalar	True	False	True	1.17943493194e-07	float64	float32
2lzmA	G156D	155	weighted_neighbor_forward_KL	scalar	scalar	True	True	True	0	float32	float32
2lzmA	G156D	155	weighted_neighbor_backward_KL	scalar	scalar	True	True	True	0	float32	float32
2lzmA	G156D	155	backward_weighted_neighbor_backward_KL	scalar	scalar	True	True	True	0	float32	float32
2lzmA	G156D	155	V2_backward_weighted_neighbor_backward_KL	scalar	scalar	True	True	True	0	float32	float32
2lzmA	G156D	155	weighted_neighbor_entropy_changes	scalar	scalar	True	True	True	0	float32	float32
2lzmA	G156D	155	backward_weighted_neighbor_entropy_changes	scalar	scalar	True	True	True	0	float32	float32
2lzmA	G156D	155	V2_backward_weighted_neighbor_entropy_changes	scalar	scalar	True	True	True	0	float32	float32
2lzmA	G156D	155	center_neighbor_weight_check_m_w	scalar	scalar	True	True	True	0	float32	float32
2lzmA	G156D	155	center_neighbor_weight_check_w_m	scalar	scalar	True	True	True	0	float32	float32
2lzmA	G156D	155	neighbor_embedding_change_m_w	scalar	scalar	True	True	True	0	float32	float32
2lzmA	G156D	155	neighbor_embedding_change_m_w_raw	15x128	15x128	True	True	True	0	float32	float32
2lzmA	G156D	155	neighbor_message_change_m_w	scalar	scalar	True	True	True	0	float32	float32
2lzmA	G156D	155	neighbor_message_change_m_w_raw	15x128x1	15x128x1	True	True	True	0	float32	float32
2lzmA	G156D	155	unweighted_backward_KL	scalar	scalar	True	True	True	0	float32	float32
2lzmA	G156D	155	unweighted_forward_KL	scalar	scalar	True	True	True	0	float32	float32
2lzmA	G156D	155	wild_pssm	scalar	scalar	True	True	True	0	float64	float64
2lzmA	G156D	155	alternate_pssm	scalar	scalar	True	True	True	0	float64	float64
2lzmA	T157A	156	center_mut_wild_energy	scalar	scalar	True	False	True	8.94069671631e-08	float64	float32
2lzmA	T157A	156	center_mut_max_energy	scalar	scalar	True	False	True	8.94069671631e-08	float64	float32
2lzmA	T157A	156	center_entropy	scalar	scalar	True	True	True	0	float64	float32
2lzmA	T157A	156	weighted_neighbor_entropies	scalar	scalar	True	True	True	0	float32	float32
2lzmA	T157A	156	weighted_neighbor_energy_changes	scalar	scalar	True	False	True	1.20790354163e-07	float64	float32
2lzmA	T157A	156	backward_weighted_neighbor_energy_changes	scalar	scalar	True	False	True	1.54686206955e-07	float64	float32
2lzmA	T157A	156	V2_backward_weighted_neighbor_energy_changes	scalar	scalar	True	False	True	6.21865088313e-08	float64	float32
2lzmA	T157A	156	weighted_neighbor_forward_KL	scalar	scalar	True	True	True	0	float32	float32
2lzmA	T157A	156	weighted_neighbor_backward_KL	scalar	scalar	True	True	True	0	float32	float32
2lzmA	T157A	156	backward_weighted_neighbor_backward_KL	scalar	scalar	True	True	True	0	float32	float32
2lzmA	T157A	156	V2_backward_weighted_neighbor_backward_KL	scalar	scalar	True	True	True	0	float32	float32
2lzmA	T157A	156	weighted_neighbor_entropy_changes	scalar	scalar	True	True	True	0	float32	float32
2lzmA	T157A	156	backward_weighted_neighbor_entropy_changes	scalar	scalar	True	True	True	0	float32	float32
2lzmA	T157A	156	V2_backward_weighted_neighbor_entropy_changes	scalar	scalar	True	True	True	0	float32	float32
2lzmA	T157A	156	center_neighbor_weight_check_m_w	scalar	scalar	True	True	True	0	float32	float32
2lzmA	T157A	156	center_neighbor_weight_check_w_m	scalar	scalar	True	True	True	0	float32	float32
2lzmA	T157A	156	neighbor_embedding_change_m_w	scalar	scalar	True	True	True	0	float32	float32
2lzmA	T157A	156	neighbor_embedding_change_m_w_raw	15x128	15x128	True	True	True	0	float32	float32
2lzmA	T157A	156	neighbor_message_change_m_w	scalar	scalar	True	True	True	0	float32	float32
2lzmA	T157A	156	neighbor_message_change_m_w_raw	15x128x1	15x128x1	True	True	True	0	float32	float32
2lzmA	T157A	156	unweighted_backward_KL	scalar	scalar	True	True	True	0	float32	float32
2lzmA	T157A	156	unweighted_forward_KL	scalar	scalar	True	True	True	0	float32	float32
2lzmA	T157A	156	wild_pssm	scalar	scalar	True	True	True	0	float64	float64
2lzmA	T157A	156	alternate_pssm	scalar	scalar	True	True	True	0	float64	float64
2lzmA	T157C	156	center_mut_wild_energy	scalar	scalar	True	False	True	1.19209289551e-07	float64	float32
2lzmA	T157C	156	center_mut_max_energy	scalar	scalar	True	False	True	1.19209289551e-07	float64	float32
2lzmA	T157C	156	center_entropy	scalar	scalar	True	True	True	0	float64	float32
2lzmA	T157C	156	weighted_neighbor_entropies	scalar	scalar	True	False	True	2.38418579102e-07	float32	float32
2lzmA	T157C	156	weighted_neighbor_energy_changes	scalar	scalar	True	False	True	2.10244328613e-07	float64	float32
2lzmA	T157C	156	backward_weighted_neighbor_energy_changes	scalar	scalar	True	True	True	0	float64	float64
2lzmA	T157C	156	V2_backward_weighted_neighbor_energy_changes	scalar	scalar	True	True	True	0	float64	float64
2lzmA	T157C	156	weighted_neighbor_forward_KL	scalar	scalar	True	True	True	0	float32	float32
2lzmA	T157C	156	weighted_neighbor_backward_KL	scalar	scalar	True	True	True	0	float32	float32
2lzmA	T157C	156	backward_weighted_neighbor_backward_KL	scalar	scalar	True	True	True	0	float64	float64
2lzmA	T157C	156	V2_backward_weighted_neighbor_backward_KL	scalar	scalar	True	True	True	0	float64	float64
2lzmA	T157C	156	weighted_neighbor_entropy_changes	scalar	scalar	True	True	True	0	float32	float32
2lzmA	T157C	156	backward_weighted_neighbor_entropy_changes	scalar	scalar	True	True	True	0	float64	float64
2lzmA	T157C	156	V2_backward_weighted_neighbor_entropy_changes	scalar	scalar	True	True	True	0	float64	float64
2lzmA	T157C	156	center_neighbor_weight_check_m_w	scalar	scalar	True	True	True	0	float64	float64
2lzmA	T157C	156	center_neighbor_weight_check_w_m	scalar	scalar	True	True	True	0	float64	float64
2lzmA	T157C	156	neighbor_embedding_change_m_w	scalar	scalar	True	True	True	0	float32	float32
2lzmA	T157C	156	neighbor_embedding_change_m_w_raw	15x128	15x128	True	True	True	0	float32	float32
2lzmA	T157C	156	neighbor_message_change_m_w	scalar	scalar	True	False	True	1.04308128357e-07	float64	float64
2lzmA	T157C	156	neighbor_message_change_m_w_raw	15x128x1	15x128x1	True	True	True	0	float64	float64
2lzmA	T157C	156	unweighted_backward_KL	scalar	scalar	True	True	True	0	float32	float32
2lzmA	T157C	156	unweighted_forward_KL	scalar	scalar	True	True	True	0	float32	float32
2lzmA	T157C	156	wild_pssm	scalar	scalar	True	True	True	0	float64	float64
2lzmA	T157C	156	alternate_pssm	scalar	scalar	True	True	True	0	float64	float64
2lzmA	T157D	156	center_mut_wild_energy	scalar	scalar	True	True	True	0	float64	float32
2lzmA	T157D	156	center_mut_max_energy	scalar	scalar	True	True	True	0	float64	float32
2lzmA	T157D	156	center_entropy	scalar	scalar	True	True	True	0	float64	float32
2lzmA	T157D	156	weighted_neighbor_entropies	scalar	scalar	True	False	True	3.57627868652e-07	float32	float32
2lzmA	T157D	156	weighted_neighbor_energy_changes	scalar	scalar	True	False	True	1.77562650805e-07	float64	float32
2lzmA	T157D	156	backward_weighted_neighbor_energy_changes	scalar	scalar	True	False	True	1.87980161925e-06	float64	float32
2lzmA	T157D	156	V2_backward_weighted_neighbor_energy_changes	scalar	scalar	True	False	True	1.14648133831e-06	float64	float32
2lzmA	T157D	156	weighted_neighbor_forward_KL	scalar	scalar	True	True	True	0	float32	float32
2lzmA	T157D	156	weighted_neighbor_backward_KL	scalar	scalar	True	True	True	0	float32	float32
2lzmA	T157D	156	backward_weighted_neighbor_backward_KL	scalar	scalar	True	True	True	0	float32	float32
2lzmA	T157D	156	V2_backward_weighted_neighbor_backward_KL	scalar	scalar	True	True	True	0	float32	float32
2lzmA	T157D	156	weighted_neighbor_entropy_changes	scalar	scalar	True	True	True	0	float32	float32
2lzmA	T157D	156	backward_weighted_neighbor_entropy_changes	scalar	scalar	True	True	True	0	float32	float32
2lzmA	T157D	156	V2_backward_weighted_neighbor_entropy_changes	scalar	scalar	True	True	True	0	float32	float32
2lzmA	T157D	156	center_neighbor_weight_check_m_w	scalar	scalar	True	True	True	0	float32	float32
2lzmA	T157D	156	center_neighbor_weight_check_w_m	scalar	scalar	True	True	True	0	float32	float32
2lzmA	T157D	156	neighbor_embedding_change_m_w	scalar	scalar	True	True	True	0	float32	float32
2lzmA	T157D	156	neighbor_embedding_change_m_w_raw	15x128	15x128	True	True	True	0	float32	float32
2lzmA	T157D	156	neighbor_message_change_m_w	scalar	scalar	True	True	True	0	float32	float32
2lzmA	T157D	156	neighbor_message_change_m_w_raw	15x128x1	15x128x1	True	True	True	0	float32	float32
2lzmA	T157D	156	unweighted_backward_KL	scalar	scalar	True	True	True	0	float32	float32
2lzmA	T157D	156	unweighted_forward_KL	scalar	scalar	True	True	True	0	float32	float32
2lzmA	T157D	156	wild_pssm	scalar	scalar	True	True	True	0	float64	float64
2lzmA	T157D	156	alternate_pssm	scalar	scalar	True	True	True	0	float64	float64
2lzmA	T157E	156	center_mut_wild_energy	scalar	scalar	True	False	True	2.98023223877e-08	float64	float32
2lzmA	T157E	156	center_mut_max_energy	scalar	scalar	True	False	True	2.98023223877e-08	float64	float32
2lzmA	T157E	156	center_entropy	scalar	scalar	True	True	True	0	float64	float32
2lzmA	T157E	156	weighted_neighbor_entropies	scalar	scalar	True	False	True	2.38418579102e-07	float32	float32
2lzmA	T157E	156	weighted_neighbor_energy_changes	scalar	scalar	True	False	True	6.80920289042e-08	float64	float32
2lzmA	T157E	156	backward_weighted_neighbor_energy_changes	scalar	scalar	True	True	True	0	float64	float64
2lzmA	T157E	156	V2_backward_weighted_neighbor_energy_changes	scalar	scalar	True	True	True	0	float64	float64
2lzmA	T157E	156	weighted_neighbor_forward_KL	scalar	scalar	True	True	True	0	float32	float32
2lzmA	T157E	156	weighted_neighbor_backward_KL	scalar	scalar	True	True	True	0	float32	float32
2lzmA	T157E	156	backward_weighted_neighbor_backward_KL	scalar	scalar	True	True	True	0	float64	float64
2lzmA	T157E	156	V2_backward_weighted_neighbor_backward_KL	scalar	scalar	True	True	True	0	float64	float64
2lzmA	T157E	156	weighted_neighbor_entropy_changes	scalar	scalar	True	True	True	0	float32	float32
2lzmA	T157E	156	backward_weighted_neighbor_entropy_changes	scalar	scalar	True	True	True	0	float64	float64
2lzmA	T157E	156	V2_backward_weighted_neighbor_entropy_changes	scalar	scalar	True	True	True	0	float64	float64
2lzmA	T157E	156	center_neighbor_weight_check_m_w	scalar	scalar	True	True	True	0	float64	float64
2lzmA	T157E	156	center_neighbor_weight_check_w_m	scalar	scalar	True	True	True	0	float64	float64
2lzmA	T157E	156	neighbor_embedding_change_m_w	scalar	scalar	True	True	True	0	float32	float32
2lzmA	T157E	156	neighbor_embedding_change_m_w_raw	15x128	15x128	True	True	True	0	float32	float32
2lzmA	T157E	156	neighbor_message_change_m_w	scalar	scalar	True	False	True	5.96046447754e-08	float64	float64
2lzmA	T157E	156	neighbor_message_change_m_w_raw	15x128x1	15x128x1	True	True	True	0	float64	float64
2lzmA	T157E	156	unweighted_backward_KL	scalar	scalar	True	True	True	0	float32	float32
2lzmA	T157E	156	unweighted_forward_KL	scalar	scalar	True	True	True	0	float32	float32
2lzmA	T157E	156	wild_pssm	scalar	scalar	True	True	True	0	float64	float64
2lzmA	T157E	156	alternate_pssm	scalar	scalar	True	True	True	0	float64	float64
2lzmA	T157F	156	center_mut_wild_energy	scalar	scalar	True	False	True	1.78813934326e-07	float64	float32
2lzmA	T157F	156	center_mut_max_energy	scalar	scalar	True	False	True	1.78813934326e-07	float64	float32
2lzmA	T157F	156	center_entropy	scalar	scalar	True	True	True	0	float64	float32
2lzmA	T157F	156	weighted_neighbor_entropies	scalar	scalar	True	True	True	0	float32	float32
2lzmA	T157F	156	weighted_neighbor_energy_changes	scalar	scalar	True	False	True	9.23748357806e-07	float64	float32
2lzmA	T157F	156	backward_weighted_neighbor_energy_changes	scalar	scalar	True	True	True	0	float64	float64
2lzmA	T157F	156	V2_backward_weighted_neighbor_energy_changes	scalar	scalar	True	True	True	0	float64	float64
2lzmA	T157F	156	weighted_neighbor_forward_KL	scalar	scalar	True	True	True	0	float32	float32
2lzmA	T157F	156	weighted_neighbor_backward_KL	scalar	scalar	True	True	True	0	float32	float32
2lzmA	T157F	156	backward_weighted_neighbor_backward_KL	scalar	scalar	True	True	True	0	float64	float64
2lzmA	T157F	156	V2_backward_weighted_neighbor_backward_KL	scalar	scalar	True	True	True	0	float64	float64
2lzmA	T157F	156	weighted_neighbor_entropy_changes	scalar	scalar	True	True	True	0	float32	float32
2lzmA	T157F	156	backward_weighted_neighbor_entropy_changes	scalar	scalar	True	True	True	0	float64	float64
2lzmA	T157F	156	V2_backward_weighted_neighbor_entropy_changes	scalar	scalar	True	True	True	0	float64	float64
2lzmA	T157F	156	center_neighbor_weight_check_m_w	scalar	scalar	True	True	True	0	float64	float64
2lzmA	T157F	156	center_neighbor_weight_check_w_m	scalar	scalar	True	True	True	0	float64	float64
2lzmA	T157F	156	neighbor_embedding_change_m_w	scalar	scalar	True	True	True	0	float32	float32
2lzmA	T157F	156	neighbor_embedding_change_m_w_raw	15x128	15x128	True	True	True	0	float32	float32
2lzmA	T157F	156	neighbor_message_change_m_w	scalar	scalar	True	False	True	8.94069671631e-08	float64	float64
2lzmA	T157F	156	neighbor_message_change_m_w_raw	15x128x1	15x128x1	True	True	True	0	float64	float64
2lzmA	T157F	156	unweighted_backward_KL	scalar	scalar	True	True	True	0	float32	float32
2lzmA	T157F	156	unweighted_forward_KL	scalar	scalar	True	True	True	0	float32	float32
2lzmA	T157F	156	wild_pssm	scalar	scalar	True	True	True	0	float64	float64
2lzmA	T157F	156	alternate_pssm	scalar	scalar	True	True	True	0	float64	float64
2lzmA	T157G	156	center_mut_wild_energy	scalar	scalar	True	False	True	8.94069671631e-08	float64	float32
2lzmA	T157G	156	center_mut_max_energy	scalar	scalar	True	False	True	8.94069671631e-08	float64	float32
2lzmA	T157G	156	center_entropy	scalar	scalar	True	True	True	0	float64	float32
2lzmA	T157G	156	weighted_neighbor_entropies	scalar	scalar	True	False	True	1.19209289551e-07	float32	float32
2lzmA	T157G	156	weighted_neighbor_energy_changes	scalar	scalar	True	False	True	3.46974456278e-07	float64	float32
2lzmA	T157G	156	backward_weighted_neighbor_energy_changes	scalar	scalar	True	True	True	0	float64	float64
2lzmA	T157G	156	V2_backward_weighted_neighbor_energy_changes	scalar	scalar	True	True	True	0	float64	float64
2lzmA	T157G	156	weighted_neighbor_forward_KL	scalar	scalar	True	True	True	0	float32	float32
2lzmA	T157G	156	weighted_neighbor_backward_KL	scalar	scalar	True	True	True	0	float32	float32
2lzmA	T157G	156	backward_weighted_neighbor_backward_KL	scalar	scalar	True	True	True	0	float64	float64
2lzmA	T157G	156	V2_backward_weighted_neighbor_backward_KL	scalar	scalar	True	True	True	0	float64	float64
2lzmA	T157G	156	weighted_neighbor_entropy_changes	scalar	scalar	True	True	True	0	float32	float32
2lzmA	T157G	156	backward_weighted_neighbor_entropy_changes	scalar	scalar	True	True	True	0	float64	float64
2lzmA	T157G	156	V2_backward_weighted_neighbor_entropy_changes	scalar	scalar	True	True	True	0	float64	float64
2lzmA	T157G	156	center_neighbor_weight_check_m_w	scalar	scalar	True	True	True	0	float64	float64
2lzmA	T157G	156	center_neighbor_weight_check_w_m	scalar	scalar	True	True	True	0	float64	float64
2lzmA	T157G	156	neighbor_embedding_change_m_w	scalar	scalar	True	True	True	0	float32	float32
2lzmA	T157G	156	neighbor_embedding_change_m_w_raw	15x128	15x128	True	True	True	0	float32	float32
2lzmA	T157G	156	neighbor_message_change_m_w	scalar	scalar	True	False	True	3.72529029846e-09	float64	float64
2lzmA	T157G	156	neighbor_message_change_m_w_raw	15x128x1	15x128x1	True	True	True	0	float64	float64
2lzmA	T157G	156	unweighted_backward_KL	scalar	scalar	True	True	True	0	float32	float32
2lzmA	T157G	156	unweighted_forward_KL	scalar	scalar	True	True	True	0	float32	float32
2lzmA	T157G	156	wild_pssm	scalar	scalar	True	True	True	0	float64	float64
2lzmA	T157G	156	alternate_pssm	scalar	scalar	True	True	True	0	float64	float64
2lzmA	T157H	156	center_mut_wild_energy	scalar	scalar	True	False	True	1.19209289551e-07	float64	float32
2lzmA	T157H	156	center_mut_max_energy	scalar	scalar	True	False	True	1.19209289551e-07	float64	float32
2lzmA	T157H	156	center_entropy	scalar	scalar	True	True	True	0	float64	float32
2lzmA	T157H	156	weighted_neighbor_entropies	scalar	scalar	True	False	True	2.38418579102e-07	float32	float32
2lzmA	T157H	156	weighted_neighbor_energy_changes	scalar	scalar	True	False	True	7.90760559255e-08	float64	float32
2lzmA	T157H	156	backward_weighted_neighbor_energy_changes	scalar	scalar	True	True	True	0	float64	float64
2lzmA	T157H	156	V2_backward_weighted_neighbor_energy_changes	scalar	scalar	True	True	True	0	float64	float64
2lzmA	T157H	156	weighted_neighbor_forward_KL	scalar	scalar	True	True	True	0	float32	float32
2lzmA	T157H	156	weighted_neighbor_backward_KL	scalar	scalar	True	True	True	0	float32	float32
2lzmA	T157H	156	backward_weighted_neighbor_backward_KL	scalar	scalar	True	True	True	0	float64	float64
2lzmA	T157H	156	V2_backward_weighted_neighbor_backward_KL	scalar	scalar	True	True	True	0	float64	float64
2lzmA	T157H	156	weighted_neighbor_entropy_changes	scalar	scalar	True	True	True	0	float32	float32
2lzmA	T157H	156	backward_weighted_neighbor_entropy_changes	scalar	scalar	True	True	True	0	float64	float64
2lzmA	T157H	156	V2_backward_weighted_neighbor_entropy_changes	scalar	scalar	True	True	True	0	float64	float64
2lzmA	T157H	156	center_neighbor_weight_check_m_w	scalar	scalar	True	True	True	0	float64	float64
2lzmA	T157H	156	center_neighbor_weight_check_w_m	scalar	scalar	True	True	True	0	float64	float64
2lzmA	T157H	156	neighbor_embedding_change_m_w	scalar	scalar	True	True	True	0	float32	float32
2lzmA	T157H	156	neighbor_embedding_change_m_w_raw	15x128	15x128	True	True	True	0	float32	float32
2lzmA	T157H	156	neighbor_message_change_m_w	scalar	scalar	True	False	True	4.47034835815e-08	float64	float64
2lzmA	T157H	156	neighbor_message_change_m_w_raw	15x128x1	15x128x1	True	True	True	0	float64	float64
2lzmA	T157H	156	unweighted_backward_KL	scalar	scalar	True	True	True	0	float32	float32
2lzmA	T157H	156	unweighted_forward_KL	scalar	scalar	True	True	True	0	float32	float32
2lzmA	T157H	156	wild_pssm	scalar	scalar	True	True	True	0	float64	float64
2lzmA	T157H	156	alternate_pssm	scalar	scalar	True	True	True	0	float64	float64
2lzmA	T157I	156	center_mut_wild_energy	scalar	scalar	True	True	True	0	float64	float32
2lzmA	T157I	156	center_mut_max_energy	scalar	scalar	True	True	True	0	float64	float32
2lzmA	T157I	156	center_entropy	scalar	scalar	True	True	True	0	float64	float32
2lzmA	T157I	156	weighted_neighbor_entropies	scalar	scalar	True	True	True	0	float32	float32
2lzmA	T157I	156	weighted_neighbor_energy_changes	scalar	scalar	True	False	True	1.20889023236e-08	float64	float32
2lzmA	T157I	156	backward_weighted_neighbor_energy_changes	scalar	scalar	True	True	True	0	float64	float64
2lzmA	T157I	156	V2_backward_weighted_neighbor_energy_changes	scalar	scalar	True	True	True	0	float64	float64
2lzmA	T157I	156	weighted_neighbor_forward_KL	scalar	scalar	True	True	True	0	float32	float32
2lzmA	T157I	156	weighted_neighbor_backward_KL	scalar	scalar	True	True	True	0	float32	float32
2lzmA	T157I	156	backward_weighted_neighbor_backward_KL	scalar	scalar	True	True	True	0	float64	float64
2lzmA	T157I	156	V2_backward_weighted_neighbor_backward_KL	scalar	scalar	True	True	True	0	float64	float64
2lzmA	T157I	156	weighted_neighbor_entropy_changes	scalar	scalar	True	True	True	0	float32	float32
2lzmA	T157I	156	backward_weighted_neighbor_entropy_changes	scalar	scalar	True	True	True	0	float64	float64
2lzmA	T157I	156	V2_backward_weighted_neighbor_entropy_changes	scalar	scalar	True	True	True	0	float64	float64
2lzmA	T157I	156	center_neighbor_weight_check_m_w	scalar	scalar	True	True	True	0	float64	float64
2lzmA	T157I	156	center_neighbor_weight_check_w_m	scalar	scalar	True	True	True	0	float64	float64
2lzmA	T157I	156	neighbor_embedding_change_m_w	scalar	scalar	True	True	True	0	float32	float32
2lzmA	T157I	156	neighbor_embedding_change_m_w_raw	15x128	15x128	True	True	True	0	float32	float32
2lzmA	T157I	156	neighbor_message_change_m_w	scalar	scalar	True	False	True	7.45058059692e-09	float64	float64
2lzmA	T157I	156	neighbor_message_change_m_w_raw	15x128x1	15x128x1	True	True	True	0	float64	float64
2lzmA	T157I	156	unweighted_backward_KL	scalar	scalar	True	True	True	0	float32	float32
2lzmA	T157I	156	unweighted_forward_KL	scalar	scalar	True	True	True	0	float32	float32
2lzmA	T157I	156	wild_pssm	scalar	scalar	True	True	True	0	float64	float64
2lzmA	T157I	156	alternate_pssm	scalar	scalar	True	True	True	0	float64	float64
2lzmA	T157L	156	center_mut_wild_energy	scalar	scalar	True	False	True	1.49011611938e-07	float64	float32
2lzmA	T157L	156	center_mut_max_energy	scalar	scalar	True	False	True	1.49011611938e-07	float64	float32
2lzmA	T157L	156	center_entropy	scalar	scalar	True	True	True	0	float64	float32
2lzmA	T157L	156	weighted_neighbor_entropies	scalar	scalar	True	False	True	1.19209289551e-07	float32	float32
2lzmA	T157L	156	weighted_neighbor_energy_changes	scalar	scalar	True	False	True	4.723798952e-08	float64	float32
2lzmA	T157L	156	backward_weighted_neighbor_energy_changes	scalar	scalar	True	True	True	0	float64	float64
2lzmA	T157L	156	V2_backward_weighted_neighbor_energy_changes	scalar	scalar	True	True	True	0	float64	float64
2lzmA	T157L	156	weighted_neighbor_forward_KL	scalar	scalar	True	True	True	0	float32	float32
2lzmA	T157L	156	weighted_neighbor_backward_KL	scalar	scalar	True	True	True	0	float32	float32
2lzmA	T157L	156	backward_weighted_neighbor_backward_KL	scalar	scalar	True	True	True	0	float64	float64
2lzmA	T157L	156	V2_backward_weighted_neighbor_backward_KL	scalar	scalar	True	True	True	0	float64	float64
2lzmA	T157L	156	weighted_neighbor_entropy_changes	scalar	scalar	True	True	True	0	float32	float32
2lzmA	T157L	156	backward_weighted_neighbor_entropy_changes	scalar	scalar	True	True	True	0	float64	float64
2lzmA	T157L	156	V2_backward_weighted_neighbor_entropy_changes	scalar	scalar	True	True	True	0	float64	float64
2lzmA	T157L	156	center_neighbor_weight_check_m_w	scalar	scalar	True	True	True	0	float64	float64
2lzmA	T157L	156	center_neighbor_weight_check_w_m	scalar	scalar	True	True	True	0	float64	float64
2lzmA	T157L	156	neighbor_embedding_change_m_w	scalar	scalar	True	True	True	0	float32	float32
2lzmA	T157L	156	neighbor_embedding_change_m_w_raw	15x128	15x128	True	True	True	0	float32	float32
2lzmA	T157L	156	neighbor_message_change_m_w	scalar	scalar	True	False	True	1.78813934326e-07	float64	float64
2lzmA	T157L	156	neighbor_message_change_m_w_raw	15x128x1	15x128x1	True	True	True	0	float64	float64
2lzmA	T157L	156	unweighted_backward_KL	scalar	scalar	True	True	True	0	float32	float32
2lzmA	T157L	156	unweighted_forward_KL	scalar	scalar	True	True	True	0	float32	float32
2lzmA	T157L	156	wild_pssm	scalar	scalar	True	True	True	0	float64	float64
2lzmA	T157L	156	alternate_pssm	scalar	scalar	True	True	True	0	float64	float64
2lzmA	T157N	156	center_mut_wild_energy	scalar	scalar	True	True	True	0	float64	float32
2lzmA	T157N	156	center_mut_max_energy	scalar	scalar	True	True	True	0	float64	float32
2lzmA	T157N	156	center_entropy	scalar	scalar	True	True	True	0	float64	float32
2lzmA	T157N	156	weighted_neighbor_entropies	scalar	scalar	True	False	True	1.19209289551e-07	float32	float32
2lzmA	T157N	156	weighted_neighbor_energy_changes	scalar	scalar	True	False	True	6.17845055118e-08	float64	float32
2lzmA	T157N	156	backward_weighted_neighbor_energy_changes	scalar	scalar	True	True	True	0	float64	float64
2lzmA	T157N	156	V2_backward_weighted_neighbor_energy_changes	scalar	scalar	True	True	True	0	float64	float64
2lzmA	T157N	156	weighted_neighbor_forward_KL	scalar	scalar	True	True	True	0	float32	float32
2lzmA	T157N	156	weighted_neighbor_backward_KL	scalar	scalar	True	True	True	0	float32	float32
2lzmA	T157N	156	backward_weighted_neighbor_backward_KL	scalar	scalar	True	True	True	0	float64	float64
2lzmA	T157N	156	V2_backward_weighted_neighbor_backward_KL	scalar	scalar	True	True	True	0	float64	float64
2lzmA	T157N	156	weighted_neighbor_entropy_changes	scalar	scalar	True	True	True	0	float32	float32
2lzmA	T157N	156	backward_weighted_neighbor_entropy_changes	scalar	scalar	True	True	True	0	float64	float64
2lzmA	T157N	156	V2_backward_weighted_neighbor_entropy_changes	scalar	scalar	True	True	True	0	float64	float64
2lzmA	T157N	156	center_neighbor_weight_check_m_w	scalar	scalar	True	True	True	0	float64	float64
2lzmA	T157N	156	center_neighbor_weight_check_w_m	scalar	scalar	True	True	True	0	float64	float64
2lzmA	T157N	156	neighbor_embedding_change_m_w	scalar	scalar	True	True	True	0	float32	float32
2lzmA	T157N	156	neighbor_embedding_change_m_w_raw	15x128	15x128	True	True	True	0	float32	float32
2lzmA	T157N	156	neighbor_message_change_m_w	scalar	scalar	True	False	True	5.96046447754e-08	float64	float64
2lzmA	T157N	156	neighbor_message_change_m_w_raw	15x128x1	15x128x1	True	True	True	0	float64	float64
2lzmA	T157N	156	unweighted_backward_KL	scalar	scalar	True	True	True	0	float32	float32
2lzmA	T157N	156	unweighted_forward_KL	scalar	scalar	True	True	True	0	float32	float32
2lzmA	T157N	156	wild_pssm	scalar	scalar	True	True	True	0	float64	float64
2lzmA	T157N	156	alternate_pssm	scalar	scalar	True	True	True	0	float64	float64
2lzmA	T157R	156	center_mut_wild_energy	scalar	scalar	True	False	True	8.94069671631e-08	float64	float32
2lzmA	T157R	156	center_mut_max_energy	scalar	scalar	True	False	True	8.94069671631e-08	float64	float32
2lzmA	T157R	156	center_entropy	scalar	scalar	True	True	True	0	float64	float32
2lzmA	T157R	156	weighted_neighbor_entropies	scalar	scalar	True	False	True	1.19209289551e-07	float32	float32
2lzmA	T157R	156	weighted_neighbor_energy_changes	scalar	scalar	True	False	True	2.4416662292e-07	float64	float32
2lzmA	T157R	156	backward_weighted_neighbor_energy_changes	scalar	scalar	True	False	True	3.84798015673e-08	float64	float32
2lzmA	T157R	156	V2_backward_weighted_neighbor_energy_changes	scalar	scalar	True	False	True	1.63550159193e-07	float64	float32
2lzmA	T157R	156	weighted_neighbor_forward_KL	scalar	scalar	True	True	True	0	float32	float32
2lzmA	T157R	156	weighted_neighbor_backward_KL	scalar	scalar	True	True	True	0	float32	float32
2lzmA	T157R	156	backward_weighted_neighbor_backward_KL	scalar	scalar	True	True	True	0	float32	float32
2lzmA	T157R	156	V2_backward_weighted_neighbor_backward_KL	scalar	scalar	True	True	True	0	float32	float32
2lzmA	T157R	156	weighted_neighbor_entropy_changes	scalar	scalar	True	True	True	0	float32	float32
2lzmA	T157R	156	backward_weighted_neighbor_entropy_changes	scalar	scalar	True	True	True	0	float32	float32
2lzmA	T157R	156	V2_backward_weighted_neighbor_entropy_changes	scalar	scalar	True	True	True	0	float32	float32
2lzmA	T157R	156	center_neighbor_weight_check_m_w	scalar	scalar	True	True	True	0	float32	float32
2lzmA	T157R	156	center_neighbor_weight_check_w_m	scalar	scalar	True	True	True	0	float32	float32
2lzmA	T157R	156	neighbor_embedding_change_m_w	scalar	scalar	True	True	True	0	float32	float32
2lzmA	T157R	156	neighbor_embedding_change_m_w_raw	15x128	15x128	True	True	True	0	float32	float32
2lzmA	T157R	156	neighbor_message_change_m_w	scalar	scalar	True	True	True	0	float32	float32
2lzmA	T157R	156	neighbor_message_change_m_w_raw	15x128x1	15x128x1	True	True	True	0	float32	float32
2lzmA	T157R	156	unweighted_backward_KL	scalar	scalar	True	True	True	0	float32	float32
2lzmA	T157R	156	unweighted_forward_KL	scalar	scalar	True	True	True	0	float32	float32
2lzmA	T157R	156	wild_pssm	scalar	scalar	True	True	True	0	float64	float64
2lzmA	T157R	156	alternate_pssm	scalar	scalar	True	True	True	0	float64	float64
2lzmA	T157S	156	center_mut_wild_energy	scalar	scalar	True	False	True	2.98023223877e-08	float64	float32
2lzmA	T157S	156	center_mut_max_energy	scalar	scalar	True	False	True	2.98023223877e-08	float64	float32
2lzmA	T157S	156	center_entropy	scalar	scalar	True	True	True	0	float64	float32
2lzmA	T157S	156	weighted_neighbor_entropies	scalar	scalar	True	False	True	1.19209289551e-07	float32	float32
2lzmA	T157S	156	weighted_neighbor_energy_changes	scalar	scalar	True	False	True	3.22584436496e-07	float64	float32
2lzmA	T157S	156	backward_weighted_neighbor_energy_changes	scalar	scalar	True	False	True	4.33331583949e-08	float64	float32
2lzmA	T157S	156	V2_backward_weighted_neighbor_energy_changes	scalar	scalar	True	False	True	4.86799080157e-07	float64	float32
2lzmA	T157S	156	weighted_neighbor_forward_KL	scalar	scalar	True	True	True	0	float32	float32
2lzmA	T157S	156	weighted_neighbor_backward_KL	scalar	scalar	True	True	True	0	float32	float32
2lzmA	T157S	156	backward_weighted_neighbor_backward_KL	scalar	scalar	True	True	True	0	float32	float32
2lzmA	T157S	156	V2_backward_weighted_neighbor_backward_KL	scalar	scalar	True	True	True	0	float32	float32
2lzmA	T157S	156	weighted_neighbor_entropy_changes	scalar	scalar	True	True	True	0	float32	float32
2lzmA	T157S	156	backward_weighted_neighbor_entropy_changes	scalar	scalar	True	True	True	0	float32	float32
2lzmA	T157S	156	V2_backward_weighted_neighbor_entropy_changes	scalar	scalar	True	True	True	0	float32	float32
2lzmA	T157S	156	center_neighbor_weight_check_m_w	scalar	scalar	True	True	True	0	float32	float32
2lzmA	T157S	156	center_neighbor_weight_check_w_m	scalar	scalar	True	True	True	0	float32	float32
2lzmA	T157S	156	neighbor_embedding_change_m_w	scalar	scalar	True	True	True	0	float32	float32
2lzmA	T157S	156	neighbor_embedding_change_m_w_raw	15x128	15x128	True	True	True	0	float32	float32
2lzmA	T157S	156	neighbor_message_change_m_w	scalar	scalar	True	True	True	0	float32	float32
2lzmA	T157S	156	neighbor_message_change_m_w_raw	15x128x1	15x128x1	True	True	True	0	float32	float32
2lzmA	T157S	156	unweighted_backward_KL	scalar	scalar	True	True	True	0	float32	float32
2lzmA	T157S	156	unweighted_forward_KL	scalar	scalar	True	True	True	0	float32	float32
2lzmA	T157S	156	wild_pssm	scalar	scalar	True	True	True	0	float64	float64
2lzmA	T157S	156	alternate_pssm	scalar	scalar	True	True	True	0	float64	float64
2lzmA	T157V	156	center_mut_wild_energy	scalar	scalar	True	False	True	8.94069671631e-08	float64	float32
2lzmA	T157V	156	center_mut_max_energy	scalar	scalar	True	False	True	8.94069671631e-08	float64	float32
2lzmA	T157V	156	center_entropy	scalar	scalar	True	True	True	0	float64	float32
2lzmA	T157V	156	weighted_neighbor_entropies	scalar	scalar	True	False	True	1.19209289551e-07	float32	float32
2lzmA	T157V	156	weighted_neighbor_energy_changes	scalar	scalar	True	False	True	1.64083969523e-07	float64	float32
2lzmA	T157V	156	backward_weighted_neighbor_energy_changes	scalar	scalar	True	False	True	1.81104855557e-08	float64	float32
2lzmA	T157V	156	V2_backward_weighted_neighbor_energy_changes	scalar	scalar	True	False	True	1.12524427109e-07	float64	float32
2lzmA	T157V	156	weighted_neighbor_forward_KL	scalar	scalar	True	True	True	0	float32	float32
2lzmA	T157V	156	weighted_neighbor_backward_KL	scalar	scalar	True	True	True	0	float32	float32
2lzmA	T157V	156	backward_weighted_neighbor_backward_KL	scalar	scalar	True	True	True	0	float32	float32
2lzmA	T157V	156	V2_backward_weighted_neighbor_backward_KL	scalar	scalar	True	True	True	0	float32	float32
2lzmA	T157V	156	weighted_neighbor_entropy_changes	scalar	scalar	True	True	True	0	float32	float32
2lzmA	T157V	156	backward_weighted_neighbor_entropy_changes	scalar	scalar	True	True	True	0	float32	float32
2lzmA	T157V	156	V2_backward_weighted_neighbor_entropy_changes	scalar	scalar	True	True	True	0	float32	float32
2lzmA	T157V	156	center_neighbor_weight_check_m_w	scalar	scalar	True	True	True	0	float32	float32
2lzmA	T157V	156	center_neighbor_weight_check_w_m	scalar	scalar	True	True	True	0	float32	float32
2lzmA	T157V	156	neighbor_embedding_change_m_w	scalar	scalar	True	True	True	0	float32	float32
2lzmA	T157V	156	neighbor_embedding_change_m_w_raw	15x128	15x128	True	True	True	0	float32	float32
2lzmA	T157V	156	neighbor_message_change_m_w	scalar	scalar	True	True	True	0	float32	float32
2lzmA	T157V	156	neighbor_message_change_m_w_raw	15x128x1	15x128x1	True	True	True	0	float32	float32
2lzmA	T157V	156	unweighted_backward_KL	scalar	scalar	True	True	True	0	float32	float32
2lzmA	T157V	156	unweighted_forward_KL	scalar	scalar	True	True	True	0	float32	float32
2lzmA	T157V	156	wild_pssm	scalar	scalar	True	True	True	0	float64	float64
2lzmA	T157V	156	alternate_pssm	scalar	scalar	True	True	True	0	float64	float64
2rn2A	D10N	9	center_mut_wild_energy	scalar	scalar	True	False	True	7.45058059692e-09	float64	float32
2rn2A	D10N	9	center_mut_max_energy	scalar	scalar	True	False	True	7.45058059692e-09	float64	float32
2rn2A	D10N	9	center_entropy	scalar	scalar	True	True	True	0	float64	float32
2rn2A	D10N	9	weighted_neighbor_entropies	scalar	scalar	True	False	True	1.19209289551e-07	float32	float32
2rn2A	D10N	9	weighted_neighbor_energy_changes	scalar	scalar	True	False	True	6.55022089902e-08	float64	float32
2rn2A	D10N	9	backward_weighted_neighbor_energy_changes	scalar	scalar	True	False	True	9.3050082306e-08	float64	float32
2rn2A	D10N	9	V2_backward_weighted_neighbor_energy_changes	scalar	scalar	True	False	True	1.6432209371e-07	float64	float32
2rn2A	D10N	9	weighted_neighbor_forward_KL	scalar	scalar	True	True	True	0	float32	float32
2rn2A	D10N	9	weighted_neighbor_backward_KL	scalar	scalar	True	True	True	0	float32	float32
2rn2A	D10N	9	backward_weighted_neighbor_backward_KL	scalar	scalar	True	True	True	0	float32	float32
2rn2A	D10N	9	V2_backward_weighted_neighbor_backward_KL	scalar	scalar	True	True	True	0	float32	float32
2rn2A	D10N	9	weighted_neighbor_entropy_changes	scalar	scalar	True	True	True	0	float32	float32
2rn2A	D10N	9	backward_weighted_neighbor_entropy_changes	scalar	scalar	True	True	True	0	float32	float32
2rn2A	D10N	9	V2_backward_weighted_neighbor_entropy_changes	scalar	scalar	True	True	True	0	float32	float32
2rn2A	D10N	9	center_neighbor_weight_check_m_w	scalar	scalar	True	True	True	0	float32	float32
2rn2A	D10N	9	center_neighbor_weight_check_w_m	scalar	scalar	True	True	True	0	float32	float32
2rn2A	D10N	9	neighbor_embedding_change_m_w	scalar	scalar	True	True	True	0	float32	float32
2rn2A	D10N	9	neighbor_embedding_change_m_w_raw	15x128	15x128	True	True	True	0	float32	float32
2rn2A	D10N	9	neighbor_message_change_m_w	scalar	scalar	True	True	True	0	float32	float32
2rn2A	D10N	9	neighbor_message_change_m_w_raw	15x128x1	15x128x1	True	True	True	0	float32	float32
2rn2A	D10N	9	unweighted_backward_KL	scalar	scalar	True	True	True	0	float32	float32
2rn2A	D10N	9	unweighted_forward_KL	scalar	scalar	True	True	True	0	float32	float32
2rn2A	D10N	9	wild_pssm	scalar	scalar	True	True	True	0	float64	float64
2rn2A	D10N	9	alternate_pssm	scalar	scalar	True	True	True	0	float64	float64
2rn2A	E48Q	47	center_mut_wild_energy	scalar	scalar	True	False	True	5.96046447754e-08	float64	float32
2rn2A	E48Q	47	center_mut_max_energy	scalar	scalar	True	False	True	5.96046447754e-08	float64	float32
2rn2A	E48Q	47	center_entropy	scalar	scalar	True	True	True	0	float64	float32
2rn2A	E48Q	47	weighted_neighbor_entropies	scalar	scalar	True	False	True	5.96046447754e-08	float32	float32
2rn2A	E48Q	47	weighted_neighbor_energy_changes	scalar	scalar	True	False	True	7.45713251149e-08	float64	float32
2rn2A	E48Q	47	backward_weighted_neighbor_energy_changes	scalar	scalar	True	False	True	6.65115319265e-07	float64	float32
2rn2A	E48Q	47	V2_backward_weighted_neighbor_energy_changes	scalar	scalar	True	False	True	4.29841033878e-08	float64	float32
2rn2A	E48Q	47	weighted_neighbor_forward_KL	scalar	scalar	True	True	True	0	float32	float32
2rn2A	E48Q	47	weighted_neighbor_backward_KL	scalar	scalar	True	True	True	0	float32	float32
2rn2A	E48Q	47	backward_weighted_neighbor_backward_KL	scalar	scalar	True	True	True	0	float32	float32
2rn2A	E48Q	47	V2_backward_weighted_neighbor_backward_KL	scalar	scalar	True	True	True	0	float32	float32
2rn2A	E48Q	47	weighted_neighbor_entropy_changes	scalar	scalar	True	True	True	0	float32	float32
2rn2A	E48Q	47	backward_weighted_neighbor_entropy_changes	scalar	scalar	True	True	True	0	float32	float32
2rn2A	E48Q	47	V2_backward_weighted_neighbor_entropy_changes	scalar	scalar	True	True	True	0	float32	float32
2rn2A	E48Q	47	center_neighbor_weight_check_m_w	scalar	scalar	True	True	True	0	float32	float32
2rn2A	E48Q	47	center_neighbor_weight_check_w_m	scalar	scalar	True	True	True	0	float32	float32
2rn2A	E48Q	47	neighbor_embedding_change_m_w	scalar	scalar	True	True	True	0	float32	float32
2rn2A	E48Q	47	neighbor_embedding_change_m_w_raw	15x128	15x128	True	True	True	0	float32	float32
2rn2A	E48Q	47	neighbor_message_change_m_w	scalar	scalar	True	True	True	0	float32	float32
2rn2A	E48Q	47	neighbor_message_change_m_w_raw	15x128x1	15x128x1	True	True	True	0	float32	float32
2rn2A	E48Q	47	unweighted_backward_KL	scalar	scalar	True	True	True	0	float32	float32
2rn2A	E48Q	47	unweighted_forward_KL	scalar	scalar	True	True	True	0	float32	float32
2rn2A	E48Q	47	wild_pssm	scalar	scalar	True	True	True	0	float64	float64
2rn2A	E48Q	47	alternate_pssm	scalar	scalar	True	True	True	0	float64	float64
2rn2A	A52F	51	center_mut_wild_energy	scalar	scalar	True	False	True	1.19209289551e-07	float64	float32
2rn2A	A52F	51	center_mut_max_energy	scalar	scalar	True	False	True	1.19209289551e-07	float64	float32
2rn2A	A52F	51	center_entropy	scalar	scalar	True	True	True	0	float64	float32
2rn2A	A52F	51	weighted_neighbor_entropies	scalar	scalar	True	False	True	1.19209289551e-07	float32	float32
2rn2A	A52F	51	weighted_neighbor_energy_changes	scalar	scalar	True	False	True	3.0690375219e-06	float64	float32
2rn2A	A52F	51	backward_weighted_neighbor_energy_changes	scalar	scalar	True	False	True	1.0229147307e-07	float64	float32
2rn2A	A52F	51	V2_backward_weighted_neighbor_energy_changes	scalar	scalar	True	False	True	9.61628909835e-07	float64	float32
2rn2A	A52F	51	weighted_neighbor_forward_KL	scalar	scalar	True	True	True	0	float32	float32
2rn2A	A52F	51	weighted_neighbor_backward_KL	scalar	scalar	True	True	True	0	float32	float32
2rn2A	A52F	51	backward_weighted_neighbor_backward_KL	scalar	scalar	True	True	True	0	float32	float32
2rn2A	A52F	51	V2_backward_weighted_neighbor_backward_KL	scalar	scalar	True	True	True	0	float32	float32
2rn2A	A52F	51	weighted_neighbor_entropy_changes	scalar	scalar	True	True	True	0	float32	float32
2rn2A	A52F	51	backward_weighted_neighbor_entropy_changes	scalar	scalar	True	True	True	0	float32	float32
2rn2A	A52F	51	V2_backward_weighted_neighbor_entropy_changes	scalar	scalar	True	True	True	0	float32	float32
2rn2A	A52F	51	center_neighbor_weight_check_m_w	scalar	scalar	True	True	True	0	float32	float32
2rn2A	A52F	51	center_neighbor_weight_check_w_m	scalar	scalar	True	True	True	0	float32	float32
2rn2A	A52F	51	neighbor_embedding_change_m_w	scalar	scalar	True	True	True	0	float32	float32
2rn2A	A52F	51	neighbor_embedding_change_m_w_raw	15x128	15x128	True	True	True	0	float32	float32
2rn2A	A52F	51	neighbor_message_change_m_w	scalar	scalar	True	True	True	0	float32	float32
2rn2A	A52F	51	neighbor_message_change_m_w_raw	15x128x1	15x128x1	True	True	True	0	float32	float32
2rn2A	A52F	51	unweighted_backward_KL	scalar	scalar	True	True	True	0	float32	float32
2rn2A	A52F	51	unweighted_forward_KL	scalar	scalar	True	True	True	0	float32	float32
2rn2A	A52F	51	wild_pssm	scalar	scalar	True	True	True	0	float64	float64
2rn2A	A52F	51	alternate_pssm	scalar	scalar	True	True	True	0	float64	float64
2rn2A	A52I	51	center_mut_wild_energy	scalar	scalar	True	True	True	0	float64	float32
2rn2A	A52I	51	center_mut_max_energy	scalar	scalar	True	True	True	0	float64	float32
2rn2A	A52I	51	center_entropy	scalar	scalar	True	True	True	0	float64	float32
2rn2A	A52I	51	weighted_neighbor_entropies	scalar	scalar	True	False	True	2.38418579102e-07	float32	float32
2rn2A	A52I	51	weighted_neighbor_energy_changes	scalar	scalar	True	False	True	1.76140166275e-06	float64	float32
2rn2A	A52I	51	backward_weighted_neighbor_energy_changes	scalar	scalar	True	False	True	6.77245097336e-07	float64	float32
2rn2A	A52I	51	V2_backward_weighted_neighbor_energy_changes	scalar	scalar	True	False	True	3.95907024142e-06	float64	float32
2rn2A	A52I	51	weighted_neighbor_forward_KL	scalar	scalar	True	True	True	0	float32	float32
2rn2A	A52I	51	weighted_neighbor_backward_KL	scalar	scalar	True	True	True	0	float32	float32
2rn2A	A52I	51	backward_weighted_neighbor_backward_KL	scalar	scalar	True	True	True	0	float32	float32
2rn2A	A52I	51	V2_backward_weighted_neighbor_backward_KL	scalar	scalar	True	True	True	0	float32	float32
2rn2A	A52I	51	weighted_neighbor_entropy_changes	scalar	scalar	True	True	True	0	float32	float32
2rn2A	A52I	51	backward_weighted_neighbor_entropy_changes	scalar	scalar	True	True	True	0	float32	float32
2rn2A	A52I	51	V2_backward_weighted_neighbor_entropy_changes	scalar	scalar	True	True	True	0	float32	float32
2rn2A	A52I	51	center_neighbor_weight_check_m_w	scalar	scalar	True	True	True	0	float32	float32
2rn2A	A52I	51	center_neighbor_weight_check_w_m	scalar	scalar	True	True	True	0	float32	float32
2rn2A	A52I	51	neighbor_embedding_change_m_w	scalar	scalar	True	True	True	0	float32	float32
2rn2A	A52I	51	neighbor_embedding_change_m_w_raw	15x128	15x128	True	True	True	0	float32	float32
2rn2A	A52I	51	neighbor_message_change_m_w	scalar	scalar	True	True	True	0	float32	float32
2rn2A	A52I	51	neighbor_message_change_m_w_raw	15x128x1	15x128x1	True	True	True	0	float32	float32
2rn2A	A52I	51	unweighted_backward_KL	scalar	scalar	True	True	True	0	float32	float32
2rn2A	A52I	51	unweighted_forward_KL	scalar	scalar	True	True	True	0	float32	float32
2rn2A	A52I	51	wild_pssm	scalar	scalar	True	True	True	0	float64	float64
2rn2A	A52I	51	alternate_pssm	scalar	scalar	True	True	True	0	float64	float64
2rn2A	A52L	51	center_mut_wild_energy	scalar	scalar	True	False	True	1.19209289551e-07	float64	float32
2rn2A	A52L	51	center_mut_max_energy	scalar	scalar	True	False	True	1.19209289551e-07	float64	float32
2rn2A	A52L	51	center_entropy	scalar	scalar	True	True	True	0	float64	float32
2rn2A	A52L	51	weighted_neighbor_entropies	scalar	scalar	True	True	True	0	float32	float32
2rn2A	A52L	51	weighted_neighbor_energy_changes	scalar	scalar	True	False	True	9.74554268396e-08	float64	float32
2rn2A	A52L	51	backward_weighted_neighbor_energy_changes	scalar	scalar	True	False	True	8.57436232238e-07	float64	float32
2rn2A	A52L	51	V2_backward_weighted_neighbor_energy_changes	scalar	scalar	True	False	True	1.71926084036e-07	float64	float32
2rn2A	A52L	51	weighted_neighbor_forward_KL	scalar	scalar	True	True	True	0	float32	float32
2rn2A	A52L	51	weighted_neighbor_backward_KL	scalar	scalar	True	True	True	0	float32	float32
2rn2A	A52L	51	backward_weighted_neighbor_backward_KL	scalar	scalar	True	True	True	0	float32	float32
2rn2A	A52L	51	V2_backward_weighted_neighbor_backward_KL	scalar	scalar	True	True	True	0	float32	float32
2rn2A	A52L	51	weighted_neighbor_entropy_changes	scalar	scalar	True	True	True	0	float32	float32
2rn2A	A52L	51	backward_weighted_neighbor_entropy_changes	scalar	scalar	True	True	True	0	float32	float32
2rn2A	A52L	51	V2_backward_weighted_neighbor_entropy_changes	scalar	scalar	True	True	True	0	float32	float32
2rn2A	A52L	51	center_neighbor_weight_check_m_w	scalar	scalar	True	True	True	0	float32	float32
2rn2A	A52L	51	center_neighbor_weight_check_w_m	scalar	scalar	True	True	True	0	float32	float32
2rn2A	A52L	51	neighbor_embedding_change_m_w	scalar	scalar	True	True	True	0	float32	float32
2rn2A	A52L	51	neighbor_embedding_change_m_w_raw	15x128	15x128	True	True	True	0	float32	float32
2rn2A	A52L	51	neighbor_message_change_m_w	scalar	scalar	True	True	True	0	float32	float32
2rn2A	A52L	51	neighbor_message_change_m_w_raw	15x128x1	15x128x1	True	True	True	0	float32	float32
2rn2A	A52L	51	unweighted_backward_KL	scalar	scalar	True	True	True	0	float32	float32
2rn2A	A52L	51	unweighted_forward_KL	scalar	scalar	True	True	True	0	float32	float32
2rn2A	A52L	51	wild_pssm	scalar	scalar	True	True	True	0	float64	float64
2rn2A	A52L	51	alternate_pssm	scalar	scalar	True	True	True	0	float64	float64
2rn2A	A52V	51	center_mut_wild_energy	scalar	scalar	True	True	True	0	float64	float32
2rn2A	A52V	51	center_mut_max_energy	scalar	scalar	True	True	True	0	float64	float32
2rn2A	A52V	51	center_entropy	scalar	scalar	True	True	True	0	float64	float32
2rn2A	A52V	51	weighted_neighbor_entropies	scalar	scalar	True	False	True	2.38418579102e-07	float32	float32
2rn2A	A52V	51	weighted_neighbor_energy_changes	scalar	scalar	True	False	True	7.75259522356e-07	float64	float32
2rn2A	A52V	51	backward_weighted_neighbor_energy_changes	scalar	scalar	True	False	True	3.9093628601e-06	float64	float32
2rn2A	A52V	51	V2_backward_weighted_neighbor_energy_changes	scalar	scalar	True	False	True	2.94480310714e-06	float64	float32
2rn2A	A52V	51	weighted_neighbor_forward_KL	scalar	scalar	True	True	True	0	float32	float32
2rn2A	A52V	51	weighted_neighbor_backward_KL	scalar	scalar	True	True	True	0	float32	float32
2rn2A	A52V	51	backward_weighted_neighbor_backward_KL	scalar	scalar	True	True	True	0	float32	float32
2rn2A	A52V	51	V2_backward_weighted_neighbor_backward_KL	scalar	scalar	True	True	True	0	float32	float32
2rn2A	A52V	51	weighted_neighbor_entropy_changes	scalar	scalar	True	True	True	0	float32	float32
2rn2A	A52V	51	backward_weighted_neighbor_entropy_changes	scalar	scalar	True	True	True	0	float32	float32
2rn2A	A52V	51	V2_backward_weighted_neighbor_entropy_changes	scalar	scalar	True	True	True	0	float32	float32
2rn2A	A52V	51	center_neighbor_weight_check_m_w	scalar	scalar	True	True	True	0	float32	float32
2rn2A	A52V	51	center_neighbor_weight_check_w_m	scalar	scalar	True	True	True	0	float32	float32
2rn2A	A52V	51	neighbor_embedding_change_m_w	scalar	scalar	True	True	True	0	float32	float32
2rn2A	A52V	51	neighbor_embedding_change_m_w_raw	15x128	15x128	True	True	True	0	float32	float32
2rn2A	A52V	51	neighbor_message_change_m_w	scalar	scalar	True	True	True	0	float32	float32
2rn2A	A52V	51	neighbor_message_change_m_w_raw	15x128x1	15x128x1	True	True	True	0	float32	float32
2rn2A	A52V	51	unweighted_backward_KL	scalar	scalar	True	True	True	0	float32	float32
2rn2A	A52V	51	unweighted_forward_KL	scalar	scalar	True	True	True	0	float32	float32
2rn2A	A52V	51	wild_pssm	scalar	scalar	True	True	True	0	float64	float64
2rn2A	A52V	51	alternate_pssm	scalar	scalar	True	True	True	0	float64	float64
2rn2A	H62A	61	center_mut_wild_energy	scalar	scalar	True	True	True	0	float64	float32
2rn2A	H62A	61	center_mut_max_energy	scalar	scalar	True	False	True	1.19209289551e-07	float64	float32
2rn2A	H62A	61	center_entropy	scalar	scalar	True	True	True	0	float64	float32
2rn2A	H62A	61	weighted_neighbor_entropies	scalar	scalar	True	True	True	0	float32	float32
2rn2A	H62A	61	weighted_neighbor_energy_changes	scalar	scalar	True	False	True	1.90218707452e-08	float64	float32
2rn2A	H62A	61	backward_weighted_neighbor_energy_changes	scalar	scalar	True	False	True	4.1707653331e-08	float64	float32
2rn2A	H62A	61	V2_backward_weighted_neighbor_energy_changes	scalar	scalar	True	False	True	9.13092867982e-08	float64	float32
2rn2A	H62A	61	weighted_neighbor_forward_KL	scalar	scalar	True	True	True	0	float32	float32
2rn2A	H62A	61	weighted_neighbor_backward_KL	scalar	scalar	True	True	True	0	float32	float32
2rn2A	H62A	61	backward_weighted_neighbor_backward_KL	scalar	scalar	True	True	True	0	float32	float32
2rn2A	H62A	61	V2_backward_weighted_neighbor_backward_KL	scalar	scalar	True	True	True	0	float32	float32
2rn2A	H62A	61	weighted_neighbor_entropy_changes	scalar	scalar	True	True	True	0	float32	float32
2rn2A	H62A	61	backward_weighted_neighbor_entropy_changes	scalar	scalar	True	True	True	0	float32	float32
2rn2A	H62A	61	V2_backward_weighted_neighbor_entropy_changes	scalar	scalar	True	True	True	0	float32	float32
2rn2A	H62A	61	center_neighbor_weight_check_m_w	scalar	scalar	True	True	True	0	float32	float32
2rn2A	H62A	61	center_neighbor_weight_check_w_m	scalar	scalar	True	True	True	0	float32	float32
2rn2A	H62A	61	neighbor_embedding_change_m_w	scalar	scalar	True	True	True	0	float32	float32
2rn2A	H62A	61	neighbor_embedding_change_m_w_raw	15x128	15x128	True	True	True	0	float32	float32
2rn2A	H62A	61	neighbor_message_change_m_w	scalar	scalar	True	True	True	0	float32	float32
2rn2A	H62A	61	neighbor_message_change_m_w_raw	15x128x1	15x128x1	True	True	True	0	float32	float32
2rn2A	H62A	61	unweighted_backward_KL	scalar	scalar	True	True	True	0	float32	float32
2rn2A	H62A	61	unweighted_forward_KL	scalar	scalar	True	True	True	0	float32	float32
2rn2A	H62A	61	wild_pssm	scalar	scalar	True	True	True	0	float64	float64
2rn2A	H62A	61	alternate_pssm	scalar	scalar	True	True	True	0	float64	float64
2rn2A	H62P	61	center_mut_wild_energy	scalar	scalar	True	True	True	0	float64	float32
2rn2A	H62P	61	center_mut_max_energy	scalar	scalar	True	True	True	0	float64	float32
2rn2A	H62P	61	center_entropy	scalar	scalar	True	True	True	0	float64	float32
2rn2A	H62P	61	weighted_neighbor_entropies	scalar	scalar	True	True	True	0	float32	float32
2rn2A	H62P	61	weighted_neighbor_energy_changes	scalar	scalar	True	False	True	4.94826046804e-09	float64	float32
2rn2A	H62P	61	backward_weighted_neighbor_energy_changes	scalar	scalar	True	False	True	4.17021279731e-08	float64	float32
2rn2A	H62P	61	V2_backward_weighted_neighbor_energy_changes	scalar	scalar	True	False	True	1.51838680296e-07	float64	float32
2rn2A	H62P	61	weighted_neighbor_forward_KL	scalar	scalar	True	True	True	0	float32	float32
2rn2A	H62P	61	weighted_neighbor_backward_KL	scalar	scalar	True	True	True	0	float32	float32
2rn2A	H62P	61	backward_weighted_neighbor_backward_KL	scalar	scalar	True	True	True	0	float32	float32
2rn2A	H62P	61	V2_backward_weighted_neighbor_backward_KL	scalar	scalar	True	True	True	0	float32	float32
2rn2A	H62P	61	weighted_neighbor_entropy_changes	scalar	scalar	True	True	True	0	float32	float32
2rn2A	H62P	61	backward_weighted_neighbor_entropy_changes	scalar	scalar	True	True	True	0	float32	float32
2rn2A	H62P	61	V2_backward_weighted_neighbor_entropy_changes	scalar	scalar	True	True	True	0	float32	float32
2rn2A	H62P	61	center_neighbor_weight_check_m_w	scalar	scalar	True	True	True	0	float32	float32
2rn2A	H62P	61	center_neighbor_weight_check_w_m	scalar	scalar	True	True	True	0	float32	float32
2rn2A	H62P	61	neighbor_embedding_change_m_w	scalar	scalar	True	True	True	0	float32	float32
2rn2A	H62P	61	neighbor_embedding_change_m_w_raw	15x128	15x128	True	True	True	0	float32	float32
2rn2A	H62P	61	neighbor_message_change_m_w	scalar	scalar	True	True	True	0	float32	float32
2rn2A	H62P	61	neighbor_message_change_m_w_raw	15x128x1	15x128x1	True	True	True	0	float32	float32
2rn2A	H62P	61	unweighted_backward_KL	scalar	scalar	True	True	True	0	float32	float32
2rn2A	H62P	61	unweighted_forward_KL	scalar	scalar	True	True	True	0	float32	float32
2rn2A	H62P	61	wild_pssm	scalar	scalar	True	True	True	0	float64	float64
2rn2A	H62P	61	alternate_pssm	scalar	scalar	True	True	True	0	float64	float64
2rn2A	D70N	69	center_mut_wild_energy	scalar	scalar	True	False	True	2.98023223877e-08	float64	float32
2rn2A	D70N	69	center_mut_max_energy	scalar	scalar	True	False	True	2.98023223877e-08	float64	float32
2rn2A	D70N	69	center_entropy	scalar	scalar	True	True	True	0	float64	float32
2rn2A	D70N	69	weighted_neighbor_entropies	scalar	scalar	True	False	True	1.19209289551e-07	float32	float32
2rn2A	D70N	69	weighted_neighbor_energy_changes	scalar	scalar	True	False	True	3.15527520556e-07	float64	float32
2rn2A	D70N	69	backward_weighted_neighbor_energy_changes	scalar	scalar	True	False	True	2.99525325431e-07	float64	float32
2rn2A	D70N	69	V2_backward_weighted_neighbor_energy_changes	scalar	scalar	True	False	True	7.21525381664e-08	float64	float32
2rn2A	D70N	69	weighted_neighbor_forward_KL	scalar	scalar	True	True	True	0	float32	float32
2rn2A	D70N	69	weighted_neighbor_backward_KL	scalar	scalar	True	True	True	0	float32	float32
2rn2A	D70N	69	backward_weighted_neighbor_backward_KL	scalar	scalar	True	True	True	0	float32	float32
2rn2A	D70N	69	V2_backward_weighted_neighbor_backward_KL	scalar	scalar	True	True	True	0	float32	float32
2rn2A	D70N	69	weighted_neighbor_entropy_changes	scalar	scalar	True	True	True	0	float32	float32
2rn2A	D70N	69	backward_weighted_neighbor_entropy_changes	scalar	scalar	True	True	True	0	float32	float32
2rn2A	D70N	69	V2_backward_weighted_neighbor_entropy_changes	scalar	scalar	True	True	True	0	float32	float32
2rn2A	D70N	69	center_neighbor_weight_check_m_w	scalar	scalar	True	True	True	0	float32	float32
2rn2A	D70N	69	center_neighbor_weight_check_w_m	scalar	scalar	True	True	True	0	float32	float32
2rn2A	D70N	69	neighbor_embedding_change_m_w	scalar	scalar	True	True	True	0	float32	float32
2rn2A	D70N	69	neighbor_embedding_change_m_w_raw	15x128	15x128	True	True	True	0	float32	float32
2rn2A	D70N	69	neighbor_message_change_m_w	scalar	scalar	True	True	True	0	float32	float32
2rn2A	D70N	69	neighbor_message_change_m_w_raw	15x128x1	15x128x1	True	True	True	0	float32	float32
2rn2A	D70N	69	unweighted_backward_KL	scalar	scalar	True	True	True	0	float32	float32
2rn2A	D70N	69	unweighted_forward_KL	scalar	scalar	True	True	True	0	float32	float32
2rn2A	D70N	69	wild_pssm	scalar	scalar	True	True	True	0	float64	float64
2rn2A	D70N	69	alternate_pssm	scalar	scalar	True	True	True	0	float64	float64
2rn2A	V74L	73	center_mut_wild_energy	scalar	scalar	True	False	True	1.04308128357e-07	float64	float32
2rn2A	V74L	73	center_mut_max_energy	scalar	scalar	True	True	True	0	float64	float32
2rn2A	V74L	73	center_entropy	scalar	scalar	True	True	True	0	float64	float32
2rn2A	V74L	73	weighted_neighbor_entropies	scalar	scalar	True	True	True	0	float32	float32
2rn2A	V74L	73	weighted_neighbor_energy_changes	scalar	scalar	True	False	True	1.5310020629e-06	float64	float32
2rn2A	V74L	73	backward_weighted_neighbor_energy_changes	scalar	scalar	True	False	True	7.22407090592e-07	float64	float32
2rn2A	V74L	73	V2_backward_weighted_neighbor_energy_changes	scalar	scalar	True	False	True	1.93639120738e-07	float64	float32
2rn2A	V74L	73	weighted_neighbor_forward_KL	scalar	scalar	True	True	True	0	float32	float32
2rn2A	V74L	73	weighted_neighbor_backward_KL	scalar	scalar	True	True	True	0	float32	float32
2rn2A	V74L	73	backward_weighted_neighbor_backward_KL	scalar	scalar	True	True	True	0	float32	float32
2rn2A	V74L	73	V2_backward_weighted_neighbor_backward_KL	scalar	scalar	True	True	True	0	float32	float32
2rn2A	V74L	73	weighted_neighbor_entropy_changes	scalar	scalar	True	True	True	0	float32	float32
2rn2A	V74L	73	backward_weighted_neighbor_entropy_changes	scalar	scalar	True	True	True	0	float32	float32
2rn2A	V74L	73	V2_backward_weighted_neighbor_entropy_changes	scalar	scalar	True	True	True	0	float32	float32
2rn2A	V74L	73	center_neighbor_weight_check_m_w	scalar	scalar	True	True	True	0	float32	float32
2rn2A	V74L	73	center_neighbor_weight_check_w_m	scalar	scalar	True	True	True	0	float32	float32
2rn2A	V74L	73	neighbor_embedding_change_m_w	scalar	scalar	True	True	True	0	float32	float32
2rn2A	V74L	73	neighbor_embedding_change_m_w_raw	15x128	15x128	True	True	True	0	float32	float32
2rn2A	V74L	73	neighbor_message_change_m_w	scalar	scalar	True	True	True	0	float32	float32
2rn2A	V74L	73	neighbor_message_change_m_w_raw	15x128x1	15x128x1	True	True	True	0	float32	float32
2rn2A	V74L	73	unweighted_backward_KL	scalar	scalar	True	True	True	0	float32	float32
2rn2A	V74L	73	unweighted_forward_KL	scalar	scalar	True	True	True	0	float32	float32
2rn2A	V74L	73	wild_pssm	scalar	scalar	True	True	True	0	float64	float64
2rn2A	V74L	73	alternate_pssm	scalar	scalar	True	True	True	0	float64	float64
2rn2A	V74I	73	center_mut_wild_energy	scalar	scalar	True	True	True	0	float64	float32
2rn2A	V74I	73	center_mut_max_energy	scalar	scalar	True	False	True	2.98023223877e-08	float64	float32
2rn2A	V74I	73	center_entropy	scalar	scalar	True	True	True	0	float64	float32
2rn2A	V74I	73	weighted_neighbor_entropies	scalar	scalar	True	False	True	2.38418579102e-07	float32	float32
2rn2A	V74I	73	weighted_neighbor_energy_changes	scalar	scalar	True	False	True	5.30362496143e-08	float64	float32
2rn2A	V74I	73	backward_weighted_neighbor_energy_changes	scalar	scalar	True	False	True	8.59267434983e-08	float64	float32
2rn2A	V74I	73	V2_backward_weighted_neighbor_energy_changes	scalar	scalar	True	False	True	2.61330130868e-08	float64	float32
2rn2A	V74I	73	weighted_neighbor_forward_KL	scalar	scalar	True	True	True	0	float32	float32
2rn2A	V74I	73	weighted_neighbor_backward_KL	scalar	scalar	True	True	True	0	float32	float32
2rn2A	V74I	73	backward_weighted_neighbor_backward_KL	scalar	scalar	True	True	True	0	float32	float32
2rn2A	V74I	73	V2_backward_weighted_neighbor_backward_KL	scalar	scalar	True	True	True	0	float32	float32
2rn2A	V74I	73	weighted_neighbor_entropy_changes	scalar	scalar	True	True	True	0	float32	float32
2rn2A	V74I	73	backward_weighted_neighbor_entropy_changes	scalar	scalar	True	True	True	0	float32	float32
2rn2A	V74I	73	V2_backward_weighted_neighbor_entropy_changes	scalar	scalar	True	True	True	0	float32	float32
2rn2A	V74I	73	center_neighbor_weight_check_m_w	scalar	scalar	True	True	True	0	float32	float32
2rn2A	V74I	73	center_neighbor_weight_check_w_m	scalar	scalar	True	True	True	0	float32	float32
2rn2A	V74I	73	neighbor_embedding_change_m_w	scalar	scalar	True	True	True	0	float32	float32
2rn2A	V74I	73	neighbor_embedding_change_m_w_raw	15x128	15x128	True	True	True	0	float32	float32
2rn2A	V74I	73	neighbor_message_change_m_w	scalar	scalar	True	True	True	0	float32	float32
2rn2A	V74I	73	neighbor_message_change_m_w_raw	15x128x1	15x128x1	True	True	True	0	float32	float32
2rn2A	V74I	73	unweighted_backward_KL	scalar	scalar	True	True	True	0	float32	float32
2rn2A	V74I	73	unweighted_forward_KL	scalar	scalar	True	True	True	0	float32	float32
2rn2A	V74I	73	wild_pssm	scalar	scalar	True	True	True	0	float64	float64
2rn2A	V74I	73	alternate_pssm	scalar	scalar	True	True	True	0	float64	float64
2rn2A	G77A	76	center_mut_wild_energy	scalar	scalar	True	True	True	0	float64	float32
2rn2A	G77A	76	center_mut_max_energy	scalar	scalar	True	True	True	0	float64	float32
2rn2A	G77A	76	center_entropy	scalar	scalar	True	True	True	0	float64	float32
2rn2A	G77A	76	weighted_neighbor_entropies	scalar	scalar	True	False	True	2.38418579102e-07	float32	float32
2rn2A	G77A	76	weighted_neighbor_energy_changes	scalar	scalar	True	False	True	1.16487569812e-07	float64	float32
2rn2A	G77A	76	backward_weighted_neighbor_energy_changes	scalar	scalar	True	False	True	1.9418911279e-07	float64	float32
2rn2A	G77A	76	V2_backward_weighted_neighbor_energy_changes	scalar	scalar	True	False	True	3.48200160261e-07	float64	float32
2rn2A	G77A	76	weighted_neighbor_forward_KL	scalar	scalar	True	True	True	0	float32	float32
2rn2A	G77A	76	weighted_neighbor_backward_KL	scalar	scalar	True	True	True	0	float32	float32
2rn2A	G77A	76	backward_weighted_neighbor_backward_KL	scalar	scalar	True	True	True	0	float32	float32
2rn2A	G77A	76	V2_backward_weighted_neighbor_backward_KL	scalar	scalar	True	True	True	0	float32	float32
2rn2A	G77A	76	weighted_neighbor_entropy_changes	scalar	scalar	True	True	True	0	float32	float32
2rn2A	G77A	76	backward_weighted_neighbor_entropy_changes	scalar	scalar	True	True	True	0	float32	float32
2rn2A	G77A	76	V2_backward_weighted_neighbor_entropy_changes	scalar	scalar	True	True	True	0	float32	float32
2rn2A	G77A	76	center_neighbor_weight_check_m_w	scalar	scalar	True	True	True	0	float32	float32
2rn2A	G77A	76	center_neighbor_weight_check_w_m	scalar	scalar	True	True	True	0	float32	float32
2rn2A	G77A	76	neighbor_embedding_change_m_w	scalar	scalar	True	True	True	0	float32	float32
2rn2A	G77A	76	neighbor_embedding_change_m_w_raw	15x128	15x128	True	True	True	0	float32	float32
2rn2A	G77A	76	neighbor_message_change_m_w	scalar	scalar	True	True	True	0	float32	float32
2rn2A	G77A	76	neighbor_message_change_m_w_raw	15x128x1	15x128x1	True	True	True	0	float32	float32
2rn2A	G77A	76	unweighted_backward_KL	scalar	scalar	True	True	True	0	float32	float32
2rn2A	G77A	76	unweighted_forward_KL	scalar	scalar	True	True	True	0	float32	float32
2rn2A	G77A	76	wild_pssm	scalar	scalar	True	True	True	0	float64	float64
2rn2A	G77A	76	alternate_pssm	scalar	scalar	True	True	True	0	float64	float64
2rn2A	K95A	94	center_mut_wild_energy	scalar	scalar	True	True	True	0	float64	float32
2rn2A	K95A	94	center_mut_max_energy	scalar	scalar	True	False	True	2.38418579102e-07	float64	float32
2rn2A	K95A	94	center_entropy	scalar	scalar	True	True	True	0	float64	float32
2rn2A	K95A	94	weighted_neighbor_entropies	scalar	scalar	True	False	True	2.38418579102e-07	float32	float32
2rn2A	K95A	94	weighted_neighbor_energy_changes	scalar	scalar	True	False	True	1.59699997226e-07	float64	float32
2rn2A	K95A	94	backward_weighted_neighbor_energy_changes	scalar	scalar	True	True	True	0	float64	float64
2rn2A	K95A	94	V2_backward_weighted_neighbor_energy_changes	scalar	scalar	True	True	True	0	float64	float64
2rn2A	K95A	94	weighted_neighbor_forward_KL	scalar	scalar	True	True	True	0	float32	float32
2rn2A	K95A	94	weighted_neighbor_backward_KL	scalar	scalar	True	True	True	0	float32	float32
2rn2A	K95A	94	backward_weighted_neighbor_backward_KL	scalar	scalar	True	True	True	0	float64	float64
2rn2A	K95A	94	V2_backward_weighted_neighbor_backward_KL	scalar	scalar	True	True	True	0	float64	float64
2rn2A	K95A	94	weighted_neighbor_entropy_changes	scalar	scalar	True	True	True	0	float32	float32
2rn2A	K95A	94	backward_weighted_neighbor_entropy_changes	scalar	scalar	True	True	True	0	float64	float64
2rn2A	K95A	94	V2_backward_weighted_neighbor_entropy_changes	scalar	scalar	True	True	True	0	float64	float64
2rn2A	K95A	94	center_neighbor_weight_check_m_w	scalar	scalar	True	True	True	0	float64	float64
2rn2A	K95A	94	center_neighbor_weight_check_w_m	scalar	scalar	True	True	True	0	float64	float64
2rn2A	K95A	94	neighbor_embedding_change_m_w	scalar	scalar	True	True	True	0	float32	float32
2rn2A	K95A	94	neighbor_embedding_change_m_w_raw	15x128	15x128	True	True	True	0	float32	float32
2rn2A	K95A	94	neighbor_message_change_m_w	scalar	scalar	True	False	True	5.96046447754e-08	float64	float64
2rn2A	K95A	94	neighbor_message_change_m_w_raw	15x128x1	15x128x1	True	True	True	0	float64	float64
2rn2A	K95A	94	unweighted_backward_KL	scalar	scalar	True	True	True	0	float32	float32
2rn2A	K95A	94	unweighted_forward_KL	scalar	scalar	True	True	True	0	float32	float32
2rn2A	K95A	94	wild_pssm	scalar	scalar	True	True	True	0	float64	float64
2rn2A	K95A	94	alternate_pssm	scalar	scalar	True	True	True	0	float64	float64
2rn2A	K95G	94	center_mut_wild_energy	scalar	scalar	True	True	True	0	float64	float32
2rn2A	K95G	94	center_mut_max_energy	scalar	scalar	True	True	True	0	float64	float32
2rn2A	K95G	94	center_entropy	scalar	scalar	True	True	True	0	float64	float32
2rn2A	K95G	94	weighted_neighbor_entropies	scalar	scalar	True	True	True	0	float32	float32
2rn2A	K95G	94	weighted_neighbor_energy_changes	scalar	scalar	True	False	True	3.99354291858e-08	float64	float32
2rn2A	K95G	94	backward_weighted_neighbor_energy_changes	scalar	scalar	True	True	True	0	float64	float64
2rn2A	K95G	94	V2_backward_weighted_neighbor_energy_changes	scalar	scalar	True	True	True	0	float64	float64
2rn2A	K95G	94	weighted_neighbor_forward_KL	scalar	scalar	True	True	True	0	float32	float32
2rn2A	K95G	94	weighted_neighbor_backward_KL	scalar	scalar	True	True	True	0	float32	float32
2rn2A	K95G	94	backward_weighted_neighbor_backward_KL	scalar	scalar	True	True	True	0	float64	float64
2rn2A	K95G	94	V2_backward_weighted_neighbor_backward_KL	scalar	scalar	True	True	True	0	float64	float64
2rn2A	K95G	94	weighted_neighbor_entropy_changes	scalar	scalar	True	True	True	0	float32	float32
2rn2A	K95G	94	backward_weighted_neighbor_entropy_changes	scalar	scalar	True	True	True	0	float64	float64
2rn2A	K95G	94	V2_backward_weighted_neighbor_entropy_changes	scalar	scalar	True	True	True	0	float64	float64
2rn2A	K95G	94	center_neighbor_weight_check_m_w	scalar	scalar	True	True	True	0	float64	float64
2rn2A	K95G	94	center_neighbor_weight_check_w_m	scalar	scalar	True	True	True	0	float64	float64
2rn2A	K95G	94	neighbor_embedding_change_m_w	scalar	scalar	True	True	True	0	float32	float32
2rn2A	K95G	94	neighbor_embedding_change_m_w_raw	15x128	15x128	True	True	True	0	float32	float32
2rn2A	K95G	94	neighbor_message_change_m_w	scalar	scalar	True	False	True	1.19209289551e-07	float64	float64
2rn2A	K95G	94	neighbor_message_change_m_w_raw	15x128x1	15x128x1	True	True	True	0	float64	float64
2rn2A	K95G	94	unweighted_backward_KL	scalar	scalar	True	True	True	0	float32	float32
2rn2A	K95G	94	unweighted_forward_KL	scalar	scalar	True	True	True	0	float32	float32
2rn2A	K95G	94	wild_pssm	scalar	scalar	True	True	True	0	float64	float64
2rn2A	K95G	94	alternate_pssm	scalar	scalar	True	True	True	0	float64	float64
2rn2A	K95N	94	center_mut_wild_energy	scalar	scalar	True	True	True	0	float64	float32
2rn2A	K95N	94	center_mut_max_energy	scalar	scalar	True	True	True	0	float64	float32
2rn2A	K95N	94	center_entropy	scalar	scalar	True	True	True	0	float64	float32
2rn2A	K95N	94	weighted_neighbor_entropies	scalar	scalar	True	False	True	2.38418579102e-07	float32	float32
2rn2A	K95N	94	weighted_neighbor_energy_changes	scalar	scalar	True	False	True	1.24845614735e-07	float64	float32
2rn2A	K95N	94	backward_weighted_neighbor_energy_changes	scalar	scalar	True	True	True	0	float64	float64
2rn2A	K95N	94	V2_backward_weighted_neighbor_energy_changes	scalar	scalar	True	True	True	0	float64	float64
2rn2A	K95N	94	weighted_neighbor_forward_KL	scalar	scalar	True	True	True	0	float32	float32
2rn2A	K95N	94	weighted_neighbor_backward_KL	scalar	scalar	True	True	True	0	float32	float32
2rn2A	K95N	94	backward_weighted_neighbor_backward_KL	scalar	scalar	True	True	True	0	float64	float64
2rn2A	K95N	94	V2_backward_weighted_neighbor_backward_KL	scalar	scalar	True	True	True	0	float64	float64
2rn2A	K95N	94	weighted_neighbor_entropy_changes	scalar	scalar	True	True	True	0	float32	float32
2rn2A	K95N	94	backward_weighted_neighbor_entropy_changes	scalar	scalar	True	True	True	0	float64	float64
2rn2A	K95N	94	V2_backward_weighted_neighbor_entropy_changes	scalar	scalar	True	True	True	0	float64	float64
2rn2A	K95N	94	center_neighbor_weight_check_m_w	scalar	scalar	True	True	True	0	float64	float64
2rn2A	K95N	94	center_neighbor_weight_check_w_m	scalar	scalar	True	True	True	0	float64	float64
2rn2A	K95N	94	neighbor_embedding_change_m_w	scalar	scalar	True	True	True	0	float32	float32
2rn2A	K95N	94	neighbor_embedding_change_m_w_raw	15x128	15x128	True	True	True	0	float32	float32
2rn2A	K95N	94	neighbor_message_change_m_w	scalar	scalar	True	False	True	5.96046447754e-08	float64	float64
2rn2A	K95N	94	neighbor_message_change_m_w_raw	15x128x1	15x128x1	True	True	True	0	float64	float64
2rn2A	K95N	94	unweighted_backward_KL	scalar	scalar	True	True	True	0	float32	float32
2rn2A	K95N	94	unweighted_forward_KL	scalar	scalar	True	True	True	0	float32	float32
2rn2A	K95N	94	wild_pssm	scalar	scalar	True	True	True	0	float64	float64
2rn2A	K95N	94	alternate_pssm	scalar	scalar	True	True	True	0	float64	float64
2rn2A	D134A	133	center_mut_wild_energy	scalar	scalar	True	False	True	1.19209289551e-07	float64	float32
2rn2A	D134A	133	center_mut_max_energy	scalar	scalar	True	False	True	1.19209289551e-07	float64	float32
2rn2A	D134A	133	center_entropy	scalar	scalar	True	True	True	0	float64	float32
2rn2A	D134A	133	weighted_neighbor_entropies	scalar	scalar	True	True	True	0	float32	float32
2rn2A	D134A	133	weighted_neighbor_energy_changes	scalar	scalar	True	False	True	1.48043186154e-07	float64	float32
2rn2A	D134A	133	backward_weighted_neighbor_energy_changes	scalar	scalar	True	False	True	9.60205359668e-08	float64	float32
2rn2A	D134A	133	V2_backward_weighted_neighbor_energy_changes	scalar	scalar	True	False	True	4.86588414006e-09	float64	float32
2rn2A	D134A	133	weighted_neighbor_forward_KL	scalar	scalar	True	True	True	0	float32	float32
2rn2A	D134A	133	weighted_neighbor_backward_KL	scalar	scalar	True	True	True	0	float32	float32
2rn2A	D134A	133	backward_weighted_neighbor_backward_KL	scalar	scalar	True	True	True	0	float32	float32
2rn2A	D134A	133	V2_backward_weighted_neighbor_backward_KL	scalar	scalar	True	True	True	0	float32	float32
2rn2A	D134A	133	weighted_neighbor_entropy_changes	scalar	scalar	True	True	True	0	float32	float32
2rn2A	D134A	133	backward_weighted_neighbor_entropy_changes	scalar	scalar	True	True	True	0	float32	float32
2rn2A	D134A	133	V2_backward_weighted_neighbor_entropy_changes	scalar	scalar	True	True	True	0	float32	float32
2rn2A	D134A	133	center_neighbor_weight_check_m_w	scalar	scalar	True	True	True	0	float32	float32
2rn2A	D134A	133	center_neighbor_weight_check_w_m	scalar	scalar	True	True	True	0	float32	float32
2rn2A	D134A	133	neighbor_embedding_change_m_w	scalar	scalar	True	True	True	0	float32	float32
2rn2A	D134A	133	neighbor_embedding_change_m_w_raw	15x128	15x128	True	True	True	0	float32	float32
2rn2A	D134A	133	neighbor_message_change_m_w	scalar	scalar	True	True	True	0	float32	float32
2rn2A	D134A	133	neighbor_message_change_m_w_raw	15x128x1	15x128x1	True	True	True	0	float32	float32
2rn2A	D134A	133	unweighted_backward_KL	scalar	scalar	True	True	True	0	float32	float32
2rn2A	D134A	133	unweighted_forward_KL	scalar	scalar	True	True	True	0	float32	float32
2rn2A	D134A	133	wild_pssm	scalar	scalar	True	True	True	0	float64	float64
2rn2A	D134A	133	alternate_pssm	scalar	scalar	True	True	True	0	float64	float64
2rn2A	D134H	133	center_mut_wild_energy	scalar	scalar	True	True	True	0	float64	float32
2rn2A	D134H	133	center_mut_max_energy	scalar	scalar	True	True	True	0	float64	float32
2rn2A	D134H	133	center_entropy	scalar	scalar	True	True	True	0	float64	float32
2rn2A	D134H	133	weighted_neighbor_entropies	scalar	scalar	True	True	True	0	float32	float32
2rn2A	D134H	133	weighted_neighbor_energy_changes	scalar	scalar	True	False	True	6.25890428374e-08	float64	float32
2rn2A	D134H	133	backward_weighted_neighbor_energy_changes	scalar	scalar	True	False	True	1.6638543876e-09	float64	float32
2rn2A	D134H	133	V2_backward_weighted_neighbor_energy_changes	scalar	scalar	True	False	True	1.42251647794e-07	float64	float32
2rn2A	D134H	133	weighted_neighbor_forward_KL	scalar	scalar	True	True	True	0	float32	float32
2rn2A	D134H	133	weighted_neighbor_backward_KL	scalar	scalar	True	True	True	0	float32	float32
2rn2A	D134H	133	backward_weighted_neighbor_backward_KL	scalar	scalar	True	True	True	0	float32	float32
2rn2A	D134H	133	V2_backward_weighted_neighbor_backward_KL	scalar	scalar	True	True	True	0	float32	float32
2rn2A	D134H	133	weighted_neighbor_entropy_changes	scalar	scalar	True	True	True	0	float32	float32
2rn2A	D134H	133	backward_weighted_neighbor_entropy_changes	scalar	scalar	True	True	True	0	float32	float32
2rn2A	D134H	133	V2_backward_weighted_neighbor_entropy_changes	scalar	scalar	True	True	True	0	float32	float32
2rn2A	D134H	133	center_neighbor_weight_check_m_w	scalar	scalar	True	True	True	0	float32	float32
2rn2A	D134H	133	center_neighbor_weight_check_w_m	scalar	scalar	True	True	True	0	float32	float32
2rn2A	D134H	133	neighbor_embedding_change_m_w	scalar	scalar	True	False	True	4.76837158203e-07	float32	float32
2rn2A	D134H	133	neighbor_embedding_change_m_w_raw	15x128	15x128	True	True	True	0	float32	float32
2rn2A	D134H	133	neighbor_message_change_m_w	scalar	scalar	True	True	True	0	float32	float32
2rn2A	D134H	133	neighbor_message_change_m_w_raw	15x128x1	15x128x1	True	True	True	0	float32	float32
2rn2A	D134H	133	unweighted_backward_KL	scalar	scalar	True	True	True	0	float32	float32
2rn2A	D134H	133	unweighted_forward_KL	scalar	scalar	True	True	True	0	float32	float32
2rn2A	D134H	133	wild_pssm	scalar	scalar	True	True	True	0	float64	float64
2rn2A	D134H	133	alternate_pssm	scalar	scalar	True	True	True	0	float64	float64
2rn2A	D134N	133	center_mut_wild_energy	scalar	scalar	True	True	True	0	float64	float32
2rn2A	D134N	133	center_mut_max_energy	scalar	scalar	True	True	True	0	float64	float32
2rn2A	D134N	133	center_entropy	scalar	scalar	True	True	True	0	float64	float32
2rn2A	D134N	133	weighted_neighbor_entropies	scalar	scalar	True	False	True	1.19209289551e-07	float32	float32
2rn2A	D134N	133	weighted_neighbor_energy_changes	scalar	scalar	True	False	True	4.03209696742e-08	float64	float32
2rn2A	D134N	133	backward_weighted_neighbor_energy_changes	scalar	scalar	True	False	True	6.76773268538e-08	float64	float32
2rn2A	D134N	133	V2_backward_weighted_neighbor_energy_changes	scalar	scalar	True	False	True	3.37872243961e-07	float64	float32
2rn2A	D134N	133	weighted_neighbor_forward_KL	scalar	scalar	True	True	True	0	float32	float32
2rn2A	D134N	133	weighted_neighbor_backward_KL	scalar	scalar	True	True	True	0	float32	float32
2rn2A	D134N	133	backward_weighted_neighbor_backward_KL	scalar	scalar	True	True	True	0	float32	float32
2rn2A	D134N	133	V2_backward_weighted_neighbor_backward_KL	scalar	scalar	True	True	True	0	float32	float32
2rn2A	D134N	133	weighted_neighbor_entropy_changes	scalar	scalar	True	True	True	0	float32	float32
2rn2A	D134N	133	backward_weighted_neighbor_entropy_changes	scalar	scalar	True	True	True	0	float32	float32
2rn2A	D134N	133	V2_backward_weighted_neighbor_entropy_changes	scalar	scalar	True	True	True	0	float32	float32
2rn2A	D134N	133	center_neighbor_weight_check_m_w	scalar	scalar	True	True	True	0	float32	float32
2rn2A	D134N	133	center_neighbor_weight_check_w_m	scalar	scalar	True	True	True	0	float32	float32
2rn2A	D134N	133	neighbor_embedding_change_m_w	scalar	scalar	True	False	True	4.76837158203e-07	float32	float32
2rn2A	D134N	133	neighbor_embedding_change_m_w_raw	15x128	15x128	True	True	True	0	float32	float32
2rn2A	D134N	133	neighbor_message_change_m_w	scalar	scalar	True	True	True	0	float32	float32
2rn2A	D134N	133	neighbor_message_change_m_w_raw	15x128x1	15x128x1	True	True	True	0	float32	float32
2rn2A	D134N	133	unweighted_backward_KL	scalar	scalar	True	True	True	0	float32	float32
2rn2A	D134N	133	unweighted_forward_KL	scalar	scalar	True	True	True	0	float32	float32
2rn2A	D134N	133	wild_pssm	scalar	scalar	True	True	True	0	float64	float64
2rn2A	D134N	133	alternate_pssm	scalar	scalar	True	True	True	0	float64	float64
4lyzA	M12F	11	center_mut_wild_energy	scalar	scalar	True	True	True	0	float64	float32
4lyzA	M12F	11	center_mut_max_energy	scalar	scalar	True	False	True	5.96046447754e-08	float64	float32
4lyzA	M12F	11	center_entropy	scalar	scalar	True	True	True	0	float64	float32
4lyzA	M12F	11	weighted_neighbor_entropies	scalar	scalar	True	True	True	0	float32	float32
4lyzA	M12F	11	weighted_neighbor_energy_changes	scalar	scalar	True	False	True	1.76594312506e-08	float64	float32
4lyzA	M12F	11	backward_weighted_neighbor_energy_changes	scalar	scalar	True	False	True	1.93767935031e-07	float64	float32
4lyzA	M12F	11	V2_backward_weighted_neighbor_energy_changes	scalar	scalar	True	False	True	3.23799405066e-08	float64	float32
4lyzA	M12F	11	weighted_neighbor_forward_KL	scalar	scalar	True	True	True	0	float32	float32
4lyzA	M12F	11	weighted_neighbor_backward_KL	scalar	scalar	True	True	True	0	float32	float32
4lyzA	M12F	11	backward_weighted_neighbor_backward_KL	scalar	scalar	True	True	True	0	float32	float32
4lyzA	M12F	11	V2_backward_weighted_neighbor_backward_KL	scalar	scalar	True	True	True	0	float32	float32
4lyzA	M12F	11	weighted_neighbor_entropy_changes	scalar	scalar	True	True	True	0	float32	float32
4lyzA	M12F	11	backward_weighted_neighbor_entropy_changes	scalar	scalar	True	True	True	0	float32	float32
4lyzA	M12F	11	V2_backward_weighted_neighbor_entropy_changes	scalar	scalar	True	True	True	0	float32	float32
4lyzA	M12F	11	center_neighbor_weight_check_m_w	scalar	scalar	True	True	True	0	float32	float32
4lyzA	M12F	11	center_neighbor_weight_check_w_m	scalar	scalar	True	True	True	0	float32	float32
4lyzA	M12F	11	neighbor_embedding_change_m_w	scalar	scalar	True	True	True	0	float32	float32
4lyzA	M12F	11	neighbor_embedding_change_m_w_raw	15x128	15x128	True	True	True	0	float32	float32
4lyzA	M12F	11	neighbor_message_change_m_w	scalar	scalar	True	True	True	0	float32	float32
4lyzA	M12F	11	neighbor_message_change_m_w_raw	15x128x1	15x128x1	True	True	True	0	float32	float32
4lyzA	M12F	11	unweighted_backward_KL	scalar	scalar	True	True	True	0	float32	float32
4lyzA	M12F	11	unweighted_forward_KL	scalar	scalar	True	True	True	0	float32	float32
4lyzA	M12F	11	wild_pssm	scalar	scalar	True	True	True	0	float64	float64
4lyzA	M12F	11	alternate_pssm	scalar	scalar	True	True	True	0	float64	float64
4lyzA	M12L	11	center_mut_wild_energy	scalar	scalar	True	False	True	5.96046447754e-08	float64	float32
4lyzA	M12L	11	center_mut_max_energy	scalar	scalar	True	True	True	0	float64	float32
4lyzA	M12L	11	center_entropy	scalar	scalar	True	True	True	0	float64	float32
4lyzA	M12L	11	weighted_neighbor_entropies	scalar	scalar	True	False	True	1.19209289551e-07	float32	float32
4lyzA	M12L	11	weighted_neighbor_energy_changes	scalar	scalar	True	False	True	3.76144431158e-08	float64	float32
4lyzA	M12L	11	backward_weighted_neighbor_energy_changes	scalar	scalar	True	False	True	7.064815577e-08	float64	float32
4lyzA	M12L	11	V2_backward_weighted_neighbor_energy_changes	scalar	scalar	True	False	True	2.87352666106e-07	float64	float32
4lyzA	M12L	11	weighted_neighbor_forward_KL	scalar	scalar	True	True	True	0	float32	float32
4lyzA	M12L	11	weighted_neighbor_backward_KL	scalar	scalar	True	True	True	0	float32	float32
4lyzA	M12L	11	backward_weighted_neighbor_backward_KL	scalar	scalar	True	True	True	0	float32	float32
4lyzA	M12L	11	V2_backward_weighted_neighbor_backward_KL	scalar	scalar	True	True	True	0	float32	float32
4lyzA	M12L	11	weighted_neighbor_entropy_changes	scalar	scalar	True	True	True	0	float32	float32
4lyzA	M12L	11	backward_weighted_neighbor_entropy_changes	scalar	scalar	True	True	True	0	float32	float32
4lyzA	M12L	11	V2_backward_weighted_neighbor_entropy_changes	scalar	scalar	True	True	True	0	float32	float32
4lyzA	M12L	11	center_neighbor_weight_check_m_w	scalar	scalar	True	True	True	0	float32	float32
4lyzA	M12L	11	center_neighbor_weight_check_w_m	scalar	scalar	True	True	True	0	float32	float32
4lyzA	M12L	11	neighbor_embedding_change_m_w	scalar	scalar	True	True	True	0	float32	float32
4lyzA	M12L	11	neighbor_embedding_change_m_w_raw	15x128	15x128	True	True	True	0	float32	float32
4lyzA	M12L	11	neighbor_message_change_m_w	scalar	scalar	True	True	True	0	float32	float32
4lyzA	M12L	11	neighbor_message_change_m_w_raw	15x128x1	15x128x1	True	True	True	0	float32	float32
4lyzA	M12L	11	unweighted_backward_KL	scalar	scalar	True	True	True	0	float32	float32
4lyzA	M12L	11	unweighted_forward_KL	scalar	scalar	True	True	True	0	float32	float32
4lyzA	M12L	11	wild_pssm	scalar	scalar	True	True	True	0	float64	float64
4lyzA	M12L	11	alternate_pssm	scalar	scalar	True	True	True	0	float64	float64
4lyzA	T40S	39	center_mut_wild_energy	scalar	scalar	True	True	True	0	float64	float32
4lyzA	T40S	39	center_mut_max_energy	scalar	scalar	True	True	True	0	float64	float32
4lyzA	T40S	39	center_entropy	scalar	scalar	True	True	True	0	float64	float32
4lyzA	T40S	39	weighted_neighbor_entropies	scalar	scalar	True	True	True	0	float32	float32
4lyzA	T40S	39	weighted_neighbor_energy_changes	scalar	scalar	True	False	True	3.58170826331e-09	float64	float32
4lyzA	T40S	39	backward_weighted_neighbor_energy_changes	scalar	scalar	True	False	True	2.14500397888e-07	float64	float32
4lyzA	T40S	39	V2_backward_weighted_neighbor_energy_changes	scalar	scalar	True	False	True	9.47482288183e-08	float64	float32
4lyzA	T40S	39	weighted_neighbor_forward_KL	scalar	scalar	True	True	True	0	float32	float32
4lyzA	T40S	39	weighted_neighbor_backward_KL	scalar	scalar	True	True	True	0	float32	float32
4lyzA	T40S	39	backward_weighted_neighbor_backward_KL	scalar	scalar	True	True	True	0	float32	float32
4lyzA	T40S	39	V2_backward_weighted_neighbor_backward_KL	scalar	scalar	True	True	True	0	float32	float32
4lyzA	T40S	39	weighted_neighbor_entropy_changes	scalar	scalar	True	True	True	0	float32	float32
4lyzA	T40S	39	backward_weighted_neighbor_entropy_changes	scalar	scalar	True	True	True	0	float32	float32
4lyzA	T40S	39	V2_backward_weighted_neighbor_entropy_changes	scalar	scalar	True	True	True	0	float32	float32
4lyzA	T40S	39	center_neighbor_weight_check_m_w	scalar	scalar	True	True	True	0	float32	float32
4lyzA	T40S	39	center_neighbor_weight_check_w_m	scalar	scalar	True	True	True	0	float32	float32
4lyzA	T40S	39	neighbor_embedding_change_m_w	scalar	scalar	True	True	True	0	float32	float32
4lyzA	T40S	39	neighbor_embedding_change_m_w_raw	15x128	15x128	True	True	True	0	float32	float32
4lyzA	T40S	39	neighbor_message_change_m_w	scalar	scalar	True	True	True	0	float32	float32
4lyzA	T40S	39	neighbor_message_change_m_w_raw	15x128x1	15x128x1	True	True	True	0	float32	float32
4lyzA	T40S	39	unweighted_backward_KL	scalar	scalar	True	True	True	0	float32	float32
4lyzA	T40S	39	unweighted_forward_KL	scalar	scalar	True	True	True	0	float32	float32
4lyzA	T40S	39	wild_pssm	scalar	scalar	True	True	True	0	float64	float64
4lyzA	T40S	39	alternate_pssm	scalar	scalar	True	True	True	0	float64	float64
4lyzA	G49A	48	center_mut_wild_energy	scalar	scalar	True	False	True	1.04308128357e-07	float64	float32
4lyzA	G49A	48	center_mut_max_energy	scalar	scalar	True	False	True	1.04308128357e-07	float64	float32
4lyzA	G49A	48	center_entropy	scalar	scalar	True	True	True	0	float64	float32
4lyzA	G49A	48	weighted_neighbor_entropies	scalar	scalar	True	False	True	1.19209289551e-07	float32	float32
4lyzA	G49A	48	weighted_neighbor_energy_changes	scalar	scalar	True	False	True	1.05781208237e-07	float64	float32
4lyzA	G49A	48	backward_weighted_neighbor_energy_changes	scalar	scalar	True	True	True	0	float64	float64
4lyzA	G49A	48	V2_backward_weighted_neighbor_energy_changes	scalar	scalar	True	True	True	0	float64	float64
4lyzA	G49A	48	weighted_neighbor_forward_KL	scalar	scalar	True	True	True	0	float32	float32
4lyzA	G49A	48	weighted_neighbor_backward_KL	scalar	scalar	True	True	True	0	float32	float32
4lyzA	G49A	48	backward_weighted_neighbor_backward_KL	scalar	scalar	True	True	True	0	float64	float64
4lyzA	G49A	48	V2_backward_weighted_neighbor_backward_KL	scalar	scalar	True	True	True	0	float64	float64
4lyzA	G49A	48	weighted_neighbor_entropy_changes	scalar	scalar	True	True	True	0	float32	float32
4lyzA	G49A	48	backward_weighted_neighbor_entropy_changes	scalar	scalar	True	True	True	0	float64	float64
4lyzA	G49A	48	V2_backward_weighted_neighbor_entropy_changes	scalar	scalar	True	True	True	0	float64	float64
4lyzA	G49A	48	center_neighbor_weight_check_m_w	scalar	scalar	True	True	True	0	float64	float64
4lyzA	G49A	48	center_neighbor_weight_check_w_m	scalar	scalar	True	True	True	0	float64	float64
4lyzA	G49A	48	neighbor_embedding_change_m_w	scalar	scalar	True	True	True	0	float32	float32
4lyzA	G49A	48	neighbor_embedding_change_m_w_raw	15x128	15x128	True	True	True	0	float32	float32
4lyzA	G49A	48	neighbor_message_change_m_w	scalar	scalar	True	False	True	6.70552253723e-08	float64	float64
4lyzA	G49A	48	neighbor_message_change_m_w_raw	15x128x1	15x128x1	True	True	True	0	float64	float64
4lyzA	G49A	48	unweighted_backward_KL	scalar	scalar	True	True	True	0	float32	float32
4lyzA	G49A	48	unweighted_forward_KL	scalar	scalar	True	True	True	0	float32	float32
4lyzA	G49A	48	wild_pssm	scalar	scalar	True	True	True	0	float64	float64
4lyzA	G49A	48	alternate_pssm	scalar	scalar	True	True	True	0	float64	float64
4lyzA	I55V	54	center_mut_wild_energy	scalar	scalar	True	False	True	2.98023223877e-08	float64	float32
4lyzA	I55V	54	center_mut_max_energy	scalar	scalar	True	False	True	2.98023223877e-08	float64	float32
4lyzA	I55V	54	center_entropy	scalar	scalar	True	True	True	0	float64	float32
4lyzA	I55V	54	weighted_neighbor_entropies	scalar	scalar	True	True	True	0	float32	float32
4lyzA	I55V	54	weighted_neighbor_energy_changes	scalar	scalar	True	False	True	6.98352295103e-07	float64	float32
4lyzA	I55V	54	backward_weighted_neighbor_energy_changes	scalar	scalar	True	False	True	2.04489346345e-07	float64	float32
4lyzA	I55V	54	V2_backward_weighted_neighbor_energy_changes	scalar	scalar	True	False	True	8.96985241639e-09	float64	float32
4lyzA	I55V	54	weighted_neighbor_forward_KL	scalar	scalar	True	True	True	0	float32	float32
4lyzA	I55V	54	weighted_neighbor_backward_KL	scalar	scalar	True	True	True	0	float32	float32
4lyzA	I55V	54	backward_weighted_neighbor_backward_KL	scalar	scalar	True	True	True	0	float32	float32
4lyzA	I55V	54	V2_backward_weighted_neighbor_backward_KL	scalar	scalar	True	True	True	0	float32	float32
4lyzA	I55V	54	weighted_neighbor_entropy_changes	scalar	scalar	True	True	True	0	float32	float32
4lyzA	I55V	54	backward_weighted_neighbor_entropy_changes	scalar	scalar	True	True	True	0	float32	float32
4lyzA	I55V	54	V2_backward_weighted_neighbor_entropy_changes	scalar	scalar	True	True	True	0	float32	float32
4lyzA	I55V	54	center_neighbor_weight_check_m_w	scalar	scalar	True	True	True	0	float32	float32
4lyzA	I55V	54	center_neighbor_weight_check_w_m	scalar	scalar	True	True	True	0	float32	float32
4lyzA	I55V	54	neighbor_embedding_change_m_w	scalar	scalar	True	True	True	0	float32	float32
4lyzA	I55V	54	neighbor_embedding_change_m_w_raw	15x128	15x128	True	True	True	0	float32	float32
4lyzA	I55V	54	neighbor_message_change_m_w	scalar	scalar	True	True	True	0	float32	float32
4lyzA	I55V	54	neighbor_message_change_m_w_raw	15x128x1	15x128x1	True	True	True	0	float32	float32
4lyzA	I55V	54	unweighted_backward_KL	scalar	scalar	True	True	True	0	float32	float32
4lyzA	I55V	54	unweighted_forward_KL	scalar	scalar	True	True	True	0	float32	float32
4lyzA	I55V	54	wild_pssm	scalar	scalar	True	True	True	0	float64	float64
4lyzA	I55V	54	alternate_pssm	scalar	scalar	True	True	True	0	float64	float64
4lyzA	I58M	57	center_mut_wild_energy	scalar	scalar	True	False	True	1.78813934326e-07	float64	float32
4lyzA	I58M	57	center_mut_max_energy	scalar	scalar	True	False	True	1.78813934326e-07	float64	float32
4lyzA	I58M	57	center_entropy	scalar	scalar	True	True	True	0	float64	float32
4lyzA	I58M	57	weighted_neighbor_entropies	scalar	scalar	True	False	True	1.19209289551e-07	float32	float32
4lyzA	I58M	57	weighted_neighbor_energy_changes	scalar	scalar	True	False	True	7.54233226985e-08	float64	float32
4lyzA	I58M	57	backward_weighted_neighbor_energy_changes	scalar	scalar	True	False	True	3.14927608436e-08	float64	float32
4lyzA	I58M	57	V2_backward_weighted_neighbor_energy_changes	scalar	scalar	True	False	True	2.01473948191e-07	float64	float32
4lyzA	I58M	57	weighted_neighbor_forward_KL	scalar	scalar	True	True	True	0	float32	float32
4lyzA	I58M	57	weighted_neighbor_backward_KL	scalar	scalar	True	True	True	0	float32	float32
4lyzA	I58M	57	backward_weighted_neighbor_backward_KL	scalar	scalar	True	True	True	0	float32	float32
4lyzA	I58M	57	V2_backward_weighted_neighbor_backward_KL	scalar	scalar	True	True	True	0	float32	float32
4lyzA	I58M	57	weighted_neighbor_entropy_changes	scalar	scalar	True	True	True	0	float32	float32
4lyzA	I58M	57	backward_weighted_neighbor_entropy_changes	scalar	scalar	True	True	True	0	float32	float32
4lyzA	I58M	57	V2_backward_weighted_neighbor_entropy_changes	scalar	scalar	True	True	True	0	float32	float32
4lyzA	I58M	57	center_neighbor_weight_check_m_w	scalar	scalar	True	True	True	0	float32	float32
4lyzA	I58M	57	center_neighbor_weight_check_w_m	scalar	scalar	True	True	True	0	float32	float32
4lyzA	I58M	57	neighbor_embedding_change_m_w	scalar	scalar	True	True	True	0	float32	float32
4lyzA	I58M	57	neighbor_embedding_change_m_w_raw	15x128	15x128	True	True	True	0	float32	float32
4lyzA	I58M	57	neighbor_message_change_m_w	scalar	scalar	True	True	True	0	float32	float32
4lyzA	I58M	57	neighbor_message_change_m_w_raw	15x128x1	15x128x1	True	True	True	0	float32	float32
4lyzA	I58M	57	unweighted_backward_KL	scalar	scalar	True	True	True	0	float32	float32
4lyzA	I58M	57	unweighted_forward_KL	scalar	scalar	True	True	True	0	float32	float32
4lyzA	I58M	57	wild_pssm	scalar	scalar	True	True	True	0	float64	float64
4lyzA	I58M	57	alternate_pssm	scalar	scalar	True	True	True	0	float64	float64
4lyzA	G67A	66	center_mut_wild_energy	scalar	scalar	True	False	True	5.96046447754e-08	float64	float32
4lyzA	G67A	66	center_mut_max_energy	scalar	scalar	True	False	True	5.96046447754e-08	float64	float32
4lyzA	G67A	66	center_entropy	scalar	scalar	True	True	True	0	float64	float32
4lyzA	G67A	66	weighted_neighbor_entropies	scalar	scalar	True	True	True	0	float32	float32
4lyzA	G67A	66	weighted_neighbor_energy_changes	scalar	scalar	True	False	True	1.13825465498e-07	float64	float32
4lyzA	G67A	66	backward_weighted_neighbor_energy_changes	scalar	scalar	True	True	True	0	float64	float64
4lyzA	G67A	66	V2_backward_weighted_neighbor_energy_changes	scalar	scalar	True	True	True	0	float64	float64
4lyzA	G67A	66	weighted_neighbor_forward_KL	scalar	scalar	True	True	True	0	float32	float32
4lyzA	G67A	66	weighted_neighbor_backward_KL	scalar	scalar	True	True	True	0	float32	float32
4lyzA	G67A	66	backward_weighted_neighbor_backward_KL	scalar	scalar	True	True	True	0	float64	float64
4lyzA	G67A	66	V2_backward_weighted_neighbor_backward_KL	scalar	scalar	True	True	True	0	float64	float64
4lyzA	G67A	66	weighted_neighbor_entropy_changes	scalar	scalar	True	True	True	0	float32	float32
4lyzA	G67A	66	backward_weighted_neighbor_entropy_changes	scalar	scalar	True	True	True	0	float64	float64
4lyzA	G67A	66	V2_backward_weighted_neighbor_entropy_changes	scalar	scalar	True	True	True	0	float64	float64
4lyzA	G67A	66	center_neighbor_weight_check_m_w	scalar	scalar	True	True	True	0	float64	float64
4lyzA	G67A	66	center_neighbor_weight_check_w_m	scalar	scalar	True	True	True	0	float64	float64
4lyzA	G67A	66	neighbor_embedding_change_m_w	scalar	scalar	True	True	True	0	float32	float32
4lyzA	G67A	66	neighbor_embedding_change_m_w_raw	15x128	15x128	True	True	True	0	float32	float32
4lyzA	G67A	66	neighbor_message_change_m_w	scalar	scalar	True	False	True	6.70552253723e-08	float64	float64
4lyzA	G67A	66	neighbor_message_change_m_w_raw	15x128x1	15x128x1	True	True	True	0	float64	float64
4lyzA	G67A	66	unweighted_backward_KL	scalar	scalar	True	True	True	0	float32	float32
4lyzA	G67A	66	unweighted_forward_KL	scalar	scalar	True	True	True	0	float32	float32
4lyzA	G67A	66	wild_pssm	scalar	scalar	True	True	True	0	float64	float64
4lyzA	G67A	66	alternate_pssm	scalar	scalar	True	True	True	0	float64	float64
4lyzA	G71A	70	center_mut_wild_energy	scalar	scalar	True	True	True	0	float64	float32
4lyzA	G71A	70	center_mut_max_energy	scalar	scalar	True	True	True	0	float64	float32
4lyzA	G71A	70	center_entropy	scalar	scalar	True	True	True	0	float64	float32
4lyzA	G71A	70	weighted_neighbor_entropies	scalar	scalar	True	False	True	2.38418579102e-07	float32	float32
4lyzA	G71A	70	weighted_neighbor_energy_changes	scalar	scalar	True	False	True	7.17325381316e-08	float64	float32
4lyzA	G71A	70	backward_weighted_neighbor_energy_changes	scalar	scalar	True	True	True	0	float64	float64
4lyzA	G71A	70	V2_backward_weighted_neighbor_energy_changes	scalar	scalar	True	True	True	0	float64	float64
4lyzA	G71A	70	weighted_neighbor_forward_KL	scalar	scalar	True	True	True	0	float32	float32
4lyzA	G71A	70	weighted_neighbor_backward_KL	scalar	scalar	True	True	True	0	float32	float32
4lyzA	G71A	70	backward_weighted_neighbor_backward_KL	scalar	scalar	True	True	True	0	float64	float64
4lyzA	G71A	70	V2_backward_weighted_neighbor_backward_KL	scalar	scalar	True	True	True	0	float64	float64
4lyzA	G71A	70	weighted_neighbor_entropy_changes	scalar	scalar	True	True	True	0	float32	float32
4lyzA	G71A	70	backward_weighted_neighbor_entropy_changes	scalar	scalar	True	True	True	0	float64	float64
4lyzA	G71A	70	V2_backward_weighted_neighbor_entropy_changes	scalar	scalar	True	True	True	0	float64	float64
4lyzA	G71A	70	center_neighbor_weight_check_m_w	scalar	scalar	True	True	True	0	float64	float64
4lyzA	G71A	70	center_neighbor_weight_check_w_m	scalar	scalar	True	True	True	0	float64	float64
4lyzA	G71A	70	neighbor_embedding_change_m_w	scalar	scalar	True	True	True	0	float32	float32
4lyzA	G71A	70	neighbor_embedding_change_m_w_raw	15x128	15x128	True	True	True	0	float32	float32
4lyzA	G71A	70	neighbor_message_change_m_w	scalar	scalar	True	False	True	2.60770320892e-08	float64	float64
4lyzA	G71A	70	neighbor_message_change_m_w_raw	15x128x1	15x128x1	True	True	True	0	float64	float64
4lyzA	G71A	70	unweighted_backward_KL	scalar	scalar	True	True	True	0	float32	float32
4lyzA	G71A	70	unweighted_forward_KL	scalar	scalar	True	True	True	0	float32	float32
4lyzA	G71A	70	wild_pssm	scalar	scalar	True	True	True	0	float64	float64
4lyzA	G71A	70	alternate_pssm	scalar	scalar	True	True	True	0	float64	float64
4lyzA	I78M	77	center_mut_wild_energy	scalar	scalar	True	True	True	0	float64	float32
4lyzA	I78M	77	center_mut_max_energy	scalar	scalar	True	False	True	5.96046447754e-08	float64	float32
4lyzA	I78M	77	center_entropy	scalar	scalar	True	True	True	0	float64	float32
4lyzA	I78M	77	weighted_neighbor_entropies	scalar	scalar	True	True	True	0	float32	float32
4lyzA	I78M	77	weighted_neighbor_energy_changes	scalar	scalar	True	False	True	6.14531501242e-08	float64	float32
4lyzA	I78M	77	backward_weighted_neighbor_energy_changes	scalar	scalar	True	False	True	9.61174251302e-09	float64	float32
4lyzA	I78M	77	V2_backward_weighted_neighbor_energy_changes	scalar	scalar	True	False	True	1.58188189658e-07	float64	float32
4lyzA	I78M	77	weighted_neighbor_forward_KL	scalar	scalar	True	True	True	0	float32	float32
4lyzA	I78M	77	weighted_neighbor_backward_KL	scalar	scalar	True	True	True	0	float32	float32
4lyzA	I78M	77	backward_weighted_neighbor_backward_KL	scalar	scalar	True	True	True	0	float32	float32
4lyzA	I78M	77	V2_backward_weighted_neighbor_backward_KL	scalar	scalar	True	True	True	0	float32	float32
4lyzA	I78M	77	weighted_neighbor_entropy_changes	scalar	scalar	True	True	True	0	float32	float32
4lyzA	I78M	77	backward_weighted_neighbor_entropy_changes	scalar	scalar	True	True	True	0	float32	float32
4lyzA	I78M	77	V2_backward_weighted_neighbor_entropy_changes	scalar	scalar	True	True	True	0	float32	float32
4lyzA	I78M	77	center_neighbor_weight_check_m_w	scalar	scalar	True	True	True	0	float32	float32
4lyzA	I78M	77	center_neighbor_weight_check_w_m	scalar	scalar	True	True	True	0	float32	float32
4lyzA	I78M	77	neighbor_embedding_change_m_w	scalar	scalar	True	True	True	0	float32	float32
4lyzA	I78M	77	neighbor_embedding_change_m_w_raw	15x128	15x128	True	True	True	0	float32	float32
4lyzA	I78M	77	neighbor_message_change_m_w	scalar	scalar	True	True	True	0	float32	float32
4lyzA	I78M	77	neighbor_message_change_m_w_raw	15x128x1	15x128x1	True	True	True	0	float32	float32
4lyzA	I78M	77	unweighted_backward_KL	scalar	scalar	True	True	True	0	float32	float32
4lyzA	I78M	77	unweighted_forward_KL	scalar	scalar	True	True	True	0	float32	float32
4lyzA	I78M	77	wild_pssm	scalar	scalar	True	True	True	0	float64	float64
4lyzA	I78M	77	alternate_pssm	scalar	scalar	True	True	True	0	float64	float64
4lyzA	S91A	90	center_mut_wild_energy	scalar	scalar	True	True	True	0	float64	float32
4lyzA	S91A	90	center_mut_max_energy	scalar	scalar	True	True	True	0	float64	float32
4lyzA	S91A	90	center_entropy	scalar	scalar	True	True	True	0	float64	float32
4lyzA	S91A	90	weighted_neighbor_entropies	scalar	scalar	True	True	True	0	float32	float32
4lyzA	S91A	90	weighted_neighbor_energy_changes	scalar	scalar	True	False	True	1.64216196197e-07	float64	float32
4lyzA	S91A	90	backward_weighted_neighbor_energy_changes	scalar	scalar	True	False	True	9.64683977145e-08	float64	float32
4lyzA	S91A	90	V2_backward_weighted_neighbor_energy_changes	scalar	scalar	True	False	True	3.60525547194e-08	float64	float32
4lyzA	S91A	90	weighted_neighbor_forward_KL	scalar	scalar	True	True	True	0	float32	float32
4lyzA	S91A	90	weighted_neighbor_backward_KL	scalar	scalar	True	True	True	0	float32	float32
4lyzA	S91A	90	backward_weighted_neighbor_backward_KL	scalar	scalar	True	True	True	0	float32	float32
4lyzA	S91A	90	V2_backward_weighted_neighbor_backward_KL	scalar	scalar	True	True	True	0	float32	float32
4lyzA	S91A	90	weighted_neighbor_entropy_changes	scalar	scalar	True	True	True	0	float32	float32
4lyzA	S91A	90	backward_weighted_neighbor_entropy_changes	scalar	scalar	True	True	True	0	float32	float32
4lyzA	S91A	90	V2_backward_weighted_neighbor_entropy_changes	scalar	scalar	True	True	True	0	float32	float32
4lyzA	S91A	90	center_neighbor_weight_check_m_w	scalar	scalar	True	True	True	0	float32	float32
4lyzA	S91A	90	center_neighbor_weight_check_w_m	scalar	scalar	True	True	True	0	float32	float32
4lyzA	S91A	90	neighbor_embedding_change_m_w	scalar	scalar	True	True	True	0	float32	float32
4lyzA	S91A	90	neighbor_embedding_change_m_w_raw	15x128	15x128	True	True	True	0	float32	float32
4lyzA	S91A	90	neighbor_message_change_m_w	scalar	scalar	True	True	True	0	float32	float32
4lyzA	S91A	90	neighbor_message_change_m_w_raw	15x128x1	15x128x1	True	True	True	0	float32	float32
4lyzA	S91A	90	unweighted_backward_KL	scalar	scalar	True	True	True	0	float32	float32
4lyzA	S91A	90	unweighted_forward_KL	scalar	scalar	True	True	True	0	float32	float32
4lyzA	S91A	90	wild_pssm	scalar	scalar	True	True	True	0	float64	float64
4lyzA	S91A	90	alternate_pssm	scalar	scalar	True	True	True	0	float64	float64
4lyzA	S91T	90	center_mut_wild_energy	scalar	scalar	True	True	True	0	float64	float32
4lyzA	S91T	90	center_mut_max_energy	scalar	scalar	True	True	True	0	float64	float32
4lyzA	S91T	90	center_entropy	scalar	scalar	True	True	True	0	float64	float32
4lyzA	S91T	90	weighted_neighbor_entropies	scalar	scalar	True	False	True	1.19209289551e-07	float32	float32
4lyzA	S91T	90	weighted_neighbor_energy_changes	scalar	scalar	True	False	True	2.00370267045e-08	float64	float32
4lyzA	S91T	90	backward_weighted_neighbor_energy_changes	scalar	scalar	True	False	True	3.74276698523e-08	float64	float32
4lyzA	S91T	90	V2_backward_weighted_neighbor_energy_changes	scalar	scalar	True	False	True	8.39200771097e-08	float64	float32
4lyzA	S91T	90	weighted_neighbor_forward_KL	scalar	scalar	True	True	True	0	float32	float32
4lyzA	S91T	90	weighted_neighbor_backward_KL	scalar	scalar	True	True	True	0	float32	float32
4lyzA	S91T	90	backward_weighted_neighbor_backward_KL	scalar	scalar	True	True	True	0	float32	float32
4lyzA	S91T	90	V2_backward_weighted_neighbor_backward_KL	scalar	scalar	True	True	True	0	float32	float32
4lyzA	S91T	90	weighted_neighbor_entropy_changes	scalar	scalar	True	True	True	0	float32	float32
4lyzA	S91T	90	backward_weighted_neighbor_entropy_changes	scalar	scalar	True	True	True	0	float32	float32
4lyzA	S91T	90	V2_backward_weighted_neighbor_entropy_changes	scalar	scalar	True	True	True	0	float32	float32
4lyzA	S91T	90	center_neighbor_weight_check_m_w	scalar	scalar	True	True	True	0	float32	float32
4lyzA	S91T	90	center_neighbor_weight_check_w_m	scalar	scalar	True	True	True	0	float32	float32
4lyzA	S91T	90	neighbor_embedding_change_m_w	scalar	scalar	True	False	True	4.76837158203e-07	float32	float32
4lyzA	S91T	90	neighbor_embedding_change_m_w_raw	15x128	15x128	True	True	True	0	float32	float32
4lyzA	S91T	90	neighbor_message_change_m_w	scalar	scalar	True	True	True	0	float32	float32
4lyzA	S91T	90	neighbor_message_change_m_w_raw	15x128x1	15x128x1	True	True	True	0	float32	float32
4lyzA	S91T	90	unweighted_backward_KL	scalar	scalar	True	True	True	0	float32	float32
4lyzA	S91T	90	unweighted_forward_KL	scalar	scalar	True	True	True	0	float32	float32
4lyzA	S91T	90	wild_pssm	scalar	scalar	True	True	True	0	float64	float64
4lyzA	S91T	90	alternate_pssm	scalar	scalar	True	True	True	0	float64	float64
4lyzA	I98M	97	center_mut_wild_energy	scalar	scalar	True	False	True	1.19209289551e-07	float64	float32
4lyzA	I98M	97	center_mut_max_energy	scalar	scalar	True	False	True	1.19209289551e-07	float64	float32
4lyzA	I98M	97	center_entropy	scalar	scalar	True	True	True	0	float64	float32
4lyzA	I98M	97	weighted_neighbor_entropies	scalar	scalar	True	True	True	0	float32	float32
4lyzA	I98M	97	weighted_neighbor_energy_changes	scalar	scalar	True	False	True	3.27711990877e-08	float64	float32
4lyzA	I98M	97	backward_weighted_neighbor_energy_changes	scalar	scalar	True	False	True	3.89870384865e-07	float64	float32
4lyzA	I98M	97	V2_backward_weighted_neighbor_energy_changes	scalar	scalar	True	False	True	2.54847305925e-07	float64	float32
4lyzA	I98M	97	weighted_neighbor_forward_KL	scalar	scalar	True	True	True	0	float32	float32
4lyzA	I98M	97	weighted_neighbor_backward_KL	scalar	scalar	True	True	True	0	float32	float32
4lyzA	I98M	97	backward_weighted_neighbor_backward_KL	scalar	scalar	True	True	True	0	float32	float32
4lyzA	I98M	97	V2_backward_weighted_neighbor_backward_KL	scalar	scalar	True	True	True	0	float32	float32
4lyzA	I98M	97	weighted_neighbor_entropy_changes	scalar	scalar	True	True	True	0	float32	float32
4lyzA	I98M	97	backward_weighted_neighbor_entropy_changes	scalar	scalar	True	True	True	0	float32	float32
4lyzA	I98M	97	V2_backward_weighted_neighbor_entropy_changes	scalar	scalar	True	True	True	0	float32	float32
4lyzA	I98M	97	center_neighbor_weight_check_m_w	scalar	scalar	True	True	True	0	float32	float32
4lyzA	I98M	97	center_neighbor_weight_check_w_m	scalar	scalar	True	True	True	0	float32	float32
4lyzA	I98M	97	neighbor_embedding_change_m_w	scalar	scalar	True	True	True	0	float32	float32
4lyzA	I98M	97	neighbor_embedding_change_m_w_raw	15x128	15x128	True	True	True	0	float32	float32
4lyzA	I98M	97	neighbor_message_change_m_w	scalar	scalar	True	False	True	4.76837158203e-07	float32	float32
4lyzA	I98M	97	neighbor_message_change_m_w_raw	15x128x1	15x128x1	True	True	True	0	float32	float32
4lyzA	I98M	97	unweighted_backward_KL	scalar	scalar	True	True	True	0	float32	float32
4lyzA	I98M	97	unweighted_forward_KL	scalar	scalar	True	True	True	0	float32	float32
4lyzA	I98M	97	wild_pssm	scalar	scalar	True	True	True	0	float64	float64
4lyzA	I98M	97	alternate_pssm	scalar	scalar	True	True	True	0	float64	float64
4lyzA	G102A	101	center_mut_wild_energy	scalar	scalar	True	False	True	2.23517417908e-07	float64	float32
4lyzA	G102A	101	center_mut_max_energy	scalar	scalar	True	False	True	2.23517417908e-07	float64	float32
4lyzA	G102A	101	center_entropy	scalar	scalar	True	True	True	0	float64	float32
4lyzA	G102A	101	weighted_neighbor_entropies	scalar	scalar	True	False	True	2.38418579102e-07	float32	float32
4lyzA	G102A	101	weighted_neighbor_energy_changes	scalar	scalar	True	False	True	7.5013120604e-08	float64	float32
4lyzA	G102A	101	backward_weighted_neighbor_energy_changes	scalar	scalar	True	True	True	0	float64	float64
4lyzA	G102A	101	V2_backward_weighted_neighbor_energy_changes	scalar	scalar	True	True	True	0	float64	float64
4lyzA	G102A	101	weighted_neighbor_forward_KL	scalar	scalar	True	True	True	0	float32	float32
4lyzA	G102A	101	weighted_neighbor_backward_KL	scalar	scalar	True	True	True	0	float32	float32
4lyzA	G102A	101	backward_weighted_neighbor_backward_KL	scalar	scalar	True	True	True	0	float64	float64
4lyzA	G102A	101	V2_backward_weighted_neighbor_backward_KL	scalar	scalar	True	True	True	0	float64	float64
4lyzA	G102A	101	weighted_neighbor_entropy_changes	scalar	scalar	True	True	True	0	float32	float32
4lyzA	G102A	101	backward_weighted_neighbor_entropy_changes	scalar	scalar	True	True	True	0	float64	float64
4lyzA	G102A	101	V2_backward_weighted_neighbor_entropy_changes	scalar	scalar	True	True	True	0	float64	float64
4lyzA	G102A	101	center_neighbor_weight_check_m_w	scalar	scalar	True	True	True	0	float64	float64
4lyzA	G102A	101	center_neighbor_weight_check_w_m	scalar	scalar	True	True	True	0	float64	float64
4lyzA	G102A	101	neighbor_embedding_change_m_w	scalar	scalar	True	True	True	0	float32	float32
4lyzA	G102A	101	neighbor_embedding_change_m_w_raw	15x128	15x128	True	True	True	0	float32	float32
4lyzA	G102A	101	neighbor_message_change_m_w	scalar	scalar	True	False	True	2.98023223877e-08	float64	float64
4lyzA	G102A	101	neighbor_message_change_m_w_raw	15x128x1	15x128x1	True	True	True	0	float64	float64
4lyzA	G102A	101	unweighted_backward_KL	scalar	scalar	True	True	True	0	float32	float32
4lyzA	G102A	101	unweighted_forward_KL	scalar	scalar	True	True	True	0	float32	float32
4lyzA	G102A	101	wild_pssm	scalar	scalar	True	True	True	0	float64	float64
4lyzA	G102A	101	alternate_pssm	scalar	scalar	True	True	True	0	float64	float64
4lyzA	G117A	116	center_mut_wild_energy	scalar	scalar	True	False	True	2.01165676117e-07	float64	float32
4lyzA	G117A	116	center_mut_max_energy	scalar	scalar	True	False	True	2.01165676117e-07	float64	float32
4lyzA	G117A	116	center_entropy	scalar	scalar	True	True	True	0	float64	float32
4lyzA	G117A	116	weighted_neighbor_entropies	scalar	scalar	True	True	True	0	float32	float32
4lyzA	G117A	116	weighted_neighbor_energy_changes	scalar	scalar	True	False	True	2.31157449626e-07	float64	float32
4lyzA	G117A	116	backward_weighted_neighbor_energy_changes	scalar	scalar	True	False	True	1.31923751923e-07	float64	float32
4lyzA	G117A	116	V2_backward_weighted_neighbor_energy_changes	scalar	scalar	True	False	True	2.40637723081e-08	float64	float32
4lyzA	G117A	116	weighted_neighbor_forward_KL	scalar	scalar	True	True	True	0	float32	float32
4lyzA	G117A	116	weighted_neighbor_backward_KL	scalar	scalar	True	True	True	0	float32	float32
4lyzA	G117A	116	backward_weighted_neighbor_backward_KL	scalar	scalar	True	True	True	0	float32	float32
4lyzA	G117A	116	V2_backward_weighted_neighbor_backward_KL	scalar	scalar	True	True	True	0	float32	float32
4lyzA	G117A	116	weighted_neighbor_entropy_changes	scalar	scalar	True	True	True	0	float32	float32
4lyzA	G117A	116	backward_weighted_neighbor_entropy_changes	scalar	scalar	True	True	True	0	float32	float32
4lyzA	G117A	116	V2_backward_weighted_neighbor_entropy_changes	scalar	scalar	True	True	True	0	float32	float32
4lyzA	G117A	116	center_neighbor_weight_check_m_w	scalar	scalar	True	True	True	0	float32	float32
4lyzA	G117A	116	center_neighbor_weight_check_w_m	scalar	scalar	True	True	True	0	float32	float32
4lyzA	G117A	116	neighbor_embedding_change_m_w	scalar	scalar	True	True	True	0	float32	float32
4lyzA	G117A	116	neighbor_embedding_change_m_w_raw	15x128	15x128	True	True	True	0	float32	float32
4lyzA	G117A	116	neighbor_message_change_m_w	scalar	scalar	True	False	True	4.76837158203e-07	float32	float32
4lyzA	G117A	116	neighbor_message_change_m_w_raw	15x128x1	15x128x1	True	True	True	0	float32	float32
4lyzA	G117A	116	unweighted_backward_KL	scalar	scalar	True	True	True	0	float32	float32
4lyzA	G117A	116	unweighted_forward_KL	scalar	scalar	True	True	True	0	float32	float32
4lyzA	G117A	116	wild_pssm	scalar	scalar	True	True	True	0	float64	float64
4lyzA	G117A	116	alternate_pssm	scalar	scalar	True	True	True	0	float64	float64
5ptiA	F22A	21	center_mut_wild_energy	scalar	scalar	True	False	True	1.19209289551e-07	float64	float32
5ptiA	F22A	21	center_mut_max_energy	scalar	scalar	True	False	True	1.19209289551e-07	float64	float32
5ptiA	F22A	21	center_entropy	scalar	scalar	True	True	True	0	float64	float32
5ptiA	F22A	21	weighted_neighbor_entropies	scalar	scalar	True	False	True	2.38418579102e-07	float32	float32
5ptiA	F22A	21	weighted_neighbor_energy_changes	scalar	scalar	True	False	True	1.51759476097e-08	float64	float32
5ptiA	F22A	21	backward_weighted_neighbor_energy_changes	scalar	scalar	True	False	True	4.00318100446e-07	float64	float32
5ptiA	F22A	21	V2_backward_weighted_neighbor_energy_changes	scalar	scalar	True	False	True	2.26382606883e-07	float64	float32
5ptiA	F22A	21	weighted_neighbor_forward_KL	scalar	scalar	True	True	True	0	float32	float32
5ptiA	F22A	21	weighted_neighbor_backward_KL	scalar	scalar	True	True	True	0	float32	float32
5ptiA	F22A	21	backward_weighted_neighbor_backward_KL	scalar	scalar	True	True	True	0	float32	float32
5ptiA	F22A	21	V2_backward_weighted_neighbor_backward_KL	scalar	scalar	True	True	True	0	float32	float32
5ptiA	F22A	21	weighted_neighbor_entropy_changes	scalar	scalar	True	True	True	0	float32	float32
5ptiA	F22A	21	backward_weighted_neighbor_entropy_changes	scalar	scalar	True	True	True	0	float32	float32
5ptiA	F22A	21	V2_backward_weighted_neighbor_entropy_changes	scalar	scalar	True	True	True	0	float32	float32
5ptiA	F22A	21	center_neighbor_weight_check_m_w	scalar	scalar	True	True	True	0	float32	float32
5ptiA	F22A	21	center_neighbor_weight_check_w_m	scalar	scalar	True	True	True	0	float32	float32
5ptiA	F22A	21	neighbor_embedding_change_m_w	scalar	scalar	True	False	True	4.76837158203e-07	float32	float32
5ptiA	F22A	21	neighbor_embedding_change_m_w_raw	15x128	15x128	True	True	True	0	float32	float32
5ptiA	F22A	21	neighbor_message_change_m_w	scalar	scalar	True	True	True	0	float32	float32
5ptiA	F22A	21	neighbor_message_change_m_w_raw	15x128x1	15x128x1	True	True	True	0	float32	float32
5ptiA	F22A	21	unweighted_backward_KL	scalar	scalar	True	True	True	0	float32	float32
5ptiA	F22A	21	unweighted_forward_KL	scalar	scalar	True	True	True	0	float32	float32
5ptiA	F22A	21	wild_pssm	scalar	scalar	True	True	True	0	float64	float64
5ptiA	F22A	21	alternate_pssm	scalar	scalar	True	True	True	0	float64	float64
5ptiA	Y23A	22	center_mut_wild_energy	scalar	scalar	True	True	True	0	float64	float32
5ptiA	Y23A	22	center_mut_max_energy	scalar	scalar	True	True	True	0	float64	float32
5ptiA	Y23A	22	center_entropy	scalar	scalar	True	True	True	0	float64	float32
5ptiA	Y23A	22	weighted_neighbor_entropies	scalar	scalar	True	False	True	1.19209289551e-07	float32	float32
5ptiA	Y23A	22	weighted_neighbor_energy_changes	scalar	scalar	True	False	True	2.71942973029e-07	float64	float32
5ptiA	Y23A	22	backward_weighted_neighbor_energy_changes	scalar	scalar	True	False	True	1.2133014593e-08	float64	float32
5ptiA	Y23A	22	V2_backward_weighted_neighbor_energy_changes	scalar	scalar	True	False	True	1.70560412016e-07	float64	float32
5ptiA	Y23A	22	weighted_neighbor_forward_KL	scalar	scalar	True	True	True	0	float32	float32
5ptiA	Y23A	22	weighted_neighbor_backward_KL	scalar	scalar	True	True	True	0	float32	float32
5ptiA	Y23A	22	backward_weighted_neighbor_backward_KL	scalar	scalar	True	True	True	0	float32	float32
5ptiA	Y23A	22	V2_backward_weighted_neighbor_backward_KL	scalar	scalar	True	True	True	0	float32	float32
5ptiA	Y23A	22	weighted_neighbor_entropy_changes	scalar	scalar	True	True	True	0	float32	float32
5ptiA	Y23A	22	backward_weighted_neighbor_entropy_changes	scalar	scalar	True	True	True	0	float32	float32
5ptiA	Y23A	22	V2_backward_weighted_neighbor_entropy_changes	scalar	scalar	True	True	True	0	float32	float32
5ptiA	Y23A	22	center_neighbor_weight_check_m_w	scalar	scalar	True	True	True	0	float32	float32
5ptiA	Y23A	22	center_neighbor_weight_check_w_m	scalar	scalar	True	True	True	0	float32	float32
5ptiA	Y23A	22	neighbor_embedding_change_m_w	scalar	scalar	True	True	True	0	float32	float32
5ptiA	Y23A	22	neighbor_embedding_change_m_w_raw	15x128	15x128	True	True	True	0	float32	float32
5ptiA	Y23A	22	neighbor_message_change_m_w	scalar	scalar	True	True	True	0	float32	float32
5ptiA	Y23A	22	neighbor_message_change_m_w_raw	15x128x1	15x128x1	True	True	True	0	float32	float32
5ptiA	Y23A	22	unweighted_backward_KL	scalar	scalar	True	True	True	0	float32	float32
5ptiA	Y23A	22	unweighted_forward_KL	scalar	scalar	True	True	True	0	float32	float32
5ptiA	Y23A	22	wild_pssm	scalar	scalar	True	True	True	0	float64	float64
5ptiA	Y23A	22	alternate_pssm	scalar	scalar	True	True	True	0	float64	float64
5ptiA	Y35G	34	center_mut_wild_energy	scalar	scalar	True	False	True	2.08616256714e-07	float64	float32
5ptiA	Y35G	34	center_mut_max_energy	scalar	scalar	True	False	True	2.08616256714e-07	float64	float32
5ptiA	Y35G	34	center_entropy	scalar	scalar	True	True	True	0	float64	float32
5ptiA	Y35G	34	weighted_neighbor_entropies	scalar	scalar	True	False	True	2.38418579102e-07	float32	float32
5ptiA	Y35G	34	weighted_neighbor_energy_changes	scalar	scalar	True	False	True	7.92152391682e-07	float64	float32
5ptiA	Y35G	34	backward_weighted_neighbor_energy_changes	scalar	scalar	True	False	True	1.85175799317e-06	float64	float32
5ptiA	Y35G	34	V2_backward_weighted_neighbor_energy_changes	scalar	scalar	True	False	True	1.68921354771e-06	float64	float32
5ptiA	Y35G	34	weighted_neighbor_forward_KL	scalar	scalar	True	True	True	0	float32	float32
5ptiA	Y35G	34	weighted_neighbor_backward_KL	scalar	scalar	True	True	True	0	float32	float32
5ptiA	Y35G	34	backward_weighted_neighbor_backward_KL	scalar	scalar	True	True	True	0	float32	float32
5ptiA	Y35G	34	V2_backward_weighted_neighbor_backward_KL	scalar	scalar	True	True	True	0	float32	float32
5ptiA	Y35G	34	weighted_neighbor_entropy_changes	scalar	scalar	True	True	True	0	float32	float32
5ptiA	Y35G	34	backward_weighted_neighbor_entropy_changes	scalar	scalar	True	True	True	0	float32	float32
5ptiA	Y35G	34	V2_backward_weighted_neighbor_entropy_changes	scalar	scalar	True	True	True	0	float32	float32
5ptiA	Y35G	34	center_neighbor_weight_check_m_w	scalar	scalar	True	True	True	0	float32	float32
5ptiA	Y35G	34	center_neighbor_weight_check_w_m	scalar	scalar	True	True	True	0	float32	float32
5ptiA	Y35G	34	neighbor_embedding_change_m_w	scalar	scalar	True	False	True	9.53674316406e-07	float32	float32
5ptiA	Y35G	34	neighbor_embedding_change_m_w_raw	15x128	15x128	True	True	True	0	float32	float32
5ptiA	Y35G	34	neighbor_message_change_m_w	scalar	scalar	True	True	True	0	float32	float32
5ptiA	Y35G	34	neighbor_message_change_m_w_raw	15x128x1	15x128x1	True	True	True	0	float32	float32
5ptiA	Y35G	34	unweighted_backward_KL	scalar	scalar	True	True	True	0	float32	float32
5ptiA	Y35G	34	unweighted_forward_KL	scalar	scalar	True	True	True	0	float32	float32
5ptiA	Y35G	34	wild_pssm	scalar	scalar	True	True	True	0	float64	float64
5ptiA	Y35G	34	alternate_pssm	scalar	scalar	True	True	True	0	float64	float64
5ptiA	N43G	42	center_mut_wild_energy	scalar	scalar	True	False	True	9.685754776e-08	float64	float32
5ptiA	N43G	42	center_mut_max_energy	scalar	scalar	True	False	True	9.685754776e-08	float64	float32
5ptiA	N43G	42	center_entropy	scalar	scalar	True	True	True	0	float64	float32
5ptiA	N43G	42	weighted_neighbor_entropies	scalar	scalar	True	True	True	0	float32	float32
5ptiA	N43G	42	weighted_neighbor_energy_changes	scalar	scalar	True	False	True	1.0605081302e-07	float64	float32
5ptiA	N43G	42	backward_weighted_neighbor_energy_changes	scalar	scalar	True	False	True	2.33138870431e-07	float64	float32
5ptiA	N43G	42	V2_backward_weighted_neighbor_energy_changes	scalar	scalar	True	False	True	1.05047189169e-07	float64	float32
5ptiA	N43G	42	weighted_neighbor_forward_KL	scalar	scalar	True	True	True	0	float32	float32
5ptiA	N43G	42	weighted_neighbor_backward_KL	scalar	scalar	True	True	True	0	float32	float32
5ptiA	N43G	42	backward_weighted_neighbor_backward_KL	scalar	scalar	True	True	True	0	float32	float32
5ptiA	N43G	42	V2_backward_weighted_neighbor_backward_KL	scalar	scalar	True	True	True	0	float32	float32
5ptiA	N43G	42	weighted_neighbor_entropy_changes	scalar	scalar	True	True	True	0	float32	float32
5ptiA	N43G	42	backward_weighted_neighbor_entropy_changes	scalar	scalar	True	True	True	0	float32	float32
5ptiA	N43G	42	V2_backward_weighted_neighbor_entropy_changes	scalar	scalar	True	True	True	0	float32	float32
5ptiA	N43G	42	center_neighbor_weight_check_m_w	scalar	scalar	True	True	True	0	float32	float32
5ptiA	N43G	42	center_neighbor_weight_check_w_m	scalar	scalar	True	True	True	0	float32	float32
5ptiA	N43G	42	neighbor_embedding_change_m_w	scalar	scalar	True	True	True	0	float32	float32
5ptiA	N43G	42	neighbor_embedding_change_m_w_raw	15x128	15x128	True	True	True	0	float32	float32
5ptiA	N43G	42	neighbor_message_change_m_w	scalar	scalar	True	True	True	0	float32	float32
5ptiA	N43G	42	neighbor_message_change_m_w_raw	15x128x1	15x128x1	True	True	True	0	float32	float32
5ptiA	N43G	42	unweighted_backward_KL	scalar	scalar	True	True	True	0	float32	float32
5ptiA	N43G	42	unweighted_forward_KL	scalar	scalar	True	True	True	0	float32	float32
5ptiA	N43G	42	wild_pssm	scalar	scalar	True	True	True	0	float64	float64
5ptiA	N43G	42	alternate_pssm	scalar	scalar	True	True	True	0	float64	float64
5ptiA	F45A	44	center_mut_wild_energy	scalar	scalar	True	False	True	1.04308128357e-07	float64	float32
5ptiA	F45A	44	center_mut_max_energy	scalar	scalar	True	False	True	1.04308128357e-07	float64	float32
5ptiA	F45A	44	center_entropy	scalar	scalar	True	True	True	0	float64	float32
5ptiA	F45A	44	weighted_neighbor_entropies	scalar	scalar	True	True	True	0	float32	float32
5ptiA	F45A	44	weighted_neighbor_energy_changes	scalar	scalar	True	False	True	4.07196768748e-07	float64	float32
5ptiA	F45A	44	backward_weighted_neighbor_energy_changes	scalar	scalar	True	False	True	1.25245097848e-07	float64	float32
5ptiA	F45A	44	V2_backward_weighted_neighbor_energy_changes	scalar	scalar	True	False	True	5.64707821837e-07	float64	float32
5ptiA	F45A	44	weighted_neighbor_forward_KL	scalar	scalar	True	True	True	0	float32	float32
5ptiA	F45A	44	weighted_neighbor_backward_KL	scalar	scalar	True	True	True	0	float32	float32
5ptiA	F45A	44	backward_weighted_neighbor_backward_KL	scalar	scalar	True	True	True	0	float32	float32
5ptiA	F45A	44	V2_backward_weighted_neighbor_backward_KL	scalar	scalar	True	True	True	0	float32	float32
5ptiA	F45A	44	weighted_neighbor_entropy_changes	scalar	scalar	True	True	True	0	float32	float32
5ptiA	F45A	44	backward_weighted_neighbor_entropy_changes	scalar	scalar	True	True	True	0	float32	float32
5ptiA	F45A	44	V2_backward_weighted_neighbor_entropy_changes	scalar	scalar	True	True	True	0	float32	float32
5ptiA	F45A	44	center_neighbor_weight_check_m_w	scalar	scalar	True	True	True	0	float32	float32
5ptiA	F45A	44	center_neighbor_weight_check_w_m	scalar	scalar	True	True	True	0	float32	float32
5ptiA	F45A	44	neighbor_embedding_change_m_w	scalar	scalar	True	True	True	0	float32	float32
5ptiA	F45A	44	neighbor_embedding_change_m_w_raw	15x128	15x128	True	True	True	0	float32	float32
5ptiA	F45A	44	neighbor_message_change_m_w	scalar	scalar	True	True	True	0	float32	float32
5ptiA	F45A	44	neighbor_message_change_m_w_raw	15x128x1	15x128x1	True	True	True	0	float32	float32
5ptiA	F45A	44	unweighted_backward_KL	scalar	scalar	True	True	True	0	float32	float32
5ptiA	F45A	44	unweighted_forward_KL	scalar	scalar	True	True	True	0	float32	float32
5ptiA	F45A	44	wild_pssm	scalar	scalar	True	True	True	0	float64	float64
5ptiA	F45A	44	alternate_pssm	scalar	scalar	True	True	True	0	float64	float64
