pickle_file	run_index	metric_key	dataset	split	metric	metric_kind	feature_combo	value
list_incremental_feature_result_dict.pickle	0	S_2648_total_PCC	S_2648	total	PCC	feature_combo_dict	A	0.8827933716454016
list_incremental_feature_result_dict.pickle	0	S_2648_total_PCC	S_2648	total	PCC	feature_combo_dict	A+B	0.9036829112751954
list_incremental_feature_result_dict.pickle	0	S_2648_total_PCC	S_2648	total	PCC	feature_combo_dict	A+B+C	0.9122985229464116
list_incremental_feature_result_dict.pickle	0	S_2648_total_PCC	S_2648	total	PCC	feature_combo_dict	A+B+C+D	0.9173823616599056
list_incremental_feature_result_dict.pickle	0	S_2648_total_PCC	S_2648	total	PCC	feature_combo_dict	A+B+C+D+E	0.9328928074669962
list_incremental_feature_result_dict.pickle	0	S_2648_total_PCC	S_2648	total	PCC	feature_combo_dict	A+B+C+D+E+F	0.9346475737366989
list_incremental_feature_result_dict.pickle	0	S_2648_total_PCC	S_2648	total	PCC	feature_combo_dict	A+B+C+D+E+F+G	0.9349794889898096
list_incremental_feature_result_dict.pickle	0	S_2648_total_PCC	S_2648	total	PCC	feature_combo_dict	A+B+C+D+E+F+G+H	0.9348621548800347
list_incremental_feature_result_dict.pickle	0	S_2648_direct_PCC	S_2648	direct	PCC	feature_combo_dict	A	0.8211157802584056
list_incremental_feature_result_dict.pickle	0	S_2648_direct_PCC	S_2648	direct	PCC	feature_combo_dict	A+B	0.8571892379564164
list_incremental_feature_result_dict.pickle	0	S_2648_direct_PCC	S_2648	direct	PCC	feature_combo_dict	A+B+C	0.8882800458275342
list_incremental_feature_result_dict.pickle	0	S_2648_direct_PCC	S_2648	direct	PCC	feature_combo_dict	A+B+C+D	0.892704388494315
list_incremental_feature_result_dict.pickle	0	S_2648_direct_PCC	S_2648	direct	PCC	feature_combo_dict	A+B+C+D+E	0.9124956118509188
list_incremental_feature_result_dict.pickle	0	S_2648_direct_PCC	S_2648	direct	PCC	feature_combo_dict	A+B+C+D+E+F	0.9152936952203379
list_incremental_feature_result_dict.pickle	0	S_2648_direct_PCC	S_2648	direct	PCC	feature_combo_dict	A+B+C+D+E+F+G	0.9172825228941651
list_incremental_feature_result_dict.pickle	0	S_2648_direct_PCC	S_2648	direct	PCC	feature_combo_dict	A+B+C+D+E+F+G+H	0.9178418125982236
list_incremental_feature_result_dict.pickle	0	S_2648_reverse_PCC	S_2648	reverse	PCC	feature_combo_dict	A	0.8202222548436653
list_incremental_feature_result_dict.pickle	0	S_2648_reverse_PCC	S_2648	reverse	PCC	feature_combo_dict	A+B	0.8563885393175313
list_incremental_feature_result_dict.pickle	0	S_2648_reverse_PCC	S_2648	reverse	PCC	feature_combo_dict	A+B+C	0.8865310205760708
list_incremental_feature_result_dict.pickle	0	S_2648_reverse_PCC	S_2648	reverse	PCC	feature_combo_dict	A+B+C+D	0.8922473890135556
list_incremental_feature_result_dict.pickle	0	S_2648_reverse_PCC	S_2648	reverse	PCC	feature_combo_dict	A+B+C+D+E	0.9127836603692855
list_incremental_feature_result_dict.pickle	0	S_2648_reverse_PCC	S_2648	reverse	PCC	feature_combo_dict	A+B+C+D+E+F	0.9158074542253716
list_incremental_feature_result_dict.pickle	0	S_2648_reverse_PCC	S_2648	reverse	PCC	feature_combo_dict	A+B+C+D+E+F+G	0.9169038757213833
list_incremental_feature_result_dict.pickle	0	S_2648_reverse_PCC	S_2648	reverse	PCC	feature_combo_dict	A+B+C+D+E+F+G+H	0.9162738074126437
list_incremental_feature_result_dict.pickle	0	S_2648_total_RMSE	S_2648	total	RMSE	feature_combo_dict	A	0.8588698166553995
list_incremental_feature_result_dict.pickle	0	S_2648_total_RMSE	S_2648	total	RMSE	feature_combo_dict	A+B	0.8021077462474909
list_incremental_feature_result_dict.pickle	0	S_2648_total_RMSE	S_2648	total	RMSE	feature_combo_dict	A+B+C	0.7754816630366622
list_incremental_feature_result_dict.pickle	0	S_2648_total_RMSE	S_2648	total	RMSE	feature_combo_dict	A+B+C+D	0.7536072525060858
list_incremental_feature_result_dict.pickle	0	S_2648_total_RMSE	S_2648	total	RMSE	feature_combo_dict	A+B+C+D+E	0.6881795260566185
list_incremental_feature_result_dict.pickle	0	S_2648_total_RMSE	S_2648	total	RMSE	feature_combo_dict	A+B+C+D+E+F	0.6798903654525983
list_incremental_feature_result_dict.pickle	0	S_2648_total_RMSE	S_2648	total	RMSE	feature_combo_dict	A+B+C+D+E+F+G	0.6801777960065338
list_incremental_feature_result_dict.pickle	0	S_2648_total_RMSE	S_2648	total	RMSE	feature_combo_dict	A+B+C+D+E+F+G+H	0.6802563837879623
list_incremental_feature_result_dict.pickle	0	S_2648_direct_RMSE	S_2648	direct	RMSE	feature_combo_dict	A	0.8583370661967104
list_incremental_feature_result_dict.pickle	0	S_2648_direct_RMSE	S_2648	direct	RMSE	feature_combo_dict	A+B	0.801201064448135
list_incremental_feature_result_dict.pickle	0	S_2648_direct_RMSE	S_2648	direct	RMSE	feature_combo_dict	A+B+C	0.7747981616914552
list_incremental_feature_result_dict.pickle	0	S_2648_direct_RMSE	S_2648	direct	RMSE	feature_combo_dict	A+B+C+D	0.7537704550134248
list_incremental_feature_result_dict.pickle	0	S_2648_direct_RMSE	S_2648	direct	RMSE	feature_combo_dict	A+B+C+D+E	0.6872300399386266
list_incremental_feature_result_dict.pickle	0	S_2648_direct_RMSE	S_2648	direct	RMSE	feature_combo_dict	A+B+C+D+E+F	0.6798666066570183
list_incremental_feature_result_dict.pickle	0	S_2648_direct_RMSE	S_2648	direct	RMSE	feature_combo_dict	A+B+C+D+E+F+G	0.6789261825190749
list_incremental_feature_result_dict.pickle	0	S_2648_direct_RMSE	S_2648	direct	RMSE	feature_combo_dict	A+B+C+D+E+F+G+H	0.6784546266298288
list_incremental_feature_result_dict.pickle	0	S_2648_reverse_RMSE	S_2648	reverse	RMSE	feature_combo_dict	A	0.859402236857796
list_incremental_feature_result_dict.pickle	0	S_2648_reverse_RMSE	S_2648	reverse	RMSE	feature_combo_dict	A+B	0.8030134043137971
list_incremental_feature_result_dict.pickle	0	S_2648_reverse_RMSE	S_2648	reverse	RMSE	feature_combo_dict	A+B+C	0.7761645624812795
list_incremental_feature_result_dict.pickle	0	S_2648_reverse_RMSE	S_2648	reverse	RMSE	feature_combo_dict	A+B+C+D	0.7534440146476694
list_incremental_feature_result_dict.pickle	0	S_2648_reverse_RMSE	S_2648	reverse	RMSE	feature_combo_dict	A+B+C+D+E	0.6891277039656566
list_incremental_feature_result_dict.pickle	0	S_2648_reverse_RMSE	S_2648	reverse	RMSE	feature_combo_dict	A+B+C+D+E+F	0.6799141234179553
list_incremental_feature_result_dict.pickle	0	S_2648_reverse_RMSE	S_2648	reverse	RMSE	feature_combo_dict	A+B+C+D+E+F+G	0.6814271105926794
list_incremental_feature_result_dict.pickle	0	S_2648_reverse_RMSE	S_2648	reverse	RMSE	feature_combo_dict	A+B+C+D+E+F+G+H	0.6820533813222616
list_incremental_feature_result_dict.pickle	0	S_921_total_PCC	S_921	total	PCC	feature_combo_dict	A	0.6503993122769548
list_incremental_feature_result_dict.pickle	0	S_921_total_PCC	S_921	total	PCC	feature_combo_dict	A+B	0.7004216653138344
list_incremental_feature_result_dict.pickle	0	S_921_total_PCC	S_921	total	PCC	feature_combo_dict	A+B+C	0.6980665984264591
list_incremental_feature_result_dict.pickle	0	S_921_total_PCC	S_921	total	PCC	feature_combo_dict	A+B+C+D	0.728796025715124
list_incremental_feature_result_dict.pickle	0	S_921_total_PCC	S_921	total	PCC	feature_combo_dict	A+B+C+D+E	0.7607441059042376
list_incremental_feature_result_dict.pickle	0	S_921_total_PCC	S_921	total	PCC	feature_combo_dict	A+B+C+D+E+F	0.7883459969985759
list_incremental_feature_result_dict.pickle	0	S_921_total_PCC	S_921	total	PCC	feature_combo_dict	A+B+C+D+E+F+G	0.7920634627943022
list_incremental_feature_result_dict.pickle	0	S_921_total_PCC	S_921	total	PCC	feature_combo_dict	A+B+C+D+E+F+G+H	0.7942591927825278
list_incremental_feature_result_dict.pickle	0	S_921_direct_PCC	S_921	direct	PCC	feature_combo_dict	A	0.5676894455850988
list_incremental_feature_result_dict.pickle	0	S_921_direct_PCC	S_921	direct	PCC	feature_combo_dict	A+B	0.630843801883742
list_incremental_feature_result_dict.pickle	0	S_921_direct_PCC	S_921	direct	PCC	feature_combo_dict	A+B+C	0.6401478973353568
list_incremental_feature_result_dict.pickle	0	S_921_direct_PCC	S_921	direct	PCC	feature_combo_dict	A+B+C+D	0.6826793342012603
list_incremental_feature_result_dict.pickle	0	S_921_direct_PCC	S_921	direct	PCC	feature_combo_dict	A+B+C+D+E	0.730073123506242
list_incremental_feature_result_dict.pickle	0	S_921_direct_PCC	S_921	direct	PCC	feature_combo_dict	A+B+C+D+E+F	0.762912232127377
list_incremental_feature_result_dict.pickle	0	S_921_direct_PCC	S_921	direct	PCC	feature_combo_dict	A+B+C+D+E+F+G	0.7662065410106582
list_incremental_feature_result_dict.pickle	0	S_921_direct_PCC	S_921	direct	PCC	feature_combo_dict	A+B+C+D+E+F+G+H	0.7681675219476373
list_incremental_feature_result_dict.pickle	0	S_921_reverse_PCC	S_921	reverse	PCC	feature_combo_dict	A	0.5656560502344615
list_incremental_feature_result_dict.pickle	0	S_921_reverse_PCC	S_921	reverse	PCC	feature_combo_dict	A+B	0.6278558278660018
list_incremental_feature_result_dict.pickle	0	S_921_reverse_PCC	S_921	reverse	PCC	feature_combo_dict	A+B+C	0.6420601601949886
list_incremental_feature_result_dict.pickle	0	S_921_reverse_PCC	S_921	reverse	PCC	feature_combo_dict	A+B+C+D	0.6871788800152989
list_incremental_feature_result_dict.pickle	0	S_921_reverse_PCC	S_921	reverse	PCC	feature_combo_dict	A+B+C+D+E	0.7287951349497653
list_incremental_feature_result_dict.pickle	0	S_921_reverse_PCC	S_921	reverse	PCC	feature_combo_dict	A+B+C+D+E+F	0.7578210891696839
list_incremental_feature_result_dict.pickle	0	S_921_reverse_PCC	S_921	reverse	PCC	feature_combo_dict	A+B+C+D+E+F+G	0.7660815427022288
list_incremental_feature_result_dict.pickle	0	S_921_reverse_PCC	S_921	reverse	PCC	feature_combo_dict	A+B+C+D+E+F+G+H	0.7654974346077463
list_incremental_feature_result_dict.pickle	0	S_921_total_RMSE	S_921	total	RMSE	feature_combo_dict	A	1.7698690365982026
list_incremental_feature_result_dict.pickle	0	S_921_total_RMSE	S_921	total	RMSE	feature_combo_dict	A+B	1.6778974032376892
list_incremental_feature_result_dict.pickle	0	S_921_total_RMSE	S_921	total	RMSE	feature_combo_dict	A+B+C	1.6916150933687175
list_incremental_feature_result_dict.pickle	0	S_921_total_RMSE	S_921	total	RMSE	feature_combo_dict	A+B+C+D	1.62291101590908
list_incremental_feature_result_dict.pickle	0	S_921_total_RMSE	S_921	total	RMSE	feature_combo_dict	A+B+C+D+E	1.5585787012992305
list_incremental_feature_result_dict.pickle	0	S_921_total_RMSE	S_921	total	RMSE	feature_combo_dict	A+B+C+D+E+F	1.5037911779144053
list_incremental_feature_result_dict.pickle	0	S_921_total_RMSE	S_921	total	RMSE	feature_combo_dict	A+B+C+D+E+F+G	1.4989141981742438
list_incremental_feature_result_dict.pickle	0	S_921_total_RMSE	S_921	total	RMSE	feature_combo_dict	A+B+C+D+E+F+G+H	1.4936482161716735
list_incremental_feature_result_dict.pickle	0	S_921_direct_RMSE	S_921	direct	RMSE	feature_combo_dict	A	1.768282858624499
list_incremental_feature_result_dict.pickle	0	S_921_direct_RMSE	S_921	direct	RMSE	feature_combo_dict	A+B	1.6762168278594567
list_incremental_feature_result_dict.pickle	0	S_921_direct_RMSE	S_921	direct	RMSE	feature_combo_dict	A+B+C	1.6942750304244736
list_incremental_feature_result_dict.pickle	0	S_921_direct_RMSE	S_921	direct	RMSE	feature_combo_dict	A+B+C+D	1.6278378308589583
list_incremental_feature_result_dict.pickle	0	S_921_direct_RMSE	S_921	direct	RMSE	feature_combo_dict	A+B+C+D+E	1.5578133094050097
list_incremental_feature_result_dict.pickle	0	S_921_direct_RMSE	S_921	direct	RMSE	feature_combo_dict	A+B+C+D+E+F	1.4998246066422296
list_incremental_feature_result_dict.pickle	0	S_921_direct_RMSE	S_921	direct	RMSE	feature_combo_dict	A+B+C+D+E+F+G	1.4980209646767404
list_incremental_feature_result_dict.pickle	0	S_921_direct_RMSE	S_921	direct	RMSE	feature_combo_dict	A+B+C+D+E+F+G+H	1.4925960587635283
list_incremental_feature_result_dict.pickle	0	S_921_reverse_RMSE	S_921	reverse	RMSE	feature_combo_dict	A	1.7714537942923805
list_incremental_feature_result_dict.pickle	0	S_921_reverse_RMSE	S_921	reverse	RMSE	feature_combo_dict	A+B	1.6795762970417096
list_incremental_feature_result_dict.pickle	0	S_921_reverse_RMSE	S_921	reverse	RMSE	feature_combo_dict	A+B+C	1.688950967170409
list_incremental_feature_result_dict.pickle	0	S_921_reverse_RMSE	S_921	reverse	RMSE	feature_combo_dict	A+B+C+D	1.6179691985765634
list_incremental_feature_result_dict.pickle	0	S_921_reverse_RMSE	S_921	reverse	RMSE	feature_combo_dict	A+B+C+D+E	1.5593437175067602
list_incremental_feature_result_dict.pickle	0	S_921_reverse_RMSE	S_921	reverse	RMSE	feature_combo_dict	A+B+C+D+E+F	1.5077473139942488
list_incremental_feature_result_dict.pickle	0	S_921_reverse_RMSE	S_921	reverse	RMSE	feature_combo_dict	A+B+C+D+E+F+G	1.4998068996926377
list_incremental_feature_result_dict.pickle	0	S_921_reverse_RMSE	S_921	reverse	RMSE	feature_combo_dict	A+B+C+D+E+F+G+H	1.4946996329394167
list_incremental_feature_result_dict.pickle	0	S_669_total_PCC	S_669	total	PCC	feature_combo_dict	A	0.47151430048969867
list_incremental_feature_result_dict.pickle	0	S_669_total_PCC	S_669	total	PCC	feature_combo_dict	A+B	0.5270863458229192
list_incremental_feature_result_dict.pickle	0	S_669_total_PCC	S_669	total	PCC	feature_combo_dict	A+B+C	0.5784716022064003
list_incremental_feature_result_dict.pickle	0	S_669_total_PCC	S_669	total	PCC	feature_combo_dict	A+B+C+D	0.6008739782863889
list_incremental_feature_result_dict.pickle	0	S_669_total_PCC	S_669	total	PCC	feature_combo_dict	A+B+C+D+E	0.6376610503815945
list_incremental_feature_result_dict.pickle	0	S_669_total_PCC	S_669	total	PCC	feature_combo_dict	A+B+C+D+E+F	0.6436764766461097
list_incremental_feature_result_dict.pickle	0	S_669_total_PCC	S_669	total	PCC	feature_combo_dict	A+B+C+D+E+F+G	0.6441103250226933
list_incremental_feature_result_dict.pickle	0	S_669_total_PCC	S_669	total	PCC	feature_combo_dict	A+B+C+D+E+F+G+H	0.6414951357563871
list_incremental_feature_result_dict.pickle	0	S_669_direct_PCC	S_669	direct	PCC	feature_combo_dict	A	0.2719636803913825
list_incremental_feature_result_dict.pickle	0	S_669_direct_PCC	S_669	direct	PCC	feature_combo_dict	A+B	0.3274802594930608
list_incremental_feature_result_dict.pickle	0	S_669_direct_PCC	S_669	direct	PCC	feature_combo_dict	A+B+C	0.37101514470059677
list_incremental_feature_result_dict.pickle	0	S_669_direct_PCC	S_669	direct	PCC	feature_combo_dict	A+B+C+D	0.40785897053669606
list_incremental_feature_result_dict.pickle	0	S_669_direct_PCC	S_669	direct	PCC	feature_combo_dict	A+B+C+D+E	0.4721150443591734
list_incremental_feature_result_dict.pickle	0	S_669_direct_PCC	S_669	direct	PCC	feature_combo_dict	A+B+C+D+E+F	0.4770474620446654
list_incremental_feature_result_dict.pickle	0	S_669_direct_PCC	S_669	direct	PCC	feature_combo_dict	A+B+C+D+E+F+G	0.47799850538062666
list_incremental_feature_result_dict.pickle	0	S_669_direct_PCC	S_669	direct	PCC	feature_combo_dict	A+B+C+D+E+F+G+H	0.4760586106158296
list_incremental_feature_result_dict.pickle	0	S_669_reverse_PCC	S_669	reverse	PCC	feature_combo_dict	A	0.27204714474160385
list_incremental_feature_result_dict.pickle	0	S_669_reverse_PCC	S_669	reverse	PCC	feature_combo_dict	A+B	0.33154042908063486
list_incremental_feature_result_dict.pickle	0	S_669_reverse_PCC	S_669	reverse	PCC	feature_combo_dict	A+B+C	0.3637837650427381
list_incremental_feature_result_dict.pickle	0	S_669_reverse_PCC	S_669	reverse	PCC	feature_combo_dict	A+B+C+D	0.40671501471038124
list_incremental_feature_result_dict.pickle	0	S_669_reverse_PCC	S_669	reverse	PCC	feature_combo_dict	A+B+C+D+E	0.46670784396487747
list_incremental_feature_result_dict.pickle	0	S_669_reverse_PCC	S_669	reverse	PCC	feature_combo_dict	A+B+C+D+E+F	0.48164317503863485
list_incremental_feature_result_dict.pickle	0	S_669_reverse_PCC	S_669	reverse	PCC	feature_combo_dict	A+B+C+D+E+F+G	0.48164672947453396
list_incremental_feature_result_dict.pickle	0	S_669_reverse_PCC	S_669	reverse	PCC	feature_combo_dict	A+B+C+D+E+F+G+H	0.4744282265015182
list_incremental_feature_result_dict.pickle	0	S_669_total_RMSE	S_669	total	RMSE	feature_combo_dict	A	1.720634294751297
list_incremental_feature_result_dict.pickle	0	S_669_total_RMSE	S_669	total	RMSE	feature_combo_dict	A+B	1.6247781095132974
list_incremental_feature_result_dict.pickle	0	S_669_total_RMSE	S_669	total	RMSE	feature_combo_dict	A+B+C	1.550238274589084
list_incremental_feature_result_dict.pickle	0	S_669_total_RMSE	S_669	total	RMSE	feature_combo_dict	A+B+C+D	1.518846614815144
list_incremental_feature_result_dict.pickle	0	S_669_total_RMSE	S_669	total	RMSE	feature_combo_dict	A+B+C+D+E	1.461997658650656
list_incremental_feature_result_dict.pickle	0	S_669_total_RMSE	S_669	total	RMSE	feature_combo_dict	A+B+C+D+E+F	1.452453514818448
list_incremental_feature_result_dict.pickle	0	S_669_total_RMSE	S_669	total	RMSE	feature_combo_dict	A+B+C+D+E+F+G	1.4520049269313502
list_incremental_feature_result_dict.pickle	0	S_669_total_RMSE	S_669	total	RMSE	feature_combo_dict	A+B+C+D+E+F+G+H	1.4562072991895256
list_incremental_feature_result_dict.pickle	0	S_669_direct_RMSE	S_669	direct	RMSE	feature_combo_dict	A	1.7206494001887498
list_incremental_feature_result_dict.pickle	0	S_669_direct_RMSE	S_669	direct	RMSE	feature_combo_dict	A+B	1.6275133449955357
list_incremental_feature_result_dict.pickle	0	S_669_direct_RMSE	S_669	direct	RMSE	feature_combo_dict	A+B+C	1.5468268434107046
list_incremental_feature_result_dict.pickle	0	S_669_direct_RMSE	S_669	direct	RMSE	feature_combo_dict	A+B+C+D	1.5179354942824506
list_incremental_feature_result_dict.pickle	0	S_669_direct_RMSE	S_669	direct	RMSE	feature_combo_dict	A+B+C+D+E	1.4595677552824289
list_incremental_feature_result_dict.pickle	0	S_669_direct_RMSE	S_669	direct	RMSE	feature_combo_dict	A+B+C+D+E+F	1.4548178496014965
list_incremental_feature_result_dict.pickle	0	S_669_direct_RMSE	S_669	direct	RMSE	feature_combo_dict	A+B+C+D+E+F+G	1.4539955424681472
list_incremental_feature_result_dict.pickle	0	S_669_direct_RMSE	S_669	direct	RMSE	feature_combo_dict	A+B+C+D+E+F+G+H	1.4554068666763436
list_incremental_feature_result_dict.pickle	0	S_669_reverse_RMSE	S_669	reverse	RMSE	feature_combo_dict	A	1.7206191891812324
list_incremental_feature_result_dict.pickle	0	S_669_reverse_RMSE	S_669	reverse	RMSE	feature_combo_dict	A+B	1.6220382616229039
list_incremental_feature_result_dict.pickle	0	S_669_reverse_RMSE	S_669	reverse	RMSE	feature_combo_dict	A+B+C	1.553642215088775
list_incremental_feature_result_dict.pickle	0	S_669_reverse_RMSE	S_669	reverse	RMSE	feature_combo_dict	A+B+C+D	1.5197571891155304
list_incremental_feature_result_dict.pickle	0	S_669_reverse_RMSE	S_669	reverse	RMSE	feature_combo_dict	A+B+C+D+E	1.4644235301099926
list_incremental_feature_result_dict.pickle	0	S_669_reverse_RMSE	S_669	reverse	RMSE	feature_combo_dict	A+B+C+D+E+F	1.4500853250404977
list_incremental_feature_result_dict.pickle	0	S_669_reverse_RMSE	S_669	reverse	RMSE	feature_combo_dict	A+B+C+D+E+F+G	1.4500115786256984
list_incremental_feature_result_dict.pickle	0	S_669_reverse_RMSE	S_669	reverse	RMSE	feature_combo_dict	A+B+C+D+E+F+G+H	1.4570072919711328
list_incremental_feature_result_dict.pickle	0	Ssym_total_PCC	Ssym	total	PCC	feature_combo_dict	A	0.6415055442290288
list_incremental_feature_result_dict.pickle	0	Ssym_total_PCC	Ssym	total	PCC	feature_combo_dict	A+B	0.7003004617708777
list_incremental_feature_result_dict.pickle	0	Ssym_total_PCC	Ssym	total	PCC	feature_combo_dict	A+B+C	0.7153800330632339
list_incremental_feature_result_dict.pickle	0	Ssym_total_PCC	Ssym	total	PCC	feature_combo_dict	A+B+C+D	0.7436144826933694
list_incremental_feature_result_dict.pickle	0	Ssym_total_PCC	Ssym	total	PCC	feature_combo_dict	A+B+C+D+E	0.7873847156799367
list_incremental_feature_result_dict.pickle	0	Ssym_total_PCC	Ssym	total	PCC	feature_combo_dict	A+B+C+D+E+F	0.8027802573147849
list_incremental_feature_result_dict.pickle	0	Ssym_total_PCC	Ssym	total	PCC	feature_combo_dict	A+B+C+D+E+F+G	0.8105749633328775
list_incremental_feature_result_dict.pickle	0	Ssym_total_PCC	Ssym	total	PCC	feature_combo_dict	A+B+C+D+E+F+G+H	0.8141012531072463
list_incremental_feature_result_dict.pickle	0	Ssym_direct_PCC	Ssym	direct	PCC	feature_combo_dict	A	0.4415850048134407
list_incremental_feature_result_dict.pickle	0	Ssym_direct_PCC	Ssym	direct	PCC	feature_combo_dict	A+B	0.524662835069593
list_incremental_feature_result_dict.pickle	0	Ssym_direct_PCC	Ssym	direct	PCC	feature_combo_dict	A+B+C	0.5484911057358617
list_incremental_feature_result_dict.pickle	0	Ssym_direct_PCC	Ssym	direct	PCC	feature_combo_dict	A+B+C+D	0.6017131648645008
list_incremental_feature_result_dict.pickle	0	Ssym_direct_PCC	Ssym	direct	PCC	feature_combo_dict	A+B+C+D+E	0.678151477812904
list_incremental_feature_result_dict.pickle	0	Ssym_direct_PCC	Ssym	direct	PCC	feature_combo_dict	A+B+C+D+E+F	0.7014959849387122
list_incremental_feature_result_dict.pickle	0	Ssym_direct_PCC	Ssym	direct	PCC	feature_combo_dict	A+B+C+D+E+F+G	0.7154105997015907
list_incremental_feature_result_dict.pickle	0	Ssym_direct_PCC	Ssym	direct	PCC	feature_combo_dict	A+B+C+D+E+F+G+H	0.7241295047597375
list_incremental_feature_result_dict.pickle	0	Ssym_reverse_PCC	Ssym	reverse	PCC	feature_combo_dict	A	0.4439186878542234
list_incremental_feature_result_dict.pickle	0	Ssym_reverse_PCC	Ssym	reverse	PCC	feature_combo_dict	A+B	0.5260287961512053
list_incremental_feature_result_dict.pickle	0	Ssym_reverse_PCC	Ssym	reverse	PCC	feature_combo_dict	A+B+C	0.5496532197963154
list_incremental_feature_result_dict.pickle	0	Ssym_reverse_PCC	Ssym	reverse	PCC	feature_combo_dict	A+B+C+D	0.6011442571837529
list_incremental_feature_result_dict.pickle	0	Ssym_reverse_PCC	Ssym	reverse	PCC	feature_combo_dict	A+B+C+D+E	0.6799343924652244
list_incremental_feature_result_dict.pickle	0	Ssym_reverse_PCC	Ssym	reverse	PCC	feature_combo_dict	A+B+C+D+E+F	0.7068813807666148
list_incremental_feature_result_dict.pickle	0	Ssym_reverse_PCC	Ssym	reverse	PCC	feature_combo_dict	A+B+C+D+E+F+G	0.7208421030315822
list_incremental_feature_result_dict.pickle	0	Ssym_reverse_PCC	Ssym	reverse	PCC	feature_combo_dict	A+B+C+D+E+F+G+H	0.7226370186734945
list_incremental_feature_result_dict.pickle	0	Ssym_total_RMSE	Ssym	total	RMSE	feature_combo_dict	A	1.4565887334664518
list_incremental_feature_result_dict.pickle	0	Ssym_total_RMSE	Ssym	total	RMSE	feature_combo_dict	A+B	1.3250133653469134
list_incremental_feature_result_dict.pickle	0	Ssym_total_RMSE	Ssym	total	RMSE	feature_combo_dict	A+B+C	1.2952385863794356
list_incremental_feature_result_dict.pickle	0	Ssym_total_RMSE	Ssym	total	RMSE	feature_combo_dict	A+B+C+D	1.2393976326152003
list_incremental_feature_result_dict.pickle	0	Ssym_total_RMSE	Ssym	total	RMSE	feature_combo_dict	A+B+C+D+E	1.1468864490977198
list_incremental_feature_result_dict.pickle	0	Ssym_total_RMSE	Ssym	total	RMSE	feature_combo_dict	A+B+C+D+E+F	1.119500126822483
list_incremental_feature_result_dict.pickle	0	Ssym_total_RMSE	Ssym	total	RMSE	feature_combo_dict	A+B+C+D+E+F+G	1.104580937816299
list_incremental_feature_result_dict.pickle	0	Ssym_total_RMSE	Ssym	total	RMSE	feature_combo_dict	A+B+C+D+E+F+G+H	1.096565430937122
list_incremental_feature_result_dict.pickle	0	Ssym_direct_RMSE	Ssym	direct	RMSE	feature_combo_dict	A	1.4583531578923197
list_incremental_feature_result_dict.pickle	0	Ssym_direct_RMSE	Ssym	direct	RMSE	feature_combo_dict	A+B	1.325684387565565
list_incremental_feature_result_dict.pickle	0	Ssym_direct_RMSE	Ssym	direct	RMSE	feature_combo_dict	A+B+C	1.2960270119978479
list_incremental_feature_result_dict.pickle	0	Ssym_direct_RMSE	Ssym	direct	RMSE	feature_combo_dict	A+B+C+D	1.2393724801773887
list_incremental_feature_result_dict.pickle	0	Ssym_direct_RMSE	Ssym	direct	RMSE	feature_combo_dict	A+B+C+D+E	1.1480741772197607
list_incremental_feature_result_dict.pickle	0	Ssym_direct_RMSE	Ssym	direct	RMSE	feature_combo_dict	A+B+C+D+E+F	1.1228253581768237
list_incremental_feature_result_dict.pickle	0	Ssym_direct_RMSE	Ssym	direct	RMSE	feature_combo_dict	A+B+C+D+E+F+G	1.1095377601864356
list_incremental_feature_result_dict.pickle	0	Ssym_direct_RMSE	Ssym	direct	RMSE	feature_combo_dict	A+B+C+D+E+F+G+H	1.0952040243450172
list_incremental_feature_result_dict.pickle	0	Ssym_reverse_RMSE	Ssym	reverse	RMSE	feature_combo_dict	A	1.4548221691286887
list_incremental_feature_result_dict.pickle	0	Ssym_reverse_RMSE	Ssym	reverse	RMSE	feature_combo_dict	A+B	1.3243420031324307
list_incremental_feature_result_dict.pickle	0	Ssym_reverse_RMSE	Ssym	reverse	RMSE	feature_combo_dict	A+B+C	1.2944496805454924
list_incremental_feature_result_dict.pickle	0	Ssym_reverse_RMSE	Ssym	reverse	RMSE	feature_combo_dict	A+B+C+D	1.2394227845425767
list_incremental_feature_result_dict.pickle	0	Ssym_reverse_RMSE	Ssym	reverse	RMSE	feature_combo_dict	A+B+C+D+E	1.145697489675666
list_incremental_feature_result_dict.pickle	0	Ssym_reverse_RMSE	Ssym	reverse	RMSE	feature_combo_dict	A+B+C+D+E+F	1.1161649891240089
list_incremental_feature_result_dict.pickle	0	Ssym_reverse_RMSE	Ssym	reverse	RMSE	feature_combo_dict	A+B+C+D+E+F+G	1.0996017711402328
list_incremental_feature_result_dict.pickle	0	Ssym_reverse_RMSE	Ssym	reverse	RMSE	feature_combo_dict	A+B+C+D+E+F+G+H	1.0979251494118858
list_incremental_feature_result_dict.pickle	1	S_2648_total_PCC	S_2648	total	PCC	feature_combo_dict	A	0.8830913313332173
list_incremental_feature_result_dict.pickle	1	S_2648_total_PCC	S_2648	total	PCC	feature_combo_dict	A+B	0.9034725945314365
list_incremental_feature_result_dict.pickle	1	S_2648_total_PCC	S_2648	total	PCC	feature_combo_dict	A+B+C	0.9121099144415958
list_incremental_feature_result_dict.pickle	1	S_2648_total_PCC	S_2648	total	PCC	feature_combo_dict	A+B+C+D	0.9172101022993715
list_incremental_feature_result_dict.pickle	1	S_2648_total_PCC	S_2648	total	PCC	feature_combo_dict	A+B+C+D+E	0.9328052153024433
list_incremental_feature_result_dict.pickle	1	S_2648_total_PCC	S_2648	total	PCC	feature_combo_dict	A+B+C+D+E+F	0.9345838879421624
list_incremental_feature_result_dict.pickle	1	S_2648_total_PCC	S_2648	total	PCC	feature_combo_dict	A+B+C+D+E+F+G	0.9349307289489717
list_incremental_feature_result_dict.pickle	1	S_2648_total_PCC	S_2648	total	PCC	feature_combo_dict	A+B+C+D+E+F+G+H	0.9354784769539743
list_incremental_feature_result_dict.pickle	1	S_2648_direct_PCC	S_2648	direct	PCC	feature_combo_dict	A	0.8209791270298227
list_incremental_feature_result_dict.pickle	1	S_2648_direct_PCC	S_2648	direct	PCC	feature_combo_dict	A+B	0.8567679563566593
list_incremental_feature_result_dict.pickle	1	S_2648_direct_PCC	S_2648	direct	PCC	feature_combo_dict	A+B+C	0.8859726885984931
list_incremental_feature_result_dict.pickle	1	S_2648_direct_PCC	S_2648	direct	PCC	feature_combo_dict	A+B+C+D	0.892597096367503
list_incremental_feature_result_dict.pickle	1	S_2648_direct_PCC	S_2648	direct	PCC	feature_combo_dict	A+B+C+D+E	0.9126124601133863
list_incremental_feature_result_dict.pickle	1	S_2648_direct_PCC	S_2648	direct	PCC	feature_combo_dict	A+B+C+D+E+F	0.916074357910864
list_incremental_feature_result_dict.pickle	1	S_2648_direct_PCC	S_2648	direct	PCC	feature_combo_dict	A+B+C+D+E+F+G	0.9171275127443314
list_incremental_feature_result_dict.pickle	1	S_2648_direct_PCC	S_2648	direct	PCC	feature_combo_dict	A+B+C+D+E+F+G+H	0.9183954453571214
list_incremental_feature_result_dict.pickle	1	S_2648_reverse_PCC	S_2648	reverse	PCC	feature_combo_dict	A	0.8212225367922548
list_incremental_feature_result_dict.pickle	1	S_2648_reverse_PCC	S_2648	reverse	PCC	feature_combo_dict	A+B	0.8560852637627692
list_incremental_feature_result_dict.pickle	1	S_2648_reverse_PCC	S_2648	reverse	PCC	feature_combo_dict	A+B+C	0.8877519404060431
list_incremental_feature_result_dict.pickle	1	S_2648_reverse_PCC	S_2648	reverse	PCC	feature_combo_dict	A+B+C+D	0.8924774093387753
list_incremental_feature_result_dict.pickle	1	S_2648_reverse_PCC	S_2648	reverse	PCC	feature_combo_dict	A+B+C+D+E	0.9125900747573562
list_incremental_feature_result_dict.pickle	1	S_2648_reverse_PCC	S_2648	reverse	PCC	feature_combo_dict	A+B+C+D+E+F	0.9150770000952706
list_incremental_feature_result_dict.pickle	1	S_2648_reverse_PCC	S_2648	reverse	PCC	feature_combo_dict	A+B+C+D+E+F+G	0.9163399887355853
list_incremental_feature_result_dict.pickle	1	S_2648_reverse_PCC	S_2648	reverse	PCC	feature_combo_dict	A+B+C+D+E+F+G+H	0.9175208228317087
list_incremental_feature_result_dict.pickle	1	S_2648_total_RMSE	S_2648	total	RMSE	feature_combo_dict	A	0.8583902023946332
list_incremental_feature_result_dict.pickle	1	S_2648_total_RMSE	S_2648	total	RMSE	feature_combo_dict	A+B	0.803024317313631
list_incremental_feature_result_dict.pickle	1	S_2648_total_RMSE	S_2648	total	RMSE	feature_combo_dict	A+B+C	0.7768388480396122
list_incremental_feature_result_dict.pickle	1	S_2648_total_RMSE	S_2648	total	RMSE	feature_combo_dict	A+B+C+D	0.7541889509443673
list_incremental_feature_result_dict.pickle	1	S_2648_total_RMSE	S_2648	total	RMSE	feature_combo_dict	A+B+C+D+E	0.6883746228566083
list_incremental_feature_result_dict.pickle	1	S_2648_total_RMSE	S_2648	total	RMSE	feature_combo_dict	A+B+C+D+E+F	0.6798650451730611
list_incremental_feature_result_dict.pickle	1	S_2648_total_RMSE	S_2648	total	RMSE	feature_combo_dict	A+B+C+D+E+F+G	0.6796400191372084
list_incremental_feature_result_dict.pickle	1	S_2648_total_RMSE	S_2648	total	RMSE	feature_combo_dict	A+B+C+D+E+F+G+H	0.6771023298150679
list_incremental_feature_result_dict.pickle	1	S_2648_direct_RMSE	S_2648	direct	RMSE	feature_combo_dict	A	0.8586791000849784
list_incremental_feature_result_dict.pickle	1	S_2648_direct_RMSE	S_2648	direct	RMSE	feature_combo_dict	A+B	0.8027683268493591
list_incremental_feature_result_dict.pickle	1	S_2648_direct_RMSE	S_2648	direct	RMSE	feature_combo_dict	A+B+C	0.7787071584080104
list_incremental_feature_result_dict.pickle	1	S_2648_direct_RMSE	S_2648	direct	RMSE	feature_combo_dict	A+B+C+D	0.7553912762980362
list_incremental_feature_result_dict.pickle	1	S_2648_direct_RMSE	S_2648	direct	RMSE	feature_combo_dict	A+B+C+D+E	0.6885851135995029
list_incremental_feature_result_dict.pickle	1	S_2648_direct_RMSE	S_2648	direct	RMSE	feature_combo_dict	A+B+C+D+E+F	0.678593522891113
list_incremental_feature_result_dict.pickle	1	S_2648_direct_RMSE	S_2648	direct	RMSE	feature_combo_dict	A+B+C+D+E+F+G	0.6783316731240011
list_incremental_feature_result_dict.pickle	1	S_2648_direct_RMSE	S_2648	direct	RMSE	feature_combo_dict	A+B+C+D+E+F+G+H	0.6762962497317444
list_incremental_feature_result_dict.pickle	1	S_2648_reverse_RMSE	S_2648	reverse	RMSE	feature_combo_dict	A	0.8581012074408535
list_incremental_feature_result_dict.pickle	1	S_2648_reverse_RMSE	S_2648	reverse	RMSE	feature_combo_dict	A+B	0.8032802261985085
list_incremental_feature_result_dict.pickle	1	S_2648_reverse_RMSE	S_2648	reverse	RMSE	feature_combo_dict	A+B+C	0.7749660335080146
list_incremental_feature_result_dict.pickle	1	S_2648_reverse_RMSE	S_2648	reverse	RMSE	feature_combo_dict	A+B+C+D	0.7529847057848882
list_incremental_feature_result_dict.pickle	1	S_2648_reverse_RMSE	S_2648	reverse	RMSE	feature_combo_dict	A+B+C+D+E	0.6881640677303016
list_incremental_feature_result_dict.pickle	1	S_2648_reverse_RMSE	S_2648	reverse	RMSE	feature_combo_dict	A+B+C+D+E+F	0.6811341938168759
list_incremental_feature_result_dict.pickle	1	S_2648_reverse_RMSE	S_2648	reverse	RMSE	feature_combo_dict	A+B+C+D+E+F+G	0.6809458513438813
list_incremental_feature_result_dict.pickle	1	S_2648_reverse_RMSE	S_2648	reverse	RMSE	feature_combo_dict	A+B+C+D+E+F+G+H	0.6779074514126275
list_incremental_feature_result_dict.pickle	1	S_921_total_PCC	S_921	total	PCC	feature_combo_dict	A	0.6494584450633868
list_incremental_feature_result_dict.pickle	1	S_921_total_PCC	S_921	total	PCC	feature_combo_dict	A+B	0.7002515654052867
list_incremental_feature_result_dict.pickle	1	S_921_total_PCC	S_921	total	PCC	feature_combo_dict	A+B+C	0.6991973003084118
list_incremental_feature_result_dict.pickle	1	S_921_total_PCC	S_921	total	PCC	feature_combo_dict	A+B+C+D	0.7289096961226516
list_incremental_feature_result_dict.pickle	1	S_921_total_PCC	S_921	total	PCC	feature_combo_dict	A+B+C+D+E	0.7576974584438666
list_incremental_feature_result_dict.pickle	1	S_921_total_PCC	S_921	total	PCC	feature_combo_dict	A+B+C+D+E+F	0.7865044526805083
list_incremental_feature_result_dict.pickle	1	S_921_total_PCC	S_921	total	PCC	feature_combo_dict	A+B+C+D+E+F+G	0.7922148393610265
list_incremental_feature_result_dict.pickle	1	S_921_total_PCC	S_921	total	PCC	feature_combo_dict	A+B+C+D+E+F+G+H	0.7942549596104177
list_incremental_feature_result_dict.pickle	1	S_921_direct_PCC	S_921	direct	PCC	feature_combo_dict	A	0.5652513959555848
list_incremental_feature_result_dict.pickle	1	S_921_direct_PCC	S_921	direct	PCC	feature_combo_dict	A+B	0.6291874291938608
list_incremental_feature_result_dict.pickle	1	S_921_direct_PCC	S_921	direct	PCC	feature_combo_dict	A+B+C	0.64253613035954
list_incremental_feature_result_dict.pickle	1	S_921_direct_PCC	S_921	direct	PCC	feature_combo_dict	A+B+C+D	0.681484932009678
list_incremental_feature_result_dict.pickle	1	S_921_direct_PCC	S_921	direct	PCC	feature_combo_dict	A+B+C+D+E	0.7249843223026581
list_incremental_feature_result_dict.pickle	1	S_921_direct_PCC	S_921	direct	PCC	feature_combo_dict	A+B+C+D+E+F	0.7581772865428091
list_incremental_feature_result_dict.pickle	1	S_921_direct_PCC	S_921	direct	PCC	feature_combo_dict	A+B+C+D+E+F+G	0.7644019647916339
list_incremental_feature_result_dict.pickle	1	S_921_direct_PCC	S_921	direct	PCC	feature_combo_dict	A+B+C+D+E+F+G+H	0.7671492757781017
list_incremental_feature_result_dict.pickle	1	S_921_reverse_PCC	S_921	reverse	PCC	feature_combo_dict	A	0.5658206378109103
list_incremental_feature_result_dict.pickle	1	S_921_reverse_PCC	S_921	reverse	PCC	feature_combo_dict	A+B	0.6290590671297784
list_incremental_feature_result_dict.pickle	1	S_921_reverse_PCC	S_921	reverse	PCC	feature_combo_dict	A+B+C	0.6426936851723817
list_incremental_feature_result_dict.pickle	1	S_921_reverse_PCC	S_921	reverse	PCC	feature_combo_dict	A+B+C+D	0.6889501040166108
list_incremental_feature_result_dict.pickle	1	S_921_reverse_PCC	S_921	reverse	PCC	feature_combo_dict	A+B+C+D+E	0.7300239100632867
list_incremental_feature_result_dict.pickle	1	S_921_reverse_PCC	S_921	reverse	PCC	feature_combo_dict	A+B+C+D+E+F	0.7584502963894909
list_incremental_feature_result_dict.pickle	1	S_921_reverse_PCC	S_921	reverse	PCC	feature_combo_dict	A+B+C+D+E+F+G	0.7665721974126555
list_incremental_feature_result_dict.pickle	1	S_921_reverse_PCC	S_921	reverse	PCC	feature_combo_dict	A+B+C+D+E+F+G+H	0.7654798144587119
list_incremental_feature_result_dict.pickle	1	S_921_total_RMSE	S_921	total	RMSE	feature_combo_dict	A	1.7717590383740762
list_incremental_feature_result_dict.pickle	1	S_921_total_RMSE	S_921	total	RMSE	feature_combo_dict	A+B	1.6779257595402697
list_incremental_feature_result_dict.pickle	1	S_921_total_RMSE	S_921	total	RMSE	feature_combo_dict	A+B+C	1.6903615980240105
list_incremental_feature_result_dict.pickle	1	S_921_total_RMSE	S_921	total	RMSE	feature_combo_dict	A+B+C+D	1.6231039327705128
list_incremental_feature_result_dict.pickle	1	S_921_total_RMSE	S_921	total	RMSE	feature_combo_dict	A+B+C+D+E	1.5656971610770405
list_incremental_feature_result_dict.pickle	1	S_921_total_RMSE	S_921	total	RMSE	feature_combo_dict	A+B+C+D+E+F	1.508237159247612
list_incremental_feature_result_dict.pickle	1	S_921_total_RMSE	S_921	total	RMSE	feature_combo_dict	A+B+C+D+E+F+G	1.4951565671656182
list_incremental_feature_result_dict.pickle	1	S_921_total_RMSE	S_921	total	RMSE	feature_combo_dict	A+B+C+D+E+F+G+H	1.4924277002718405
list_incremental_feature_result_dict.pickle	1	S_921_direct_RMSE	S_921	direct	RMSE	feature_combo_dict	A	1.772216807158981
list_incremental_feature_result_dict.pickle	1	S_921_direct_RMSE	S_921	direct	RMSE	feature_combo_dict	A+B	1.6776378848058897
list_incremental_feature_result_dict.pickle	1	S_921_direct_RMSE	S_921	direct	RMSE	feature_combo_dict	A+B+C	1.6909050449759455
list_incremental_feature_result_dict.pickle	1	S_921_direct_RMSE	S_921	direct	RMSE	feature_combo_dict	A+B+C+D	1.6303110755013808
list_incremental_feature_result_dict.pickle	1	S_921_direct_RMSE	S_921	direct	RMSE	feature_combo_dict	A+B+C+D+E	1.57048110079567
list_incremental_feature_result_dict.pickle	1	S_921_direct_RMSE	S_921	direct	RMSE	feature_combo_dict	A+B+C+D+E+F	1.5093274320442047
list_incremental_feature_result_dict.pickle	1	S_921_direct_RMSE	S_921	direct	RMSE	feature_combo_dict	A+B+C+D+E+F+G	1.4967222683168802
list_incremental_feature_result_dict.pickle	1	S_921_direct_RMSE	S_921	direct	RMSE	feature_combo_dict	A+B+C+D+E+F+G+H	1.4912541490267348
list_incremental_feature_result_dict.pickle	1	S_921_reverse_RMSE	S_921	reverse	RMSE	feature_combo_dict	A	1.7713011512850347
list_incremental_feature_result_dict.pickle	1	S_921_reverse_RMSE	S_921	reverse	RMSE	feature_combo_dict	A+B	1.6782135848936517
list_incremental_feature_result_dict.pickle	1	S_921_reverse_RMSE	S_921	reverse	RMSE	feature_combo_dict	A+B+C	1.6898179762990657
list_incremental_feature_result_dict.pickle	1	S_921_reverse_RMSE	S_921	reverse	RMSE	feature_combo_dict	A+B+C+D	1.6158646447793026
list_incremental_feature_result_dict.pickle	1	S_921_reverse_RMSE	S_921	reverse	RMSE	feature_combo_dict	A+B+C+D+E	1.5608985593090374
list_incremental_feature_result_dict.pickle	1	S_921_reverse_RMSE	S_921	reverse	RMSE	feature_combo_dict	A+B+C+D+E+F	1.5071460977454907
list_incremental_feature_result_dict.pickle	1	S_921_reverse_RMSE	S_921	reverse	RMSE	feature_combo_dict	A+B+C+D+E+F+G	1.4935892247205467
list_incremental_feature_result_dict.pickle	1	S_921_reverse_RMSE	S_921	reverse	RMSE	feature_combo_dict	A+B+C+D+E+F+G+H	1.4936003294348654
list_incremental_feature_result_dict.pickle	1	S_669_total_PCC	S_669	total	PCC	feature_combo_dict	A	0.4705396651891766
list_incremental_feature_result_dict.pickle	1	S_669_total_PCC	S_669	total	PCC	feature_combo_dict	A+B	0.5240925060908995
list_incremental_feature_result_dict.pickle	1	S_669_total_PCC	S_669	total	PCC	feature_combo_dict	A+B+C	0.5773788798266177
list_incremental_feature_result_dict.pickle	1	S_669_total_PCC	S_669	total	PCC	feature_combo_dict	A+B+C+D	0.6017592621989368
list_incremental_feature_result_dict.pickle	1	S_669_total_PCC	S_669	total	PCC	feature_combo_dict	A+B+C+D+E	0.6383654023044757
list_incremental_feature_result_dict.pickle	1	S_669_total_PCC	S_669	total	PCC	feature_combo_dict	A+B+C+D+E+F	0.6443039423477077
list_incremental_feature_result_dict.pickle	1	S_669_total_PCC	S_669	total	PCC	feature_combo_dict	A+B+C+D+E+F+G	0.6431953401192796
list_incremental_feature_result_dict.pickle	1	S_669_total_PCC	S_669	total	PCC	feature_combo_dict	A+B+C+D+E+F+G+H	0.6440243403184598
list_incremental_feature_result_dict.pickle	1	S_669_direct_PCC	S_669	direct	PCC	feature_combo_dict	A	0.27107673003558685
list_incremental_feature_result_dict.pickle	1	S_669_direct_PCC	S_669	direct	PCC	feature_combo_dict	A+B	0.3252379935385367
list_incremental_feature_result_dict.pickle	1	S_669_direct_PCC	S_669	direct	PCC	feature_combo_dict	A+B+C	0.3650355394447868
list_incremental_feature_result_dict.pickle	1	S_669_direct_PCC	S_669	direct	PCC	feature_combo_dict	A+B+C+D	0.4077522299117587
list_incremental_feature_result_dict.pickle	1	S_669_direct_PCC	S_669	direct	PCC	feature_combo_dict	A+B+C+D+E	0.4710295261100051
list_incremental_feature_result_dict.pickle	1	S_669_direct_PCC	S_669	direct	PCC	feature_combo_dict	A+B+C+D+E+F	0.4810127056236764
list_incremental_feature_result_dict.pickle	1	S_669_direct_PCC	S_669	direct	PCC	feature_combo_dict	A+B+C+D+E+F+G	0.47507951852869434
list_incremental_feature_result_dict.pickle	1	S_669_direct_PCC	S_669	direct	PCC	feature_combo_dict	A+B+C+D+E+F+G+H	0.47953574190428805
list_incremental_feature_result_dict.pickle	1	S_669_reverse_PCC	S_669	reverse	PCC	feature_combo_dict	A	0.2707320029215946
list_incremental_feature_result_dict.pickle	1	S_669_reverse_PCC	S_669	reverse	PCC	feature_combo_dict	A+B	0.3252785820405654
list_incremental_feature_result_dict.pickle	1	S_669_reverse_PCC	S_669	reverse	PCC	feature_combo_dict	A+B+C	0.3661126113934755
list_incremental_feature_result_dict.pickle	1	S_669_reverse_PCC	S_669	reverse	PCC	feature_combo_dict	A+B+C+D	0.4092453590226768
list_incremental_feature_result_dict.pickle	1	S_669_reverse_PCC	S_669	reverse	PCC	feature_combo_dict	A+B+C+D+E	0.46953529160728313
list_incremental_feature_result_dict.pickle	1	S_669_reverse_PCC	S_669	reverse	PCC	feature_combo_dict	A+B+C+D+E+F	0.4794436171709562
list_incremental_feature_result_dict.pickle	1	S_669_reverse_PCC	S_669	reverse	PCC	feature_combo_dict	A+B+C+D+E+F+G	0.4814049258147943
list_incremental_feature_result_dict.pickle	1	S_669_reverse_PCC	S_669	reverse	PCC	feature_combo_dict	A+B+C+D+E+F+G+H	0.47973725882863183
list_incremental_feature_result_dict.pickle	1	S_669_total_RMSE	S_669	total	RMSE	feature_combo_dict	A	1.7215870243438252
list_incremental_feature_result_dict.pickle	1	S_669_total_RMSE	S_669	total	RMSE	feature_combo_dict	A+B	1.6288672621095004
list_incremental_feature_result_dict.pickle	1	S_669_total_RMSE	S_669	total	RMSE	feature_combo_dict	A+B+C	1.5516393051954027
list_incremental_feature_result_dict.pickle	1	S_669_total_RMSE	S_669	total	RMSE	feature_combo_dict	A+B+C+D	1.517609262896259
list_incremental_feature_result_dict.pickle	1	S_669_total_RMSE	S_669	total	RMSE	feature_combo_dict	A+B+C+D+E	1.460860165645966
list_incremental_feature_result_dict.pickle	1	S_669_total_RMSE	S_669	total	RMSE	feature_combo_dict	A+B+C+D+E+F	1.4513909188711032
list_incremental_feature_result_dict.pickle	1	S_669_total_RMSE	S_669	total	RMSE	feature_combo_dict	A+B+C+D+E+F+G	1.453400405788791
list_incremental_feature_result_dict.pickle	1	S_669_total_RMSE	S_669	total	RMSE	feature_combo_dict	A+B+C+D+E+F+G+H	1.4522935227068385
list_incremental_feature_result_dict.pickle	1	S_669_direct_RMSE	S_669	direct	RMSE	feature_combo_dict	A	1.7216293787499444
list_incremental_feature_result_dict.pickle	1	S_669_direct_RMSE	S_669	direct	RMSE	feature_combo_dict	A+B	1.6286865232877643
list_incremental_feature_result_dict.pickle	1	S_669_direct_RMSE	S_669	direct	RMSE	feature_combo_dict	A+B+C	1.5520245389297571
list_incremental_feature_result_dict.pickle	1	S_669_direct_RMSE	S_669	direct	RMSE	feature_combo_dict	A+B+C+D	1.5180236386799852
list_incremental_feature_result_dict.pickle	1	S_669_direct_RMSE	S_669	direct	RMSE	feature_combo_dict	A+B+C+D+E	1.4603266269809616
list_incremental_feature_result_dict.pickle	1	S_669_direct_RMSE	S_669	direct	RMSE	feature_combo_dict	A+B+C+D+E+F	1.4508093518410135
list_incremental_feature_result_dict.pickle	1	S_669_direct_RMSE	S_669	direct	RMSE	feature_combo_dict	A+B+C+D+E+F+G	1.4566424224411332
list_incremental_feature_result_dict.pickle	1	S_669_direct_RMSE	S_669	direct	RMSE	feature_combo_dict	A+B+C+D+E+F+G+H	1.452547991712999
list_incremental_feature_result_dict.pickle	1	S_669_reverse_RMSE	S_669	reverse	RMSE	feature_combo_dict	A	1.721544668895679
list_incremental_feature_result_dict.pickle	1	S_669_reverse_RMSE	S_669	reverse	RMSE	feature_combo_dict	A+B	1.6290479808787142
list_incremental_feature_result_dict.pickle	1	S_669_reverse_RMSE	S_669	reverse	RMSE	feature_combo_dict	A+B+C	1.5512539757932677
list_incremental_feature_result_dict.pickle	1	S_669_reverse_RMSE	S_669	reverse	RMSE	feature_combo_dict	A+B+C+D	1.5171947739383467
list_incremental_feature_result_dict.pickle	1	S_669_reverse_RMSE	S_669	reverse	RMSE	feature_combo_dict	A+B+C+D+E	1.461393509521897
list_incremental_feature_result_dict.pickle	1	S_669_reverse_RMSE	S_669	reverse	RMSE	feature_combo_dict	A+B+C+D+E+F	1.4519722529627306
list_incremental_feature_result_dict.pickle	1	S_669_reverse_RMSE	S_669	reverse	RMSE	feature_combo_dict	A+B+C+D+E+F+G	1.450151141170765
list_incremental_feature_result_dict.pickle	1	S_669_reverse_RMSE	S_669	reverse	RMSE	feature_combo_dict	A+B+C+D+E+F+G+H	1.4520390091051305
list_incremental_feature_result_dict.pickle	1	Ssym_total_PCC	Ssym	total	PCC	feature_combo_dict	A	0.6420213802364765
list_incremental_feature_result_dict.pickle	1	Ssym_total_PCC	Ssym	total	PCC	feature_combo_dict	A+B	0.7003962472830405
list_incremental_feature_result_dict.pickle	1	Ssym_total_PCC	Ssym	total	PCC	feature_combo_dict	A+B+C	0.7170102988856363
list_incremental_feature_result_dict.pickle	1	Ssym_total_PCC	Ssym	total	PCC	feature_combo_dict	A+B+C+D	0.7421274739800672
list_incremental_feature_result_dict.pickle	1	Ssym_total_PCC	Ssym	total	PCC	feature_combo_dict	A+B+C+D+E	0.7866041610831604
list_incremental_feature_result_dict.pickle	1	Ssym_total_PCC	Ssym	total	PCC	feature_combo_dict	A+B+C+D+E+F	0.8023634921920194
list_incremental_feature_result_dict.pickle	1	Ssym_total_PCC	Ssym	total	PCC	feature_combo_dict	A+B+C+D+E+F+G	0.8087448212379983
list_incremental_feature_result_dict.pickle	1	Ssym_total_PCC	Ssym	total	PCC	feature_combo_dict	A+B+C+D+E+F+G+H	0.8129520380073664
list_incremental_feature_result_dict.pickle	1	Ssym_direct_PCC	Ssym	direct	PCC	feature_combo_dict	A	0.44539008730534796
list_incremental_feature_result_dict.pickle	1	Ssym_direct_PCC	Ssym	direct	PCC	feature_combo_dict	A+B	0.5249457667078508
list_incremental_feature_result_dict.pickle	1	Ssym_direct_PCC	Ssym	direct	PCC	feature_combo_dict	A+B+C	0.554049589294439
list_incremental_feature_result_dict.pickle	1	Ssym_direct_PCC	Ssym	direct	PCC	feature_combo_dict	A+B+C+D	0.6029795574528201
list_incremental_feature_result_dict.pickle	1	Ssym_direct_PCC	Ssym	direct	PCC	feature_combo_dict	A+B+C+D+E	0.6744189197514798
list_incremental_feature_result_dict.pickle	1	Ssym_direct_PCC	Ssym	direct	PCC	feature_combo_dict	A+B+C+D+E+F	0.7020308643177702
list_incremental_feature_result_dict.pickle	1	Ssym_direct_PCC	Ssym	direct	PCC	feature_combo_dict	A+B+C+D+E+F+G	0.7140935626800636
list_incremental_feature_result_dict.pickle	1	Ssym_direct_PCC	Ssym	direct	PCC	feature_combo_dict	A+B+C+D+E+F+G+H	0.720477433676237
list_incremental_feature_result_dict.pickle	1	Ssym_reverse_PCC	Ssym	reverse	PCC	feature_combo_dict	A	0.44188402189563475
list_incremental_feature_result_dict.pickle	1	Ssym_reverse_PCC	Ssym	reverse	PCC	feature_combo_dict	A+B	0.5255290412150141
list_incremental_feature_result_dict.pickle	1	Ssym_reverse_PCC	Ssym	reverse	PCC	feature_combo_dict	A+B+C	0.5503954530825095
list_incremental_feature_result_dict.pickle	1	Ssym_reverse_PCC	Ssym	reverse	PCC	feature_combo_dict	A+B+C+D	0.5950560751222668
list_incremental_feature_result_dict.pickle	1	Ssym_reverse_PCC	Ssym	reverse	PCC	feature_combo_dict	A+B+C+D+E	0.6809465687113256
list_incremental_feature_result_dict.pickle	1	Ssym_reverse_PCC	Ssym	reverse	PCC	feature_combo_dict	A+B+C+D+E+F	0.7051374495552278
list_incremental_feature_result_dict.pickle	1	Ssym_reverse_PCC	Ssym	reverse	PCC	feature_combo_dict	A+B+C+D+E+F+G	0.7149879982483875
list_incremental_feature_result_dict.pickle	1	Ssym_reverse_PCC	Ssym	reverse	PCC	feature_combo_dict	A+B+C+D+E+F+G+H	0.7229990598429686
list_incremental_feature_result_dict.pickle	1	Ssym_total_RMSE	Ssym	total	RMSE	feature_combo_dict	A	1.455557152709203
list_incremental_feature_result_dict.pickle	1	Ssym_total_RMSE	Ssym	total	RMSE	feature_combo_dict	A+B	1.3245803832848502
list_incremental_feature_result_dict.pickle	1	Ssym_total_RMSE	Ssym	total	RMSE	feature_combo_dict	A+B+C	1.2919935419623871
list_incremental_feature_result_dict.pickle	1	Ssym_total_RMSE	Ssym	total	RMSE	feature_combo_dict	A+B+C+D	1.242327678213349
list_incremental_feature_result_dict.pickle	1	Ssym_total_RMSE	Ssym	total	RMSE	feature_combo_dict	A+B+C+D+E	1.1490033478307693
list_incremental_feature_result_dict.pickle	1	Ssym_total_RMSE	Ssym	total	RMSE	feature_combo_dict	A+B+C+D+E+F	1.1196740237347278
list_incremental_feature_result_dict.pickle	1	Ssym_total_RMSE	Ssym	total	RMSE	feature_combo_dict	A+B+C+D+E+F+G	1.1063742723984258
list_incremental_feature_result_dict.pickle	1	Ssym_total_RMSE	Ssym	total	RMSE	feature_combo_dict	A+B+C+D+E+F+G+H	1.0984445740166182
list_incremental_feature_result_dict.pickle	1	Ssym_direct_RMSE	Ssym	direct	RMSE	feature_combo_dict	A	1.4530206293199137
list_incremental_feature_result_dict.pickle	1	Ssym_direct_RMSE	Ssym	direct	RMSE	feature_combo_dict	A+B	1.3250341483632244
list_incremental_feature_result_dict.pickle	1	Ssym_direct_RMSE	Ssym	direct	RMSE	feature_combo_dict	A+B+C	1.290239779019742
list_incremental_feature_result_dict.pickle	1	Ssym_direct_RMSE	Ssym	direct	RMSE	feature_combo_dict	A+B+C+D	1.2382709298210006
list_incremental_feature_result_dict.pickle	1	Ssym_direct_RMSE	Ssym	direct	RMSE	feature_combo_dict	A+B+C+D+E	1.1533055089646398
list_incremental_feature_result_dict.pickle	1	Ssym_direct_RMSE	Ssym	direct	RMSE	feature_combo_dict	A+B+C+D+E+F	1.1221565630219938
list_incremental_feature_result_dict.pickle	1	Ssym_direct_RMSE	Ssym	direct	RMSE	feature_combo_dict	A+B+C+D+E+F+G	1.107683762954157
list_incremental_feature_result_dict.pickle	1	Ssym_direct_RMSE	Ssym	direct	RMSE	feature_combo_dict	A+B+C+D+E+F+G+H	1.1016316953904735
list_incremental_feature_result_dict.pickle	1	Ssym_reverse_RMSE	Ssym	reverse	RMSE	feature_combo_dict	A	1.4580892635146199
list_incremental_feature_result_dict.pickle	1	Ssym_reverse_RMSE	Ssym	reverse	RMSE	feature_combo_dict	A+B	1.3241264627056686
list_incremental_feature_result_dict.pickle	1	Ssym_reverse_RMSE	Ssym	reverse	RMSE	feature_combo_dict	A+B+C	1.2937449275572512
list_incremental_feature_result_dict.pickle	1	Ssym_reverse_RMSE	Ssym	reverse	RMSE	feature_combo_dict	A+B+C+D	1.246371222577838
list_incremental_feature_result_dict.pickle	1	Ssym_reverse_RMSE	Ssym	reverse	RMSE	feature_combo_dict	A+B+C+D+E	1.1446850176552694
list_incremental_feature_result_dict.pickle	1	Ssym_reverse_RMSE	Ssym	reverse	RMSE	feature_combo_dict	A+B+C+D+E+F	1.117185967920873
list_incremental_feature_result_dict.pickle	1	Ssym_reverse_RMSE	Ssym	reverse	RMSE	feature_combo_dict	A+B+C+D+E+F+G	1.1050632301085817
list_incremental_feature_result_dict.pickle	1	Ssym_reverse_RMSE	Ssym	reverse	RMSE	feature_combo_dict	A+B+C+D+E+F+G+H	1.09524817830673
list_incremental_feature_result_dict.pickle	2	S_2648_total_PCC	S_2648	total	PCC	feature_combo_dict	A	0.883143285168126
list_incremental_feature_result_dict.pickle	2	S_2648_total_PCC	S_2648	total	PCC	feature_combo_dict	A+B	0.9035129209470566
list_incremental_feature_result_dict.pickle	2	S_2648_total_PCC	S_2648	total	PCC	feature_combo_dict	A+B+C	0.9123316746764922
list_incremental_feature_result_dict.pickle	2	S_2648_total_PCC	S_2648	total	PCC	feature_combo_dict	A+B+C+D	0.9168881710646956
list_incremental_feature_result_dict.pickle	2	S_2648_total_PCC	S_2648	total	PCC	feature_combo_dict	A+B+C+D+E	0.9326541009986953
list_incremental_feature_result_dict.pickle	2	S_2648_total_PCC	S_2648	total	PCC	feature_combo_dict	A+B+C+D+E+F	0.9347393292123894
list_incremental_feature_result_dict.pickle	2	S_2648_total_PCC	S_2648	total	PCC	feature_combo_dict	A+B+C+D+E+F+G	0.9346683404419969
list_incremental_feature_result_dict.pickle	2	S_2648_total_PCC	S_2648	total	PCC	feature_combo_dict	A+B+C+D+E+F+G+H	0.9355203476160363
list_incremental_feature_result_dict.pickle	2	S_2648_direct_PCC	S_2648	direct	PCC	feature_combo_dict	A	0.8213599024417559
list_incremental_feature_result_dict.pickle	2	S_2648_direct_PCC	S_2648	direct	PCC	feature_combo_dict	A+B	0.8565714363314001
list_incremental_feature_result_dict.pickle	2	S_2648_direct_PCC	S_2648	direct	PCC	feature_combo_dict	A+B+C	0.8880348808905236
list_incremental_feature_result_dict.pickle	2	S_2648_direct_PCC	S_2648	direct	PCC	feature_combo_dict	A+B+C+D	0.890132271112701
list_incremental_feature_result_dict.pickle	2	S_2648_direct_PCC	S_2648	direct	PCC	feature_combo_dict	A+B+C+D+E	0.912840607844023
list_incremental_feature_result_dict.pickle	2	S_2648_direct_PCC	S_2648	direct	PCC	feature_combo_dict	A+B+C+D+E+F	0.9157945706236408
list_incremental_feature_result_dict.pickle	2	S_2648_direct_PCC	S_2648	direct	PCC	feature_combo_dict	A+B+C+D+E+F+G	0.9171842085673229
list_incremental_feature_result_dict.pickle	2	S_2648_direct_PCC	S_2648	direct	PCC	feature_combo_dict	A+B+C+D+E+F+G+H	0.9180967407335282
list_incremental_feature_result_dict.pickle	2	S_2648_reverse_PCC	S_2648	reverse	PCC	feature_combo_dict	A	0.8209825809248151
list_incremental_feature_result_dict.pickle	2	S_2648_reverse_PCC	S_2648	reverse	PCC	feature_combo_dict	A+B	0.8566744706600379
list_incremental_feature_result_dict.pickle	2	S_2648_reverse_PCC	S_2648	reverse	PCC	feature_combo_dict	A+B+C	0.8869008219085803
list_incremental_feature_result_dict.pickle	2	S_2648_reverse_PCC	S_2648	reverse	PCC	feature_combo_dict	A+B+C+D	0.8934853757724842
list_incremental_feature_result_dict.pickle	2	S_2648_reverse_PCC	S_2648	reverse	PCC	feature_combo_dict	A+B+C+D+E	0.9122393804002815
list_incremental_feature_result_dict.pickle	2	S_2648_reverse_PCC	S_2648	reverse	PCC	feature_combo_dict	A+B+C+D+E+F	0.9162986698838216
list_incremental_feature_result_dict.pickle	2	S_2648_reverse_PCC	S_2648	reverse	PCC	feature_combo_dict	A+B+C+D+E+F+G	0.9152784266916153
list_incremental_feature_result_dict.pickle	2	S_2648_reverse_PCC	S_2648	reverse	PCC	feature_combo_dict	A+B+C+D+E+F+G+H	0.9180983799423291
list_incremental_feature_result_dict.pickle	2	S_2648_total_RMSE	S_2648	total	RMSE	feature_combo_dict	A	0.8579458403803555
list_incremental_feature_result_dict.pickle	2	S_2648_total_RMSE	S_2648	total	RMSE	feature_combo_dict	A+B	0.8029393290412556
list_incremental_feature_result_dict.pickle	2	S_2648_total_RMSE	S_2648	total	RMSE	feature_combo_dict	A+B+C	0.7758748271322878
list_incremental_feature_result_dict.pickle	2	S_2648_total_RMSE	S_2648	total	RMSE	feature_combo_dict	A+B+C+D	0.7553284066661298
list_incremental_feature_result_dict.pickle	2	S_2648_total_RMSE	S_2648	total	RMSE	feature_combo_dict	A+B+C+D+E	0.6889844539198856
list_incremental_feature_result_dict.pickle	2	S_2648_total_RMSE	S_2648	total	RMSE	feature_combo_dict	A+B+C+D+E+F	0.6795616468834614
list_incremental_feature_result_dict.pickle	2	S_2648_total_RMSE	S_2648	total	RMSE	feature_combo_dict	A+B+C+D+E+F+G	0.6799746703294313
list_incremental_feature_result_dict.pickle	2	S_2648_total_RMSE	S_2648	total	RMSE	feature_combo_dict	A+B+C+D+E+F+G+H	0.677003239627314
list_incremental_feature_result_dict.pickle	2	S_2648_direct_RMSE	S_2648	direct	RMSE	feature_combo_dict	A	0.8577485610956627
list_incremental_feature_result_dict.pickle	2	S_2648_direct_RMSE	S_2648	direct	RMSE	feature_combo_dict	A+B	0.8034021262446045
list_incremental_feature_result_dict.pickle	2	S_2648_direct_RMSE	S_2648	direct	RMSE	feature_combo_dict	A+B+C	0.77493326696261
list_incremental_feature_result_dict.pickle	2	S_2648_direct_RMSE	S_2648	direct	RMSE	feature_combo_dict	A+B+C+D	0.7579688876463517
list_incremental_feature_result_dict.pickle	2	S_2648_direct_RMSE	S_2648	direct	RMSE	feature_combo_dict	A+B+C+D+E	0.688478115281915
list_incremental_feature_result_dict.pickle	2	S_2648_direct_RMSE	S_2648	direct	RMSE	feature_combo_dict	A+B+C+D+E+F	0.6787098004478571
list_incremental_feature_result_dict.pickle	2	S_2648_direct_RMSE	S_2648	direct	RMSE	feature_combo_dict	A+B+C+D+E+F+G	0.6773668874798937
list_incremental_feature_result_dict.pickle	2	S_2648_direct_RMSE	S_2648	direct	RMSE	feature_combo_dict	A+B+C+D+E+F+G+H	0.676299051019197
list_incremental_feature_result_dict.pickle	2	S_2648_reverse_RMSE	S_2648	reverse	RMSE	feature_combo_dict	A	0.858143074312337
list_incremental_feature_result_dict.pickle	2	S_2648_reverse_RMSE	S_2648	reverse	RMSE	feature_combo_dict	A+B	0.8024762649375319
list_incremental_feature_result_dict.pickle	2	S_2648_reverse_RMSE	S_2648	reverse	RMSE	feature_combo_dict	A+B+C	0.7768152460590428
list_incremental_feature_result_dict.pickle	2	S_2648_reverse_RMSE	S_2648	reverse	RMSE	feature_combo_dict	A+B+C+D	0.7526786626401342
list_incremental_feature_result_dict.pickle	2	S_2648_reverse_RMSE	S_2648	reverse	RMSE	feature_combo_dict	A+B+C+D+E	0.6894904207198443
list_incremental_feature_result_dict.pickle	2	S_2648_reverse_RMSE	S_2648	reverse	RMSE	feature_combo_dict	A+B+C+D+E+F	0.6804124268456263
list_incremental_feature_result_dict.pickle	2	S_2648_reverse_RMSE	S_2648	reverse	RMSE	feature_combo_dict	A+B+C+D+E+F+G	0.6825724901613298
list_incremental_feature_result_dict.pickle	2	S_2648_reverse_RMSE	S_2648	reverse	RMSE	feature_combo_dict	A+B+C+D+E+F+G+H	0.6777066965305054
list_incremental_feature_result_dict.pickle	2	S_921_total_PCC	S_921	total	PCC	feature_combo_dict	A	0.6486621639545792
list_incremental_feature_result_dict.pickle	2	S_921_total_PCC	S_921	total	PCC	feature_combo_dict	A+B	0.700402005642766
list_incremental_feature_result_dict.pickle	2	S_921_total_PCC	S_921	total	PCC	feature_combo_dict	A+B+C	0.697305635166654
list_incremental_feature_result_dict.pickle	2	S_921_total_PCC	S_921	total	PCC	feature_combo_dict	A+B+C+D	0.7292327897439018
list_incremental_feature_result_dict.pickle	2	S_921_total_PCC	S_921	total	PCC	feature_combo_dict	A+B+C+D+E	0.7579969123512436
list_incremental_feature_result_dict.pickle	2	S_921_total_PCC	S_921	total	PCC	feature_combo_dict	A+B+C+D+E+F	0.7870800102180422
list_incremental_feature_result_dict.pickle	2	S_921_total_PCC	S_921	total	PCC	feature_combo_dict	A+B+C+D+E+F+G	0.7905193986629737
list_incremental_feature_result_dict.pickle	2	S_921_total_PCC	S_921	total	PCC	feature_combo_dict	A+B+C+D+E+F+G+H	0.7944918697959811
list_incremental_feature_result_dict.pickle	2	S_921_direct_PCC	S_921	direct	PCC	feature_combo_dict	A	0.5631044765160425
list_incremental_feature_result_dict.pickle	2	S_921_direct_PCC	S_921	direct	PCC	feature_combo_dict	A+B	0.6299987174711783
list_incremental_feature_result_dict.pickle	2	S_921_direct_PCC	S_921	direct	PCC	feature_combo_dict	A+B+C	0.6398778513549052
list_incremental_feature_result_dict.pickle	2	S_921_direct_PCC	S_921	direct	PCC	feature_combo_dict	A+B+C+D	0.6878922116915719
list_incremental_feature_result_dict.pickle	2	S_921_direct_PCC	S_921	direct	PCC	feature_combo_dict	A+B+C+D+E	0.7274280834890317
list_incremental_feature_result_dict.pickle	2	S_921_direct_PCC	S_921	direct	PCC	feature_combo_dict	A+B+C+D+E+F	0.7603004816184753
list_incremental_feature_result_dict.pickle	2	S_921_direct_PCC	S_921	direct	PCC	feature_combo_dict	A+B+C+D+E+F+G	0.7654843642694997
list_incremental_feature_result_dict.pickle	2	S_921_direct_PCC	S_921	direct	PCC	feature_combo_dict	A+B+C+D+E+F+G+H	0.7675399648300044
list_incremental_feature_result_dict.pickle	2	S_921_reverse_PCC	S_921	reverse	PCC	feature_combo_dict	A	0.5658266681615862
list_incremental_feature_result_dict.pickle	2	S_921_reverse_PCC	S_921	reverse	PCC	feature_combo_dict	A+B	0.6286637354351268
list_incremental_feature_result_dict.pickle	2	S_921_reverse_PCC	S_921	reverse	PCC	feature_combo_dict	A+B+C	0.6394223516824498
list_incremental_feature_result_dict.pickle	2	S_921_reverse_PCC	S_921	reverse	PCC	feature_combo_dict	A+B+C+D	0.6836083867512879
list_incremental_feature_result_dict.pickle	2	S_921_reverse_PCC	S_921	reverse	PCC	feature_combo_dict	A+B+C+D+E	0.7284033900784915
list_incremental_feature_result_dict.pickle	2	S_921_reverse_PCC	S_921	reverse	PCC	feature_combo_dict	A+B+C+D+E+F	0.7586362418865479
list_incremental_feature_result_dict.pickle	2	S_921_reverse_PCC	S_921	reverse	PCC	feature_combo_dict	A+B+C+D+E+F+G	0.7628648122753784
list_incremental_feature_result_dict.pickle	2	S_921_reverse_PCC	S_921	reverse	PCC	feature_combo_dict	A+B+C+D+E+F+G+H	0.7677556948583584
list_incremental_feature_result_dict.pickle	2	S_921_total_RMSE	S_921	total	RMSE	feature_combo_dict	A	1.7733212613320548
list_incremental_feature_result_dict.pickle	2	S_921_total_RMSE	S_921	total	RMSE	feature_combo_dict	A+B	1.6779806796989736
list_incremental_feature_result_dict.pickle	2	S_921_total_RMSE	S_921	total	RMSE	feature_combo_dict	A+B+C	1.693020323929942
list_incremental_feature_result_dict.pickle	2	S_921_total_RMSE	S_921	total	RMSE	feature_combo_dict	A+B+C+D	1.6226378657976626
list_incremental_feature_result_dict.pickle	2	S_921_total_RMSE	S_921	total	RMSE	feature_combo_dict	A+B+C+D+E	1.5645659437947115
list_incremental_feature_result_dict.pickle	2	S_921_total_RMSE	S_921	total	RMSE	feature_combo_dict	A+B+C+D+E+F	1.5076149147892786
list_incremental_feature_result_dict.pickle	2	S_921_total_RMSE	S_921	total	RMSE	feature_combo_dict	A+B+C+D+E+F+G	1.5013311934374107
list_incremental_feature_result_dict.pickle	2	S_921_total_RMSE	S_921	total	RMSE	feature_combo_dict	A+B+C+D+E+F+G+H	1.491453448012747
list_incremental_feature_result_dict.pickle	2	S_921_direct_RMSE	S_921	direct	RMSE	feature_combo_dict	A	1.775303134013569
list_incremental_feature_result_dict.pickle	2	S_921_direct_RMSE	S_921	direct	RMSE	feature_combo_dict	A+B	1.6769587005225788
list_incremental_feature_result_dict.pickle	2	S_921_direct_RMSE	S_921	direct	RMSE	feature_combo_dict	A+B+C	1.6922831616344307
list_incremental_feature_result_dict.pickle	2	S_921_direct_RMSE	S_921	direct	RMSE	feature_combo_dict	A+B+C+D	1.6184090841701884
list_incremental_feature_result_dict.pickle	2	S_921_direct_RMSE	S_921	direct	RMSE	feature_combo_dict	A+B+C+D+E	1.5661584115085072
list_incremental_feature_result_dict.pickle	2	S_921_direct_RMSE	S_921	direct	RMSE	feature_combo_dict	A+B+C+D+E+F	1.5060782341219288
list_incremental_feature_result_dict.pickle	2	S_921_direct_RMSE	S_921	direct	RMSE	feature_combo_dict	A+B+C+D+E+F+G	1.5002489144822626
list_incremental_feature_result_dict.pickle	2	S_921_direct_RMSE	S_921	direct	RMSE	feature_combo_dict	A+B+C+D+E+F+G+H	1.492371992655345
list_incremental_feature_result_dict.pickle	2	S_921_reverse_RMSE	S_921	reverse	RMSE	feature_combo_dict	A	1.7713371712201549
list_incremental_feature_result_dict.pickle	2	S_921_reverse_RMSE	S_921	reverse	RMSE	feature_combo_dict	A+B	1.679002036814632
list_incremental_feature_result_dict.pickle	2	S_921_reverse_RMSE	S_921	reverse	RMSE	feature_combo_dict	A+B+C	1.6937571653954018
list_incremental_feature_result_dict.pickle	2	S_921_reverse_RMSE	S_921	reverse	RMSE	feature_combo_dict	A+B+C+D	1.6268556553413702
list_incremental_feature_result_dict.pickle	2	S_921_reverse_RMSE	S_921	reverse	RMSE	feature_combo_dict	A+B+C+D+E	1.5629718535615482
list_incremental_feature_result_dict.pickle	2	S_921_reverse_RMSE	S_921	reverse	RMSE	feature_combo_dict	A+B+C+D+E+F	1.5091500307439085
list_incremental_feature_result_dict.pickle	2	S_921_reverse_RMSE	S_921	reverse	RMSE	feature_combo_dict	A+B+C+D+E+F+G	1.5024126927616106
list_incremental_feature_result_dict.pickle	2	S_921_reverse_RMSE	S_921	reverse	RMSE	feature_combo_dict	A+B+C+D+E+F+G+H	1.49053433731536
list_incremental_feature_result_dict.pickle	2	S_669_total_PCC	S_669	total	PCC	feature_combo_dict	A	0.47212891928262074
list_incremental_feature_result_dict.pickle	2	S_669_total_PCC	S_669	total	PCC	feature_combo_dict	A+B	0.5252038923977328
list_incremental_feature_result_dict.pickle	2	S_669_total_PCC	S_669	total	PCC	feature_combo_dict	A+B+C	0.5780464972473671
list_incremental_feature_result_dict.pickle	2	S_669_total_PCC	S_669	total	PCC	feature_combo_dict	A+B+C+D	0.6019049134633394
list_incremental_feature_result_dict.pickle	2	S_669_total_PCC	S_669	total	PCC	feature_combo_dict	A+B+C+D+E	0.6358374035743144
list_incremental_feature_result_dict.pickle	2	S_669_total_PCC	S_669	total	PCC	feature_combo_dict	A+B+C+D+E+F	0.6427963761401149
list_incremental_feature_result_dict.pickle	2	S_669_total_PCC	S_669	total	PCC	feature_combo_dict	A+B+C+D+E+F+G	0.6446587066469355
list_incremental_feature_result_dict.pickle	2	S_669_total_PCC	S_669	total	PCC	feature_combo_dict	A+B+C+D+E+F+G+H	0.6454673925854987
list_incremental_feature_result_dict.pickle	2	S_669_direct_PCC	S_669	direct	PCC	feature_combo_dict	A	0.27253603776829727
list_incremental_feature_result_dict.pickle	2	S_669_direct_PCC	S_669	direct	PCC	feature_combo_dict	A+B	0.32590661959168316
list_incremental_feature_result_dict.pickle	2	S_669_direct_PCC	S_669	direct	PCC	feature_combo_dict	A+B+C	0.36683705696052693
list_incremental_feature_result_dict.pickle	2	S_669_direct_PCC	S_669	direct	PCC	feature_combo_dict	A+B+C+D	0.4047650961889125
list_incremental_feature_result_dict.pickle	2	S_669_direct_PCC	S_669	direct	PCC	feature_combo_dict	A+B+C+D+E	0.46735729473844334
list_incremental_feature_result_dict.pickle	2	S_669_direct_PCC	S_669	direct	PCC	feature_combo_dict	A+B+C+D+E+F	0.4806754497994631
list_incremental_feature_result_dict.pickle	2	S_669_direct_PCC	S_669	direct	PCC	feature_combo_dict	A+B+C+D+E+F+G	0.479652772564684
list_incremental_feature_result_dict.pickle	2	S_669_direct_PCC	S_669	direct	PCC	feature_combo_dict	A+B+C+D+E+F+G+H	0.4820169865220687
list_incremental_feature_result_dict.pickle	2	S_669_reverse_PCC	S_669	reverse	PCC	feature_combo_dict	A	0.27436750036774743
list_incremental_feature_result_dict.pickle	2	S_669_reverse_PCC	S_669	reverse	PCC	feature_combo_dict	A+B	0.3274607923966645
list_incremental_feature_result_dict.pickle	2	S_669_reverse_PCC	S_669	reverse	PCC	feature_combo_dict	A+B+C	0.3651994980457268
list_incremental_feature_result_dict.pickle	2	S_669_reverse_PCC	S_669	reverse	PCC	feature_combo_dict	A+B+C+D	0.4124575940420887
list_incremental_feature_result_dict.pickle	2	S_669_reverse_PCC	S_669	reverse	PCC	feature_combo_dict	A+B+C+D+E	0.4653888193125687
list_incremental_feature_result_dict.pickle	2	S_669_reverse_PCC	S_669	reverse	PCC	feature_combo_dict	A+B+C+D+E+F	0.4746331933824649
list_incremental_feature_result_dict.pickle	2	S_669_reverse_PCC	S_669	reverse	PCC	feature_combo_dict	A+B+C+D+E+F+G	0.48181593666744593
list_incremental_feature_result_dict.pickle	2	S_669_reverse_PCC	S_669	reverse	PCC	feature_combo_dict	A+B+C+D+E+F+G+H	0.4819471363343769
list_incremental_feature_result_dict.pickle	2	S_669_total_RMSE	S_669	total	RMSE	feature_combo_dict	A	1.719752537901637
list_incremental_feature_result_dict.pickle	2	S_669_total_RMSE	S_669	total	RMSE	feature_combo_dict	A+B	1.627278900069079
list_incremental_feature_result_dict.pickle	2	S_669_total_RMSE	S_669	total	RMSE	feature_combo_dict	A+B+C	1.5508099339893937
list_incremental_feature_result_dict.pickle	2	S_669_total_RMSE	S_669	total	RMSE	feature_combo_dict	A+B+C+D	1.5172125878137106
list_incremental_feature_result_dict.pickle	2	S_669_total_RMSE	S_669	total	RMSE	feature_combo_dict	A+B+C+D+E	1.4648698006774108
list_incremental_feature_result_dict.pickle	2	S_669_total_RMSE	S_669	total	RMSE	feature_combo_dict	A+B+C+D+E+F	1.453813969961916
list_incremental_feature_result_dict.pickle	2	S_669_total_RMSE	S_669	total	RMSE	feature_combo_dict	A+B+C+D+E+F+G	1.4510553519325513
list_incremental_feature_result_dict.pickle	2	S_669_total_RMSE	S_669	total	RMSE	feature_combo_dict	A+B+C+D+E+F+G+H	1.4500589218620692
list_incremental_feature_result_dict.pickle	2	S_669_direct_RMSE	S_669	direct	RMSE	feature_combo_dict	A	1.7202741038667302
list_incremental_feature_result_dict.pickle	2	S_669_direct_RMSE	S_669	direct	RMSE	feature_combo_dict	A+B	1.6276203290674796
list_incremental_feature_result_dict.pickle	2	S_669_direct_RMSE	S_669	direct	RMSE	feature_combo_dict	A+B+C	1.5501684940763565
list_incremental_feature_result_dict.pickle	2	S_669_direct_RMSE	S_669	direct	RMSE	feature_combo_dict	A+B+C+D	1.520795355911218
list_incremental_feature_result_dict.pickle	2	S_669_direct_RMSE	S_669	direct	RMSE	feature_combo_dict	A+B+C+D+E	1.4639038294350086
list_incremental_feature_result_dict.pickle	2	S_669_direct_RMSE	S_669	direct	RMSE	feature_combo_dict	A+B+C+D+E+F	1.451079363751672
list_incremental_feature_result_dict.pickle	2	S_669_direct_RMSE	S_669	direct	RMSE	feature_combo_dict	A+B+C+D+E+F+G	1.4523944196805227
list_incremental_feature_result_dict.pickle	2	S_669_direct_RMSE	S_669	direct	RMSE	feature_combo_dict	A+B+C+D+E+F+G+H	1.4500381429513478
list_incremental_feature_result_dict.pickle	2	S_669_reverse_RMSE	S_669	reverse	RMSE	feature_combo_dict	A	1.7192308137082002
list_incremental_feature_result_dict.pickle	2	S_669_reverse_RMSE	S_669	reverse	RMSE	feature_combo_dict	A+B	1.6269373994184078
list_incremental_feature_result_dict.pickle	2	S_669_reverse_RMSE	S_669	reverse	RMSE	feature_combo_dict	A+B+C	1.5514511087022422
list_incremental_feature_result_dict.pickle	2	S_669_reverse_RMSE	S_669	reverse	RMSE	feature_combo_dict	A+B+C+D	1.5136213392654134
list_incremental_feature_result_dict.pickle	2	S_669_reverse_RMSE	S_669	reverse	RMSE	feature_combo_dict	A+B+C+D+E	1.4658351353542018
list_incremental_feature_result_dict.pickle	2	S_669_reverse_RMSE	S_669	reverse	RMSE	feature_combo_dict	A+B+C+D+E+F	1.456543442059624
list_incremental_feature_result_dict.pickle	2	S_669_reverse_RMSE	S_669	reverse	RMSE	feature_combo_dict	A+B+C+D+E+F+G	1.4497150473196718
list_incremental_feature_result_dict.pickle	2	S_669_reverse_RMSE	S_669	reverse	RMSE	feature_combo_dict	A+B+C+D+E+F+G+H	1.4500797004750396
list_incremental_feature_result_dict.pickle	2	Ssym_total_PCC	Ssym	total	PCC	feature_combo_dict	A	0.6405614552121252
list_incremental_feature_result_dict.pickle	2	Ssym_total_PCC	Ssym	total	PCC	feature_combo_dict	A+B	0.7014118306103916
list_incremental_feature_result_dict.pickle	2	Ssym_total_PCC	Ssym	total	PCC	feature_combo_dict	A+B+C	0.7158000092199673
list_incremental_feature_result_dict.pickle	2	Ssym_total_PCC	Ssym	total	PCC	feature_combo_dict	A+B+C+D	0.7430849365887892
list_incremental_feature_result_dict.pickle	2	Ssym_total_PCC	Ssym	total	PCC	feature_combo_dict	A+B+C+D+E	0.7887933077697075
list_incremental_feature_result_dict.pickle	2	Ssym_total_PCC	Ssym	total	PCC	feature_combo_dict	A+B+C+D+E+F	0.8019274956176637
list_incremental_feature_result_dict.pickle	2	Ssym_total_PCC	Ssym	total	PCC	feature_combo_dict	A+B+C+D+E+F+G	0.8075239422134297
list_incremental_feature_result_dict.pickle	2	Ssym_total_PCC	Ssym	total	PCC	feature_combo_dict	A+B+C+D+E+F+G+H	0.8126624558960518
list_incremental_feature_result_dict.pickle	2	Ssym_direct_PCC	Ssym	direct	PCC	feature_combo_dict	A	0.4421635623174486
list_incremental_feature_result_dict.pickle	2	Ssym_direct_PCC	Ssym	direct	PCC	feature_combo_dict	A+B	0.527147077341378
list_incremental_feature_result_dict.pickle	2	Ssym_direct_PCC	Ssym	direct	PCC	feature_combo_dict	A+B+C	0.5498502851294089
list_incremental_feature_result_dict.pickle	2	Ssym_direct_PCC	Ssym	direct	PCC	feature_combo_dict	A+B+C+D	0.5985378497817885
list_incremental_feature_result_dict.pickle	2	Ssym_direct_PCC	Ssym	direct	PCC	feature_combo_dict	A+B+C+D+E	0.6830220504046288
list_incremental_feature_result_dict.pickle	2	Ssym_direct_PCC	Ssym	direct	PCC	feature_combo_dict	A+B+C+D+E+F	0.7032973316598965
list_incremental_feature_result_dict.pickle	2	Ssym_direct_PCC	Ssym	direct	PCC	feature_combo_dict	A+B+C+D+E+F+G	0.714971351429354
list_incremental_feature_result_dict.pickle	2	Ssym_direct_PCC	Ssym	direct	PCC	feature_combo_dict	A+B+C+D+E+F+G+H	0.7233920735701984
list_incremental_feature_result_dict.pickle	2	Ssym_reverse_PCC	Ssym	reverse	PCC	feature_combo_dict	A	0.44271699305935613
list_incremental_feature_result_dict.pickle	2	Ssym_reverse_PCC	Ssym	reverse	PCC	feature_combo_dict	A+B	0.5270932351438962
list_incremental_feature_result_dict.pickle	2	Ssym_reverse_PCC	Ssym	reverse	PCC	feature_combo_dict	A+B+C	0.5497816316937852
list_incremental_feature_result_dict.pickle	2	Ssym_reverse_PCC	Ssym	reverse	PCC	feature_combo_dict	A+B+C+D	0.602440106423431
list_incremental_feature_result_dict.pickle	2	Ssym_reverse_PCC	Ssym	reverse	PCC	feature_combo_dict	A+B+C+D+E	0.6805323392158632
list_incremental_feature_result_dict.pickle	2	Ssym_reverse_PCC	Ssym	reverse	PCC	feature_combo_dict	A+B+C+D+E+F	0.7027131991804569
list_incremental_feature_result_dict.pickle	2	Ssym_reverse_PCC	Ssym	reverse	PCC	feature_combo_dict	A+B+C+D+E+F+G	0.7100559158353026
list_incremental_feature_result_dict.pickle	2	Ssym_reverse_PCC	Ssym	reverse	PCC	feature_combo_dict	A+B+C+D+E+F+G+H	0.7194234233984657
list_incremental_feature_result_dict.pickle	2	Ssym_total_RMSE	Ssym	total	RMSE	feature_combo_dict	A	1.4586632795538224
list_incremental_feature_result_dict.pickle	2	Ssym_total_RMSE	Ssym	total	RMSE	feature_combo_dict	A+B	1.3226902633667728
list_incremental_feature_result_dict.pickle	2	Ssym_total_RMSE	Ssym	total	RMSE	feature_combo_dict	A+B+C	1.2943883915911656
list_incremental_feature_result_dict.pickle	2	Ssym_total_RMSE	Ssym	total	RMSE	feature_combo_dict	A+B+C+D	1.2403332690544875
list_incremental_feature_result_dict.pickle	2	Ssym_total_RMSE	Ssym	total	RMSE	feature_combo_dict	A+B+C+D+E	1.1436312082179034
list_incremental_feature_result_dict.pickle	2	Ssym_total_RMSE	Ssym	total	RMSE	feature_combo_dict	A+B+C+D+E+F	1.1214159538008996
list_incremental_feature_result_dict.pickle	2	Ssym_total_RMSE	Ssym	total	RMSE	feature_combo_dict	A+B+C+D+E+F+G	1.1094016935942128
list_incremental_feature_result_dict.pickle	2	Ssym_total_RMSE	Ssym	total	RMSE	feature_combo_dict	A+B+C+D+E+F+G+H	1.0988716830218934
list_incremental_feature_result_dict.pickle	2	Ssym_direct_RMSE	Ssym	direct	RMSE	feature_combo_dict	A	1.458515172446728
list_incremental_feature_result_dict.pickle	2	Ssym_direct_RMSE	Ssym	direct	RMSE	feature_combo_dict	A+B	1.3227639001731069
list_incremental_feature_result_dict.pickle	2	Ssym_direct_RMSE	Ssym	direct	RMSE	feature_combo_dict	A+B+C	1.2942005873748488
list_incremental_feature_result_dict.pickle	2	Ssym_direct_RMSE	Ssym	direct	RMSE	feature_combo_dict	A+B+C+D	1.2423362147444212
list_incremental_feature_result_dict.pickle	2	Ssym_direct_RMSE	Ssym	direct	RMSE	feature_combo_dict	A+B+C+D+E	1.1425460299775865
list_incremental_feature_result_dict.pickle	2	Ssym_direct_RMSE	Ssym	direct	RMSE	feature_combo_dict	A+B+C+D+E+F	1.1209420500069058
list_incremental_feature_result_dict.pickle	2	Ssym_direct_RMSE	Ssym	direct	RMSE	feature_combo_dict	A+B+C+D+E+F+G	1.1068187889491037
list_incremental_feature_result_dict.pickle	2	Ssym_direct_RMSE	Ssym	direct	RMSE	feature_combo_dict	A+B+C+D+E+F+G+H	1.0958744838162502
list_incremental_feature_result_dict.pickle	2	Ssym_reverse_RMSE	Ssym	reverse	RMSE	feature_combo_dict	A	1.4588113716242124
list_incremental_feature_result_dict.pickle	2	Ssym_reverse_RMSE	Ssym	reverse	RMSE	feature_combo_dict	A+B	1.3226166224607023
list_incremental_feature_result_dict.pickle	2	Ssym_reverse_RMSE	Ssym	reverse	RMSE	feature_combo_dict	A+B+C	1.2945761685627177
list_incremental_feature_result_dict.pickle	2	Ssym_reverse_RMSE	Ssym	reverse	RMSE	feature_combo_dict	A+B+C+D	1.238327083682371
list_incremental_feature_result_dict.pickle	2	Ssym_reverse_RMSE	Ssym	reverse	RMSE	feature_combo_dict	A+B+C+D+E	1.1447153577210096
list_incremental_feature_result_dict.pickle	2	Ssym_reverse_RMSE	Ssym	reverse	RMSE	feature_combo_dict	A+B+C+D+E+F	1.121889657410513
list_incremental_feature_result_dict.pickle	2	Ssym_reverse_RMSE	Ssym	reverse	RMSE	feature_combo_dict	A+B+C+D+E+F+G	1.1119785986828412
list_incremental_feature_result_dict.pickle	2	Ssym_reverse_RMSE	Ssym	reverse	RMSE	feature_combo_dict	A+B+C+D+E+F+G+H	1.1018607295004232
list_incremental_feature_result_dict.pickle	3	S_2648_total_PCC	S_2648	total	PCC	feature_combo_dict	A	0.8832116303610628
list_incremental_feature_result_dict.pickle	3	S_2648_total_PCC	S_2648	total	PCC	feature_combo_dict	A+B	0.9035413650613029
list_incremental_feature_result_dict.pickle	3	S_2648_total_PCC	S_2648	total	PCC	feature_combo_dict	A+B+C	0.9119630345493066
list_incremental_feature_result_dict.pickle	3	S_2648_total_PCC	S_2648	total	PCC	feature_combo_dict	A+B+C+D	0.9168616609097782
list_incremental_feature_result_dict.pickle	3	S_2648_total_PCC	S_2648	total	PCC	feature_combo_dict	A+B+C+D+E	0.9330762210379
list_incremental_feature_result_dict.pickle	3	S_2648_total_PCC	S_2648	total	PCC	feature_combo_dict	A+B+C+D+E+F	0.9346908472130366
list_incremental_feature_result_dict.pickle	3	S_2648_total_PCC	S_2648	total	PCC	feature_combo_dict	A+B+C+D+E+F+G	0.935125271941296
list_incremental_feature_result_dict.pickle	3	S_2648_total_PCC	S_2648	total	PCC	feature_combo_dict	A+B+C+D+E+F+G+H	0.9351971064377762
list_incremental_feature_result_dict.pickle	3	S_2648_direct_PCC	S_2648	direct	PCC	feature_combo_dict	A	0.8219033980189102
list_incremental_feature_result_dict.pickle	3	S_2648_direct_PCC	S_2648	direct	PCC	feature_combo_dict	A+B	0.8553420942961822
list_incremental_feature_result_dict.pickle	3	S_2648_direct_PCC	S_2648	direct	PCC	feature_combo_dict	A+B+C	0.8869474044692113
list_incremental_feature_result_dict.pickle	3	S_2648_direct_PCC	S_2648	direct	PCC	feature_combo_dict	A+B+C+D	0.8911406594589996
list_incremental_feature_result_dict.pickle	3	S_2648_direct_PCC	S_2648	direct	PCC	feature_combo_dict	A+B+C+D+E	0.9131953685456098
list_incremental_feature_result_dict.pickle	3	S_2648_direct_PCC	S_2648	direct	PCC	feature_combo_dict	A+B+C+D+E+F	0.9157719763001787
list_incremental_feature_result_dict.pickle	3	S_2648_direct_PCC	S_2648	direct	PCC	feature_combo_dict	A+B+C+D+E+F+G	0.9176607211770946
list_incremental_feature_result_dict.pickle	3	S_2648_direct_PCC	S_2648	direct	PCC	feature_combo_dict	A+B+C+D+E+F+G+H	0.9179319285510266
list_incremental_feature_result_dict.pickle	3	S_2648_reverse_PCC	S_2648	reverse	PCC	feature_combo_dict	A	0.8207338931052833
list_incremental_feature_result_dict.pickle	3	S_2648_reverse_PCC	S_2648	reverse	PCC	feature_combo_dict	A+B	0.857925596516467
list_incremental_feature_result_dict.pickle	3	S_2648_reverse_PCC	S_2648	reverse	PCC	feature_combo_dict	A+B+C	0.8873538548855808
list_incremental_feature_result_dict.pickle	3	S_2648_reverse_PCC	S_2648	reverse	PCC	feature_combo_dict	A+B+C+D	0.8926551076047308
list_incremental_feature_result_dict.pickle	3	S_2648_reverse_PCC	S_2648	reverse	PCC	feature_combo_dict	A+B+C+D+E	0.9121231480025369
list_incremental_feature_result_dict.pickle	3	S_2648_reverse_PCC	S_2648	reverse	PCC	feature_combo_dict	A+B+C+D+E+F	0.9162797334039258
list_incremental_feature_result_dict.pickle	3	S_2648_reverse_PCC	S_2648	reverse	PCC	feature_combo_dict	A+B+C+D+E+F+G	0.9159360272894391
list_incremental_feature_result_dict.pickle	3	S_2648_reverse_PCC	S_2648	reverse	PCC	feature_combo_dict	A+B+C+D+E+F+G+H	0.9175837142153394
list_incremental_feature_result_dict.pickle	3	S_2648_total_RMSE	S_2648	total	RMSE	feature_combo_dict	A	0.8579445888625616
list_incremental_feature_result_dict.pickle	3	S_2648_total_RMSE	S_2648	total	RMSE	feature_combo_dict	A+B	0.8032046809857878
list_incremental_feature_result_dict.pickle	3	S_2648_total_RMSE	S_2648	total	RMSE	feature_combo_dict	A+B+C	0.7763625372653943
list_incremental_feature_result_dict.pickle	3	S_2648_total_RMSE	S_2648	total	RMSE	feature_combo_dict	A+B+C+D	0.7553507099810363
list_incremental_feature_result_dict.pickle	3	S_2648_total_RMSE	S_2648	total	RMSE	feature_combo_dict	A+B+C+D+E	0.6865525655184199
list_incremental_feature_result_dict.pickle	3	S_2648_total_RMSE	S_2648	total	RMSE	feature_combo_dict	A+B+C+D+E+F	0.679699605704693
list_incremental_feature_result_dict.pickle	3	S_2648_total_RMSE	S_2648	total	RMSE	feature_combo_dict	A+B+C+D+E+F+G	0.6789697304943408
list_incremental_feature_result_dict.pickle	3	S_2648_total_RMSE	S_2648	total	RMSE	feature_combo_dict	A+B+C+D+E+F+G+H	0.6794410648152291
list_incremental_feature_result_dict.pickle	3	S_2648_direct_RMSE	S_2648	direct	RMSE	feature_combo_dict	A	0.856992800862901
list_incremental_feature_result_dict.pickle	3	S_2648_direct_RMSE	S_2648	direct	RMSE	feature_combo_dict	A+B	0.8055807217229093
list_incremental_feature_result_dict.pickle	3	S_2648_direct_RMSE	S_2648	direct	RMSE	feature_combo_dict	A+B+C	0.7771997408790376
list_incremental_feature_result_dict.pickle	3	S_2648_direct_RMSE	S_2648	direct	RMSE	feature_combo_dict	A+B+C+D	0.7570396659234754
list_incremental_feature_result_dict.pickle	3	S_2648_direct_RMSE	S_2648	direct	RMSE	feature_combo_dict	A+B+C+D+E	0.6847397022120864
list_incremental_feature_result_dict.pickle	3	S_2648_direct_RMSE	S_2648	direct	RMSE	feature_combo_dict	A+B+C+D+E+F	0.6793257007301576
list_incremental_feature_result_dict.pickle	3	S_2648_direct_RMSE	S_2648	direct	RMSE	feature_combo_dict	A+B+C+D+E+F+G	0.67663472514986
list_incremental_feature_result_dict.pickle	3	S_2648_direct_RMSE	S_2648	direct	RMSE	feature_combo_dict	A+B+C+D+E+F+G+H	0.6779495283326131
list_incremental_feature_result_dict.pickle	3	S_2648_reverse_RMSE	S_2648	reverse	RMSE	feature_combo_dict	A	0.858895322135509
list_incremental_feature_result_dict.pickle	3	S_2648_reverse_RMSE	S_2648	reverse	RMSE	feature_combo_dict	A+B	0.8008215905576966
list_incremental_feature_result_dict.pickle	3	S_2648_reverse_RMSE	S_2648	reverse	RMSE	feature_combo_dict	A+B+C	0.7755244298639974
list_incremental_feature_result_dict.pickle	3	S_2648_reverse_RMSE	S_2648	reverse	RMSE	feature_combo_dict	A+B+C+D	0.7536579690789341
list_incremental_feature_result_dict.pickle	3	S_2648_reverse_RMSE	S_2648	reverse	RMSE	feature_combo_dict	A+B+C+D+E	0.6883606544932328
list_incremental_feature_result_dict.pickle	3	S_2648_reverse_RMSE	S_2648	reverse	RMSE	feature_combo_dict	A+B+C+D+E+F	0.6800733051059353
list_incremental_feature_result_dict.pickle	3	S_2648_reverse_RMSE	S_2648	reverse	RMSE	feature_combo_dict	A+B+C+D+E+F+G	0.6812967331321126
list_incremental_feature_result_dict.pickle	3	S_2648_reverse_RMSE	S_2648	reverse	RMSE	feature_combo_dict	A+B+C+D+E+F+G+H	0.6809293341809356
list_incremental_feature_result_dict.pickle	3	S_921_total_PCC	S_921	total	PCC	feature_combo_dict	A	0.6492674633705772
list_incremental_feature_result_dict.pickle	3	S_921_total_PCC	S_921	total	PCC	feature_combo_dict	A+B	0.6995091861993592
list_incremental_feature_result_dict.pickle	3	S_921_total_PCC	S_921	total	PCC	feature_combo_dict	A+B+C	0.6965162885520645
list_incremental_feature_result_dict.pickle	3	S_921_total_PCC	S_921	total	PCC	feature_combo_dict	A+B+C+D	0.7308003173213967
list_incremental_feature_result_dict.pickle	3	S_921_total_PCC	S_921	total	PCC	feature_combo_dict	A+B+C+D+E	0.7589677032080269
list_incremental_feature_result_dict.pickle	3	S_921_total_PCC	S_921	total	PCC	feature_combo_dict	A+B+C+D+E+F	0.7881226922231619
list_incremental_feature_result_dict.pickle	3	S_921_total_PCC	S_921	total	PCC	feature_combo_dict	A+B+C+D+E+F+G	0.7906363773996178
list_incremental_feature_result_dict.pickle	3	S_921_total_PCC	S_921	total	PCC	feature_combo_dict	A+B+C+D+E+F+G+H	0.7949306840537086
list_incremental_feature_result_dict.pickle	3	S_921_direct_PCC	S_921	direct	PCC	feature_combo_dict	A	0.5654507858246418
list_incremental_feature_result_dict.pickle	3	S_921_direct_PCC	S_921	direct	PCC	feature_combo_dict	A+B	0.6262774647304364
list_incremental_feature_result_dict.pickle	3	S_921_direct_PCC	S_921	direct	PCC	feature_combo_dict	A+B+C	0.6390045594215494
list_incremental_feature_result_dict.pickle	3	S_921_direct_PCC	S_921	direct	PCC	feature_combo_dict	A+B+C+D	0.6900503121225838
list_incremental_feature_result_dict.pickle	3	S_921_direct_PCC	S_921	direct	PCC	feature_combo_dict	A+B+C+D+E	0.7300834904161163
list_incremental_feature_result_dict.pickle	3	S_921_direct_PCC	S_921	direct	PCC	feature_combo_dict	A+B+C+D+E+F	0.761380285205021
list_incremental_feature_result_dict.pickle	3	S_921_direct_PCC	S_921	direct	PCC	feature_combo_dict	A+B+C+D+E+F+G	0.7644852546077866
list_incremental_feature_result_dict.pickle	3	S_921_direct_PCC	S_921	direct	PCC	feature_combo_dict	A+B+C+D+E+F+G+H	0.7680304071933779
list_incremental_feature_result_dict.pickle	3	S_921_reverse_PCC	S_921	reverse	PCC	feature_combo_dict	A	0.5650893741186394
list_incremental_feature_result_dict.pickle	3	S_921_reverse_PCC	S_921	reverse	PCC	feature_combo_dict	A+B	0.6300310831798
list_incremental_feature_result_dict.pickle	3	S_921_reverse_PCC	S_921	reverse	PCC	feature_combo_dict	A+B+C	0.6395386937833358
list_incremental_feature_result_dict.pickle	3	S_921_reverse_PCC	S_921	reverse	PCC	feature_combo_dict	A+B+C+D	0.6851747533691576
list_incremental_feature_result_dict.pickle	3	S_921_reverse_PCC	S_921	reverse	PCC	feature_combo_dict	A+B+C+D+E	0.7243669187006863
list_incremental_feature_result_dict.pickle	3	S_921_reverse_PCC	S_921	reverse	PCC	feature_combo_dict	A+B+C+D+E+F	0.7599119315960046
list_incremental_feature_result_dict.pickle	3	S_921_reverse_PCC	S_921	reverse	PCC	feature_combo_dict	A+B+C+D+E+F+G	0.7634904974627726
list_incremental_feature_result_dict.pickle	3	S_921_reverse_PCC	S_921	reverse	PCC	feature_combo_dict	A+B+C+D+E+F+G+H	0.7673946721331509
list_incremental_feature_result_dict.pickle	3	S_921_total_RMSE	S_921	total	RMSE	feature_combo_dict	A	1.772128857298282
list_incremental_feature_result_dict.pickle	3	S_921_total_RMSE	S_921	total	RMSE	feature_combo_dict	A+B	1.679755373210874
list_incremental_feature_result_dict.pickle	3	S_921_total_RMSE	S_921	total	RMSE	feature_combo_dict	A+B+C	1.6943286831925681
list_incremental_feature_result_dict.pickle	3	S_921_total_RMSE	S_921	total	RMSE	feature_combo_dict	A+B+C+D	1.619536380845388
list_incremental_feature_result_dict.pickle	3	S_921_total_RMSE	S_921	total	RMSE	feature_combo_dict	A+B+C+D+E	1.5616882585055079
list_incremental_feature_result_dict.pickle	3	S_921_total_RMSE	S_921	total	RMSE	feature_combo_dict	A+B+C+D+E+F	1.5054107492820217
list_incremental_feature_result_dict.pickle	3	S_921_total_RMSE	S_921	total	RMSE	feature_combo_dict	A+B+C+D+E+F+G	1.5015170566039093
list_incremental_feature_result_dict.pickle	3	S_921_total_RMSE	S_921	total	RMSE	feature_combo_dict	A+B+C+D+E+F+G+H	1.4918329901008405
list_incremental_feature_result_dict.pickle	3	S_921_direct_RMSE	S_921	direct	RMSE	feature_combo_dict	A	1.7718418083397196
list_incremental_feature_result_dict.pickle	3	S_921_direct_RMSE	S_921	direct	RMSE	feature_combo_dict	A+B	1.6823163770741296
list_incremental_feature_result_dict.pickle	3	S_921_direct_RMSE	S_921	direct	RMSE	feature_combo_dict	A+B+C	1.6948246102345572
list_incremental_feature_result_dict.pickle	3	S_921_direct_RMSE	S_921	direct	RMSE	feature_combo_dict	A+B+C+D	1.6175892364979105
list_incremental_feature_result_dict.pickle	3	S_921_direct_RMSE	S_921	direct	RMSE	feature_combo_dict	A+B+C+D+E	1.5575221319301629
list_incremental_feature_result_dict.pickle	3	S_921_direct_RMSE	S_921	direct	RMSE	feature_combo_dict	A+B+C+D+E+F	1.504563178439924
list_incremental_feature_result_dict.pickle	3	S_921_direct_RMSE	S_921	direct	RMSE	feature_combo_dict	A+B+C+D+E+F+G	1.5012399495335613
list_incremental_feature_result_dict.pickle	3	S_921_direct_RMSE	S_921	direct	RMSE	feature_combo_dict	A+B+C+D+E+F+G+H	1.4900727063055836
list_incremental_feature_result_dict.pickle	3	S_921_reverse_RMSE	S_921	reverse	RMSE	feature_combo_dict	A	1.7724158597682609
list_incremental_feature_result_dict.pickle	3	S_921_reverse_RMSE	S_921	reverse	RMSE	feature_combo_dict	A+B	1.6771904588000075
list_incremental_feature_result_dict.pickle	3	S_921_reverse_RMSE	S_921	reverse	RMSE	feature_combo_dict	A+B+C	1.6938326109510953
list_incremental_feature_result_dict.pickle	3	S_921_reverse_RMSE	S_921	reverse	RMSE	feature_combo_dict	A+B+C+D	1.6214811869798742
list_incremental_feature_result_dict.pickle	3	S_921_reverse_RMSE	S_921	reverse	RMSE	feature_combo_dict	A+B+C+D+E	1.5658433006069457
list_incremental_feature_result_dict.pickle	3	S_921_reverse_RMSE	S_921	reverse	RMSE	feature_combo_dict	A+B+C+D+E+F	1.5062578431963327
list_incremental_feature_result_dict.pickle	3	S_921_reverse_RMSE	S_921	reverse	RMSE	feature_combo_dict	A+B+C+D+E+F+G	1.5017941125431962
list_incremental_feature_result_dict.pickle	3	S_921_reverse_RMSE	S_921	reverse	RMSE	feature_combo_dict	A+B+C+D+E+F+G+H	1.4935911993010613
list_incremental_feature_result_dict.pickle	3	S_669_total_PCC	S_669	total	PCC	feature_combo_dict	A	0.47174319975002604
list_incremental_feature_result_dict.pickle	3	S_669_total_PCC	S_669	total	PCC	feature_combo_dict	A+B	0.5250542171198581
list_incremental_feature_result_dict.pickle	3	S_669_total_PCC	S_669	total	PCC	feature_combo_dict	A+B+C	0.57763147995488
list_incremental_feature_result_dict.pickle	3	S_669_total_PCC	S_669	total	PCC	feature_combo_dict	A+B+C+D	0.6005074608162934
list_incremental_feature_result_dict.pickle	3	S_669_total_PCC	S_669	total	PCC	feature_combo_dict	A+B+C+D+E	0.6363923572635506
list_incremental_feature_result_dict.pickle	3	S_669_total_PCC	S_669	total	PCC	feature_combo_dict	A+B+C+D+E+F	0.6440541830036758
list_incremental_feature_result_dict.pickle	3	S_669_total_PCC	S_669	total	PCC	feature_combo_dict	A+B+C+D+E+F+G	0.6424735078083758
list_incremental_feature_result_dict.pickle	3	S_669_total_PCC	S_669	total	PCC	feature_combo_dict	A+B+C+D+E+F+G+H	0.6438014764208254
list_incremental_feature_result_dict.pickle	3	S_669_direct_PCC	S_669	direct	PCC	feature_combo_dict	A	0.27235346204483524
list_incremental_feature_result_dict.pickle	3	S_669_direct_PCC	S_669	direct	PCC	feature_combo_dict	A+B	0.3261982788880453
list_incremental_feature_result_dict.pickle	3	S_669_direct_PCC	S_669	direct	PCC	feature_combo_dict	A+B+C	0.3665763859987718
list_incremental_feature_result_dict.pickle	3	S_669_direct_PCC	S_669	direct	PCC	feature_combo_dict	A+B+C+D	0.40384423520072665
list_incremental_feature_result_dict.pickle	3	S_669_direct_PCC	S_669	direct	PCC	feature_combo_dict	A+B+C+D+E	0.4679517082497936
list_incremental_feature_result_dict.pickle	3	S_669_direct_PCC	S_669	direct	PCC	feature_combo_dict	A+B+C+D+E+F	0.4780815428870663
list_incremental_feature_result_dict.pickle	3	S_669_direct_PCC	S_669	direct	PCC	feature_combo_dict	A+B+C+D+E+F+G	0.4771235854300915
list_incremental_feature_result_dict.pickle	3	S_669_direct_PCC	S_669	direct	PCC	feature_combo_dict	A+B+C+D+E+F+G+H	0.4822969074259843
list_incremental_feature_result_dict.pickle	3	S_669_reverse_PCC	S_669	reverse	PCC	feature_combo_dict	A	0.2707123478916318
list_incremental_feature_result_dict.pickle	3	S_669_reverse_PCC	S_669	reverse	PCC	feature_combo_dict	A+B	0.3258203236706402
list_incremental_feature_result_dict.pickle	3	S_669_reverse_PCC	S_669	reverse	PCC	feature_combo_dict	A+B+C	0.36396134907098177
list_incremental_feature_result_dict.pickle	3	S_669_reverse_PCC	S_669	reverse	PCC	feature_combo_dict	A+B+C+D	0.40876485441322374
list_incremental_feature_result_dict.pickle	3	S_669_reverse_PCC	S_669	reverse	PCC	feature_combo_dict	A+B+C+D+E	0.4663540301482614
list_incremental_feature_result_dict.pickle	3	S_669_reverse_PCC	S_669	reverse	PCC	feature_combo_dict	A+B+C+D+E+F	0.48167099994755813
list_incremental_feature_result_dict.pickle	3	S_669_reverse_PCC	S_669	reverse	PCC	feature_combo_dict	A+B+C+D+E+F+G	0.47715854851117406
list_incremental_feature_result_dict.pickle	3	S_669_reverse_PCC	S_669	reverse	PCC	feature_combo_dict	A+B+C+D+E+F+G+H	0.4759288745392311
list_incremental_feature_result_dict.pickle	3	S_669_total_RMSE	S_669	total	RMSE	feature_combo_dict	A	1.7201259112173672
list_incremental_feature_result_dict.pickle	3	S_669_total_RMSE	S_669	total	RMSE	feature_combo_dict	A+B	1.6276077663149224
list_incremental_feature_result_dict.pickle	3	S_669_total_RMSE	S_669	total	RMSE	feature_combo_dict	A+B+C	1.5514036751375855
list_incremental_feature_result_dict.pickle	3	S_669_total_RMSE	S_669	total	RMSE	feature_combo_dict	A+B+C+D	1.5193326047412332
list_incremental_feature_result_dict.pickle	3	S_669_total_RMSE	S_669	total	RMSE	feature_combo_dict	A+B+C+D+E	1.4640737826398915
list_incremental_feature_result_dict.pickle	3	S_669_total_RMSE	S_669	total	RMSE	feature_combo_dict	A+B+C+D+E+F	1.4518302934938998
list_incremental_feature_result_dict.pickle	3	S_669_total_RMSE	S_669	total	RMSE	feature_combo_dict	A+B+C+D+E+F+G	1.4544560494038092
list_incremental_feature_result_dict.pickle	3	S_669_total_RMSE	S_669	total	RMSE	feature_combo_dict	A+B+C+D+E+F+G+H	1.4526109223664712
list_incremental_feature_result_dict.pickle	3	S_669_direct_RMSE	S_669	direct	RMSE	feature_combo_dict	A	1.7187603869376191
list_incremental_feature_result_dict.pickle	3	S_669_direct_RMSE	S_669	direct	RMSE	feature_combo_dict	A+B	1.627366326036024
list_incremental_feature_result_dict.pickle	3	S_669_direct_RMSE	S_669	direct	RMSE	feature_combo_dict	A+B+C	1.5501776688589084
list_incremental_feature_result_dict.pickle	3	S_669_direct_RMSE	S_669	direct	RMSE	feature_combo_dict	A+B+C+D	1.5216203640705628
list_incremental_feature_result_dict.pickle	3	S_669_direct_RMSE	S_669	direct	RMSE	feature_combo_dict	A+B+C+D+E	1.4634293533703486
list_incremental_feature_result_dict.pickle	3	S_669_direct_RMSE	S_669	direct	RMSE	feature_combo_dict	A+B+C+D+E+F	1.4538012482519092
list_incremental_feature_result_dict.pickle	3	S_669_direct_RMSE	S_669	direct	RMSE	feature_combo_dict	A+B+C+D+E+F+G	1.4548166440073738
list_incremental_feature_result_dict.pickle	3	S_669_direct_RMSE	S_669	direct	RMSE	feature_combo_dict	A+B+C+D+E+F+G+H	1.4498394839933426
list_incremental_feature_result_dict.pickle	3	S_669_reverse_RMSE	S_669	reverse	RMSE	feature_combo_dict	A	1.7214903523333498
list_incremental_feature_result_dict.pickle	3	S_669_reverse_RMSE	S_669	reverse	RMSE	feature_combo_dict	A+B	1.6278491707837421
list_incremental_feature_result_dict.pickle	3	S_669_reverse_RMSE	S_669	reverse	RMSE	feature_combo_dict	A+B+C	1.5526287133220145
list_incremental_feature_result_dict.pickle	3	S_669_reverse_RMSE	S_669	reverse	RMSE	feature_combo_dict	A+B+C+D	1.5170413953829107
list_incremental_feature_result_dict.pickle	3	S_669_reverse_RMSE	S_669	reverse	RMSE	feature_combo_dict	A+B+C+D+E	1.4647179283810938
list_incremental_feature_result_dict.pickle	3	S_669_reverse_RMSE	S_669	reverse	RMSE	feature_combo_dict	A+B+C+D+E+F	1.4498566593958029
list_incremental_feature_result_dict.pickle	3	S_669_reverse_RMSE	S_669	reverse	RMSE	feature_combo_dict	A+B+C+D+E+F+G	1.4540953653780047
list_incremental_feature_result_dict.pickle	3	S_669_reverse_RMSE	S_669	reverse	RMSE	feature_combo_dict	A+B+C+D+E+F+G+H	1.4553770831680215
list_incremental_feature_result_dict.pickle	3	Ssym_total_PCC	Ssym	total	PCC	feature_combo_dict	A	0.6412756468143431
list_incremental_feature_result_dict.pickle	3	Ssym_total_PCC	Ssym	total	PCC	feature_combo_dict	A+B	0.6992435647059845
list_incremental_feature_result_dict.pickle	3	Ssym_total_PCC	Ssym	total	PCC	feature_combo_dict	A+B+C	0.7152202347949768
list_incremental_feature_result_dict.pickle	3	Ssym_total_PCC	Ssym	total	PCC	feature_combo_dict	A+B+C+D	0.7434990841682766
list_incremental_feature_result_dict.pickle	3	Ssym_total_PCC	Ssym	total	PCC	feature_combo_dict	A+B+C+D+E	0.786570184547984
list_incremental_feature_result_dict.pickle	3	Ssym_total_PCC	Ssym	total	PCC	feature_combo_dict	A+B+C+D+E+F	0.803109052883999
list_incremental_feature_result_dict.pickle	3	Ssym_total_PCC	Ssym	total	PCC	feature_combo_dict	A+B+C+D+E+F+G	0.8098350648555946
list_incremental_feature_result_dict.pickle	3	Ssym_total_PCC	Ssym	total	PCC	feature_combo_dict	A+B+C+D+E+F+G+H	0.8131665005269557
list_incremental_feature_result_dict.pickle	3	Ssym_direct_PCC	Ssym	direct	PCC	feature_combo_dict	A	0.44299864027787506
list_incremental_feature_result_dict.pickle	3	Ssym_direct_PCC	Ssym	direct	PCC	feature_combo_dict	A+B	0.5261497778817218
list_incremental_feature_result_dict.pickle	3	Ssym_direct_PCC	Ssym	direct	PCC	feature_combo_dict	A+B+C	0.5477610359424726
list_incremental_feature_result_dict.pickle	3	Ssym_direct_PCC	Ssym	direct	PCC	feature_combo_dict	A+B+C+D	0.5992483412965165
list_incremental_feature_result_dict.pickle	3	Ssym_direct_PCC	Ssym	direct	PCC	feature_combo_dict	A+B+C+D+E	0.6807866911295529
list_incremental_feature_result_dict.pickle	3	Ssym_direct_PCC	Ssym	direct	PCC	feature_combo_dict	A+B+C+D+E+F	0.7081747407689344
list_incremental_feature_result_dict.pickle	3	Ssym_direct_PCC	Ssym	direct	PCC	feature_combo_dict	A+B+C+D+E+F+G	0.7170318809428465
list_incremental_feature_result_dict.pickle	3	Ssym_direct_PCC	Ssym	direct	PCC	feature_combo_dict	A+B+C+D+E+F+G+H	0.7241738514555398
list_incremental_feature_result_dict.pickle	3	Ssym_reverse_PCC	Ssym	reverse	PCC	feature_combo_dict	A	0.44142842619954037
list_incremental_feature_result_dict.pickle	3	Ssym_reverse_PCC	Ssym	reverse	PCC	feature_combo_dict	A+B	0.5210692885017393
list_incremental_feature_result_dict.pickle	3	Ssym_reverse_PCC	Ssym	reverse	PCC	feature_combo_dict	A+B+C	0.5495085497896645
list_incremental_feature_result_dict.pickle	3	Ssym_reverse_PCC	Ssym	reverse	PCC	feature_combo_dict	A+B+C+D	0.6037024088205248
list_incremental_feature_result_dict.pickle	3	Ssym_reverse_PCC	Ssym	reverse	PCC	feature_combo_dict	A+B+C+D+E	0.6745925193080445
list_incremental_feature_result_dict.pickle	3	Ssym_reverse_PCC	Ssym	reverse	PCC	feature_combo_dict	A+B+C+D+E+F	0.7013497196083269
list_incremental_feature_result_dict.pickle	3	Ssym_reverse_PCC	Ssym	reverse	PCC	feature_combo_dict	A+B+C+D+E+F+G	0.7160765302941602
list_incremental_feature_result_dict.pickle	3	Ssym_reverse_PCC	Ssym	reverse	PCC	feature_combo_dict	A+B+C+D+E+F+G+H	0.7192832692256005
list_incremental_feature_result_dict.pickle	3	Ssym_total_RMSE	Ssym	total	RMSE	feature_combo_dict	A	1.456847614711318
list_incremental_feature_result_dict.pickle	3	Ssym_total_RMSE	Ssym	total	RMSE	feature_combo_dict	A+B	1.3269467706875102
list_incremental_feature_result_dict.pickle	3	Ssym_total_RMSE	Ssym	total	RMSE	feature_combo_dict	A+B+C	1.2956064207591287
list_incremental_feature_result_dict.pickle	3	Ssym_total_RMSE	Ssym	total	RMSE	feature_combo_dict	A+B+C+D	1.2394905559722686
list_incremental_feature_result_dict.pickle	3	Ssym_total_RMSE	Ssym	total	RMSE	feature_combo_dict	A+B+C+D+E	1.1488708076349021
list_incremental_feature_result_dict.pickle	3	Ssym_total_RMSE	Ssym	total	RMSE	feature_combo_dict	A+B+C+D+E+F	1.1190326769539143
list_incremental_feature_result_dict.pickle	3	Ssym_total_RMSE	Ssym	total	RMSE	feature_combo_dict	A+B+C+D+E+F+G	1.104937686012811
list_incremental_feature_result_dict.pickle	3	Ssym_total_RMSE	Ssym	total	RMSE	feature_combo_dict	A+B+C+D+E+F+G+H	1.09901533910058
list_incremental_feature_result_dict.pickle	3	Ssym_direct_RMSE	Ssym	direct	RMSE	feature_combo_dict	A	1.4558999050188568
list_incremental_feature_result_dict.pickle	3	Ssym_direct_RMSE	Ssym	direct	RMSE	feature_combo_dict	A+B	1.3242708807976769
list_incremental_feature_result_dict.pickle	3	Ssym_direct_RMSE	Ssym	direct	RMSE	feature_combo_dict	A+B+C	1.2961383216818196
list_incremental_feature_result_dict.pickle	3	Ssym_direct_RMSE	Ssym	direct	RMSE	feature_combo_dict	A+B+C+D	1.2418942236967934
list_incremental_feature_result_dict.pickle	3	Ssym_direct_RMSE	Ssym	direct	RMSE	feature_combo_dict	A+B+C+D+E	1.144998254929082
list_incremental_feature_result_dict.pickle	3	Ssym_direct_RMSE	Ssym	direct	RMSE	feature_combo_dict	A+B+C+D+E+F	1.1151937712973252
list_incremental_feature_result_dict.pickle	3	Ssym_direct_RMSE	Ssym	direct	RMSE	feature_combo_dict	A+B+C+D+E+F+G	1.106390018016288
list_incremental_feature_result_dict.pickle	3	Ssym_direct_RMSE	Ssym	direct	RMSE	feature_combo_dict	A+B+C+D+E+F+G+H	1.095213245610294
list_incremental_feature_result_dict.pickle	3	Ssym_reverse_RMSE	Ssym	reverse	RMSE	feature_combo_dict	A	1.4577947082995593
list_incremental_feature_result_dict.pickle	3	Ssym_reverse_RMSE	Ssym	reverse	RMSE	feature_combo_dict	A+B	1.3296172752891593
list_incremental_feature_result_dict.pickle	3	Ssym_reverse_RMSE	Ssym	reverse	RMSE	feature_combo_dict	A+B+C	1.2950743013790358
list_incremental_feature_result_dict.pickle	3	Ssym_reverse_RMSE	Ssym	reverse	RMSE	feature_combo_dict	A+B+C+D	1.2370822178971883
list_incremental_feature_result_dict.pickle	3	Ssym_reverse_RMSE	Ssym	reverse	RMSE	feature_combo_dict	A+B+C+D+E	1.1527303507241846
list_incremental_feature_result_dict.pickle	3	Ssym_reverse_RMSE	Ssym	reverse	RMSE	feature_combo_dict	A+B+C+D+E+F	1.1228584579727474
list_incremental_feature_result_dict.pickle	3	Ssym_reverse_RMSE	Ssym	reverse	RMSE	feature_combo_dict	A+B+C+D+E+F+G	1.1034834425475575
list_incremental_feature_result_dict.pickle	3	Ssym_reverse_RMSE	Ssym	reverse	RMSE	feature_combo_dict	A+B+C+D+E+F+G+H	1.1028043243461152
list_incremental_feature_result_dict.pickle	4	S_2648_total_PCC	S_2648	total	PCC	feature_combo_dict	A	0.8830628065514832
list_incremental_feature_result_dict.pickle	4	S_2648_total_PCC	S_2648	total	PCC	feature_combo_dict	A+B	0.903466432910173
list_incremental_feature_result_dict.pickle	4	S_2648_total_PCC	S_2648	total	PCC	feature_combo_dict	A+B+C	0.9121537609761654
list_incremental_feature_result_dict.pickle	4	S_2648_total_PCC	S_2648	total	PCC	feature_combo_dict	A+B+C+D	0.9167977094279232
list_incremental_feature_result_dict.pickle	4	S_2648_total_PCC	S_2648	total	PCC	feature_combo_dict	A+B+C+D+E	0.9328841918972876
list_incremental_feature_result_dict.pickle	4	S_2648_total_PCC	S_2648	total	PCC	feature_combo_dict	A+B+C+D+E+F	0.9344928211540326
list_incremental_feature_result_dict.pickle	4	S_2648_total_PCC	S_2648	total	PCC	feature_combo_dict	A+B+C+D+E+F+G	0.9345152631572948
list_incremental_feature_result_dict.pickle	4	S_2648_total_PCC	S_2648	total	PCC	feature_combo_dict	A+B+C+D+E+F+G+H	0.9357810284680805
list_incremental_feature_result_dict.pickle	4	S_2648_direct_PCC	S_2648	direct	PCC	feature_combo_dict	A	0.8206135904048394
list_incremental_feature_result_dict.pickle	4	S_2648_direct_PCC	S_2648	direct	PCC	feature_combo_dict	A+B	0.8562550665107675
list_incremental_feature_result_dict.pickle	4	S_2648_direct_PCC	S_2648	direct	PCC	feature_combo_dict	A+B+C	0.8872768988847165
list_incremental_feature_result_dict.pickle	4	S_2648_direct_PCC	S_2648	direct	PCC	feature_combo_dict	A+B+C+D	0.8910911903296881
list_incremental_feature_result_dict.pickle	4	S_2648_direct_PCC	S_2648	direct	PCC	feature_combo_dict	A+B+C+D+E	0.9135824284209775
list_incremental_feature_result_dict.pickle	4	S_2648_direct_PCC	S_2648	direct	PCC	feature_combo_dict	A+B+C+D+E+F	0.916049596668778
list_incremental_feature_result_dict.pickle	4	S_2648_direct_PCC	S_2648	direct	PCC	feature_combo_dict	A+B+C+D+E+F+G	0.9162423368267697
list_incremental_feature_result_dict.pickle	4	S_2648_direct_PCC	S_2648	direct	PCC	feature_combo_dict	A+B+C+D+E+F+G+H	0.9198878050294335
list_incremental_feature_result_dict.pickle	4	S_2648_reverse_PCC	S_2648	reverse	PCC	feature_combo_dict	A	0.8215302102960729
list_incremental_feature_result_dict.pickle	4	S_2648_reverse_PCC	S_2648	reverse	PCC	feature_combo_dict	A+B	0.8565851416171832
list_incremental_feature_result_dict.pickle	4	S_2648_reverse_PCC	S_2648	reverse	PCC	feature_combo_dict	A+B+C	0.8869671679697371
list_incremental_feature_result_dict.pickle	4	S_2648_reverse_PCC	S_2648	reverse	PCC	feature_combo_dict	A+B+C+D	0.8923942359650875
list_incremental_feature_result_dict.pickle	4	S_2648_reverse_PCC	S_2648	reverse	PCC	feature_combo_dict	A+B+C+D+E	0.9119470004265955
list_incremental_feature_result_dict.pickle	4	S_2648_reverse_PCC	S_2648	reverse	PCC	feature_combo_dict	A+B+C+D+E+F	0.9154829917436487
list_incremental_feature_result_dict.pickle	4	S_2648_reverse_PCC	S_2648	reverse	PCC	feature_combo_dict	A+B+C+D+E+F+G	0.9158969940181321
list_incremental_feature_result_dict.pickle	4	S_2648_reverse_PCC	S_2648	reverse	PCC	feature_combo_dict	A+B+C+D+E+F+G+H	0.917389934706647
list_incremental_feature_result_dict.pickle	4	S_2648_total_RMSE	S_2648	total	RMSE	feature_combo_dict	A	0.8579719486796883
list_incremental_feature_result_dict.pickle	4	S_2648_total_RMSE	S_2648	total	RMSE	feature_combo_dict	A+B	0.8027568358713416
list_incremental_feature_result_dict.pickle	4	S_2648_total_RMSE	S_2648	total	RMSE	feature_combo_dict	A+B+C	0.7762477948655236
list_incremental_feature_result_dict.pickle	4	S_2648_total_RMSE	S_2648	total	RMSE	feature_combo_dict	A+B+C+D	0.7551708504529403
list_incremental_feature_result_dict.pickle	4	S_2648_total_RMSE	S_2648	total	RMSE	feature_combo_dict	A+B+C+D+E	0.6878434489105504
list_incremental_feature_result_dict.pickle	4	S_2648_total_RMSE	S_2648	total	RMSE	feature_combo_dict	A+B+C+D+E+F	0.680727983416867
list_incremental_feature_result_dict.pickle	4	S_2648_total_RMSE	S_2648	total	RMSE	feature_combo_dict	A+B+C+D+E+F+G	0.6811600634910381
list_incremental_feature_result_dict.pickle	4	S_2648_total_RMSE	S_2648	total	RMSE	feature_combo_dict	A+B+C+D+E+F+G+H	0.6775998676873574
list_incremental_feature_result_dict.pickle	4	S_2648_direct_RMSE	S_2648	direct	RMSE	feature_combo_dict	A	0.8590370883263149
list_incremental_feature_result_dict.pickle	4	S_2648_direct_RMSE	S_2648	direct	RMSE	feature_combo_dict	A+B	0.803191060838098
list_incremental_feature_result_dict.pickle	4	S_2648_direct_RMSE	S_2648	direct	RMSE	feature_combo_dict	A+B+C	0.7752923692112882
list_incremental_feature_result_dict.pickle	4	S_2648_direct_RMSE	S_2648	direct	RMSE	feature_combo_dict	A+B+C+D	0.7563753888770652
list_incremental_feature_result_dict.pickle	4	S_2648_direct_RMSE	S_2648	direct	RMSE	feature_combo_dict	A+B+C+D+E	0.6861616323162505
list_incremental_feature_result_dict.pickle	4	S_2648_direct_RMSE	S_2648	direct	RMSE	feature_combo_dict	A+B+C+D+E+F	0.6801840852055205
list_incremental_feature_result_dict.pickle	4	S_2648_direct_RMSE	S_2648	direct	RMSE	feature_combo_dict	A+B+C+D+E+F+G	0.6811755165862093
list_incremental_feature_result_dict.pickle	4	S_2648_direct_RMSE	S_2648	direct	RMSE	feature_combo_dict	A+B+C+D+E+F+G+H	0.673195568741001
list_incremental_feature_result_dict.pickle	4	S_2648_reverse_RMSE	S_2648	reverse	RMSE	feature_combo_dict	A	0.8569054850578857
list_incremental_feature_result_dict.pickle	4	S_2648_reverse_RMSE	S_2648	reverse	RMSE	feature_combo_dict	A+B	0.8023223758976855
list_incremental_feature_result_dict.pickle	4	S_2648_reverse_RMSE	S_2648	reverse	RMSE	feature_combo_dict	A+B+C	0.7772020460021474
list_incremental_feature_result_dict.pickle	4	S_2648_reverse_RMSE	S_2648	reverse	RMSE	feature_combo_dict	A+B+C+D	0.7539643876528271
list_incremental_feature_result_dict.pickle	4	S_2648_reverse_RMSE	S_2648	reverse	RMSE	feature_combo_dict	A+B+C+D+E	0.6895211633847219
list_incremental_feature_result_dict.pickle	4	S_2648_reverse_RMSE	S_2648	reverse	RMSE	feature_combo_dict	A+B+C+D+E+F	0.6812714474031023
list_incremental_feature_result_dict.pickle	4	S_2648_reverse_RMSE	S_2648	reverse	RMSE	feature_combo_dict	A+B+C+D+E+F+G	0.6811446100452833
list_incremental_feature_result_dict.pickle	4	S_2648_reverse_RMSE	S_2648	reverse	RMSE	feature_combo_dict	A+B+C+D+E+F+G+H	0.6819757236202245
list_incremental_feature_result_dict.pickle	4	S_921_total_PCC	S_921	total	PCC	feature_combo_dict	A	0.6485474124755429
list_incremental_feature_result_dict.pickle	4	S_921_total_PCC	S_921	total	PCC	feature_combo_dict	A+B	0.6989751863392442
list_incremental_feature_result_dict.pickle	4	S_921_total_PCC	S_921	total	PCC	feature_combo_dict	A+B+C	0.6984932929022433
list_incremental_feature_result_dict.pickle	4	S_921_total_PCC	S_921	total	PCC	feature_combo_dict	A+B+C+D	0.7307446059588536
list_incremental_feature_result_dict.pickle	4	S_921_total_PCC	S_921	total	PCC	feature_combo_dict	A+B+C+D+E	0.7596830912269261
list_incremental_feature_result_dict.pickle	4	S_921_total_PCC	S_921	total	PCC	feature_combo_dict	A+B+C+D+E+F	0.7881020159891559
list_incremental_feature_result_dict.pickle	4	S_921_total_PCC	S_921	total	PCC	feature_combo_dict	A+B+C+D+E+F+G	0.7912303703773935
list_incremental_feature_result_dict.pickle	4	S_921_total_PCC	S_921	total	PCC	feature_combo_dict	A+B+C+D+E+F+G+H	0.7929019300981509
list_incremental_feature_result_dict.pickle	4	S_921_direct_PCC	S_921	direct	PCC	feature_combo_dict	A	0.5641710562957974
list_incremental_feature_result_dict.pickle	4	S_921_direct_PCC	S_921	direct	PCC	feature_combo_dict	A+B	0.6273793647999677
list_incremental_feature_result_dict.pickle	4	S_921_direct_PCC	S_921	direct	PCC	feature_combo_dict	A+B+C	0.6415387670772833
list_incremental_feature_result_dict.pickle	4	S_921_direct_PCC	S_921	direct	PCC	feature_combo_dict	A+B+C+D	0.6885211214848383
list_incremental_feature_result_dict.pickle	4	S_921_direct_PCC	S_921	direct	PCC	feature_combo_dict	A+B+C+D+E	0.728942235177893
list_incremental_feature_result_dict.pickle	4	S_921_direct_PCC	S_921	direct	PCC	feature_combo_dict	A+B+C+D+E+F	0.760996229811623
list_incremental_feature_result_dict.pickle	4	S_921_direct_PCC	S_921	direct	PCC	feature_combo_dict	A+B+C+D+E+F+G	0.7634407207267276
list_incremental_feature_result_dict.pickle	4	S_921_direct_PCC	S_921	direct	PCC	feature_combo_dict	A+B+C+D+E+F+G+H	0.7671250661263022
list_incremental_feature_result_dict.pickle	4	S_921_reverse_PCC	S_921	reverse	PCC	feature_combo_dict	A	0.5646181907818116
list_incremental_feature_result_dict.pickle	4	S_921_reverse_PCC	S_921	reverse	PCC	feature_combo_dict	A+B	0.6275099381518414
list_incremental_feature_result_dict.pickle	4	S_921_reverse_PCC	S_921	reverse	PCC	feature_combo_dict	A+B+C	0.6412693841640553
list_incremental_feature_result_dict.pickle	4	S_921_reverse_PCC	S_921	reverse	PCC	feature_combo_dict	A+B+C+D	0.6857372986779019
list_incremental_feature_result_dict.pickle	4	S_921_reverse_PCC	S_921	reverse	PCC	feature_combo_dict	A+B+C+D+E	0.7303497541613686
list_incremental_feature_result_dict.pickle	4	S_921_reverse_PCC	S_921	reverse	PCC	feature_combo_dict	A+B+C+D+E+F	0.7612160997783284
list_incremental_feature_result_dict.pickle	4	S_921_reverse_PCC	S_921	reverse	PCC	feature_combo_dict	A+B+C+D+E+F+G	0.7646908816097399
list_incremental_feature_result_dict.pickle	4	S_921_reverse_PCC	S_921	reverse	PCC	feature_combo_dict	A+B+C+D+E+F+G+H	0.7642376591026707
list_incremental_feature_result_dict.pickle	4	S_921_total_RMSE	S_921	total	RMSE	feature_combo_dict	A	1.7735445073753329
list_incremental_feature_result_dict.pickle	4	S_921_total_RMSE	S_921	total	RMSE	feature_combo_dict	A+B	1.6803853064124474
list_incremental_feature_result_dict.pickle	4	S_921_total_RMSE	S_921	total	RMSE	feature_combo_dict	A+B+C	1.6905026854202896
list_incremental_feature_result_dict.pickle	4	S_921_total_RMSE	S_921	total	RMSE	feature_combo_dict	A+B+C+D	1.6185598408892719
list_incremental_feature_result_dict.pickle	4	S_921_total_RMSE	S_921	total	RMSE	feature_combo_dict	A+B+C+D+E	1.560788183062367
list_incremental_feature_result_dict.pickle	4	S_921_total_RMSE	S_921	total	RMSE	feature_combo_dict	A+B+C+D+E+F	1.505593950480885
list_incremental_feature_result_dict.pickle	4	S_921_total_RMSE	S_921	total	RMSE	feature_combo_dict	A+B+C+D+E+F+G	1.498273475340175
list_incremental_feature_result_dict.pickle	4	S_921_total_RMSE	S_921	total	RMSE	feature_combo_dict	A+B+C+D+E+F+G+H	1.4961088296016296
list_incremental_feature_result_dict.pickle	4	S_921_direct_RMSE	S_921	direct	RMSE	feature_combo_dict	A	1.774031897409349
list_incremental_feature_result_dict.pickle	4	S_921_direct_RMSE	S_921	direct	RMSE	feature_combo_dict	A+B	1.6803323387757623
list_incremental_feature_result_dict.pickle	4	S_921_direct_RMSE	S_921	direct	RMSE	feature_combo_dict	A+B+C	1.690164405999059
list_incremental_feature_result_dict.pickle	4	S_921_direct_RMSE	S_921	direct	RMSE	feature_combo_dict	A+B+C+D	1.6163324665457395
list_incremental_feature_result_dict.pickle	4	S_921_direct_RMSE	S_921	direct	RMSE	feature_combo_dict	A+B+C+D+E	1.5612580888280183
list_incremental_feature_result_dict.pickle	4	S_921_direct_RMSE	S_921	direct	RMSE	feature_combo_dict	A+B+C+D+E+F	1.506894386435209
list_incremental_feature_result_dict.pickle	4	S_921_direct_RMSE	S_921	direct	RMSE	feature_combo_dict	A+B+C+D+E+F+G	1.4986956986487838
list_incremental_feature_result_dict.pickle	4	S_921_direct_RMSE	S_921	direct	RMSE	feature_combo_dict	A+B+C+D+E+F+G+H	1.4928366792414354
list_incremental_feature_result_dict.pickle	4	S_921_reverse_RMSE	S_921	reverse	RMSE	feature_combo_dict	A	1.7730569833642151
list_incremental_feature_result_dict.pickle	4	S_921_reverse_RMSE	S_921	reverse	RMSE	feature_combo_dict	A+B	1.6804382723795857
list_incremental_feature_result_dict.pickle	4	S_921_reverse_RMSE	S_921	reverse	RMSE	feature_combo_dict	A+B+C	1.6908408971633815
list_incremental_feature_result_dict.pickle	4	S_921_reverse_RMSE	S_921	reverse	RMSE	feature_combo_dict	A+B+C+D	1.6207841542503973
list_incremental_feature_result_dict.pickle	4	S_921_reverse_RMSE	S_921	reverse	RMSE	feature_combo_dict	A+B+C+D+E	1.5603181357797946
list_incremental_feature_result_dict.pickle	4	S_921_reverse_RMSE	S_921	reverse	RMSE	feature_combo_dict	A+B+C+D+E+F	1.5042923903215524
list_incremental_feature_result_dict.pickle	4	S_921_reverse_RMSE	S_921	reverse	RMSE	feature_combo_dict	A+B+C+D+E+F+G	1.4978511330127187
list_incremental_feature_result_dict.pickle	4	S_921_reverse_RMSE	S_921	reverse	RMSE	feature_combo_dict	A+B+C+D+E+F+G+H	1.499373839019249
list_incremental_feature_result_dict.pickle	4	S_669_total_PCC	S_669	total	PCC	feature_combo_dict	A	0.47003150334088273
list_incremental_feature_result_dict.pickle	4	S_669_total_PCC	S_669	total	PCC	feature_combo_dict	A+B	0.5259434973731413
list_incremental_feature_result_dict.pickle	4	S_669_total_PCC	S_669	total	PCC	feature_combo_dict	A+B+C	0.5776028330624704
list_incremental_feature_result_dict.pickle	4	S_669_total_PCC	S_669	total	PCC	feature_combo_dict	A+B+C+D	0.6002829010801586
list_incremental_feature_result_dict.pickle	4	S_669_total_PCC	S_669	total	PCC	feature_combo_dict	A+B+C+D+E	0.63847931343274
list_incremental_feature_result_dict.pickle	4	S_669_total_PCC	S_669	total	PCC	feature_combo_dict	A+B+C+D+E+F	0.6448079728176628
list_incremental_feature_result_dict.pickle	4	S_669_total_PCC	S_669	total	PCC	feature_combo_dict	A+B+C+D+E+F+G	0.6428977494697485
list_incremental_feature_result_dict.pickle	4	S_669_total_PCC	S_669	total	PCC	feature_combo_dict	A+B+C+D+E+F+G+H	0.6431903980155168
list_incremental_feature_result_dict.pickle	4	S_669_direct_PCC	S_669	direct	PCC	feature_combo_dict	A	0.2673682363910562
list_incremental_feature_result_dict.pickle	4	S_669_direct_PCC	S_669	direct	PCC	feature_combo_dict	A+B	0.3258891472796088
list_incremental_feature_result_dict.pickle	4	S_669_direct_PCC	S_669	direct	PCC	feature_combo_dict	A+B+C	0.36393486681339327
list_incremental_feature_result_dict.pickle	4	S_669_direct_PCC	S_669	direct	PCC	feature_combo_dict	A+B+C+D	0.4065375786528624
list_incremental_feature_result_dict.pickle	4	S_669_direct_PCC	S_669	direct	PCC	feature_combo_dict	A+B+C+D+E	0.46859820868932306
list_incremental_feature_result_dict.pickle	4	S_669_direct_PCC	S_669	direct	PCC	feature_combo_dict	A+B+C+D+E+F	0.4850761680035275
list_incremental_feature_result_dict.pickle	4	S_669_direct_PCC	S_669	direct	PCC	feature_combo_dict	A+B+C+D+E+F+G	0.47649163841353476
list_incremental_feature_result_dict.pickle	4	S_669_direct_PCC	S_669	direct	PCC	feature_combo_dict	A+B+C+D+E+F+G+H	0.4785338750833512
list_incremental_feature_result_dict.pickle	4	S_669_reverse_PCC	S_669	reverse	PCC	feature_combo_dict	A	0.2721197529405594
list_incremental_feature_result_dict.pickle	4	S_669_reverse_PCC	S_669	reverse	PCC	feature_combo_dict	A+B	0.33037454172497005
list_incremental_feature_result_dict.pickle	4	S_669_reverse_PCC	S_669	reverse	PCC	feature_combo_dict	A+B+C	0.3663777122767146
list_incremental_feature_result_dict.pickle	4	S_669_reverse_PCC	S_669	reverse	PCC	feature_combo_dict	A+B+C+D	0.40606077050153994
list_incremental_feature_result_dict.pickle	4	S_669_reverse_PCC	S_669	reverse	PCC	feature_combo_dict	A+B+C+D+E	0.4724411180971319
list_incremental_feature_result_dict.pickle	4	S_669_reverse_PCC	S_669	reverse	PCC	feature_combo_dict	A+B+C+D+E+F	0.4771749519502014
list_incremental_feature_result_dict.pickle	4	S_669_reverse_PCC	S_669	reverse	PCC	feature_combo_dict	A+B+C+D+E+F+G	0.47872190669309433
list_incremental_feature_result_dict.pickle	4	S_669_reverse_PCC	S_669	reverse	PCC	feature_combo_dict	A+B+C+D+E+F+G+H	0.47758801066466183
list_incremental_feature_result_dict.pickle	4	S_669_total_RMSE	S_669	total	RMSE	feature_combo_dict	A	1.7223088188779148
list_incremental_feature_result_dict.pickle	4	S_669_total_RMSE	S_669	total	RMSE	feature_combo_dict	A+B	1.6267473798515608
list_incremental_feature_result_dict.pickle	4	S_669_total_RMSE	S_669	total	RMSE	feature_combo_dict	A+B+C	1.5513151168696233
list_incremental_feature_result_dict.pickle	4	S_669_total_RMSE	S_669	total	RMSE	feature_combo_dict	A+B+C+D	1.5198837636649556
list_incremental_feature_result_dict.pickle	4	S_669_total_RMSE	S_669	total	RMSE	feature_combo_dict	A+B+C+D+E	1.4606736165674945
list_incremental_feature_result_dict.pickle	4	S_669_total_RMSE	S_669	total	RMSE	feature_combo_dict	A+B+C+D+E+F	1.4507026591646974
list_incremental_feature_result_dict.pickle	4	S_669_total_RMSE	S_669	total	RMSE	feature_combo_dict	A+B+C+D+E+F+G	1.453840326292806
list_incremental_feature_result_dict.pickle	4	S_669_total_RMSE	S_669	total	RMSE	feature_combo_dict	A+B+C+D+E+F+G+H	1.4535432791377922
list_incremental_feature_result_dict.pickle	4	S_669_direct_RMSE	S_669	direct	RMSE	feature_combo_dict	A	1.7243000543667064
list_incremental_feature_result_dict.pickle	4	S_669_direct_RMSE	S_669	direct	RMSE	feature_combo_dict	A+B	1.6288103655002717
list_incremental_feature_result_dict.pickle	4	S_669_direct_RMSE	S_669	direct	RMSE	feature_combo_dict	A+B+C	1.552304398107237
list_incremental_feature_result_dict.pickle	4	S_669_direct_RMSE	S_669	direct	RMSE	feature_combo_dict	A+B+C+D	1.5195722844882873
list_incremental_feature_result_dict.pickle	4	S_669_direct_RMSE	S_669	direct	RMSE	feature_combo_dict	A+B+C+D+E	1.4625698736047368
list_incremental_feature_result_dict.pickle	4	S_669_direct_RMSE	S_669	direct	RMSE	feature_combo_dict	A+B+C+D+E+F	1.4471093162148678
list_incremental_feature_result_dict.pickle	4	S_669_direct_RMSE	S_669	direct	RMSE	feature_combo_dict	A+B+C+D+E+F+G	1.4552472943215162
list_incremental_feature_result_dict.pickle	4	S_669_direct_RMSE	S_669	direct	RMSE	feature_combo_dict	A+B+C+D+E+F+G+H	1.453289928545544
list_incremental_feature_result_dict.pickle	4	S_669_reverse_RMSE	S_669	reverse	RMSE	feature_combo_dict	A	1.7203152785696723
list_incremental_feature_result_dict.pickle	4	S_669_reverse_RMSE	S_669	reverse	RMSE	feature_combo_dict	A+B	1.6246817746705686
list_incremental_feature_result_dict.pickle	4	S_669_reverse_RMSE	S_669	reverse	RMSE	feature_combo_dict	A+B+C	1.5503252043598317
list_incremental_feature_result_dict.pickle	4	S_669_reverse_RMSE	S_669	reverse	RMSE	feature_combo_dict	A+B+C+D	1.5201951790213482
list_incremental_feature_result_dict.pickle	4	S_669_reverse_RMSE	S_669	reverse	RMSE	feature_combo_dict	A+B+C+D+E	1.4587748945935943
list_incremental_feature_result_dict.pickle	4	S_669_reverse_RMSE	S_669	reverse	RMSE	feature_combo_dict	A+B+C+D+E+F	1.454287123486688
list_incremental_feature_result_dict.pickle	4	S_669_reverse_RMSE	S_669	reverse	RMSE	feature_combo_dict	A+B+C+D+E+F+G	1.4524319953375617
list_incremental_feature_result_dict.pickle	4	S_669_reverse_RMSE	S_669	reverse	RMSE	feature_combo_dict	A+B+C+D+E+F+G+H	1.453796585579076
list_incremental_feature_result_dict.pickle	4	Ssym_total_PCC	Ssym	total	PCC	feature_combo_dict	A	0.6411520934302287
list_incremental_feature_result_dict.pickle	4	Ssym_total_PCC	Ssym	total	PCC	feature_combo_dict	A+B	0.7023026630856622
list_incremental_feature_result_dict.pickle	4	Ssym_total_PCC	Ssym	total	PCC	feature_combo_dict	A+B+C	0.7167885086918748
list_incremental_feature_result_dict.pickle	4	Ssym_total_PCC	Ssym	total	PCC	feature_combo_dict	A+B+C+D	0.7419068331655031
list_incremental_feature_result_dict.pickle	4	Ssym_total_PCC	Ssym	total	PCC	feature_combo_dict	A+B+C+D+E	0.7856968737710878
list_incremental_feature_result_dict.pickle	4	Ssym_total_PCC	Ssym	total	PCC	feature_combo_dict	A+B+C+D+E+F	0.8039336769263783
list_incremental_feature_result_dict.pickle	4	Ssym_total_PCC	Ssym	total	PCC	feature_combo_dict	A+B+C+D+E+F+G	0.8083564993545794
list_incremental_feature_result_dict.pickle	4	Ssym_total_PCC	Ssym	total	PCC	feature_combo_dict	A+B+C+D+E+F+G+H	0.8119404839298154
list_incremental_feature_result_dict.pickle	4	Ssym_direct_PCC	Ssym	direct	PCC	feature_combo_dict	A	0.43994426952010984
list_incremental_feature_result_dict.pickle	4	Ssym_direct_PCC	Ssym	direct	PCC	feature_combo_dict	A+B	0.5328069626791458
list_incremental_feature_result_dict.pickle	4	Ssym_direct_PCC	Ssym	direct	PCC	feature_combo_dict	A+B+C	0.5498612713444141
list_incremental_feature_result_dict.pickle	4	Ssym_direct_PCC	Ssym	direct	PCC	feature_combo_dict	A+B+C+D	0.5944901515640074
list_incremental_feature_result_dict.pickle	4	Ssym_direct_PCC	Ssym	direct	PCC	feature_combo_dict	A+B+C+D+E	0.6810630026909007
list_incremental_feature_result_dict.pickle	4	Ssym_direct_PCC	Ssym	direct	PCC	feature_combo_dict	A+B+C+D+E+F	0.7092331235719007
list_incremental_feature_result_dict.pickle	4	Ssym_direct_PCC	Ssym	direct	PCC	feature_combo_dict	A+B+C+D+E+F+G	0.7137444005917065
list_incremental_feature_result_dict.pickle	4	Ssym_direct_PCC	Ssym	direct	PCC	feature_combo_dict	A+B+C+D+E+F+G+H	0.7195096270643221
list_incremental_feature_result_dict.pickle	4	Ssym_reverse_PCC	Ssym	reverse	PCC	feature_combo_dict	A	0.44572004873399407
list_incremental_feature_result_dict.pickle	4	Ssym_reverse_PCC	Ssym	reverse	PCC	feature_combo_dict	A+B	0.5245993447866922
list_incremental_feature_result_dict.pickle	4	Ssym_reverse_PCC	Ssym	reverse	PCC	feature_combo_dict	A+B+C	0.5537747877063428
list_incremental_feature_result_dict.pickle	4	Ssym_reverse_PCC	Ssym	reverse	PCC	feature_combo_dict	A+B+C+D	0.6022872797826997
list_incremental_feature_result_dict.pickle	4	Ssym_reverse_PCC	Ssym	reverse	PCC	feature_combo_dict	A+B+C+D+E	0.671051787292918
list_incremental_feature_result_dict.pickle	4	Ssym_reverse_PCC	Ssym	reverse	PCC	feature_combo_dict	A+B+C+D+E+F	0.7041187591502492
list_incremental_feature_result_dict.pickle	4	Ssym_reverse_PCC	Ssym	reverse	PCC	feature_combo_dict	A+B+C+D+E+F+G	0.7140595443031654
list_incremental_feature_result_dict.pickle	4	Ssym_reverse_PCC	Ssym	reverse	PCC	feature_combo_dict	A+B+C+D+E+F+G+H	0.7200108932070198
list_incremental_feature_result_dict.pickle	4	Ssym_total_RMSE	Ssym	total	RMSE	feature_combo_dict	A	1.4575837551546198
list_incremental_feature_result_dict.pickle	4	Ssym_total_RMSE	Ssym	total	RMSE	feature_combo_dict	A+B	1.3209206911187856
list_incremental_feature_result_dict.pickle	4	Ssym_total_RMSE	Ssym	total	RMSE	feature_combo_dict	A+B+C	1.292422540032106
list_incremental_feature_result_dict.pickle	4	Ssym_total_RMSE	Ssym	total	RMSE	feature_combo_dict	A+B+C+D	1.2427672415247422
list_incremental_feature_result_dict.pickle	4	Ssym_total_RMSE	Ssym	total	RMSE	feature_combo_dict	A+B+C+D+E	1.1506219957481323
list_incremental_feature_result_dict.pickle	4	Ssym_total_RMSE	Ssym	total	RMSE	feature_combo_dict	A+B+C+D+E+F	1.117473447654514
list_incremental_feature_result_dict.pickle	4	Ssym_total_RMSE	Ssym	total	RMSE	feature_combo_dict	A+B+C+D+E+F+G	1.1079643301059536
list_incremental_feature_result_dict.pickle	4	Ssym_total_RMSE	Ssym	total	RMSE	feature_combo_dict	A+B+C+D+E+F+G+H	1.1007223038532472
list_incremental_feature_result_dict.pickle	4	Ssym_direct_RMSE	Ssym	direct	RMSE	feature_combo_dict	A	1.4624843216173657
list_incremental_feature_result_dict.pickle	4	Ssym_direct_RMSE	Ssym	direct	RMSE	feature_combo_dict	A+B	1.3163653332260379
list_incremental_feature_result_dict.pickle	4	Ssym_direct_RMSE	Ssym	direct	RMSE	feature_combo_dict	A+B+C	1.294455611047335
list_incremental_feature_result_dict.pickle	4	Ssym_direct_RMSE	Ssym	direct	RMSE	feature_combo_dict	A+B+C+D	1.2468906308407173
list_incremental_feature_result_dict.pickle	4	Ssym_direct_RMSE	Ssym	direct	RMSE	feature_combo_dict	A+B+C+D+E	1.1443743976008072
list_incremental_feature_result_dict.pickle	4	Ssym_direct_RMSE	Ssym	direct	RMSE	feature_combo_dict	A+B+C+D+E+F	1.1143838627333347
list_incremental_feature_result_dict.pickle	4	Ssym_direct_RMSE	Ssym	direct	RMSE	feature_combo_dict	A+B+C+D+E+F+G	1.1100179545573874
list_incremental_feature_result_dict.pickle	4	Ssym_direct_RMSE	Ssym	direct	RMSE	feature_combo_dict	A+B+C+D+E+F+G+H	1.1010074837522055
list_incremental_feature_result_dict.pickle	4	Ssym_reverse_RMSE	Ssym	reverse	RMSE	feature_combo_dict	A	1.452666656740175
list_incremental_feature_result_dict.pickle	4	Ssym_reverse_RMSE	Ssym	reverse	RMSE	feature_combo_dict	A+B	1.3254603931963276
list_incremental_feature_result_dict.pickle	4	Ssym_reverse_RMSE	Ssym	reverse	RMSE	feature_combo_dict	A+B+C	1.290386265811192
list_incremental_feature_result_dict.pickle	4	Ssym_reverse_RMSE	Ssym	reverse	RMSE	feature_combo_dict	A+B+C+D	1.2386301255563228
list_incremental_feature_result_dict.pickle	4	Ssym_reverse_RMSE	Ssym	reverse	RMSE	feature_combo_dict	A+B+C+D+E	1.1568358536605874
list_incremental_feature_result_dict.pickle	4	Ssym_reverse_RMSE	Ssym	reverse	RMSE	feature_combo_dict	A+B+C+D+E+F	1.1205545140265436
list_incremental_feature_result_dict.pickle	4	Ssym_reverse_RMSE	Ssym	reverse	RMSE	feature_combo_dict	A+B+C+D+E+F+G	1.1059068921633968
list_incremental_feature_result_dict.pickle	4	Ssym_reverse_RMSE	Ssym	reverse	RMSE	feature_combo_dict	A+B+C+D+E+F+G+H	1.1004370500494962
list_incremental_feature_result_dict.pickle	5	S_2648_total_PCC	S_2648	total	PCC	feature_combo_dict	A	0.8831816190226385
list_incremental_feature_result_dict.pickle	5	S_2648_total_PCC	S_2648	total	PCC	feature_combo_dict	A+B	0.9033934427215413
list_incremental_feature_result_dict.pickle	5	S_2648_total_PCC	S_2648	total	PCC	feature_combo_dict	A+B+C	0.9116790671011513
list_incremental_feature_result_dict.pickle	5	S_2648_total_PCC	S_2648	total	PCC	feature_combo_dict	A+B+C+D	0.9170170301486313
list_incremental_feature_result_dict.pickle	5	S_2648_total_PCC	S_2648	total	PCC	feature_combo_dict	A+B+C+D+E	0.9329057762703157
list_incremental_feature_result_dict.pickle	5	S_2648_total_PCC	S_2648	total	PCC	feature_combo_dict	A+B+C+D+E+F	0.9342539001523525
list_incremental_feature_result_dict.pickle	5	S_2648_total_PCC	S_2648	total	PCC	feature_combo_dict	A+B+C+D+E+F+G	0.9350638151392782
list_incremental_feature_result_dict.pickle	5	S_2648_total_PCC	S_2648	total	PCC	feature_combo_dict	A+B+C+D+E+F+G+H	0.9360965432135356
list_incremental_feature_result_dict.pickle	5	S_2648_direct_PCC	S_2648	direct	PCC	feature_combo_dict	A	0.8213642160326038
list_incremental_feature_result_dict.pickle	5	S_2648_direct_PCC	S_2648	direct	PCC	feature_combo_dict	A+B	0.8555488575511264
list_incremental_feature_result_dict.pickle	5	S_2648_direct_PCC	S_2648	direct	PCC	feature_combo_dict	A+B+C	0.8864487373181382
list_incremental_feature_result_dict.pickle	5	S_2648_direct_PCC	S_2648	direct	PCC	feature_combo_dict	A+B+C+D	0.8926412900754952
list_incremental_feature_result_dict.pickle	5	S_2648_direct_PCC	S_2648	direct	PCC	feature_combo_dict	A+B+C+D+E	0.912827398148504
list_incremental_feature_result_dict.pickle	5	S_2648_direct_PCC	S_2648	direct	PCC	feature_combo_dict	A+B+C+D+E+F	0.9157578266676645
list_incremental_feature_result_dict.pickle	5	S_2648_direct_PCC	S_2648	direct	PCC	feature_combo_dict	A+B+C+D+E+F+G	0.9169320975786821
list_incremental_feature_result_dict.pickle	5	S_2648_direct_PCC	S_2648	direct	PCC	feature_combo_dict	A+B+C+D+E+F+G+H	0.9182095128188352
list_incremental_feature_result_dict.pickle	5	S_2648_reverse_PCC	S_2648	reverse	PCC	feature_combo_dict	A	0.8211389578970028
list_incremental_feature_result_dict.pickle	5	S_2648_reverse_PCC	S_2648	reverse	PCC	feature_combo_dict	A+B	0.8569655793315935
list_incremental_feature_result_dict.pickle	5	S_2648_reverse_PCC	S_2648	reverse	PCC	feature_combo_dict	A+B+C	0.8863011743293598
list_incremental_feature_result_dict.pickle	5	S_2648_reverse_PCC	S_2648	reverse	PCC	feature_combo_dict	A+B+C+D	0.8914235839856972
list_incremental_feature_result_dict.pickle	5	S_2648_reverse_PCC	S_2648	reverse	PCC	feature_combo_dict	A+B+C+D+E	0.91247652106148
list_incremental_feature_result_dict.pickle	5	S_2648_reverse_PCC	S_2648	reverse	PCC	feature_combo_dict	A+B+C+D+E+F	0.9152020693853274
list_incremental_feature_result_dict.pickle	5	S_2648_reverse_PCC	S_2648	reverse	PCC	feature_combo_dict	A+B+C+D+E+F+G	0.9163727089867532
list_incremental_feature_result_dict.pickle	5	S_2648_reverse_PCC	S_2648	reverse	PCC	feature_combo_dict	A+B+C+D+E+F+G+H	0.9190442985074276
list_incremental_feature_result_dict.pickle	5	S_2648_total_RMSE	S_2648	total	RMSE	feature_combo_dict	A	0.8575614677413257
list_incremental_feature_result_dict.pickle	5	S_2648_total_RMSE	S_2648	total	RMSE	feature_combo_dict	A+B	0.8034367537671959
list_incremental_feature_result_dict.pickle	5	S_2648_total_RMSE	S_2648	total	RMSE	feature_combo_dict	A+B+C	0.7769833523388747
list_incremental_feature_result_dict.pickle	5	S_2648_total_RMSE	S_2648	total	RMSE	feature_combo_dict	A+B+C+D	0.7549281789818926
list_incremental_feature_result_dict.pickle	5	S_2648_total_RMSE	S_2648	total	RMSE	feature_combo_dict	A+B+C+D+E	0.6875951111688353
list_incremental_feature_result_dict.pickle	5	S_2648_total_RMSE	S_2648	total	RMSE	feature_combo_dict	A+B+C+D+E+F	0.6821492280431372
list_incremental_feature_result_dict.pickle	5	S_2648_total_RMSE	S_2648	total	RMSE	feature_combo_dict	A+B+C+D+E+F+G	0.6803566091747671
list_incremental_feature_result_dict.pickle	5	S_2648_total_RMSE	S_2648	total	RMSE	feature_combo_dict	A+B+C+D+E+F+G+H	0.6763473798806727
list_incremental_feature_result_dict.pickle	5	S_2648_direct_RMSE	S_2648	direct	RMSE	feature_combo_dict	A	0.8576398597681043
list_incremental_feature_result_dict.pickle	5	S_2648_direct_RMSE	S_2648	direct	RMSE	feature_combo_dict	A+B	0.8047044233293377
list_incremental_feature_result_dict.pickle	5	S_2648_direct_RMSE	S_2648	direct	RMSE	feature_combo_dict	A+B+C	0.776376903697824
list_incremental_feature_result_dict.pickle	5	S_2648_direct_RMSE	S_2648	direct	RMSE	feature_combo_dict	A+B+C+D	0.7535257934555051
list_incremental_feature_result_dict.pickle	5	S_2648_direct_RMSE	S_2648	direct	RMSE	feature_combo_dict	A+B+C+D+E	0.6868224634377859
list_incremental_feature_result_dict.pickle	5	S_2648_direct_RMSE	S_2648	direct	RMSE	feature_combo_dict	A+B+C+D+E+F	0.6803246348821139
list_incremental_feature_result_dict.pickle	5	S_2648_direct_RMSE	S_2648	direct	RMSE	feature_combo_dict	A+B+C+D+E+F+G	0.6788926263923657
list_incremental_feature_result_dict.pickle	5	S_2648_direct_RMSE	S_2648	direct	RMSE	feature_combo_dict	A+B+C+D+E+F+G+H	0.6765373216741378
list_incremental_feature_result_dict.pickle	5	S_2648_reverse_RMSE	S_2648	reverse	RMSE	feature_combo_dict	A	0.8574830685478634
list_incremental_feature_result_dict.pickle	5	S_2648_reverse_RMSE	S_2648	reverse	RMSE	feature_combo_dict	A+B	0.8021670809015649
list_incremental_feature_result_dict.pickle	5	S_2648_reverse_RMSE	S_2648	reverse	RMSE	feature_combo_dict	A+B+C	0.7775893280055302
list_incremental_feature_result_dict.pickle	5	S_2648_reverse_RMSE	S_2648	reverse	RMSE	feature_combo_dict	A+B+C+D	0.7563279642053997
list_incremental_feature_result_dict.pickle	5	S_2648_reverse_RMSE	S_2648	reverse	RMSE	feature_combo_dict	A+B+C+D+E	0.6883668916528578
list_incremental_feature_result_dict.pickle	5	S_2648_reverse_RMSE	S_2648	reverse	RMSE	feature_combo_dict	A+B+C+D+E+F	0.6839689538365132
list_incremental_feature_result_dict.pickle	5	S_2648_reverse_RMSE	S_2648	reverse	RMSE	feature_combo_dict	A+B+C+D+E+F+G	0.6818174485341728
list_incremental_feature_result_dict.pickle	5	S_2648_reverse_RMSE	S_2648	reverse	RMSE	feature_combo_dict	A+B+C+D+E+F+G+H	0.6761573847299799
list_incremental_feature_result_dict.pickle	5	S_921_total_PCC	S_921	total	PCC	feature_combo_dict	A	0.649398517893236
list_incremental_feature_result_dict.pickle	5	S_921_total_PCC	S_921	total	PCC	feature_combo_dict	A+B	0.6996179167375414
list_incremental_feature_result_dict.pickle	5	S_921_total_PCC	S_921	total	PCC	feature_combo_dict	A+B+C	0.6991974228964528
list_incremental_feature_result_dict.pickle	5	S_921_total_PCC	S_921	total	PCC	feature_combo_dict	A+B+C+D	0.7285052712782383
list_incremental_feature_result_dict.pickle	5	S_921_total_PCC	S_921	total	PCC	feature_combo_dict	A+B+C+D+E	0.7615196656209893
list_incremental_feature_result_dict.pickle	5	S_921_total_PCC	S_921	total	PCC	feature_combo_dict	A+B+C+D+E+F	0.7870598236146151
list_incremental_feature_result_dict.pickle	5	S_921_total_PCC	S_921	total	PCC	feature_combo_dict	A+B+C+D+E+F+G	0.7910545711094045
list_incremental_feature_result_dict.pickle	5	S_921_total_PCC	S_921	total	PCC	feature_combo_dict	A+B+C+D+E+F+G+H	0.794365752191761
list_incremental_feature_result_dict.pickle	5	S_921_direct_PCC	S_921	direct	PCC	feature_combo_dict	A	0.5653944397078151
list_incremental_feature_result_dict.pickle	5	S_921_direct_PCC	S_921	direct	PCC	feature_combo_dict	A+B	0.6294541246040194
list_incremental_feature_result_dict.pickle	5	S_921_direct_PCC	S_921	direct	PCC	feature_combo_dict	A+B+C	0.6442262049611803
list_incremental_feature_result_dict.pickle	5	S_921_direct_PCC	S_921	direct	PCC	feature_combo_dict	A+B+C+D	0.6831516899008085
list_incremental_feature_result_dict.pickle	5	S_921_direct_PCC	S_921	direct	PCC	feature_combo_dict	A+B+C+D+E	0.7342542075259699
list_incremental_feature_result_dict.pickle	5	S_921_direct_PCC	S_921	direct	PCC	feature_combo_dict	A+B+C+D+E+F	0.7596841899725644
list_incremental_feature_result_dict.pickle	5	S_921_direct_PCC	S_921	direct	PCC	feature_combo_dict	A+B+C+D+E+F+G	0.7621435605209507
list_incremental_feature_result_dict.pickle	5	S_921_direct_PCC	S_921	direct	PCC	feature_combo_dict	A+B+C+D+E+F+G+H	0.7682817063311058
list_incremental_feature_result_dict.pickle	5	S_921_reverse_PCC	S_921	reverse	PCC	feature_combo_dict	A	0.5653908831745323
list_incremental_feature_result_dict.pickle	5	S_921_reverse_PCC	S_921	reverse	PCC	feature_combo_dict	A+B	0.6271343534487156
list_incremental_feature_result_dict.pickle	5	S_921_reverse_PCC	S_921	reverse	PCC	feature_combo_dict	A+B+C	0.6395943721315064
list_incremental_feature_result_dict.pickle	5	S_921_reverse_PCC	S_921	reverse	PCC	feature_combo_dict	A+B+C+D	0.6853082684044401
list_incremental_feature_result_dict.pickle	5	S_921_reverse_PCC	S_921	reverse	PCC	feature_combo_dict	A+B+C+D+E	0.7299140797580117
list_incremental_feature_result_dict.pickle	5	S_921_reverse_PCC	S_921	reverse	PCC	feature_combo_dict	A+B+C+D+E+F	0.7604099409875155
list_incremental_feature_result_dict.pickle	5	S_921_reverse_PCC	S_921	reverse	PCC	feature_combo_dict	A+B+C+D+E+F+G	0.7654944820126446
list_incremental_feature_result_dict.pickle	5	S_921_reverse_PCC	S_921	reverse	PCC	feature_combo_dict	A+B+C+D+E+F+G+H	0.7674562701126058
list_incremental_feature_result_dict.pickle	5	S_921_total_RMSE	S_921	total	RMSE	feature_combo_dict	A	1.7718540553543232
list_incremental_feature_result_dict.pickle	5	S_921_total_RMSE	S_921	total	RMSE	feature_combo_dict	A+B	1.6791385571027053
list_incremental_feature_result_dict.pickle	5	S_921_total_RMSE	S_921	total	RMSE	feature_combo_dict	A+B+C	1.6888281749225063
list_incremental_feature_result_dict.pickle	5	S_921_total_RMSE	S_921	total	RMSE	feature_combo_dict	A+B+C+D	1.6240333091849086
list_incremental_feature_result_dict.pickle	5	S_921_total_RMSE	S_921	total	RMSE	feature_combo_dict	A+B+C+D+E	1.5568141551771069
list_incremental_feature_result_dict.pickle	5	S_921_total_RMSE	S_921	total	RMSE	feature_combo_dict	A+B+C+D+E+F	1.508414898447393
list_incremental_feature_result_dict.pickle	5	S_921_total_RMSE	S_921	total	RMSE	feature_combo_dict	A+B+C+D+E+F+G	1.5003738684137045
list_incremental_feature_result_dict.pickle	5	S_921_total_RMSE	S_921	total	RMSE	feature_combo_dict	A+B+C+D+E+F+G+H	1.4930920987675897
list_incremental_feature_result_dict.pickle	5	S_921_direct_RMSE	S_921	direct	RMSE	feature_combo_dict	A	1.771880032646833
list_incremental_feature_result_dict.pickle	5	S_921_direct_RMSE	S_921	direct	RMSE	feature_combo_dict	A+B	1.6771321152220382
list_incremental_feature_result_dict.pickle	5	S_921_direct_RMSE	S_921	direct	RMSE	feature_combo_dict	A+B+C	1.684578221488034
list_incremental_feature_result_dict.pickle	5	S_921_direct_RMSE	S_921	direct	RMSE	feature_combo_dict	A+B+C+D	1.6255624192397957
list_incremental_feature_result_dict.pickle	5	S_921_direct_RMSE	S_921	direct	RMSE	feature_combo_dict	A+B+C+D+E	1.5531933241415574
list_incremental_feature_result_dict.pickle	5	S_921_direct_RMSE	S_921	direct	RMSE	feature_combo_dict	A+B+C+D+E+F	1.5096240811134283
list_incremental_feature_result_dict.pickle	5	S_921_direct_RMSE	S_921	direct	RMSE	feature_combo_dict	A+B+C+D+E+F+G	1.5017000849331978
list_incremental_feature_result_dict.pickle	5	S_921_direct_RMSE	S_921	direct	RMSE	feature_combo_dict	A+B+C+D+E+F+G+H	1.493345653304532
list_incremental_feature_result_dict.pickle	5	S_921_reverse_RMSE	S_921	reverse	RMSE	feature_combo_dict	A	1.7718280776809527
list_incremental_feature_result_dict.pickle	5	S_921_reverse_RMSE	S_921	reverse	RMSE	feature_combo_dict	A+B	1.6811426042988626
list_incremental_feature_result_dict.pickle	5	S_921_reverse_RMSE	S_921	reverse	RMSE	feature_combo_dict	A+B+C	1.6930674601185796
list_incremental_feature_result_dict.pickle	5	S_921_reverse_RMSE	S_921	reverse	RMSE	feature_combo_dict	A+B+C+D	1.6225027580375424
list_incremental_feature_result_dict.pickle	5	S_921_reverse_RMSE	S_921	reverse	RMSE	feature_combo_dict	A+B+C+D+E	1.5604265844190546
list_incremental_feature_result_dict.pickle	5	S_921_reverse_RMSE	S_921	reverse	RMSE	feature_combo_dict	A+B+C+D+E+F	1.5072047456926867
list_incremental_feature_result_dict.pickle	5	S_921_reverse_RMSE	S_921	reverse	RMSE	feature_combo_dict	A+B+C+D+E+F+G	1.4990464785819797
list_incremental_feature_result_dict.pickle	5	S_921_reverse_RMSE	S_921	reverse	RMSE	feature_combo_dict	A+B+C+D+E+F+G+H	1.4928385011651033
list_incremental_feature_result_dict.pickle	5	S_669_total_PCC	S_669	total	PCC	feature_combo_dict	A	0.4731885895076412
list_incremental_feature_result_dict.pickle	5	S_669_total_PCC	S_669	total	PCC	feature_combo_dict	A+B	0.5266936106563667
list_incremental_feature_result_dict.pickle	5	S_669_total_PCC	S_669	total	PCC	feature_combo_dict	A+B+C	0.5759247319928592
list_incremental_feature_result_dict.pickle	5	S_669_total_PCC	S_669	total	PCC	feature_combo_dict	A+B+C+D	0.6024434061604839
list_incremental_feature_result_dict.pickle	5	S_669_total_PCC	S_669	total	PCC	feature_combo_dict	A+B+C+D+E	0.6376189845230055
list_incremental_feature_result_dict.pickle	5	S_669_total_PCC	S_669	total	PCC	feature_combo_dict	A+B+C+D+E+F	0.6434513035791226
list_incremental_feature_result_dict.pickle	5	S_669_total_PCC	S_669	total	PCC	feature_combo_dict	A+B+C+D+E+F+G	0.6444806936563615
list_incremental_feature_result_dict.pickle	5	S_669_total_PCC	S_669	total	PCC	feature_combo_dict	A+B+C+D+E+F+G+H	0.643164841027828
list_incremental_feature_result_dict.pickle	5	S_669_direct_PCC	S_669	direct	PCC	feature_combo_dict	A	0.27541904201463424
list_incremental_feature_result_dict.pickle	5	S_669_direct_PCC	S_669	direct	PCC	feature_combo_dict	A+B	0.32845462653462226
list_incremental_feature_result_dict.pickle	5	S_669_direct_PCC	S_669	direct	PCC	feature_combo_dict	A+B+C	0.36420792755921566
list_incremental_feature_result_dict.pickle	5	S_669_direct_PCC	S_669	direct	PCC	feature_combo_dict	A+B+C+D	0.4099518380665425
list_incremental_feature_result_dict.pickle	5	S_669_direct_PCC	S_669	direct	PCC	feature_combo_dict	A+B+C+D+E	0.4686231829989771
list_incremental_feature_result_dict.pickle	5	S_669_direct_PCC	S_669	direct	PCC	feature_combo_dict	A+B+C+D+E+F	0.47890851587319905
list_incremental_feature_result_dict.pickle	5	S_669_direct_PCC	S_669	direct	PCC	feature_combo_dict	A+B+C+D+E+F+G	0.48058028538820935
list_incremental_feature_result_dict.pickle	5	S_669_direct_PCC	S_669	direct	PCC	feature_combo_dict	A+B+C+D+E+F+G+H	0.4786416539186269
list_incremental_feature_result_dict.pickle	5	S_669_reverse_PCC	S_669	reverse	PCC	feature_combo_dict	A	0.2730576658206269
list_incremental_feature_result_dict.pickle	5	S_669_reverse_PCC	S_669	reverse	PCC	feature_combo_dict	A+B	0.3292424133013812
list_incremental_feature_result_dict.pickle	5	S_669_reverse_PCC	S_669	reverse	PCC	feature_combo_dict	A+B+C	0.3601815614794699
list_incremental_feature_result_dict.pickle	5	S_669_reverse_PCC	S_669	reverse	PCC	feature_combo_dict	A+B+C+D	0.4094738780141995
list_incremental_feature_result_dict.pickle	5	S_669_reverse_PCC	S_669	reverse	PCC	feature_combo_dict	A+B+C+D+E	0.4702555481314062
list_incremental_feature_result_dict.pickle	5	S_669_reverse_PCC	S_669	reverse	PCC	feature_combo_dict	A+B+C+D+E+F	0.47871938043882467
list_incremental_feature_result_dict.pickle	5	S_669_reverse_PCC	S_669	reverse	PCC	feature_combo_dict	A+B+C+D+E+F+G	0.4804532711090183
list_incremental_feature_result_dict.pickle	5	S_669_reverse_PCC	S_669	reverse	PCC	feature_combo_dict	A+B+C+D+E+F+G+H	0.47759709334961026
list_incremental_feature_result_dict.pickle	5	S_669_total_RMSE	S_669	total	RMSE	feature_combo_dict	A	1.7184894634174517
list_incremental_feature_result_dict.pickle	5	S_669_total_RMSE	S_669	total	RMSE	feature_combo_dict	A+B	1.6252626823679321
list_incremental_feature_result_dict.pickle	5	S_669_total_RMSE	S_669	total	RMSE	feature_combo_dict	A+B+C	1.5539604758588128
list_incremental_feature_result_dict.pickle	5	S_669_total_RMSE	S_669	total	RMSE	feature_combo_dict	A+B+C+D	1.5165528147545049
list_incremental_feature_result_dict.pickle	5	S_669_total_RMSE	S_669	total	RMSE	feature_combo_dict	A+B+C+D+E	1.462080304311887
list_incremental_feature_result_dict.pickle	5	S_669_total_RMSE	S_669	total	RMSE	feature_combo_dict	A+B+C+D+E+F	1.4527726686742912
list_incremental_feature_result_dict.pickle	5	S_669_total_RMSE	S_669	total	RMSE	feature_combo_dict	A+B+C+D+E+F+G	1.451516023068019
list_incremental_feature_result_dict.pickle	5	S_669_total_RMSE	S_669	total	RMSE	feature_combo_dict	A+B+C+D+E+F+G+H	1.4536988649054083
list_incremental_feature_result_dict.pickle	5	S_669_direct_RMSE	S_669	direct	RMSE	feature_combo_dict	A	1.7167155393556623
list_incremental_feature_result_dict.pickle	5	S_669_direct_RMSE	S_669	direct	RMSE	feature_combo_dict	A+B	1.62551380277766
list_incremental_feature_result_dict.pickle	5	S_669_direct_RMSE	S_669	direct	RMSE	feature_combo_dict	A+B+C	1.5522423522683395
list_incremental_feature_result_dict.pickle	5	S_669_direct_RMSE	S_669	direct	RMSE	feature_combo_dict	A+B+C+D	1.5164263348635538
list_incremental_feature_result_dict.pickle	5	S_669_direct_RMSE	S_669	direct	RMSE	feature_combo_dict	A+B+C+D+E	1.463079623548436
list_incremental_feature_result_dict.pickle	5	S_669_direct_RMSE	S_669	direct	RMSE	feature_combo_dict	A+B+C+D+E+F	1.4527426874274676
list_incremental_feature_result_dict.pickle	5	S_669_direct_RMSE	S_669	direct	RMSE	feature_combo_dict	A+B+C+D+E+F+G	1.4516903176875264
list_incremental_feature_result_dict.pickle	5	S_669_direct_RMSE	S_669	direct	RMSE	feature_combo_dict	A+B+C+D+E+F+G+H	1.4532073838479556
list_incremental_feature_result_dict.pickle	5	S_669_reverse_RMSE	S_669	reverse	RMSE	feature_combo_dict	A	1.7202615582196794
list_incremental_feature_result_dict.pickle	5	S_669_reverse_RMSE	S_669	reverse	RMSE	feature_combo_dict	A+B	1.625011523151427
list_incremental_feature_result_dict.pickle	5	S_669_reverse_RMSE	S_669	reverse	RMSE	feature_combo_dict	A+B+C	1.5556767019169333
list_incremental_feature_result_dict.pickle	5	S_669_reverse_RMSE	S_669	reverse	RMSE	feature_combo_dict	A+B+C+D	1.5166792840979637
list_incremental_feature_result_dict.pickle	5	S_669_reverse_RMSE	S_669	reverse	RMSE	feature_combo_dict	A+B+C+D+E	1.4610803015819653
list_incremental_feature_result_dict.pickle	5	S_669_reverse_RMSE	S_669	reverse	RMSE	feature_combo_dict	A+B+C+D+E+F	1.4528026493023969
list_incremental_feature_result_dict.pickle	5	S_669_reverse_RMSE	S_669	reverse	RMSE	feature_combo_dict	A+B+C+D+E+F+G	1.451341707517111
list_incremental_feature_result_dict.pickle	5	S_669_reverse_RMSE	S_669	reverse	RMSE	feature_combo_dict	A+B+C+D+E+F+G+H	1.4541901798541779
list_incremental_feature_result_dict.pickle	5	Ssym_total_PCC	Ssym	total	PCC	feature_combo_dict	A	0.6423197491416356
list_incremental_feature_result_dict.pickle	5	Ssym_total_PCC	Ssym	total	PCC	feature_combo_dict	A+B	0.7017418639715826
list_incremental_feature_result_dict.pickle	5	Ssym_total_PCC	Ssym	total	PCC	feature_combo_dict	A+B+C	0.7166743140637531
list_incremental_feature_result_dict.pickle	5	Ssym_total_PCC	Ssym	total	PCC	feature_combo_dict	A+B+C+D	0.7434221782016485
list_incremental_feature_result_dict.pickle	5	Ssym_total_PCC	Ssym	total	PCC	feature_combo_dict	A+B+C+D+E	0.7863817499370686
list_incremental_feature_result_dict.pickle	5	Ssym_total_PCC	Ssym	total	PCC	feature_combo_dict	A+B+C+D+E+F	0.8038763466770185
list_incremental_feature_result_dict.pickle	5	Ssym_total_PCC	Ssym	total	PCC	feature_combo_dict	A+B+C+D+E+F+G	0.8080402370829483
list_incremental_feature_result_dict.pickle	5	Ssym_total_PCC	Ssym	total	PCC	feature_combo_dict	A+B+C+D+E+F+G+H	0.8117088131666379
list_incremental_feature_result_dict.pickle	5	Ssym_direct_PCC	Ssym	direct	PCC	feature_combo_dict	A	0.4441732924536593
list_incremental_feature_result_dict.pickle	5	Ssym_direct_PCC	Ssym	direct	PCC	feature_combo_dict	A+B	0.5280431573567161
list_incremental_feature_result_dict.pickle	5	Ssym_direct_PCC	Ssym	direct	PCC	feature_combo_dict	A+B+C	0.5532681694568494
list_incremental_feature_result_dict.pickle	5	Ssym_direct_PCC	Ssym	direct	PCC	feature_combo_dict	A+B+C+D	0.6031162644879162
list_incremental_feature_result_dict.pickle	5	Ssym_direct_PCC	Ssym	direct	PCC	feature_combo_dict	A+B+C+D+E	0.6785787165169925
list_incremental_feature_result_dict.pickle	5	Ssym_direct_PCC	Ssym	direct	PCC	feature_combo_dict	A+B+C+D+E+F	0.7049954910195618
list_incremental_feature_result_dict.pickle	5	Ssym_direct_PCC	Ssym	direct	PCC	feature_combo_dict	A+B+C+D+E+F+G	0.7155357378579131
list_incremental_feature_result_dict.pickle	5	Ssym_direct_PCC	Ssym	direct	PCC	feature_combo_dict	A+B+C+D+E+F+G+H	0.7205368508355028
list_incremental_feature_result_dict.pickle	5	Ssym_reverse_PCC	Ssym	reverse	PCC	feature_combo_dict	A	0.4452766621332646
list_incremental_feature_result_dict.pickle	5	Ssym_reverse_PCC	Ssym	reverse	PCC	feature_combo_dict	A+B	0.5278272238158332
list_incremental_feature_result_dict.pickle	5	Ssym_reverse_PCC	Ssym	reverse	PCC	feature_combo_dict	A+B+C	0.5500400876637349
list_incremental_feature_result_dict.pickle	5	Ssym_reverse_PCC	Ssym	reverse	PCC	feature_combo_dict	A+B+C+D	0.5991931670707448
list_incremental_feature_result_dict.pickle	5	Ssym_reverse_PCC	Ssym	reverse	PCC	feature_combo_dict	A+B+C+D+E	0.6756716132583341
list_incremental_feature_result_dict.pickle	5	Ssym_reverse_PCC	Ssym	reverse	PCC	feature_combo_dict	A+B+C+D+E+F	0.7075509096121709
list_incremental_feature_result_dict.pickle	5	Ssym_reverse_PCC	Ssym	reverse	PCC	feature_combo_dict	A+B+C+D+E+F+G	0.7115861333402073
list_incremental_feature_result_dict.pickle	5	Ssym_reverse_PCC	Ssym	reverse	PCC	feature_combo_dict	A+B+C+D+E+F+G+H	0.7183903157602435
list_incremental_feature_result_dict.pickle	5	Ssym_total_RMSE	Ssym	total	RMSE	feature_combo_dict	A	1.455963899276119
list_incremental_feature_result_dict.pickle	5	Ssym_total_RMSE	Ssym	total	RMSE	feature_combo_dict	A+B	1.3222348520304463
list_incremental_feature_result_dict.pickle	5	Ssym_total_RMSE	Ssym	total	RMSE	feature_combo_dict	A+B+C	1.2926577421753402
list_incremental_feature_result_dict.pickle	5	Ssym_total_RMSE	Ssym	total	RMSE	feature_combo_dict	A+B+C+D	1.2397798711839865
list_incremental_feature_result_dict.pickle	5	Ssym_total_RMSE	Ssym	total	RMSE	feature_combo_dict	A+B+C+D+E	1.1490746001635121
list_incremental_feature_result_dict.pickle	5	Ssym_total_RMSE	Ssym	total	RMSE	feature_combo_dict	A+B+C+D+E+F	1.1173481417242435
list_incremental_feature_result_dict.pickle	5	Ssym_total_RMSE	Ssym	total	RMSE	feature_combo_dict	A+B+C+D+E+F+G	1.1091863409941334
list_incremental_feature_result_dict.pickle	5	Ssym_total_RMSE	Ssym	total	RMSE	feature_combo_dict	A+B+C+D+E+F+G+H	1.1020311903899989
list_incremental_feature_result_dict.pickle	5	Ssym_direct_RMSE	Ssym	direct	RMSE	feature_combo_dict	A	1.4569241773268542
list_incremental_feature_result_dict.pickle	5	Ssym_direct_RMSE	Ssym	direct	RMSE	feature_combo_dict	A+B	1.3221101402903161
list_incremental_feature_result_dict.pickle	5	Ssym_direct_RMSE	Ssym	direct	RMSE	feature_combo_dict	A+B+C	1.2910877749601157
list_incremental_feature_result_dict.pickle	5	Ssym_direct_RMSE	Ssym	direct	RMSE	feature_combo_dict	A+B+C+D	1.2376697401188441
list_incremental_feature_result_dict.pickle	5	Ssym_direct_RMSE	Ssym	direct	RMSE	feature_combo_dict	A+B+C+D+E	1.1471379696159056
list_incremental_feature_result_dict.pickle	5	Ssym_direct_RMSE	Ssym	direct	RMSE	feature_combo_dict	A+B+C+D+E+F	1.1186835347012558
list_incremental_feature_result_dict.pickle	5	Ssym_direct_RMSE	Ssym	direct	RMSE	feature_combo_dict	A+B+C+D+E+F+G	1.1070142039475015
list_incremental_feature_result_dict.pickle	5	Ssym_direct_RMSE	Ssym	direct	RMSE	feature_combo_dict	A+B+C+D+E+F+G+H	1.1003369244689136
list_incremental_feature_result_dict.pickle	5	Ssym_reverse_RMSE	Ssym	reverse	RMSE	feature_combo_dict	A	1.4550029874577957
list_incremental_feature_result_dict.pickle	5	Ssym_reverse_RMSE	Ssym	reverse	RMSE	feature_combo_dict	A+B	1.3223595520090115
list_incremental_feature_result_dict.pickle	5	Ssym_reverse_RMSE	Ssym	reverse	RMSE	feature_combo_dict	A+B+C	1.294225804935226
list_incremental_feature_result_dict.pickle	5	Ssym_reverse_RMSE	Ssym	reverse	RMSE	feature_combo_dict	A+B+C+D	1.2418864168594952
list_incremental_feature_result_dict.pickle	5	Ssym_reverse_RMSE	Ssym	reverse	RMSE	feature_combo_dict	A+B+C+D+E	1.1510079722344968
list_incremental_feature_result_dict.pickle	5	Ssym_reverse_RMSE	Ssym	reverse	RMSE	feature_combo_dict	A+B+C+D+E+F	1.116011150848209
list_incremental_feature_result_dict.pickle	5	Ssym_reverse_RMSE	Ssym	reverse	RMSE	feature_combo_dict	A+B+C+D+E+F+G	1.1113542326163997
list_incremental_feature_result_dict.pickle	5	Ssym_reverse_RMSE	Ssym	reverse	RMSE	feature_combo_dict	A+B+C+D+E+F+G+H	1.1037228555371534
list_incremental_feature_result_dict.pickle	6	S_2648_total_PCC	S_2648	total	PCC	feature_combo_dict	A	0.8828851828816359
list_incremental_feature_result_dict.pickle	6	S_2648_total_PCC	S_2648	total	PCC	feature_combo_dict	A+B	0.9033348786592333
list_incremental_feature_result_dict.pickle	6	S_2648_total_PCC	S_2648	total	PCC	feature_combo_dict	A+B+C	0.9115618193903151
list_incremental_feature_result_dict.pickle	6	S_2648_total_PCC	S_2648	total	PCC	feature_combo_dict	A+B+C+D	0.9173153334418901
list_incremental_feature_result_dict.pickle	6	S_2648_total_PCC	S_2648	total	PCC	feature_combo_dict	A+B+C+D+E	0.933116160021027
list_incremental_feature_result_dict.pickle	6	S_2648_total_PCC	S_2648	total	PCC	feature_combo_dict	A+B+C+D+E+F	0.9345042076594965
list_incremental_feature_result_dict.pickle	6	S_2648_total_PCC	S_2648	total	PCC	feature_combo_dict	A+B+C+D+E+F+G	0.9351241882483348
list_incremental_feature_result_dict.pickle	6	S_2648_total_PCC	S_2648	total	PCC	feature_combo_dict	A+B+C+D+E+F+G+H	0.9356105163096349
list_incremental_feature_result_dict.pickle	6	S_2648_direct_PCC	S_2648	direct	PCC	feature_combo_dict	A	0.8207425472014427
list_incremental_feature_result_dict.pickle	6	S_2648_direct_PCC	S_2648	direct	PCC	feature_combo_dict	A+B	0.8561062296868834
list_incremental_feature_result_dict.pickle	6	S_2648_direct_PCC	S_2648	direct	PCC	feature_combo_dict	A+B+C	0.8871244682747804
list_incremental_feature_result_dict.pickle	6	S_2648_direct_PCC	S_2648	direct	PCC	feature_combo_dict	A+B+C+D	0.8932004410661688
list_incremental_feature_result_dict.pickle	6	S_2648_direct_PCC	S_2648	direct	PCC	feature_combo_dict	A+B+C+D+E	0.9132986621243052
list_incremental_feature_result_dict.pickle	6	S_2648_direct_PCC	S_2648	direct	PCC	feature_combo_dict	A+B+C+D+E+F	0.9154740214754237
list_incremental_feature_result_dict.pickle	6	S_2648_direct_PCC	S_2648	direct	PCC	feature_combo_dict	A+B+C+D+E+F+G	0.9173047141140551
list_incremental_feature_result_dict.pickle	6	S_2648_direct_PCC	S_2648	direct	PCC	feature_combo_dict	A+B+C+D+E+F+G+H	0.9183911879788621
list_incremental_feature_result_dict.pickle	6	S_2648_reverse_PCC	S_2648	reverse	PCC	feature_combo_dict	A	0.8208569083407339
list_incremental_feature_result_dict.pickle	6	S_2648_reverse_PCC	S_2648	reverse	PCC	feature_combo_dict	A+B	0.8563977202023227
list_incremental_feature_result_dict.pickle	6	S_2648_reverse_PCC	S_2648	reverse	PCC	feature_combo_dict	A+B+C	0.8853434694342193
list_incremental_feature_result_dict.pickle	6	S_2648_reverse_PCC	S_2648	reverse	PCC	feature_combo_dict	A+B+C+D	0.8919480489010704
list_incremental_feature_result_dict.pickle	6	S_2648_reverse_PCC	S_2648	reverse	PCC	feature_combo_dict	A+B+C+D+E	0.9130282390678189
list_incremental_feature_result_dict.pickle	6	S_2648_reverse_PCC	S_2648	reverse	PCC	feature_combo_dict	A+B+C+D+E+F	0.9154725544111626
list_incremental_feature_result_dict.pickle	6	S_2648_reverse_PCC	S_2648	reverse	PCC	feature_combo_dict	A+B+C+D+E+F+G	0.9172442906514068
list_incremental_feature_result_dict.pickle	6	S_2648_reverse_PCC	S_2648	reverse	PCC	feature_combo_dict	A+B+C+D+E+F+G+H	0.9179431966906162
list_incremental_feature_result_dict.pickle	6	S_2648_total_RMSE	S_2648	total	RMSE	feature_combo_dict	A	0.8585526139431118
list_incremental_feature_result_dict.pickle	6	S_2648_total_RMSE	S_2648	total	RMSE	feature_combo_dict	A+B	0.8034113520433587
list_incremental_feature_result_dict.pickle	6	S_2648_total_RMSE	S_2648	total	RMSE	feature_combo_dict	A+B+C	0.7780521496930066
list_incremental_feature_result_dict.pickle	6	S_2648_total_RMSE	S_2648	total	RMSE	feature_combo_dict	A+B+C+D	0.7532489395481805
list_incremental_feature_result_dict.pickle	6	S_2648_total_RMSE	S_2648	total	RMSE	feature_combo_dict	A+B+C+D+E	0.687634442680898
list_incremental_feature_result_dict.pickle	6	S_2648_total_RMSE	S_2648	total	RMSE	feature_combo_dict	A+B+C+D+E+F	0.6808303216389925
list_incremental_feature_result_dict.pickle	6	S_2648_total_RMSE	S_2648	total	RMSE	feature_combo_dict	A+B+C+D+E+F+G	0.6791768157003077
list_incremental_feature_result_dict.pickle	6	S_2648_total_RMSE	S_2648	total	RMSE	feature_combo_dict	A+B+C+D+E+F+G+H	0.6777522965412563
list_incremental_feature_result_dict.pickle	6	S_2648_direct_RMSE	S_2648	direct	RMSE	feature_combo_dict	A	0.8586555634052095
list_incremental_feature_result_dict.pickle	6	S_2648_direct_RMSE	S_2648	direct	RMSE	feature_combo_dict	A+B	0.8039346500697356
list_incremental_feature_result_dict.pickle	6	S_2648_direct_RMSE	S_2648	direct	RMSE	feature_combo_dict	A+B+C	0.7763256255868078
list_incremental_feature_result_dict.pickle	6	S_2648_direct_RMSE	S_2648	direct	RMSE	feature_combo_dict	A+B+C+D	0.7518507682447558
list_incremental_feature_result_dict.pickle	6	S_2648_direct_RMSE	S_2648	direct	RMSE	feature_combo_dict	A+B+C+D+E	0.6866105159816894
list_incremental_feature_result_dict.pickle	6	S_2648_direct_RMSE	S_2648	direct	RMSE	feature_combo_dict	A+B+C+D+E+F	0.6793375840241631
list_incremental_feature_result_dict.pickle	6	S_2648_direct_RMSE	S_2648	direct	RMSE	feature_combo_dict	A+B+C+D+E+F+G	0.6776123969646314
list_incremental_feature_result_dict.pickle	6	S_2648_direct_RMSE	S_2648	direct	RMSE	feature_combo_dict	A+B+C+D+E+F+G+H	0.6766432319269289
list_incremental_feature_result_dict.pickle	6	S_2648_reverse_RMSE	S_2648	reverse	RMSE	feature_combo_dict	A	0.8584496521348132
list_incremental_feature_result_dict.pickle	6	S_2648_reverse_RMSE	S_2648	reverse	RMSE	feature_combo_dict	A+B	0.8028877129471637
list_incremental_feature_result_dict.pickle	6	S_2648_reverse_RMSE	S_2648	reverse	RMSE	feature_combo_dict	A+B+C	0.7797748510570658
list_incremental_feature_result_dict.pickle	6	S_2648_reverse_RMSE	S_2648	reverse	RMSE	feature_combo_dict	A+B+C+D	0.7546445203873725
list_incremental_feature_result_dict.pickle	6	S_2648_reverse_RMSE	S_2648	reverse	RMSE	feature_combo_dict	A+B+C+D+E	0.6886568469604414
list_incremental_feature_result_dict.pickle	6	S_2648_reverse_RMSE	S_2648	reverse	RMSE	feature_combo_dict	A+B+C+D+E+F	0.6823197935413579
list_incremental_feature_result_dict.pickle	6	S_2648_reverse_RMSE	S_2648	reverse	RMSE	feature_combo_dict	A+B+C+D+E+F+G	0.6807376392190064
list_incremental_feature_result_dict.pickle	6	S_2648_reverse_RMSE	S_2648	reverse	RMSE	feature_combo_dict	A+B+C+D+E+F+G+H	0.6788595492599148
list_incremental_feature_result_dict.pickle	6	S_921_total_PCC	S_921	total	PCC	feature_combo_dict	A	0.6493896318875672
list_incremental_feature_result_dict.pickle	6	S_921_total_PCC	S_921	total	PCC	feature_combo_dict	A+B	0.7003403733185408
list_incremental_feature_result_dict.pickle	6	S_921_total_PCC	S_921	total	PCC	feature_combo_dict	A+B+C	0.6987208528975067
list_incremental_feature_result_dict.pickle	6	S_921_total_PCC	S_921	total	PCC	feature_combo_dict	A+B+C+D	0.7303351218717141
list_incremental_feature_result_dict.pickle	6	S_921_total_PCC	S_921	total	PCC	feature_combo_dict	A+B+C+D+E	0.7590269549287733
list_incremental_feature_result_dict.pickle	6	S_921_total_PCC	S_921	total	PCC	feature_combo_dict	A+B+C+D+E+F	0.7880317403233222
list_incremental_feature_result_dict.pickle	6	S_921_total_PCC	S_921	total	PCC	feature_combo_dict	A+B+C+D+E+F+G	0.791053771143322
list_incremental_feature_result_dict.pickle	6	S_921_total_PCC	S_921	total	PCC	feature_combo_dict	A+B+C+D+E+F+G+H	0.7930609277990942
list_incremental_feature_result_dict.pickle	6	S_921_direct_PCC	S_921	direct	PCC	feature_combo_dict	A	0.5659216428397851
list_incremental_feature_result_dict.pickle	6	S_921_direct_PCC	S_921	direct	PCC	feature_combo_dict	A+B	0.6290538993115699
list_incremental_feature_result_dict.pickle	6	S_921_direct_PCC	S_921	direct	PCC	feature_combo_dict	A+B+C	0.64066671096221
list_incremental_feature_result_dict.pickle	6	S_921_direct_PCC	S_921	direct	PCC	feature_combo_dict	A+B+C+D	0.6869422843396852
list_incremental_feature_result_dict.pickle	6	S_921_direct_PCC	S_921	direct	PCC	feature_combo_dict	A+B+C+D+E	0.7282778145506241
list_incremental_feature_result_dict.pickle	6	S_921_direct_PCC	S_921	direct	PCC	feature_combo_dict	A+B+C+D+E+F	0.7614010670599274
list_incremental_feature_result_dict.pickle	6	S_921_direct_PCC	S_921	direct	PCC	feature_combo_dict	A+B+C+D+E+F+G	0.763945448947622
list_incremental_feature_result_dict.pickle	6	S_921_direct_PCC	S_921	direct	PCC	feature_combo_dict	A+B+C+D+E+F+G+H	0.766697357361772
list_incremental_feature_result_dict.pickle	6	S_921_reverse_PCC	S_921	reverse	PCC	feature_combo_dict	A	0.5648456489053183
list_incremental_feature_result_dict.pickle	6	S_921_reverse_PCC	S_921	reverse	PCC	feature_combo_dict	A+B	0.629424407854806
list_incremental_feature_result_dict.pickle	6	S_921_reverse_PCC	S_921	reverse	PCC	feature_combo_dict	A+B+C	0.6419894763115223
list_incremental_feature_result_dict.pickle	6	S_921_reverse_PCC	S_921	reverse	PCC	feature_combo_dict	A+B+C+D	0.6880837459219179
list_incremental_feature_result_dict.pickle	6	S_921_reverse_PCC	S_921	reverse	PCC	feature_combo_dict	A+B+C+D+E	0.7282077359486607
list_incremental_feature_result_dict.pickle	6	S_921_reverse_PCC	S_921	reverse	PCC	feature_combo_dict	A+B+C+D+E+F	0.7590020822007004
list_incremental_feature_result_dict.pickle	6	S_921_reverse_PCC	S_921	reverse	PCC	feature_combo_dict	A+B+C+D+E+F+G	0.7655548058553234
list_incremental_feature_result_dict.pickle	6	S_921_reverse_PCC	S_921	reverse	PCC	feature_combo_dict	A+B+C+D+E+F+G+H	0.7652453861086138
list_incremental_feature_result_dict.pickle	6	S_921_total_RMSE	S_921	total	RMSE	feature_combo_dict	A	1.7718733017568924
list_incremental_feature_result_dict.pickle	6	S_921_total_RMSE	S_921	total	RMSE	feature_combo_dict	A+B	1.6776899068382691
list_incremental_feature_result_dict.pickle	6	S_921_total_RMSE	S_921	total	RMSE	feature_combo_dict	A+B+C	1.6904439085240608
list_incremental_feature_result_dict.pickle	6	S_921_total_RMSE	S_921	total	RMSE	feature_combo_dict	A+B+C+D	1.6199939083593242
list_incremental_feature_result_dict.pickle	6	S_921_total_RMSE	S_921	total	RMSE	feature_combo_dict	A+B+C+D+E	1.5633069281866088
list_incremental_feature_result_dict.pickle	6	S_921_total_RMSE	S_921	total	RMSE	feature_combo_dict	A+B+C+D+E+F	1.5055537110362833
list_incremental_feature_result_dict.pickle	6	S_921_total_RMSE	S_921	total	RMSE	feature_combo_dict	A+B+C+D+E+F+G	1.5004259092206687
list_incremental_feature_result_dict.pickle	6	S_921_total_RMSE	S_921	total	RMSE	feature_combo_dict	A+B+C+D+E+F+G+H	1.4955083546470533
list_incremental_feature_result_dict.pickle	6	S_921_direct_RMSE	S_921	direct	RMSE	feature_combo_dict	A	1.7710326528208895
list_incremental_feature_result_dict.pickle	6	S_921_direct_RMSE	S_921	direct	RMSE	feature_combo_dict	A+B	1.6782961845592197
list_incremental_feature_result_dict.pickle	6	S_921_direct_RMSE	S_921	direct	RMSE	feature_combo_dict	A+B+C	1.691992896262881
list_incremental_feature_result_dict.pickle	6	S_921_direct_RMSE	S_921	direct	RMSE	feature_combo_dict	A+B+C+D	1.622346207564289
list_incremental_feature_result_dict.pickle	6	S_921_direct_RMSE	S_921	direct	RMSE	feature_combo_dict	A+B+C+D+E	1.5638308019955582
list_incremental_feature_result_dict.pickle	6	S_921_direct_RMSE	S_921	direct	RMSE	feature_combo_dict	A+B+C+D+E+F	1.503978168942093
list_incremental_feature_result_dict.pickle	6	S_921_direct_RMSE	S_921	direct	RMSE	feature_combo_dict	A+B+C+D+E+F+G	1.5008493914401855
list_incremental_feature_result_dict.pickle	6	S_921_direct_RMSE	S_921	direct	RMSE	feature_combo_dict	A+B+C+D+E+F+G+H	1.4950639167217583
list_incremental_feature_result_dict.pickle	6	S_921_reverse_RMSE	S_921	reverse	RMSE	feature_combo_dict	A	1.772713552043856
list_incremental_feature_result_dict.pickle	6	S_921_reverse_RMSE	S_921	reverse	RMSE	feature_combo_dict	A+B	1.6770834099435745
list_incremental_feature_result_dict.pickle	6	S_921_reverse_RMSE	S_921	reverse	RMSE	feature_combo_dict	A+B+C	1.6888935001142473
list_incremental_feature_result_dict.pickle	6	S_921_reverse_RMSE	S_921	reverse	RMSE	feature_combo_dict	A+B+C+D	1.6176381885466256
list_incremental_feature_result_dict.pickle	6	S_921_reverse_RMSE	S_921	reverse	RMSE	feature_combo_dict	A+B+C+D+E	1.5627828787654512
list_incremental_feature_result_dict.pickle	6	S_921_reverse_RMSE	S_921	reverse	RMSE	feature_combo_dict	A+B+C+D+E+F	1.5071276060691867
list_incremental_feature_result_dict.pickle	6	S_921_reverse_RMSE	S_921	reverse	RMSE	feature_combo_dict	A+B+C+D+E+F+G	1.500002307443214
list_incremental_feature_result_dict.pickle	6	S_921_reverse_RMSE	S_921	reverse	RMSE	feature_combo_dict	A+B+C+D+E+F+G+H	1.495952660532702
list_incremental_feature_result_dict.pickle	6	S_669_total_PCC	S_669	total	PCC	feature_combo_dict	A	0.4720599600006182
list_incremental_feature_result_dict.pickle	6	S_669_total_PCC	S_669	total	PCC	feature_combo_dict	A+B	0.5262056943155433
list_incremental_feature_result_dict.pickle	6	S_669_total_PCC	S_669	total	PCC	feature_combo_dict	A+B+C	0.5767215889939445
list_incremental_feature_result_dict.pickle	6	S_669_total_PCC	S_669	total	PCC	feature_combo_dict	A+B+C+D	0.5998021616571756
list_incremental_feature_result_dict.pickle	6	S_669_total_PCC	S_669	total	PCC	feature_combo_dict	A+B+C+D+E	0.6366000992757482
list_incremental_feature_result_dict.pickle	6	S_669_total_PCC	S_669	total	PCC	feature_combo_dict	A+B+C+D+E+F	0.6449932237405106
list_incremental_feature_result_dict.pickle	6	S_669_total_PCC	S_669	total	PCC	feature_combo_dict	A+B+C+D+E+F+G	0.6416329264886372
list_incremental_feature_result_dict.pickle	6	S_669_total_PCC	S_669	total	PCC	feature_combo_dict	A+B+C+D+E+F+G+H	0.6439035388218878
list_incremental_feature_result_dict.pickle	6	S_669_direct_PCC	S_669	direct	PCC	feature_combo_dict	A	0.270780250012329
list_incremental_feature_result_dict.pickle	6	S_669_direct_PCC	S_669	direct	PCC	feature_combo_dict	A+B	0.3297970640373752
list_incremental_feature_result_dict.pickle	6	S_669_direct_PCC	S_669	direct	PCC	feature_combo_dict	A+B+C	0.3641933598793301
list_incremental_feature_result_dict.pickle	6	S_669_direct_PCC	S_669	direct	PCC	feature_combo_dict	A+B+C+D	0.40435436440266165
list_incremental_feature_result_dict.pickle	6	S_669_direct_PCC	S_669	direct	PCC	feature_combo_dict	A+B+C+D+E	0.4675828083066759
list_incremental_feature_result_dict.pickle	6	S_669_direct_PCC	S_669	direct	PCC	feature_combo_dict	A+B+C+D+E+F	0.4780855160004427
list_incremental_feature_result_dict.pickle	6	S_669_direct_PCC	S_669	direct	PCC	feature_combo_dict	A+B+C+D+E+F+G	0.4752322396823457
list_incremental_feature_result_dict.pickle	6	S_669_direct_PCC	S_669	direct	PCC	feature_combo_dict	A+B+C+D+E+F+G+H	0.4778316855560244
list_incremental_feature_result_dict.pickle	6	S_669_reverse_PCC	S_669	reverse	PCC	feature_combo_dict	A	0.27375774442583384
list_incremental_feature_result_dict.pickle	6	S_669_reverse_PCC	S_669	reverse	PCC	feature_combo_dict	A+B	0.327077281243577
list_incremental_feature_result_dict.pickle	6	S_669_reverse_PCC	S_669	reverse	PCC	feature_combo_dict	A+B+C	0.36350786770758553
list_incremental_feature_result_dict.pickle	6	S_669_reverse_PCC	S_669	reverse	PCC	feature_combo_dict	A+B+C+D	0.40612431834170293
list_incremental_feature_result_dict.pickle	6	S_669_reverse_PCC	S_669	reverse	PCC	feature_combo_dict	A+B+C+D+E	0.4676080598344311
list_incremental_feature_result_dict.pickle	6	S_669_reverse_PCC	S_669	reverse	PCC	feature_combo_dict	A+B+C+D+E+F	0.48483898528897473
list_incremental_feature_result_dict.pickle	6	S_669_reverse_PCC	S_669	reverse	PCC	feature_combo_dict	A+B+C+D+E+F+G	0.4761531546700347
list_incremental_feature_result_dict.pickle	6	S_669_reverse_PCC	S_669	reverse	PCC	feature_combo_dict	A+B+C+D+E+F+G+H	0.4806460567917976
list_incremental_feature_result_dict.pickle	6	S_669_total_RMSE	S_669	total	RMSE	feature_combo_dict	A	1.719467378039674
list_incremental_feature_result_dict.pickle	6	S_669_total_RMSE	S_669	total	RMSE	feature_combo_dict	A+B	1.6260502307550517
list_incremental_feature_result_dict.pickle	6	S_669_total_RMSE	S_669	total	RMSE	feature_combo_dict	A+B+C	1.552682473295085
list_incremental_feature_result_dict.pickle	6	S_669_total_RMSE	S_669	total	RMSE	feature_combo_dict	A+B+C+D	1.5205429676167168
list_incremental_feature_result_dict.pickle	6	S_669_total_RMSE	S_669	total	RMSE	feature_combo_dict	A+B+C+D+E	1.4636829330773171
list_incremental_feature_result_dict.pickle	6	S_669_total_RMSE	S_669	total	RMSE	feature_combo_dict	A+B+C+D+E+F	1.4504018396595388
list_incremental_feature_result_dict.pickle	6	S_669_total_RMSE	S_669	total	RMSE	feature_combo_dict	A+B+C+D+E+F+G	1.455825550453196
list_incremental_feature_result_dict.pickle	6	S_669_total_RMSE	S_669	total	RMSE	feature_combo_dict	A+B+C+D+E+F+G+H	1.452433580406295
list_incremental_feature_result_dict.pickle	6	S_669_direct_RMSE	S_669	direct	RMSE	feature_combo_dict	A	1.7205133204526988
list_incremental_feature_result_dict.pickle	6	S_669_direct_RMSE	S_669	direct	RMSE	feature_combo_dict	A+B	1.6250655969758905
list_incremental_feature_result_dict.pickle	6	S_669_direct_RMSE	S_669	direct	RMSE	feature_combo_dict	A+B+C	1.5526507990940115
list_incremental_feature_result_dict.pickle	6	S_669_direct_RMSE	S_669	direct	RMSE	feature_combo_dict	A+B+C+D	1.5213990757126514
list_incremental_feature_result_dict.pickle	6	S_669_direct_RMSE	S_669	direct	RMSE	feature_combo_dict	A+B+C+D+E	1.4637971636521188
list_incremental_feature_result_dict.pickle	6	S_669_direct_RMSE	S_669	direct	RMSE	feature_combo_dict	A+B+C+D+E+F	1.4537299346108612
list_incremental_feature_result_dict.pickle	6	S_669_direct_RMSE	S_669	direct	RMSE	feature_combo_dict	A+B+C+D+E+F+G	1.4565980499171935
list_incremental_feature_result_dict.pickle	6	S_669_direct_RMSE	S_669	direct	RMSE	feature_combo_dict	A+B+C+D+E+F+G+H	1.4537552612109208
list_incremental_feature_result_dict.pickle	6	S_669_reverse_RMSE	S_669	reverse	RMSE	feature_combo_dict	A	1.7184207989983398
list_incremental_feature_result_dict.pickle	6	S_669_reverse_RMSE	S_669	reverse	RMSE	feature_combo_dict	A+B	1.6270342686626202
list_incremental_feature_result_dict.pickle	6	S_669_reverse_RMSE	S_669	reverse	RMSE	feature_combo_dict	A+B+C	1.5527141468500287
list_incremental_feature_result_dict.pickle	6	S_669_reverse_RMSE	S_669	reverse	RMSE	feature_combo_dict	A+B+C+D	1.5196863772364329
list_incremental_feature_result_dict.pickle	6	S_669_reverse_RMSE	S_669	reverse	RMSE	feature_combo_dict	A+B+C+D+E	1.4635686935868946
list_incremental_feature_result_dict.pickle	6	S_669_reverse_RMSE	S_669	reverse	RMSE	feature_combo_dict	A+B+C+D+E+F	1.447066090471285
list_incremental_feature_result_dict.pickle	6	S_669_reverse_RMSE	S_669	reverse	RMSE	feature_combo_dict	A+B+C+D+E+F+G	1.4550526408629112
list_incremental_feature_result_dict.pickle	6	S_669_reverse_RMSE	S_669	reverse	RMSE	feature_combo_dict	A+B+C+D+E+F+G+H	1.451110695806928
list_incremental_feature_result_dict.pickle	6	Ssym_total_PCC	Ssym	total	PCC	feature_combo_dict	A	0.6379080446688898
list_incremental_feature_result_dict.pickle	6	Ssym_total_PCC	Ssym	total	PCC	feature_combo_dict	A+B	0.7014853265978914
list_incremental_feature_result_dict.pickle	6	Ssym_total_PCC	Ssym	total	PCC	feature_combo_dict	A+B+C	0.7169635084587521
list_incremental_feature_result_dict.pickle	6	Ssym_total_PCC	Ssym	total	PCC	feature_combo_dict	A+B+C+D	0.743780411251969
list_incremental_feature_result_dict.pickle	6	Ssym_total_PCC	Ssym	total	PCC	feature_combo_dict	A+B+C+D+E	0.786525214892974
list_incremental_feature_result_dict.pickle	6	Ssym_total_PCC	Ssym	total	PCC	feature_combo_dict	A+B+C+D+E+F	0.8020538974230459
list_incremental_feature_result_dict.pickle	6	Ssym_total_PCC	Ssym	total	PCC	feature_combo_dict	A+B+C+D+E+F+G	0.809249684429653
list_incremental_feature_result_dict.pickle	6	Ssym_total_PCC	Ssym	total	PCC	feature_combo_dict	A+B+C+D+E+F+G+H	0.8095439557494913
list_incremental_feature_result_dict.pickle	6	Ssym_direct_PCC	Ssym	direct	PCC	feature_combo_dict	A	0.4388669650475422
list_incremental_feature_result_dict.pickle	6	Ssym_direct_PCC	Ssym	direct	PCC	feature_combo_dict	A+B	0.526814610232561
list_incremental_feature_result_dict.pickle	6	Ssym_direct_PCC	Ssym	direct	PCC	feature_combo_dict	A+B+C	0.5516987425718087
list_incremental_feature_result_dict.pickle	6	Ssym_direct_PCC	Ssym	direct	PCC	feature_combo_dict	A+B+C+D	0.6022682260899411
list_incremental_feature_result_dict.pickle	6	Ssym_direct_PCC	Ssym	direct	PCC	feature_combo_dict	A+B+C+D+E	0.6787862075204081
list_incremental_feature_result_dict.pickle	6	Ssym_direct_PCC	Ssym	direct	PCC	feature_combo_dict	A+B+C+D+E+F	0.7027931038716699
list_incremental_feature_result_dict.pickle	6	Ssym_direct_PCC	Ssym	direct	PCC	feature_combo_dict	A+B+C+D+E+F+G	0.7139177389276907
list_incremental_feature_result_dict.pickle	6	Ssym_direct_PCC	Ssym	direct	PCC	feature_combo_dict	A+B+C+D+E+F+G+H	0.7173905138431811
list_incremental_feature_result_dict.pickle	6	Ssym_reverse_PCC	Ssym	reverse	PCC	feature_combo_dict	A	0.43696392793137107
list_incremental_feature_result_dict.pickle	6	Ssym_reverse_PCC	Ssym	reverse	PCC	feature_combo_dict	A+B	0.5276447895559263
list_incremental_feature_result_dict.pickle	6	Ssym_reverse_PCC	Ssym	reverse	PCC	feature_combo_dict	A+B+C	0.5526217529247872
list_incremental_feature_result_dict.pickle	6	Ssym_reverse_PCC	Ssym	reverse	PCC	feature_combo_dict	A+B+C+D	0.6016438501383063
list_incremental_feature_result_dict.pickle	6	Ssym_reverse_PCC	Ssym	reverse	PCC	feature_combo_dict	A+B+C+D+E	0.6764236422066227
list_incremental_feature_result_dict.pickle	6	Ssym_reverse_PCC	Ssym	reverse	PCC	feature_combo_dict	A+B+C+D+E+F	0.7035570008910654
list_incremental_feature_result_dict.pickle	6	Ssym_reverse_PCC	Ssym	reverse	PCC	feature_combo_dict	A+B+C+D+E+F+G	0.7178189636826754
list_incremental_feature_result_dict.pickle	6	Ssym_reverse_PCC	Ssym	reverse	PCC	feature_combo_dict	A+B+C+D+E+F+G+H	0.7139524354486376
list_incremental_feature_result_dict.pickle	6	Ssym_total_RMSE	Ssym	total	RMSE	feature_combo_dict	A	1.4636302584621443
list_incremental_feature_result_dict.pickle	6	Ssym_total_RMSE	Ssym	total	RMSE	feature_combo_dict	A+B	1.3229014006859474
list_incremental_feature_result_dict.pickle	6	Ssym_total_RMSE	Ssym	total	RMSE	feature_combo_dict	A+B+C	1.2920636639826268
list_incremental_feature_result_dict.pickle	6	Ssym_total_RMSE	Ssym	total	RMSE	feature_combo_dict	A+B+C+D	1.2390762697739628
list_incremental_feature_result_dict.pickle	6	Ssym_total_RMSE	Ssym	total	RMSE	feature_combo_dict	A+B+C+D+E	1.1490271367216733
list_incremental_feature_result_dict.pickle	6	Ssym_total_RMSE	Ssym	total	RMSE	feature_combo_dict	A+B+C+D+E+F	1.122128922849214
list_incremental_feature_result_dict.pickle	6	Ssym_total_RMSE	Ssym	total	RMSE	feature_combo_dict	A+B+C+D+E+F+G	1.1056188641166735
list_incremental_feature_result_dict.pickle	6	Ssym_total_RMSE	Ssym	total	RMSE	feature_combo_dict	A+B+C+D+E+F+G+H	1.1063644448850696
list_incremental_feature_result_dict.pickle	6	Ssym_direct_RMSE	Ssym	direct	RMSE	feature_combo_dict	A	1.4626631510988628
list_incremental_feature_result_dict.pickle	6	Ssym_direct_RMSE	Ssym	direct	RMSE	feature_combo_dict	A+B	1.3233760472955354
list_incremental_feature_result_dict.pickle	6	Ssym_direct_RMSE	Ssym	direct	RMSE	feature_combo_dict	A+B+C	1.2925206043385793
list_incremental_feature_result_dict.pickle	6	Ssym_direct_RMSE	Ssym	direct	RMSE	feature_combo_dict	A+B+C+D	1.2386227444122921
list_incremental_feature_result_dict.pickle	6	Ssym_direct_RMSE	Ssym	direct	RMSE	feature_combo_dict	A+B+C+D+E	1.147628379378776
list_incremental_feature_result_dict.pickle	6	Ssym_direct_RMSE	Ssym	direct	RMSE	feature_combo_dict	A+B+C+D+E+F	1.1227117818543724
list_incremental_feature_result_dict.pickle	6	Ssym_direct_RMSE	Ssym	direct	RMSE	feature_combo_dict	A+B+C+D+E+F+G	1.109321894429574
list_incremental_feature_result_dict.pickle	6	Ssym_direct_RMSE	Ssym	direct	RMSE	feature_combo_dict	A+B+C+D+E+F+G+H	1.1045844710979071
list_incremental_feature_result_dict.pickle	6	Ssym_reverse_RMSE	Ssym	reverse	RMSE	feature_combo_dict	A	1.4645967272220268
list_incremental_feature_result_dict.pickle	6	Ssym_reverse_RMSE	Ssym	reverse	RMSE	feature_combo_dict	A+B	1.3224265837157572
list_incremental_feature_result_dict.pickle	6	Ssym_reverse_RMSE	Ssym	reverse	RMSE	feature_combo_dict	A+B+C	1.2916065619718162
list_incremental_feature_result_dict.pickle	6	Ssym_reverse_RMSE	Ssym	reverse	RMSE	feature_combo_dict	A+B+C+D	1.2395296291974949
list_incremental_feature_result_dict.pickle	6	Ssym_reverse_RMSE	Ssym	reverse	RMSE	feature_combo_dict	A+B+C+D+E	1.1504241933695842
list_incremental_feature_result_dict.pickle	6	Ssym_reverse_RMSE	Ssym	reverse	RMSE	feature_combo_dict	A+B+C+D+E+F	1.1215457609365984
list_incremental_feature_result_dict.pickle	6	Ssym_reverse_RMSE	Ssym	reverse	RMSE	feature_combo_dict	A+B+C+D+E+F+G	1.1019033895584802
list_incremental_feature_result_dict.pickle	6	Ssym_reverse_RMSE	Ssym	reverse	RMSE	feature_combo_dict	A+B+C+D+E+F+G+H	1.108141559558639
list_incremental_feature_result_dict.pickle	7	S_2648_total_PCC	S_2648	total	PCC	feature_combo_dict	A	0.8829818075692912
list_incremental_feature_result_dict.pickle	7	S_2648_total_PCC	S_2648	total	PCC	feature_combo_dict	A+B	0.9035938416896669
list_incremental_feature_result_dict.pickle	7	S_2648_total_PCC	S_2648	total	PCC	feature_combo_dict	A+B+C	0.9120914036488907
list_incremental_feature_result_dict.pickle	7	S_2648_total_PCC	S_2648	total	PCC	feature_combo_dict	A+B+C+D	0.9172374259360767
list_incremental_feature_result_dict.pickle	7	S_2648_total_PCC	S_2648	total	PCC	feature_combo_dict	A+B+C+D+E	0.9324797201550862
list_incremental_feature_result_dict.pickle	7	S_2648_total_PCC	S_2648	total	PCC	feature_combo_dict	A+B+C+D+E+F	0.9341030587110605
list_incremental_feature_result_dict.pickle	7	S_2648_total_PCC	S_2648	total	PCC	feature_combo_dict	A+B+C+D+E+F+G	0.9350219238662436
list_incremental_feature_result_dict.pickle	7	S_2648_total_PCC	S_2648	total	PCC	feature_combo_dict	A+B+C+D+E+F+G+H	0.9353079107641395
list_incremental_feature_result_dict.pickle	7	S_2648_direct_PCC	S_2648	direct	PCC	feature_combo_dict	A	0.8212374149901769
list_incremental_feature_result_dict.pickle	7	S_2648_direct_PCC	S_2648	direct	PCC	feature_combo_dict	A+B	0.8564820612471368
list_incremental_feature_result_dict.pickle	7	S_2648_direct_PCC	S_2648	direct	PCC	feature_combo_dict	A+B+C	0.8871765117269225
list_incremental_feature_result_dict.pickle	7	S_2648_direct_PCC	S_2648	direct	PCC	feature_combo_dict	A+B+C+D	0.8924932783908887
list_incremental_feature_result_dict.pickle	7	S_2648_direct_PCC	S_2648	direct	PCC	feature_combo_dict	A+B+C+D+E	0.9124023237855441
list_incremental_feature_result_dict.pickle	7	S_2648_direct_PCC	S_2648	direct	PCC	feature_combo_dict	A+B+C+D+E+F	0.9161055442232461
list_incremental_feature_result_dict.pickle	7	S_2648_direct_PCC	S_2648	direct	PCC	feature_combo_dict	A+B+C+D+E+F+G	0.918639870712917
list_incremental_feature_result_dict.pickle	7	S_2648_direct_PCC	S_2648	direct	PCC	feature_combo_dict	A+B+C+D+E+F+G+H	0.9183541499410842
list_incremental_feature_result_dict.pickle	7	S_2648_reverse_PCC	S_2648	reverse	PCC	feature_combo_dict	A	0.8206505113934394
list_incremental_feature_result_dict.pickle	7	S_2648_reverse_PCC	S_2648	reverse	PCC	feature_combo_dict	A+B	0.8567717940802331
list_incremental_feature_result_dict.pickle	7	S_2648_reverse_PCC	S_2648	reverse	PCC	feature_combo_dict	A+B+C	0.8867571163325066
list_incremental_feature_result_dict.pickle	7	S_2648_reverse_PCC	S_2648	reverse	PCC	feature_combo_dict	A+B+C+D	0.8920329970706442
list_incremental_feature_result_dict.pickle	7	S_2648_reverse_PCC	S_2648	reverse	PCC	feature_combo_dict	A+B+C+D+E	0.911068960542114
list_incremental_feature_result_dict.pickle	7	S_2648_reverse_PCC	S_2648	reverse	PCC	feature_combo_dict	A+B+C+D+E+F	0.9143092039498047
list_incremental_feature_result_dict.pickle	7	S_2648_reverse_PCC	S_2648	reverse	PCC	feature_combo_dict	A+B+C+D+E+F+G	0.9150298357065546
list_incremental_feature_result_dict.pickle	7	S_2648_reverse_PCC	S_2648	reverse	PCC	feature_combo_dict	A+B+C+D+E+F+G+H	0.9167465244120848
list_incremental_feature_result_dict.pickle	7	S_2648_total_RMSE	S_2648	total	RMSE	feature_combo_dict	A	0.8583435561557191
list_incremental_feature_result_dict.pickle	7	S_2648_total_RMSE	S_2648	total	RMSE	feature_combo_dict	A+B	0.8026438628759125
list_incremental_feature_result_dict.pickle	7	S_2648_total_RMSE	S_2648	total	RMSE	feature_combo_dict	A+B+C	0.775986170244721
list_incremental_feature_result_dict.pickle	7	S_2648_total_RMSE	S_2648	total	RMSE	feature_combo_dict	A+B+C+D	0.7539458655180464
list_incremental_feature_result_dict.pickle	7	S_2648_total_RMSE	S_2648	total	RMSE	feature_combo_dict	A+B+C+D+E	0.6897908075748833
list_incremental_feature_result_dict.pickle	7	S_2648_total_RMSE	S_2648	total	RMSE	feature_combo_dict	A+B+C+D+E+F	0.6814224605642043
list_incremental_feature_result_dict.pickle	7	S_2648_total_RMSE	S_2648	total	RMSE	feature_combo_dict	A+B+C+D+E+F+G	0.679312210686449
list_incremental_feature_result_dict.pickle	7	S_2648_total_RMSE	S_2648	total	RMSE	feature_combo_dict	A+B+C+D+E+F+G+H	0.6788424428277534
list_incremental_feature_result_dict.pickle	7	S_2648_direct_RMSE	S_2648	direct	RMSE	feature_combo_dict	A	0.8582157311968481
list_incremental_feature_result_dict.pickle	7	S_2648_direct_RMSE	S_2648	direct	RMSE	feature_combo_dict	A+B	0.8037256758915498
list_incremental_feature_result_dict.pickle	7	S_2648_direct_RMSE	S_2648	direct	RMSE	feature_combo_dict	A+B+C	0.7758589692102359
list_incremental_feature_result_dict.pickle	7	S_2648_direct_RMSE	S_2648	direct	RMSE	feature_combo_dict	A+B+C+D	0.753023173324882
list_incremental_feature_result_dict.pickle	7	S_2648_direct_RMSE	S_2648	direct	RMSE	feature_combo_dict	A+B+C+D+E	0.6883705371565458
list_incremental_feature_result_dict.pickle	7	S_2648_direct_RMSE	S_2648	direct	RMSE	feature_combo_dict	A+B+C+D+E+F	0.6790213984342494
list_incremental_feature_result_dict.pickle	7	S_2648_direct_RMSE	S_2648	direct	RMSE	feature_combo_dict	A+B+C+D+E+F+G	0.6750082748722084
list_incremental_feature_result_dict.pickle	7	S_2648_direct_RMSE	S_2648	direct	RMSE	feature_combo_dict	A+B+C+D+E+F+G+H	0.6765099596412021
list_incremental_feature_result_dict.pickle	7	S_2648_reverse_RMSE	S_2648	reverse	RMSE	feature_combo_dict	A	0.8584713620816663
list_incremental_feature_result_dict.pickle	7	S_2648_reverse_RMSE	S_2648	reverse	RMSE	feature_combo_dict	A+B	0.80156058981053
list_incremental_feature_result_dict.pickle	7	S_2648_reverse_RMSE	S_2648	reverse	RMSE	feature_combo_dict	A+B+C	0.7761133504316031
list_incremental_feature_result_dict.pickle	7	S_2648_reverse_RMSE	S_2648	reverse	RMSE	feature_combo_dict	A+B+C+D	0.7548674298837095
list_incremental_feature_result_dict.pickle	7	S_2648_reverse_RMSE	S_2648	reverse	RMSE	feature_combo_dict	A+B+C+D+E	0.6912081596772625
list_incremental_feature_result_dict.pickle	7	S_2648_reverse_RMSE	S_2648	reverse	RMSE	feature_combo_dict	A+B+C+D+E+F	0.6838150919591828
list_incremental_feature_result_dict.pickle	7	S_2648_reverse_RMSE	S_2648	reverse	RMSE	feature_combo_dict	A+B+C+D+E+F+G	0.6835890490853889
list_incremental_feature_result_dict.pickle	7	S_2648_reverse_RMSE	S_2648	reverse	RMSE	feature_combo_dict	A+B+C+D+E+F+G+H	0.6811669390648392
list_incremental_feature_result_dict.pickle	7	S_921_total_PCC	S_921	total	PCC	feature_combo_dict	A	0.6500025927976505
list_incremental_feature_result_dict.pickle	7	S_921_total_PCC	S_921	total	PCC	feature_combo_dict	A+B	0.7002356001119358
list_incremental_feature_result_dict.pickle	7	S_921_total_PCC	S_921	total	PCC	feature_combo_dict	A+B+C	0.6984175770952379
list_incremental_feature_result_dict.pickle	7	S_921_total_PCC	S_921	total	PCC	feature_combo_dict	A+B+C+D	0.729924940901473
list_incremental_feature_result_dict.pickle	7	S_921_total_PCC	S_921	total	PCC	feature_combo_dict	A+B+C+D+E	0.7586753755122094
list_incremental_feature_result_dict.pickle	7	S_921_total_PCC	S_921	total	PCC	feature_combo_dict	A+B+C+D+E+F	0.7865589106011359
list_incremental_feature_result_dict.pickle	7	S_921_total_PCC	S_921	total	PCC	feature_combo_dict	A+B+C+D+E+F+G	0.7924931141814948
list_incremental_feature_result_dict.pickle	7	S_921_total_PCC	S_921	total	PCC	feature_combo_dict	A+B+C+D+E+F+G+H	0.7950661377037104
list_incremental_feature_result_dict.pickle	7	S_921_direct_PCC	S_921	direct	PCC	feature_combo_dict	A	0.5659784492647619
list_incremental_feature_result_dict.pickle	7	S_921_direct_PCC	S_921	direct	PCC	feature_combo_dict	A+B	0.6285005703978036
list_incremental_feature_result_dict.pickle	7	S_921_direct_PCC	S_921	direct	PCC	feature_combo_dict	A+B+C	0.6419708353351247
list_incremental_feature_result_dict.pickle	7	S_921_direct_PCC	S_921	direct	PCC	feature_combo_dict	A+B+C+D	0.6860615050332065
list_incremental_feature_result_dict.pickle	7	S_921_direct_PCC	S_921	direct	PCC	feature_combo_dict	A+B+C+D+E	0.7271868224969382
list_incremental_feature_result_dict.pickle	7	S_921_direct_PCC	S_921	direct	PCC	feature_combo_dict	A+B+C+D+E+F	0.7594549838675022
list_incremental_feature_result_dict.pickle	7	S_921_direct_PCC	S_921	direct	PCC	feature_combo_dict	A+B+C+D+E+F+G	0.7631872961401022
list_incremental_feature_result_dict.pickle	7	S_921_direct_PCC	S_921	direct	PCC	feature_combo_dict	A+B+C+D+E+F+G+H	0.7678607962293362
list_incremental_feature_result_dict.pickle	7	S_921_reverse_PCC	S_921	reverse	PCC	feature_combo_dict	A	0.5662941448180515
list_incremental_feature_result_dict.pickle	7	S_921_reverse_PCC	S_921	reverse	PCC	feature_combo_dict	A+B	0.6296909787927047
list_incremental_feature_result_dict.pickle	7	S_921_reverse_PCC	S_921	reverse	PCC	feature_combo_dict	A+B+C	0.6408926514168637
list_incremental_feature_result_dict.pickle	7	S_921_reverse_PCC	S_921	reverse	PCC	feature_combo_dict	A+B+C+D	0.6874398300359741
list_incremental_feature_result_dict.pickle	7	S_921_reverse_PCC	S_921	reverse	PCC	feature_combo_dict	A+B+C+D+E	0.7280856395523624
list_incremental_feature_result_dict.pickle	7	S_921_reverse_PCC	S_921	reverse	PCC	feature_combo_dict	A+B+C+D+E+F	0.7590587228463782
list_incremental_feature_result_dict.pickle	7	S_921_reverse_PCC	S_921	reverse	PCC	feature_combo_dict	A+B+C+D+E+F+G	0.7680466386809965
list_incremental_feature_result_dict.pickle	7	S_921_reverse_PCC	S_921	reverse	PCC	feature_combo_dict	A+B+C+D+E+F+G+H	0.7665907878124765
list_incremental_feature_result_dict.pickle	7	S_921_total_RMSE	S_921	total	RMSE	feature_combo_dict	A	1.7706647766966634
list_incremental_feature_result_dict.pickle	7	S_921_total_RMSE	S_921	total	RMSE	feature_combo_dict	A+B	1.678186061980466
list_incremental_feature_result_dict.pickle	7	S_921_total_RMSE	S_921	total	RMSE	feature_combo_dict	A+B+C	1.6905781301561442
list_incremental_feature_result_dict.pickle	7	S_921_total_RMSE	S_921	total	RMSE	feature_combo_dict	A+B+C+D	1.6215228103761248
list_incremental_feature_result_dict.pickle	7	S_921_total_RMSE	S_921	total	RMSE	feature_combo_dict	A+B+C+D+E	1.5637073647621587
list_incremental_feature_result_dict.pickle	7	S_921_total_RMSE	S_921	total	RMSE	feature_combo_dict	A+B+C+D+E+F	1.5073750925486435
list_incremental_feature_result_dict.pickle	7	S_921_total_RMSE	S_921	total	RMSE	feature_combo_dict	A+B+C+D+E+F+G	1.4955409580500612
list_incremental_feature_result_dict.pickle	7	S_921_total_RMSE	S_921	total	RMSE	feature_combo_dict	A+B+C+D+E+F+G+H	1.4917281419126847
list_incremental_feature_result_dict.pickle	7	S_921_direct_RMSE	S_921	direct	RMSE	feature_combo_dict	A	1.771086160765458
list_incremental_feature_result_dict.pickle	7	S_921_direct_RMSE	S_921	direct	RMSE	feature_combo_dict	A+B	1.6791995638630088
list_incremental_feature_result_dict.pickle	7	S_921_direct_RMSE	S_921	direct	RMSE	feature_combo_dict	A+B+C	1.6899780267986637
list_incremental_feature_result_dict.pickle	7	S_921_direct_RMSE	S_921	direct	RMSE	feature_combo_dict	A+B+C+D	1.6215087288697705
list_incremental_feature_result_dict.pickle	7	S_921_direct_RMSE	S_921	direct	RMSE	feature_combo_dict	A+B+C+D+E	1.5647072770846902
list_incremental_feature_result_dict.pickle	7	S_921_direct_RMSE	S_921	direct	RMSE	feature_combo_dict	A+B+C+D+E+F	1.507052489685601
list_incremental_feature_result_dict.pickle	7	S_921_direct_RMSE	S_921	direct	RMSE	feature_combo_dict	A+B+C+D+E+F+G	1.4976361233096
list_incremental_feature_result_dict.pickle	7	S_921_direct_RMSE	S_921	direct	RMSE	feature_combo_dict	A+B+C+D+E+F+G+H	1.490104357826457
list_incremental_feature_result_dict.pickle	7	S_921_reverse_RMSE	S_921	reverse	RMSE	feature_combo_dict	A	1.7702432923227134
list_incremental_feature_result_dict.pickle	7	S_921_reverse_RMSE	S_921	reverse	RMSE	feature_combo_dict	A+B	1.677171947646779
list_incremental_feature_result_dict.pickle	7	S_921_reverse_RMSE	S_921	reverse	RMSE	feature_combo_dict	A+B+C	1.691178020570923
list_incremental_feature_result_dict.pickle	7	S_921_reverse_RMSE	S_921	reverse	RMSE	feature_combo_dict	A+B+C+D	1.6215368917601942
list_incremental_feature_result_dict.pickle	7	S_921_reverse_RMSE	S_921	reverse	RMSE	feature_combo_dict	A+B+C+D+E	1.5627068126366652
list_incremental_feature_result_dict.pickle	7	S_921_reverse_RMSE	S_921	reverse	RMSE	feature_combo_dict	A+B+C+D+E+F	1.5076976263841808
list_incremental_feature_result_dict.pickle	7	S_921_reverse_RMSE	S_921	reverse	RMSE	feature_combo_dict	A+B+C+D+E+F+G	1.493442853466038
list_incremental_feature_result_dict.pickle	7	S_921_reverse_RMSE	S_921	reverse	RMSE	feature_combo_dict	A+B+C+D+E+F+G+H	1.4933501603894326
list_incremental_feature_result_dict.pickle	7	S_669_total_PCC	S_669	total	PCC	feature_combo_dict	A	0.47252183242165124
list_incremental_feature_result_dict.pickle	7	S_669_total_PCC	S_669	total	PCC	feature_combo_dict	A+B	0.5261620631424948
list_incremental_feature_result_dict.pickle	7	S_669_total_PCC	S_669	total	PCC	feature_combo_dict	A+B+C	0.5767652027104972
list_incremental_feature_result_dict.pickle	7	S_669_total_PCC	S_669	total	PCC	feature_combo_dict	A+B+C+D	0.6004033417557414
list_incremental_feature_result_dict.pickle	7	S_669_total_PCC	S_669	total	PCC	feature_combo_dict	A+B+C+D+E	0.6368309217903698
list_incremental_feature_result_dict.pickle	7	S_669_total_PCC	S_669	total	PCC	feature_combo_dict	A+B+C+D+E+F	0.6425193441569403
list_incremental_feature_result_dict.pickle	7	S_669_total_PCC	S_669	total	PCC	feature_combo_dict	A+B+C+D+E+F+G	0.6444717397096009
list_incremental_feature_result_dict.pickle	7	S_669_total_PCC	S_669	total	PCC	feature_combo_dict	A+B+C+D+E+F+G+H	0.644216169470366
list_incremental_feature_result_dict.pickle	7	S_669_direct_PCC	S_669	direct	PCC	feature_combo_dict	A	0.2743347893441414
list_incremental_feature_result_dict.pickle	7	S_669_direct_PCC	S_669	direct	PCC	feature_combo_dict	A+B	0.3311722617616106
list_incremental_feature_result_dict.pickle	7	S_669_direct_PCC	S_669	direct	PCC	feature_combo_dict	A+B+C	0.3599423778478871
list_incremental_feature_result_dict.pickle	7	S_669_direct_PCC	S_669	direct	PCC	feature_combo_dict	A+B+C+D	0.4047639986109664
list_incremental_feature_result_dict.pickle	7	S_669_direct_PCC	S_669	direct	PCC	feature_combo_dict	A+B+C+D+E	0.46794201783944056
list_incremental_feature_result_dict.pickle	7	S_669_direct_PCC	S_669	direct	PCC	feature_combo_dict	A+B+C+D+E+F	0.4768261612005024
list_incremental_feature_result_dict.pickle	7	S_669_direct_PCC	S_669	direct	PCC	feature_combo_dict	A+B+C+D+E+F+G	0.4807515134463366
list_incremental_feature_result_dict.pickle	7	S_669_direct_PCC	S_669	direct	PCC	feature_combo_dict	A+B+C+D+E+F+G+H	0.48281786444591507
list_incremental_feature_result_dict.pickle	7	S_669_reverse_PCC	S_669	reverse	PCC	feature_combo_dict	A	0.2736231551471657
list_incremental_feature_result_dict.pickle	7	S_669_reverse_PCC	S_669	reverse	PCC	feature_combo_dict	A+B	0.32569238007887424
list_incremental_feature_result_dict.pickle	7	S_669_reverse_PCC	S_669	reverse	PCC	feature_combo_dict	A+B+C	0.3684264234850771
list_incremental_feature_result_dict.pickle	7	S_669_reverse_PCC	S_669	reverse	PCC	feature_combo_dict	A+B+C+D	0.4081085631241801
list_incremental_feature_result_dict.pickle	7	S_669_reverse_PCC	S_669	reverse	PCC	feature_combo_dict	A+B+C+D+E	0.4685355074008168
list_incremental_feature_result_dict.pickle	7	S_669_reverse_PCC	S_669	reverse	PCC	feature_combo_dict	A+B+C+D+E+F	0.47797060514779927
list_incremental_feature_result_dict.pickle	7	S_669_reverse_PCC	S_669	reverse	PCC	feature_combo_dict	A+B+C+D+E+F+G	0.48032651967319007
list_incremental_feature_result_dict.pickle	7	S_669_reverse_PCC	S_669	reverse	PCC	feature_combo_dict	A+B+C+D+E+F+G+H	0.4769849924055806
list_incremental_feature_result_dict.pickle	7	S_669_total_RMSE	S_669	total	RMSE	feature_combo_dict	A	1.7191340091560603
list_incremental_feature_result_dict.pickle	7	S_669_total_RMSE	S_669	total	RMSE	feature_combo_dict	A+B	1.626003946406004
list_incremental_feature_result_dict.pickle	7	S_669_total_RMSE	S_669	total	RMSE	feature_combo_dict	A+B+C	1.5528102493823361
list_incremental_feature_result_dict.pickle	7	S_669_total_RMSE	S_669	total	RMSE	feature_combo_dict	A+B+C+D	1.519690836248113
list_incremental_feature_result_dict.pickle	7	S_669_total_RMSE	S_669	total	RMSE	feature_combo_dict	A+B+C+D+E	1.4633439828497719
list_incremental_feature_result_dict.pickle	7	S_669_total_RMSE	S_669	total	RMSE	feature_combo_dict	A+B+C+D+E+F	1.4541968783467447
list_incremental_feature_result_dict.pickle	7	S_669_total_RMSE	S_669	total	RMSE	feature_combo_dict	A+B+C+D+E+F+G	1.451322050481057
list_incremental_feature_result_dict.pickle	7	S_669_total_RMSE	S_669	total	RMSE	feature_combo_dict	A+B+C+D+E+F+G+H	1.452005131903783
list_incremental_feature_result_dict.pickle	7	S_669_direct_RMSE	S_669	direct	RMSE	feature_combo_dict	A	1.7190897073561722
list_incremental_feature_result_dict.pickle	7	S_669_direct_RMSE	S_669	direct	RMSE	feature_combo_dict	A+B	1.621976817130207
list_incremental_feature_result_dict.pickle	7	S_669_direct_RMSE	S_669	direct	RMSE	feature_combo_dict	A+B+C	1.5560749796191908
list_incremental_feature_result_dict.pickle	7	S_669_direct_RMSE	S_669	direct	RMSE	feature_combo_dict	A+B+C+D	1.5209838345159798
list_incremental_feature_result_dict.pickle	7	S_669_direct_RMSE	S_669	direct	RMSE	feature_combo_dict	A+B+C+D+E	1.4636203133285928
list_incremental_feature_result_dict.pickle	7	S_669_direct_RMSE	S_669	direct	RMSE	feature_combo_dict	A+B+C+D+E+F	1.4546992141761697
list_incremental_feature_result_dict.pickle	7	S_669_direct_RMSE	S_669	direct	RMSE	feature_combo_dict	A+B+C+D+E+F+G	1.4513491636359714
list_incremental_feature_result_dict.pickle	7	S_669_direct_RMSE	S_669	direct	RMSE	feature_combo_dict	A+B+C+D+E+F+G+H	1.449338646286665
list_incremental_feature_result_dict.pickle	7	S_669_reverse_RMSE	S_669	reverse	RMSE	feature_combo_dict	A	1.7191783098143276
list_incremental_feature_result_dict.pickle	7	S_669_reverse_RMSE	S_669	reverse	RMSE	feature_combo_dict	A+B	1.6300211262888473
list_incremental_feature_result_dict.pickle	7	S_669_reverse_RMSE	S_669	reverse	RMSE	feature_combo_dict	A+B+C	1.5495386406852854
list_incremental_feature_result_dict.pickle	7	S_669_reverse_RMSE	S_669	reverse	RMSE	feature_combo_dict	A+B+C+D	1.5183967369215607
list_incremental_feature_result_dict.pickle	7	S_669_reverse_RMSE	S_669	reverse	RMSE	feature_combo_dict	A+B+C+D+E	1.463067600180244
list_incremental_feature_result_dict.pickle	7	S_669_reverse_RMSE	S_669	reverse	RMSE	feature_combo_dict	A+B+C+D+E+F	1.4536943689311275
list_incremental_feature_result_dict.pickle	7	S_669_reverse_RMSE	S_669	reverse	RMSE	feature_combo_dict	A+B+C+D+E+F+G	1.451294936819613
list_incremental_feature_result_dict.pickle	7	S_669_reverse_RMSE	S_669	reverse	RMSE	feature_combo_dict	A+B+C+D+E+F+G+H	1.4546667297115792
list_incremental_feature_result_dict.pickle	7	Ssym_total_PCC	Ssym	total	PCC	feature_combo_dict	A	0.6413241209117607
list_incremental_feature_result_dict.pickle	7	Ssym_total_PCC	Ssym	total	PCC	feature_combo_dict	A+B	0.7013067848711227
list_incremental_feature_result_dict.pickle	7	Ssym_total_PCC	Ssym	total	PCC	feature_combo_dict	A+B+C	0.7163091740629078
list_incremental_feature_result_dict.pickle	7	Ssym_total_PCC	Ssym	total	PCC	feature_combo_dict	A+B+C+D	0.7417122004447456
list_incremental_feature_result_dict.pickle	7	Ssym_total_PCC	Ssym	total	PCC	feature_combo_dict	A+B+C+D+E	0.7859326369493126
list_incremental_feature_result_dict.pickle	7	Ssym_total_PCC	Ssym	total	PCC	feature_combo_dict	A+B+C+D+E+F	0.8034006648345262
list_incremental_feature_result_dict.pickle	7	Ssym_total_PCC	Ssym	total	PCC	feature_combo_dict	A+B+C+D+E+F+G	0.8086360400346955
list_incremental_feature_result_dict.pickle	7	Ssym_total_PCC	Ssym	total	PCC	feature_combo_dict	A+B+C+D+E+F+G+H	0.812267285009519
list_incremental_feature_result_dict.pickle	7	Ssym_direct_PCC	Ssym	direct	PCC	feature_combo_dict	A	0.44346080891642053
list_incremental_feature_result_dict.pickle	7	Ssym_direct_PCC	Ssym	direct	PCC	feature_combo_dict	A+B	0.5254937914137272
list_incremental_feature_result_dict.pickle	7	Ssym_direct_PCC	Ssym	direct	PCC	feature_combo_dict	A+B+C	0.550207321126125
list_incremental_feature_result_dict.pickle	7	Ssym_direct_PCC	Ssym	direct	PCC	feature_combo_dict	A+B+C+D	0.5978997485827146
list_incremental_feature_result_dict.pickle	7	Ssym_direct_PCC	Ssym	direct	PCC	feature_combo_dict	A+B+C+D+E	0.6767603204003706
list_incremental_feature_result_dict.pickle	7	Ssym_direct_PCC	Ssym	direct	PCC	feature_combo_dict	A+B+C+D+E+F	0.7019661450852693
list_incremental_feature_result_dict.pickle	7	Ssym_direct_PCC	Ssym	direct	PCC	feature_combo_dict	A+B+C+D+E+F+G	0.7114882392380462
list_incremental_feature_result_dict.pickle	7	Ssym_direct_PCC	Ssym	direct	PCC	feature_combo_dict	A+B+C+D+E+F+G+H	0.7230001062450009
list_incremental_feature_result_dict.pickle	7	Ssym_reverse_PCC	Ssym	reverse	PCC	feature_combo_dict	A	0.4429322828256607
list_incremental_feature_result_dict.pickle	7	Ssym_reverse_PCC	Ssym	reverse	PCC	feature_combo_dict	A+B	0.5285424831169959
list_incremental_feature_result_dict.pickle	7	Ssym_reverse_PCC	Ssym	reverse	PCC	feature_combo_dict	A+B+C	0.5515601783437768
list_incremental_feature_result_dict.pickle	7	Ssym_reverse_PCC	Ssym	reverse	PCC	feature_combo_dict	A+B+C+D	0.5982652924781751
list_incremental_feature_result_dict.pickle	7	Ssym_reverse_PCC	Ssym	reverse	PCC	feature_combo_dict	A+B+C+D+E	0.675497929028669
list_incremental_feature_result_dict.pickle	7	Ssym_reverse_PCC	Ssym	reverse	PCC	feature_combo_dict	A+B+C+D+E+F	0.7089330872491578
list_incremental_feature_result_dict.pickle	7	Ssym_reverse_PCC	Ssym	reverse	PCC	feature_combo_dict	A+B+C+D+E+F+G	0.7174253178012808
list_incremental_feature_result_dict.pickle	7	Ssym_reverse_PCC	Ssym	reverse	PCC	feature_combo_dict	A+B+C+D+E+F+G+H	0.718271237792306
list_incremental_feature_result_dict.pickle	7	Ssym_total_RMSE	Ssym	total	RMSE	feature_combo_dict	A	1.457753391948323
list_incremental_feature_result_dict.pickle	7	Ssym_total_RMSE	Ssym	total	RMSE	feature_combo_dict	A+B	1.3227498256675405
list_incremental_feature_result_dict.pickle	7	Ssym_total_RMSE	Ssym	total	RMSE	feature_combo_dict	A+B+C	1.2934172782286728
list_incremental_feature_result_dict.pickle	7	Ssym_total_RMSE	Ssym	total	RMSE	feature_combo_dict	A+B+C+D	1.2430742252774458
list_incremental_feature_result_dict.pickle	7	Ssym_total_RMSE	Ssym	total	RMSE	feature_combo_dict	A+B+C+D+E	1.1505043693449717
list_incremental_feature_result_dict.pickle	7	Ssym_total_RMSE	Ssym	total	RMSE	feature_combo_dict	A+B+C+D+E+F	1.117283496863595
list_incremental_feature_result_dict.pickle	7	Ssym_total_RMSE	Ssym	total	RMSE	feature_combo_dict	A+B+C+D+E+F+G	1.1064875588627867
list_incremental_feature_result_dict.pickle	7	Ssym_total_RMSE	Ssym	total	RMSE	feature_combo_dict	A+B+C+D+E+F+G+H	1.100572606367499
list_incremental_feature_result_dict.pickle	7	Ssym_direct_RMSE	Ssym	direct	RMSE	feature_combo_dict	A	1.4578098515992686
list_incremental_feature_result_dict.pickle	7	Ssym_direct_RMSE	Ssym	direct	RMSE	feature_combo_dict	A+B	1.324234929124972
list_incremental_feature_result_dict.pickle	7	Ssym_direct_RMSE	Ssym	direct	RMSE	feature_combo_dict	A+B+C	1.2940555768834499
list_incremental_feature_result_dict.pickle	7	Ssym_direct_RMSE	Ssym	direct	RMSE	feature_combo_dict	A+B+C+D	1.2430260825028796
list_incremental_feature_result_dict.pickle	7	Ssym_direct_RMSE	Ssym	direct	RMSE	feature_combo_dict	A+B+C+D+E	1.1499305264735733
list_incremental_feature_result_dict.pickle	7	Ssym_direct_RMSE	Ssym	direct	RMSE	feature_combo_dict	A+B+C+D+E+F	1.1219383305215875
list_incremental_feature_result_dict.pickle	7	Ssym_direct_RMSE	Ssym	direct	RMSE	feature_combo_dict	A+B+C+D+E+F+G	1.1108563665302633
list_incremental_feature_result_dict.pickle	7	Ssym_direct_RMSE	Ssym	direct	RMSE	feature_combo_dict	A+B+C+D+E+F+G+H	1.0974143770119449
list_incremental_feature_result_dict.pickle	7	Ssym_reverse_RMSE	Ssym	reverse	RMSE	feature_combo_dict	A	1.4576969301105769
list_incremental_feature_result_dict.pickle	7	Ssym_reverse_RMSE	Ssym	reverse	RMSE	feature_combo_dict	A+B	1.3212630529506215
list_incremental_feature_result_dict.pickle	7	Ssym_reverse_RMSE	Ssym	reverse	RMSE	feature_combo_dict	A+B+C	1.2927786644193113
list_incremental_feature_result_dict.pickle	7	Ssym_reverse_RMSE	Ssym	reverse	RMSE	feature_combo_dict	A+B+C+D	1.2431223661875723
list_incremental_feature_result_dict.pickle	7	Ssym_reverse_RMSE	Ssym	reverse	RMSE	feature_combo_dict	A+B+C+D+E	1.1510779261405168
list_incremental_feature_result_dict.pickle	7	Ssym_reverse_RMSE	Ssym	reverse	RMSE	feature_combo_dict	A+B+C+D+E+F	1.1126091889041356
list_incremental_feature_result_dict.pickle	7	Ssym_reverse_RMSE	Ssym	reverse	RMSE	feature_combo_dict	A+B+C+D+E+F+G	1.1021014330702228
list_incremental_feature_result_dict.pickle	7	Ssym_reverse_RMSE	Ssym	reverse	RMSE	feature_combo_dict	A+B+C+D+E+F+G+H	1.1037217986886845
list_incremental_feature_result_dict.pickle	8	S_2648_total_PCC	S_2648	total	PCC	feature_combo_dict	A	0.8830720556156355
list_incremental_feature_result_dict.pickle	8	S_2648_total_PCC	S_2648	total	PCC	feature_combo_dict	A+B	0.9036587030824798
list_incremental_feature_result_dict.pickle	8	S_2648_total_PCC	S_2648	total	PCC	feature_combo_dict	A+B+C	0.9120648234893303
list_incremental_feature_result_dict.pickle	8	S_2648_total_PCC	S_2648	total	PCC	feature_combo_dict	A+B+C+D	0.9169151974147494
list_incremental_feature_result_dict.pickle	8	S_2648_total_PCC	S_2648	total	PCC	feature_combo_dict	A+B+C+D+E	0.9331610224708399
list_incremental_feature_result_dict.pickle	8	S_2648_total_PCC	S_2648	total	PCC	feature_combo_dict	A+B+C+D+E+F	0.934690976145713
list_incremental_feature_result_dict.pickle	8	S_2648_total_PCC	S_2648	total	PCC	feature_combo_dict	A+B+C+D+E+F+G	0.9348069582829179
list_incremental_feature_result_dict.pickle	8	S_2648_total_PCC	S_2648	total	PCC	feature_combo_dict	A+B+C+D+E+F+G+H	0.9355449528347102
list_incremental_feature_result_dict.pickle	8	S_2648_direct_PCC	S_2648	direct	PCC	feature_combo_dict	A	0.8202972783873864
list_incremental_feature_result_dict.pickle	8	S_2648_direct_PCC	S_2648	direct	PCC	feature_combo_dict	A+B	0.8560754661879576
list_incremental_feature_result_dict.pickle	8	S_2648_direct_PCC	S_2648	direct	PCC	feature_combo_dict	A+B+C	0.8868010194690307
list_incremental_feature_result_dict.pickle	8	S_2648_direct_PCC	S_2648	direct	PCC	feature_combo_dict	A+B+C+D	0.8927334811119827
list_incremental_feature_result_dict.pickle	8	S_2648_direct_PCC	S_2648	direct	PCC	feature_combo_dict	A+B+C+D+E	0.9146881746790262
list_incremental_feature_result_dict.pickle	8	S_2648_direct_PCC	S_2648	direct	PCC	feature_combo_dict	A+B+C+D+E+F	0.9159161304537483
list_incremental_feature_result_dict.pickle	8	S_2648_direct_PCC	S_2648	direct	PCC	feature_combo_dict	A+B+C+D+E+F+G	0.9168478472170106
list_incremental_feature_result_dict.pickle	8	S_2648_direct_PCC	S_2648	direct	PCC	feature_combo_dict	A+B+C+D+E+F+G+H	0.919133446485949
list_incremental_feature_result_dict.pickle	8	S_2648_reverse_PCC	S_2648	reverse	PCC	feature_combo_dict	A	0.8219570029507182
list_incremental_feature_result_dict.pickle	8	S_2648_reverse_PCC	S_2648	reverse	PCC	feature_combo_dict	A+B	0.85736615330322
list_incremental_feature_result_dict.pickle	8	S_2648_reverse_PCC	S_2648	reverse	PCC	feature_combo_dict	A+B+C	0.8868690824884108
list_incremental_feature_result_dict.pickle	8	S_2648_reverse_PCC	S_2648	reverse	PCC	feature_combo_dict	A+B+C+D	0.8916243985667075
list_incremental_feature_result_dict.pickle	8	S_2648_reverse_PCC	S_2648	reverse	PCC	feature_combo_dict	A+B+C+D+E	0.9113249580377664
list_incremental_feature_result_dict.pickle	8	S_2648_reverse_PCC	S_2648	reverse	PCC	feature_combo_dict	A+B+C+D+E+F	0.916217262463815
list_incremental_feature_result_dict.pickle	8	S_2648_reverse_PCC	S_2648	reverse	PCC	feature_combo_dict	A+B+C+D+E+F+G	0.9157971054980777
list_incremental_feature_result_dict.pickle	8	S_2648_reverse_PCC	S_2648	reverse	PCC	feature_combo_dict	A+B+C+D+E+F+G+H	0.918418266744075
list_incremental_feature_result_dict.pickle	8	S_2648_total_RMSE	S_2648	total	RMSE	feature_combo_dict	A	0.8584173013958009
list_incremental_feature_result_dict.pickle	8	S_2648_total_RMSE	S_2648	total	RMSE	feature_combo_dict	A+B	0.802461760894238
list_incremental_feature_result_dict.pickle	8	S_2648_total_RMSE	S_2648	total	RMSE	feature_combo_dict	A+B+C	0.7764365983523656
list_incremental_feature_result_dict.pickle	8	S_2648_total_RMSE	S_2648	total	RMSE	feature_combo_dict	A+B+C+D	0.7544355614410488
list_incremental_feature_result_dict.pickle	8	S_2648_total_RMSE	S_2648	total	RMSE	feature_combo_dict	A+B+C+D+E	0.6872886595258393
list_incremental_feature_result_dict.pickle	8	S_2648_total_RMSE	S_2648	total	RMSE	feature_combo_dict	A+B+C+D+E+F	0.679308139589648
list_incremental_feature_result_dict.pickle	8	S_2648_total_RMSE	S_2648	total	RMSE	feature_combo_dict	A+B+C+D+E+F+G	0.6802310105878887
list_incremental_feature_result_dict.pickle	8	S_2648_total_RMSE	S_2648	total	RMSE	feature_combo_dict	A+B+C+D+E+F+G+H	0.676977107506948
list_incremental_feature_result_dict.pickle	8	S_2648_direct_RMSE	S_2648	direct	RMSE	feature_combo_dict	A	0.8592131045297932
list_incremental_feature_result_dict.pickle	8	S_2648_direct_RMSE	S_2648	direct	RMSE	feature_combo_dict	A+B	0.8040330943427147
list_incremental_feature_result_dict.pickle	8	S_2648_direct_RMSE	S_2648	direct	RMSE	feature_combo_dict	A+B+C	0.7758164835445234
list_incremental_feature_result_dict.pickle	8	S_2648_direct_RMSE	S_2648	direct	RMSE	feature_combo_dict	A+B+C+D	0.7531884604641366
list_incremental_feature_result_dict.pickle	8	S_2648_direct_RMSE	S_2648	direct	RMSE	feature_combo_dict	A+B+C+D+E	0.6829667750139663
list_incremental_feature_result_dict.pickle	8	S_2648_direct_RMSE	S_2648	direct	RMSE	feature_combo_dict	A+B+C+D+E+F	0.6789793701463066
list_incremental_feature_result_dict.pickle	8	S_2648_direct_RMSE	S_2648	direct	RMSE	feature_combo_dict	A+B+C+D+E+F+G	0.6782799630578822
list_incremental_feature_result_dict.pickle	8	S_2648_direct_RMSE	S_2648	direct	RMSE	feature_combo_dict	A+B+C+D+E+F+G+H	0.6754569489839359
list_incremental_feature_result_dict.pickle	8	S_2648_reverse_RMSE	S_2648	reverse	RMSE	feature_combo_dict	A	0.8576207598207805
list_incremental_feature_result_dict.pickle	8	S_2648_reverse_RMSE	S_2648	reverse	RMSE	feature_combo_dict	A+B	0.800887344510226
list_incremental_feature_result_dict.pickle	8	S_2648_reverse_RMSE	S_2648	reverse	RMSE	feature_combo_dict	A+B+C	0.7770562182896394
list_incremental_feature_result_dict.pickle	8	S_2648_reverse_RMSE	S_2648	reverse	RMSE	feature_combo_dict	A+B+C+D	0.7556806043279164
list_incremental_feature_result_dict.pickle	8	S_2648_reverse_RMSE	S_2648	reverse	RMSE	feature_combo_dict	A+B+C+D+E	0.691583535990174
list_incremental_feature_result_dict.pickle	8	S_2648_reverse_RMSE	S_2648	reverse	RMSE	feature_combo_dict	A+B+C+D+E+F	0.6796367499931283
list_incremental_feature_result_dict.pickle	8	S_2648_reverse_RMSE	S_2648	reverse	RMSE	feature_combo_dict	A+B+C+D+E+F+G	0.6821764780795646
list_incremental_feature_result_dict.pickle	8	S_2648_reverse_RMSE	S_2648	reverse	RMSE	feature_combo_dict	A+B+C+D+E+F+G+H	0.6784938601389552
list_incremental_feature_result_dict.pickle	8	S_921_total_PCC	S_921	total	PCC	feature_combo_dict	A	0.650374365201504
list_incremental_feature_result_dict.pickle	8	S_921_total_PCC	S_921	total	PCC	feature_combo_dict	A+B	0.6996017469880679
list_incremental_feature_result_dict.pickle	8	S_921_total_PCC	S_921	total	PCC	feature_combo_dict	A+B+C	0.6987368819042762
list_incremental_feature_result_dict.pickle	8	S_921_total_PCC	S_921	total	PCC	feature_combo_dict	A+B+C+D	0.72874764583686
list_incremental_feature_result_dict.pickle	8	S_921_total_PCC	S_921	total	PCC	feature_combo_dict	A+B+C+D+E	0.7616659556743064
list_incremental_feature_result_dict.pickle	8	S_921_total_PCC	S_921	total	PCC	feature_combo_dict	A+B+C+D+E+F	0.7870559520768609
list_incremental_feature_result_dict.pickle	8	S_921_total_PCC	S_921	total	PCC	feature_combo_dict	A+B+C+D+E+F+G	0.7916398777206798
list_incremental_feature_result_dict.pickle	8	S_921_total_PCC	S_921	total	PCC	feature_combo_dict	A+B+C+D+E+F+G+H	0.7922557061414512
list_incremental_feature_result_dict.pickle	8	S_921_direct_PCC	S_921	direct	PCC	feature_combo_dict	A	0.5667036781115923
list_incremental_feature_result_dict.pickle	8	S_921_direct_PCC	S_921	direct	PCC	feature_combo_dict	A+B	0.6287500056954803
list_incremental_feature_result_dict.pickle	8	S_921_direct_PCC	S_921	direct	PCC	feature_combo_dict	A+B+C	0.6429507683118115
list_incremental_feature_result_dict.pickle	8	S_921_direct_PCC	S_921	direct	PCC	feature_combo_dict	A+B+C+D	0.6866708706015794
list_incremental_feature_result_dict.pickle	8	S_921_direct_PCC	S_921	direct	PCC	feature_combo_dict	A+B+C+D+E	0.7321966589424839
list_incremental_feature_result_dict.pickle	8	S_921_direct_PCC	S_921	direct	PCC	feature_combo_dict	A+B+C+D+E+F	0.7606169664527221
list_incremental_feature_result_dict.pickle	8	S_921_direct_PCC	S_921	direct	PCC	feature_combo_dict	A+B+C+D+E+F+G	0.7640681489569491
list_incremental_feature_result_dict.pickle	8	S_921_direct_PCC	S_921	direct	PCC	feature_combo_dict	A+B+C+D+E+F+G+H	0.7671619636921786
list_incremental_feature_result_dict.pickle	8	S_921_reverse_PCC	S_921	reverse	PCC	feature_combo_dict	A	0.5666348835335276
list_incremental_feature_result_dict.pickle	8	S_921_reverse_PCC	S_921	reverse	PCC	feature_combo_dict	A+B	0.6277861734205535
list_incremental_feature_result_dict.pickle	8	S_921_reverse_PCC	S_921	reverse	PCC	feature_combo_dict	A+B+C	0.6401107613439192
list_incremental_feature_result_dict.pickle	8	S_921_reverse_PCC	S_921	reverse	PCC	feature_combo_dict	A+B+C+D	0.6834892184509263
list_incremental_feature_result_dict.pickle	8	S_921_reverse_PCC	S_921	reverse	PCC	feature_combo_dict	A+B+C+D+E	0.7307622109986043
list_incremental_feature_result_dict.pickle	8	S_921_reverse_PCC	S_921	reverse	PCC	feature_combo_dict	A+B+C+D+E+F	0.7591491272622002
list_incremental_feature_result_dict.pickle	8	S_921_reverse_PCC	S_921	reverse	PCC	feature_combo_dict	A+B+C+D+E+F+G	0.7658148097935338
list_incremental_feature_result_dict.pickle	8	S_921_reverse_PCC	S_921	reverse	PCC	feature_combo_dict	A+B+C+D+E+F+G+H	0.7653302275818983
list_incremental_feature_result_dict.pickle	8	S_921_total_RMSE	S_921	total	RMSE	feature_combo_dict	A	1.7699406147393892
list_incremental_feature_result_dict.pickle	8	S_921_total_RMSE	S_921	total	RMSE	feature_combo_dict	A+B	1.6796478809530728
list_incremental_feature_result_dict.pickle	8	S_921_total_RMSE	S_921	total	RMSE	feature_combo_dict	A+B+C	1.690435502524366
list_incremental_feature_result_dict.pickle	8	S_921_total_RMSE	S_921	total	RMSE	feature_combo_dict	A+B+C+D	1.6233992232220127
list_incremental_feature_result_dict.pickle	8	S_921_total_RMSE	S_921	total	RMSE	feature_combo_dict	A+B+C+D+E	1.5575682294065736
list_incremental_feature_result_dict.pickle	8	S_921_total_RMSE	S_921	total	RMSE	feature_combo_dict	A+B+C+D+E+F	1.507580843044878
list_incremental_feature_result_dict.pickle	8	S_921_total_RMSE	S_921	total	RMSE	feature_combo_dict	A+B+C+D+E+F+G	1.498760693386738
list_incremental_feature_result_dict.pickle	8	S_921_total_RMSE	S_921	total	RMSE	feature_combo_dict	A+B+C+D+E+F+G+H	1.498012888590615
list_incremental_feature_result_dict.pickle	8	S_921_direct_RMSE	S_921	direct	RMSE	feature_combo_dict	A	1.7696668786726228
list_incremental_feature_result_dict.pickle	8	S_921_direct_RMSE	S_921	direct	RMSE	feature_combo_dict	A+B	1.6789716040415488
list_incremental_feature_result_dict.pickle	8	S_921_direct_RMSE	S_921	direct	RMSE	feature_combo_dict	A+B+C	1.6882339624068619
list_incremental_feature_result_dict.pickle	8	S_921_direct_RMSE	S_921	direct	RMSE	feature_combo_dict	A+B+C+D	1.6207259469701918
list_incremental_feature_result_dict.pickle	8	S_921_direct_RMSE	S_921	direct	RMSE	feature_combo_dict	A+B+C+D+E	1.5561723266004357
list_incremental_feature_result_dict.pickle	8	S_921_direct_RMSE	S_921	direct	RMSE	feature_combo_dict	A+B+C+D+E+F	1.5084690327267631
list_incremental_feature_result_dict.pickle	8	S_921_direct_RMSE	S_921	direct	RMSE	feature_combo_dict	A+B+C+D+E+F+G	1.4992021972045284
list_incremental_feature_result_dict.pickle	8	S_921_direct_RMSE	S_921	direct	RMSE	feature_combo_dict	A+B+C+D+E+F+G+H	1.4963792214351106
list_incremental_feature_result_dict.pickle	8	S_921_reverse_RMSE	S_921	reverse	RMSE	feature_combo_dict	A	1.7702143084771378
list_incremental_feature_result_dict.pickle	8	S_921_reverse_RMSE	S_921	reverse	RMSE	feature_combo_dict	A+B	1.6803238856846745
list_incremental_feature_result_dict.pickle	8	S_921_reverse_RMSE	S_921	reverse	RMSE	feature_combo_dict	A+B+C	1.6926341791910144
list_incremental_feature_result_dict.pickle	8	S_921_reverse_RMSE	S_921	reverse	RMSE	feature_combo_dict	A+B+C+D	1.626068104580261
list_incremental_feature_result_dict.pickle	8	S_921_reverse_RMSE	S_921	reverse	RMSE	feature_combo_dict	A+B+C+D+E	1.5589628823151769
list_incremental_feature_result_dict.pickle	8	S_921_reverse_RMSE	S_921	reverse	RMSE	feature_combo_dict	A+B+C+D+E+F	1.5066921297784077
list_incremental_feature_result_dict.pickle	8	S_921_reverse_RMSE	S_921	reverse	RMSE	feature_combo_dict	A+B+C+D+E+F+G	1.49831905947275
list_incremental_feature_result_dict.pickle	8	S_921_reverse_RMSE	S_921	reverse	RMSE	feature_combo_dict	A+B+C+D+E+F+G+H	1.4996447760801388
list_incremental_feature_result_dict.pickle	8	S_669_total_PCC	S_669	total	PCC	feature_combo_dict	A	0.4703486934205847
list_incremental_feature_result_dict.pickle	8	S_669_total_PCC	S_669	total	PCC	feature_combo_dict	A+B	0.5285537027246682
list_incremental_feature_result_dict.pickle	8	S_669_total_PCC	S_669	total	PCC	feature_combo_dict	A+B+C	0.5764742009201311
list_incremental_feature_result_dict.pickle	8	S_669_total_PCC	S_669	total	PCC	feature_combo_dict	A+B+C+D	0.5995828347668405
list_incremental_feature_result_dict.pickle	8	S_669_total_PCC	S_669	total	PCC	feature_combo_dict	A+B+C+D+E	0.6382179224593749
list_incremental_feature_result_dict.pickle	8	S_669_total_PCC	S_669	total	PCC	feature_combo_dict	A+B+C+D+E+F	0.6442118285018629
list_incremental_feature_result_dict.pickle	8	S_669_total_PCC	S_669	total	PCC	feature_combo_dict	A+B+C+D+E+F+G	0.64222905161567
list_incremental_feature_result_dict.pickle	8	S_669_total_PCC	S_669	total	PCC	feature_combo_dict	A+B+C+D+E+F+G+H	0.6463458009878648
list_incremental_feature_result_dict.pickle	8	S_669_direct_PCC	S_669	direct	PCC	feature_combo_dict	A	0.2696246867527846
list_incremental_feature_result_dict.pickle	8	S_669_direct_PCC	S_669	direct	PCC	feature_combo_dict	A+B	0.33046040510699165
list_incremental_feature_result_dict.pickle	8	S_669_direct_PCC	S_669	direct	PCC	feature_combo_dict	A+B+C	0.3657250486525341
list_incremental_feature_result_dict.pickle	8	S_669_direct_PCC	S_669	direct	PCC	feature_combo_dict	A+B+C+D	0.40775991209304896
list_incremental_feature_result_dict.pickle	8	S_669_direct_PCC	S_669	direct	PCC	feature_combo_dict	A+B+C+D+E	0.47057624752199556
list_incremental_feature_result_dict.pickle	8	S_669_direct_PCC	S_669	direct	PCC	feature_combo_dict	A+B+C+D+E+F	0.4819510585547246
list_incremental_feature_result_dict.pickle	8	S_669_direct_PCC	S_669	direct	PCC	feature_combo_dict	A+B+C+D+E+F+G	0.4739152415475285
list_incremental_feature_result_dict.pickle	8	S_669_direct_PCC	S_669	direct	PCC	feature_combo_dict	A+B+C+D+E+F+G+H	0.483694696162951
list_incremental_feature_result_dict.pickle	8	S_669_reverse_PCC	S_669	reverse	PCC	feature_combo_dict	A	0.27096401918767127
list_incremental_feature_result_dict.pickle	8	S_669_reverse_PCC	S_669	reverse	PCC	feature_combo_dict	A+B	0.3324519006898203
list_incremental_feature_result_dict.pickle	8	S_669_reverse_PCC	S_669	reverse	PCC	feature_combo_dict	A+B+C	0.3613911203940125
list_incremental_feature_result_dict.pickle	8	S_669_reverse_PCC	S_669	reverse	PCC	feature_combo_dict	A+B+C+D	0.4016787674993555
list_incremental_feature_result_dict.pickle	8	S_669_reverse_PCC	S_669	reverse	PCC	feature_combo_dict	A+B+C+D+E	0.46987628566496387
list_incremental_feature_result_dict.pickle	8	S_669_reverse_PCC	S_669	reverse	PCC	feature_combo_dict	A+B+C+D+E+F	0.4782408462289739
list_incremental_feature_result_dict.pickle	8	S_669_reverse_PCC	S_669	reverse	PCC	feature_combo_dict	A+B+C+D+E+F+G	0.4794166834764935
list_incremental_feature_result_dict.pickle	8	S_669_reverse_PCC	S_669	reverse	PCC	feature_combo_dict	A+B+C+D+E+F+G+H	0.48292938842513433
list_incremental_feature_result_dict.pickle	8	S_669_total_RMSE	S_669	total	RMSE	feature_combo_dict	A	1.7216480284619429
list_incremental_feature_result_dict.pickle	8	S_669_total_RMSE	S_669	total	RMSE	feature_combo_dict	A+B	1.6226703261310564
list_incremental_feature_result_dict.pickle	8	S_669_total_RMSE	S_669	total	RMSE	feature_combo_dict	A+B+C	1.5532047870452605
list_incremental_feature_result_dict.pickle	8	S_669_total_RMSE	S_669	total	RMSE	feature_combo_dict	A+B+C+D	1.5209761717186927
list_incremental_feature_result_dict.pickle	8	S_669_total_RMSE	S_669	total	RMSE	feature_combo_dict	A+B+C+D+E	1.4610576575259995
list_incremental_feature_result_dict.pickle	8	S_669_total_RMSE	S_669	total	RMSE	feature_combo_dict	A+B+C+D+E+F	1.4515529687311755
list_incremental_feature_result_dict.pickle	8	S_669_total_RMSE	S_669	total	RMSE	feature_combo_dict	A+B+C+D+E+F+G	1.4549186768820193
list_incremental_feature_result_dict.pickle	8	S_669_total_RMSE	S_669	total	RMSE	feature_combo_dict	A+B+C+D+E+F+G+H	1.4487148378723376
list_incremental_feature_result_dict.pickle	8	S_669_direct_RMSE	S_669	direct	RMSE	feature_combo_dict	A	1.72324436483368
list_incremental_feature_result_dict.pickle	8	S_669_direct_RMSE	S_669	direct	RMSE	feature_combo_dict	A+B	1.6236418701279547
list_incremental_feature_result_dict.pickle	8	S_669_direct_RMSE	S_669	direct	RMSE	feature_combo_dict	A+B+C	1.551329604614168
list_incremental_feature_result_dict.pickle	8	S_669_direct_RMSE	S_669	direct	RMSE	feature_combo_dict	A+B+C+D	1.5181584789490903
list_incremental_feature_result_dict.pickle	8	S_669_direct_RMSE	S_669	direct	RMSE	feature_combo_dict	A+B+C+D+E	1.460757373780222
list_incremental_feature_result_dict.pickle	8	S_669_direct_RMSE	S_669	direct	RMSE	feature_combo_dict	A+B+C+D+E+F	1.4498991820386993
list_incremental_feature_result_dict.pickle	8	S_669_direct_RMSE	S_669	direct	RMSE	feature_combo_dict	A+B+C+D+E+F+G	1.4578599106684322
list_incremental_feature_result_dict.pickle	8	S_669_direct_RMSE	S_669	direct	RMSE	feature_combo_dict	A+B+C+D+E+F+G+H	1.4482725384345652
list_incremental_feature_result_dict.pickle	8	S_669_reverse_RMSE	S_669	reverse	RMSE	feature_combo_dict	A	1.7200502105702489
list_incremental_feature_result_dict.pickle	8	S_669_reverse_RMSE	S_669	reverse	RMSE	feature_combo_dict	A+B	1.6216982000914772
list_incremental_feature_result_dict.pickle	8	S_669_reverse_RMSE	S_669	reverse	RMSE	feature_combo_dict	A+B+C	1.5550777082989375
list_incremental_feature_result_dict.pickle	8	S_669_reverse_RMSE	S_669	reverse	RMSE	feature_combo_dict	A+B+C+D	1.5237886541994872
list_incremental_feature_result_dict.pickle	8	S_669_reverse_RMSE	S_669	reverse	RMSE	feature_combo_dict	A+B+C+D+E	1.4613578795686668
list_incremental_feature_result_dict.pickle	8	S_669_reverse_RMSE	S_669	reverse	RMSE	feature_combo_dict	A+B+C+D+E+F	1.453204873370609
list_incremental_feature_result_dict.pickle	8	S_669_reverse_RMSE	S_669	reverse	RMSE	feature_combo_dict	A+B+C+D+E+F+G	1.4519714851008891
list_incremental_feature_result_dict.pickle	8	S_669_reverse_RMSE	S_669	reverse	RMSE	feature_combo_dict	A+B+C+D+E+F+G+H	1.4491570023152245
list_incremental_feature_result_dict.pickle	8	Ssym_total_PCC	Ssym	total	PCC	feature_combo_dict	A	0.643244140075854
list_incremental_feature_result_dict.pickle	8	Ssym_total_PCC	Ssym	total	PCC	feature_combo_dict	A+B	0.6997394888953622
list_incremental_feature_result_dict.pickle	8	Ssym_total_PCC	Ssym	total	PCC	feature_combo_dict	A+B+C	0.7177288337012515
list_incremental_feature_result_dict.pickle	8	Ssym_total_PCC	Ssym	total	PCC	feature_combo_dict	A+B+C+D	0.7422402318091013
list_incremental_feature_result_dict.pickle	8	Ssym_total_PCC	Ssym	total	PCC	feature_combo_dict	A+B+C+D+E	0.7869726564025601
list_incremental_feature_result_dict.pickle	8	Ssym_total_PCC	Ssym	total	PCC	feature_combo_dict	A+B+C+D+E+F	0.8010179908252387
list_incremental_feature_result_dict.pickle	8	Ssym_total_PCC	Ssym	total	PCC	feature_combo_dict	A+B+C+D+E+F+G	0.8087905135516319
list_incremental_feature_result_dict.pickle	8	Ssym_total_PCC	Ssym	total	PCC	feature_combo_dict	A+B+C+D+E+F+G+H	0.8123951262862737
list_incremental_feature_result_dict.pickle	8	Ssym_direct_PCC	Ssym	direct	PCC	feature_combo_dict	A	0.4488241959643294
list_incremental_feature_result_dict.pickle	8	Ssym_direct_PCC	Ssym	direct	PCC	feature_combo_dict	A+B	0.5228235533257661
list_incremental_feature_result_dict.pickle	8	Ssym_direct_PCC	Ssym	direct	PCC	feature_combo_dict	A+B+C	0.5513215348351452
list_incremental_feature_result_dict.pickle	8	Ssym_direct_PCC	Ssym	direct	PCC	feature_combo_dict	A+B+C+D	0.5983011975528238
list_incremental_feature_result_dict.pickle	8	Ssym_direct_PCC	Ssym	direct	PCC	feature_combo_dict	A+B+C+D+E	0.6825192210717588
list_incremental_feature_result_dict.pickle	8	Ssym_direct_PCC	Ssym	direct	PCC	feature_combo_dict	A+B+C+D+E+F	0.7006004012074522
list_incremental_feature_result_dict.pickle	8	Ssym_direct_PCC	Ssym	direct	PCC	feature_combo_dict	A+B+C+D+E+F+G	0.7126273026446545
list_incremental_feature_result_dict.pickle	8	Ssym_direct_PCC	Ssym	direct	PCC	feature_combo_dict	A+B+C+D+E+F+G+H	0.7232791856806893
list_incremental_feature_result_dict.pickle	8	Ssym_reverse_PCC	Ssym	reverse	PCC	feature_combo_dict	A	0.4433299457547166
list_incremental_feature_result_dict.pickle	8	Ssym_reverse_PCC	Ssym	reverse	PCC	feature_combo_dict	A+B	0.5257076248741347
list_incremental_feature_result_dict.pickle	8	Ssym_reverse_PCC	Ssym	reverse	PCC	feature_combo_dict	A+B+C	0.5557744789708745
list_incremental_feature_result_dict.pickle	8	Ssym_reverse_PCC	Ssym	reverse	PCC	feature_combo_dict	A+B+C+D	0.5997132147655212
list_incremental_feature_result_dict.pickle	8	Ssym_reverse_PCC	Ssym	reverse	PCC	feature_combo_dict	A+B+C+D+E	0.6737497828134015
list_incremental_feature_result_dict.pickle	8	Ssym_reverse_PCC	Ssym	reverse	PCC	feature_combo_dict	A+B+C+D+E+F	0.7016515898294902
list_incremental_feature_result_dict.pickle	8	Ssym_reverse_PCC	Ssym	reverse	PCC	feature_combo_dict	A+B+C+D+E+F+G	0.7164396381478584
list_incremental_feature_result_dict.pickle	8	Ssym_reverse_PCC	Ssym	reverse	PCC	feature_combo_dict	A+B+C+D+E+F+G+H	0.7182871516156736
list_incremental_feature_result_dict.pickle	8	Ssym_total_RMSE	Ssym	total	RMSE	feature_combo_dict	A	1.4530778172025742
list_incremental_feature_result_dict.pickle	8	Ssym_total_RMSE	Ssym	total	RMSE	feature_combo_dict	A+B	1.3259162001873641
list_incremental_feature_result_dict.pickle	8	Ssym_total_RMSE	Ssym	total	RMSE	feature_combo_dict	A+B+C	1.2906128031593935
list_incremental_feature_result_dict.pickle	8	Ssym_total_RMSE	Ssym	total	RMSE	feature_combo_dict	A+B+C+D	1.242052391300889
list_incremental_feature_result_dict.pickle	8	Ssym_total_RMSE	Ssym	total	RMSE	feature_combo_dict	A+B+C+D+E	1.148169837250794
list_incremental_feature_result_dict.pickle	8	Ssym_total_RMSE	Ssym	total	RMSE	feature_combo_dict	A+B+C+D+E+F	1.1231404630157165
list_incremental_feature_result_dict.pickle	8	Ssym_total_RMSE	Ssym	total	RMSE	feature_combo_dict	A+B+C+D+E+F+G	1.1061766844316134
list_incremental_feature_result_dict.pickle	8	Ssym_total_RMSE	Ssym	total	RMSE	feature_combo_dict	A+B+C+D+E+F+G+H	1.0996197924532694
list_incremental_feature_result_dict.pickle	8	Ssym_direct_RMSE	Ssym	direct	RMSE	feature_combo_dict	A	1.4489495561566483
list_incremental_feature_result_dict.pickle	8	Ssym_direct_RMSE	Ssym	direct	RMSE	feature_combo_dict	A+B	1.3272946806403392
list_incremental_feature_result_dict.pickle	8	Ssym_direct_RMSE	Ssym	direct	RMSE	feature_combo_dict	A+B+C	1.2929552539097655
list_incremental_feature_result_dict.pickle	8	Ssym_direct_RMSE	Ssym	direct	RMSE	feature_combo_dict	A+B+C+D	1.242954214841324
list_incremental_feature_result_dict.pickle	8	Ssym_direct_RMSE	Ssym	direct	RMSE	feature_combo_dict	A+B+C+D+E	1.1428446688732157
list_incremental_feature_result_dict.pickle	8	Ssym_direct_RMSE	Ssym	direct	RMSE	feature_combo_dict	A+B+C+D+E+F	1.1234764207854202
list_incremental_feature_result_dict.pickle	8	Ssym_direct_RMSE	Ssym	direct	RMSE	feature_combo_dict	A+B+C+D+E+F+G	1.109471620424554
list_incremental_feature_result_dict.pickle	8	Ssym_direct_RMSE	Ssym	direct	RMSE	feature_combo_dict	A+B+C+D+E+F+G+H	1.0966643744139646
list_incremental_feature_result_dict.pickle	8	Ssym_reverse_RMSE	Ssym	reverse	RMSE	feature_combo_dict	A	1.4571943828487148
list_incremental_feature_result_dict.pickle	8	Ssym_reverse_RMSE	Ssym	reverse	RMSE	feature_combo_dict	A+B	1.3245362851135698
list_incremental_feature_result_dict.pickle	8	Ssym_reverse_RMSE	Ssym	reverse	RMSE	feature_combo_dict	A+B+C	1.2882660931442034
list_incremental_feature_result_dict.pickle	8	Ssym_reverse_RMSE	Ssym	reverse	RMSE	feature_combo_dict	A+B+C+D	1.2411499124927259
list_incremental_feature_result_dict.pickle	8	Ssym_reverse_RMSE	Ssym	reverse	RMSE	feature_combo_dict	A+B+C+D+E	1.1534704214556608
list_incremental_feature_result_dict.pickle	8	Ssym_reverse_RMSE	Ssym	reverse	RMSE	feature_combo_dict	A+B+C+D+E+F	1.1228044047230563
list_incremental_feature_result_dict.pickle	8	Ssym_reverse_RMSE	Ssym	reverse	RMSE	feature_combo_dict	A+B+C+D+E+F+G	1.1028719045441082
list_incremental_feature_result_dict.pickle	8	Ssym_reverse_RMSE	Ssym	reverse	RMSE	feature_combo_dict	A+B+C+D+E+F+G+H	1.102567288559374
list_incremental_feature_result_dict.pickle	9	S_2648_total_PCC	S_2648	total	PCC	feature_combo_dict	A	0.8828948167055538
list_incremental_feature_result_dict.pickle	9	S_2648_total_PCC	S_2648	total	PCC	feature_combo_dict	A+B	0.9035608614710957
list_incremental_feature_result_dict.pickle	9	S_2648_total_PCC	S_2648	total	PCC	feature_combo_dict	A+B+C	0.9120424566412866
list_incremental_feature_result_dict.pickle	9	S_2648_total_PCC	S_2648	total	PCC	feature_combo_dict	A+B+C+D	0.9173585234687153
list_incremental_feature_result_dict.pickle	9	S_2648_total_PCC	S_2648	total	PCC	feature_combo_dict	A+B+C+D+E	0.9325463137568912
list_incremental_feature_result_dict.pickle	9	S_2648_total_PCC	S_2648	total	PCC	feature_combo_dict	A+B+C+D+E+F	0.934333713889005
list_incremental_feature_result_dict.pickle	9	S_2648_total_PCC	S_2648	total	PCC	feature_combo_dict	A+B+C+D+E+F+G	0.9349244616302441
list_incremental_feature_result_dict.pickle	9	S_2648_total_PCC	S_2648	total	PCC	feature_combo_dict	A+B+C+D+E+F+G+H	0.9352431207642462
list_incremental_feature_result_dict.pickle	9	S_2648_direct_PCC	S_2648	direct	PCC	feature_combo_dict	A	0.8197982359290648
list_incremental_feature_result_dict.pickle	9	S_2648_direct_PCC	S_2648	direct	PCC	feature_combo_dict	A+B	0.8561558234256887
list_incremental_feature_result_dict.pickle	9	S_2648_direct_PCC	S_2648	direct	PCC	feature_combo_dict	A+B+C	0.8868868460026375
list_incremental_feature_result_dict.pickle	9	S_2648_direct_PCC	S_2648	direct	PCC	feature_combo_dict	A+B+C+D	0.8926726209687574
list_incremental_feature_result_dict.pickle	9	S_2648_direct_PCC	S_2648	direct	PCC	feature_combo_dict	A+B+C+D+E	0.9119791815253364
list_incremental_feature_result_dict.pickle	9	S_2648_direct_PCC	S_2648	direct	PCC	feature_combo_dict	A+B+C+D+E+F	0.9156210090935939
list_incremental_feature_result_dict.pickle	9	S_2648_direct_PCC	S_2648	direct	PCC	feature_combo_dict	A+B+C+D+E+F+G	0.9174245529067383
list_incremental_feature_result_dict.pickle	9	S_2648_direct_PCC	S_2648	direct	PCC	feature_combo_dict	A+B+C+D+E+F+G+H	0.9173960184956232
list_incremental_feature_result_dict.pickle	9	S_2648_reverse_PCC	S_2648	reverse	PCC	feature_combo_dict	A	0.8217706682142668
list_incremental_feature_result_dict.pickle	9	S_2648_reverse_PCC	S_2648	reverse	PCC	feature_combo_dict	A+B	0.8570062999215415
list_incremental_feature_result_dict.pickle	9	S_2648_reverse_PCC	S_2648	reverse	PCC	feature_combo_dict	A+B+C	0.8866094992183654
list_incremental_feature_result_dict.pickle	9	S_2648_reverse_PCC	S_2648	reverse	PCC	feature_combo_dict	A+B+C+D	0.8926058034648656
list_incremental_feature_result_dict.pickle	9	S_2648_reverse_PCC	S_2648	reverse	PCC	feature_combo_dict	A+B+C+D+E	0.9120056215876009
list_incremental_feature_result_dict.pickle	9	S_2648_reverse_PCC	S_2648	reverse	PCC	feature_combo_dict	A+B+C+D+E+F	0.9147457415618709
list_incremental_feature_result_dict.pickle	9	S_2648_reverse_PCC	S_2648	reverse	PCC	feature_combo_dict	A+B+C+D+E+F+G	0.9162835645396088
list_incremental_feature_result_dict.pickle	9	S_2648_reverse_PCC	S_2648	reverse	PCC	feature_combo_dict	A+B+C+D+E+F+G+H	0.9179384653686614
list_incremental_feature_result_dict.pickle	9	S_2648_total_RMSE	S_2648	total	RMSE	feature_combo_dict	A	0.8588292535745063
list_incremental_feature_result_dict.pickle	9	S_2648_total_RMSE	S_2648	total	RMSE	feature_combo_dict	A+B	0.8018658346496609
list_incremental_feature_result_dict.pickle	9	S_2648_total_RMSE	S_2648	total	RMSE	feature_combo_dict	A+B+C	0.7758985839817999
list_incremental_feature_result_dict.pickle	9	S_2648_total_RMSE	S_2648	total	RMSE	feature_combo_dict	A+B+C+D	0.7536878284746038
list_incremental_feature_result_dict.pickle	9	S_2648_total_RMSE	S_2648	total	RMSE	feature_combo_dict	A+B+C+D+E	0.6889531109479148
list_incremental_feature_result_dict.pickle	9	S_2648_total_RMSE	S_2648	total	RMSE	feature_combo_dict	A+B+C+D+E+F	0.6814817071987812
list_incremental_feature_result_dict.pickle	9	S_2648_total_RMSE	S_2648	total	RMSE	feature_combo_dict	A+B+C+D+E+F+G	0.6800832859685209
list_incremental_feature_result_dict.pickle	9	S_2648_total_RMSE	S_2648	total	RMSE	feature_combo_dict	A+B+C+D+E+F+G+H	0.6782119057410122
list_incremental_feature_result_dict.pickle	9	S_2648_direct_RMSE	S_2648	direct	RMSE	feature_combo_dict	A	0.860852262151733
list_incremental_feature_result_dict.pickle	9	S_2648_direct_RMSE	S_2648	direct	RMSE	feature_combo_dict	A+B	0.8027139512612609
list_incremental_feature_result_dict.pickle	9	S_2648_direct_RMSE	S_2648	direct	RMSE	feature_combo_dict	A+B+C	0.7755203228531932
list_incremental_feature_result_dict.pickle	9	S_2648_direct_RMSE	S_2648	direct	RMSE	feature_combo_dict	A+B+C+D	0.7529922567188018
list_incremental_feature_result_dict.pickle	9	S_2648_direct_RMSE	S_2648	direct	RMSE	feature_combo_dict	A+B+C+D+E	0.6882814320920976
list_incremental_feature_result_dict.pickle	9	S_2648_direct_RMSE	S_2648	direct	RMSE	feature_combo_dict	A+B+C+D+E+F	0.6812261659529322
list_incremental_feature_result_dict.pickle	9	S_2648_direct_RMSE	S_2648	direct	RMSE	feature_combo_dict	A+B+C+D+E+F+G	0.6787239659646693
list_incremental_feature_result_dict.pickle	9	S_2648_direct_RMSE	S_2648	direct	RMSE	feature_combo_dict	A+B+C+D+E+F+G+H	0.6771976265513031
list_incremental_feature_result_dict.pickle	9	S_2648_reverse_RMSE	S_2648	reverse	RMSE	feature_combo_dict	A	0.8568014684504991
list_incremental_feature_result_dict.pickle	9	S_2648_reverse_RMSE	S_2648	reverse	RMSE	feature_combo_dict	A+B	0.801016820052693
list_incremental_feature_result_dict.pickle	9	S_2648_reverse_RMSE	S_2648	reverse	RMSE	feature_combo_dict	A+B+C	0.7762766607927895
list_incremental_feature_result_dict.pickle	9	S_2648_reverse_RMSE	S_2648	reverse	RMSE	feature_combo_dict	A+B+C+D	0.7543827588850728
list_incremental_feature_result_dict.pickle	9	S_2648_reverse_RMSE	S_2648	reverse	RMSE	feature_combo_dict	A+B+C+D+E	0.6896241356034973
list_incremental_feature_result_dict.pickle	9	S_2648_reverse_RMSE	S_2648	reverse	RMSE	feature_combo_dict	A+B+C+D+E+F	0.6817371526579721
list_incremental_feature_result_dict.pickle	9	S_2648_reverse_RMSE	S_2648	reverse	RMSE	feature_combo_dict	A+B+C+D+E+F+G	0.6814398944387335
list_incremental_feature_result_dict.pickle	9	S_2648_reverse_RMSE	S_2648	reverse	RMSE	feature_combo_dict	A+B+C+D+E+F+G+H	0.6792246703197646
list_incremental_feature_result_dict.pickle	9	S_921_total_PCC	S_921	total	PCC	feature_combo_dict	A	0.6497705273107391
list_incremental_feature_result_dict.pickle	9	S_921_total_PCC	S_921	total	PCC	feature_combo_dict	A+B	0.7004626622359361
list_incremental_feature_result_dict.pickle	9	S_921_total_PCC	S_921	total	PCC	feature_combo_dict	A+B+C	0.6975887263664212
list_incremental_feature_result_dict.pickle	9	S_921_total_PCC	S_921	total	PCC	feature_combo_dict	A+B+C+D	0.729476482756922
list_incremental_feature_result_dict.pickle	9	S_921_total_PCC	S_921	total	PCC	feature_combo_dict	A+B+C+D+E	0.7579512278722377
list_incremental_feature_result_dict.pickle	9	S_921_total_PCC	S_921	total	PCC	feature_combo_dict	A+B+C+D+E+F	0.7869626009413275
list_incremental_feature_result_dict.pickle	9	S_921_total_PCC	S_921	total	PCC	feature_combo_dict	A+B+C+D+E+F+G	0.7901244857077436
list_incremental_feature_result_dict.pickle	9	S_921_total_PCC	S_921	total	PCC	feature_combo_dict	A+B+C+D+E+F+G+H	0.7959627729725921
list_incremental_feature_result_dict.pickle	9	S_921_direct_PCC	S_921	direct	PCC	feature_combo_dict	A	0.5660362568348052
list_incremental_feature_result_dict.pickle	9	S_921_direct_PCC	S_921	direct	PCC	feature_combo_dict	A+B	0.6287045637167765
list_incremental_feature_result_dict.pickle	9	S_921_direct_PCC	S_921	direct	PCC	feature_combo_dict	A+B+C	0.6396712237636378
list_incremental_feature_result_dict.pickle	9	S_921_direct_PCC	S_921	direct	PCC	feature_combo_dict	A+B+C+D	0.6883906200910714
list_incremental_feature_result_dict.pickle	9	S_921_direct_PCC	S_921	direct	PCC	feature_combo_dict	A+B+C+D+E	0.7277589953733871
list_incremental_feature_result_dict.pickle	9	S_921_direct_PCC	S_921	direct	PCC	feature_combo_dict	A+B+C+D+E+F	0.7604307915460954
list_incremental_feature_result_dict.pickle	9	S_921_direct_PCC	S_921	direct	PCC	feature_combo_dict	A+B+C+D+E+F+G	0.7639850549466094
list_incremental_feature_result_dict.pickle	9	S_921_direct_PCC	S_921	direct	PCC	feature_combo_dict	A+B+C+D+E+F+G+H	0.7703787821985334
list_incremental_feature_result_dict.pickle	9	S_921_reverse_PCC	S_921	reverse	PCC	feature_combo_dict	A	0.5657482560999149
list_incremental_feature_result_dict.pickle	9	S_921_reverse_PCC	S_921	reverse	PCC	feature_combo_dict	A+B	0.6301218881156357
list_incremental_feature_result_dict.pickle	9	S_921_reverse_PCC	S_921	reverse	PCC	feature_combo_dict	A+B+C	0.6417913112645722
list_incremental_feature_result_dict.pickle	9	S_921_reverse_PCC	S_921	reverse	PCC	feature_combo_dict	A+B+C+D	0.6829689948794821
list_incremental_feature_result_dict.pickle	9	S_921_reverse_PCC	S_921	reverse	PCC	feature_combo_dict	A+B+C+D+E	0.7245620502081461
list_incremental_feature_result_dict.pickle	9	S_921_reverse_PCC	S_921	reverse	PCC	feature_combo_dict	A+B+C+D+E+F	0.7585166305977874
list_incremental_feature_result_dict.pickle	9	S_921_reverse_PCC	S_921	reverse	PCC	feature_combo_dict	A+B+C+D+E+F+G	0.7619873214013189
list_incremental_feature_result_dict.pickle	9	S_921_reverse_PCC	S_921	reverse	PCC	feature_combo_dict	A+B+C+D+E+F+G+H	0.7681971054552779
list_incremental_feature_result_dict.pickle	9	S_921_total_RMSE	S_921	total	RMSE	feature_combo_dict	A	1.7711292060955266
list_incremental_feature_result_dict.pickle	9	S_921_total_RMSE	S_921	total	RMSE	feature_combo_dict	A+B	1.6770051028760578
list_incremental_feature_result_dict.pickle	9	S_921_total_RMSE	S_921	total	RMSE	feature_combo_dict	A+B+C	1.6925851324907126
list_incremental_feature_result_dict.pickle	9	S_921_total_RMSE	S_921	total	RMSE	feature_combo_dict	A+B+C+D	1.6217567833566615
list_incremental_feature_result_dict.pickle	9	S_921_total_RMSE	S_921	total	RMSE	feature_combo_dict	A+B+C+D+E	1.5644005796318812
list_incremental_feature_result_dict.pickle	9	S_921_total_RMSE	S_921	total	RMSE	feature_combo_dict	A+B+C+D+E+F	1.5078907421364314
list_incremental_feature_result_dict.pickle	9	S_921_total_RMSE	S_921	total	RMSE	feature_combo_dict	A+B+C+D+E+F+G	1.5026685041925145
list_incremental_feature_result_dict.pickle	9	S_921_total_RMSE	S_921	total	RMSE	feature_combo_dict	A+B+C+D+E+F+G+H	1.4890030959154084
list_incremental_feature_result_dict.pickle	9	S_921_direct_RMSE	S_921	direct	RMSE	feature_combo_dict	A	1.7710967592574136
list_incremental_feature_result_dict.pickle	9	S_921_direct_RMSE	S_921	direct	RMSE	feature_combo_dict	A+B	1.6776221294221947
list_incremental_feature_result_dict.pickle	9	S_921_direct_RMSE	S_921	direct	RMSE	feature_combo_dict	A+B+C	1.6939274960265414
list_incremental_feature_result_dict.pickle	9	S_921_direct_RMSE	S_921	direct	RMSE	feature_combo_dict	A+B+C+D	1.6179589943629897
list_incremental_feature_result_dict.pickle	9	S_921_direct_RMSE	S_921	direct	RMSE	feature_combo_dict	A+B+C+D+E	1.5622000980910509
list_incremental_feature_result_dict.pickle	9	S_921_direct_RMSE	S_921	direct	RMSE	feature_combo_dict	A+B+C+D+E+F	1.5073087352917245
list_incremental_feature_result_dict.pickle	9	S_921_direct_RMSE	S_921	direct	RMSE	feature_combo_dict	A+B+C+D+E+F+G	1.5006851780063186
list_incremental_feature_result_dict.pickle	9	S_921_direct_RMSE	S_921	direct	RMSE	feature_combo_dict	A+B+C+D+E+F+G+H	1.486726632315306
list_incremental_feature_result_dict.pickle	9	S_921_reverse_RMSE	S_921	reverse	RMSE	feature_combo_dict	A	1.7711616523392288
list_incremental_feature_result_dict.pickle	9	S_921_reverse_RMSE	S_921	reverse	RMSE	feature_combo_dict	A+B	1.6763878492215387
list_incremental_feature_result_dict.pickle	9	S_921_reverse_RMSE	S_921	reverse	RMSE	feature_combo_dict	A+B+C	1.6912417035014418
list_incremental_feature_result_dict.pickle	9	S_921_reverse_RMSE	S_921	reverse	RMSE	feature_combo_dict	A+B+C+D	1.625545699538033
list_incremental_feature_result_dict.pickle	9	S_921_reverse_RMSE	S_921	reverse	RMSE	feature_combo_dict	A+B+C+D+E	1.566597970325968
list_incremental_feature_result_dict.pickle	9	S_921_reverse_RMSE	S_921	reverse	RMSE	feature_combo_dict	A+B+C+D+E+F	1.5084725244281973
list_incremental_feature_result_dict.pickle	9	S_921_reverse_RMSE	S_921	reverse	RMSE	feature_combo_dict	A+B+C+D+E+F+G	1.5046492160953935
list_incremental_feature_result_dict.pickle	9	S_921_reverse_RMSE	S_921	reverse	RMSE	feature_combo_dict	A+B+C+D+E+F+G+H	1.4912760844510748
list_incremental_feature_result_dict.pickle	9	S_669_total_PCC	S_669	total	PCC	feature_combo_dict	A	0.4722728529235521
list_incremental_feature_result_dict.pickle	9	S_669_total_PCC	S_669	total	PCC	feature_combo_dict	A+B	0.5251270265585947
list_incremental_feature_result_dict.pickle	9	S_669_total_PCC	S_669	total	PCC	feature_combo_dict	A+B+C	0.5769894036344294
list_incremental_feature_result_dict.pickle	9	S_669_total_PCC	S_669	total	PCC	feature_combo_dict	A+B+C+D	0.6030133989167142
list_incremental_feature_result_dict.pickle	9	S_669_total_PCC	S_669	total	PCC	feature_combo_dict	A+B+C+D+E	0.6377059116279022
list_incremental_feature_result_dict.pickle	9	S_669_total_PCC	S_669	total	PCC	feature_combo_dict	A+B+C+D+E+F	0.6428597377173896
list_incremental_feature_result_dict.pickle	9	S_669_total_PCC	S_669	total	PCC	feature_combo_dict	A+B+C+D+E+F+G	0.6450971292877632
list_incremental_feature_result_dict.pickle	9	S_669_total_PCC	S_669	total	PCC	feature_combo_dict	A+B+C+D+E+F+G+H	0.6443393206426247
list_incremental_feature_result_dict.pickle	9	S_669_direct_PCC	S_669	direct	PCC	feature_combo_dict	A	0.27164031623981655
list_incremental_feature_result_dict.pickle	9	S_669_direct_PCC	S_669	direct	PCC	feature_combo_dict	A+B	0.3239252017578349
list_incremental_feature_result_dict.pickle	9	S_669_direct_PCC	S_669	direct	PCC	feature_combo_dict	A+B+C	0.3662350036359162
list_incremental_feature_result_dict.pickle	9	S_669_direct_PCC	S_669	direct	PCC	feature_combo_dict	A+B+C+D	0.4132066182502717
list_incremental_feature_result_dict.pickle	9	S_669_direct_PCC	S_669	direct	PCC	feature_combo_dict	A+B+C+D+E	0.46914937420400993
list_incremental_feature_result_dict.pickle	9	S_669_direct_PCC	S_669	direct	PCC	feature_combo_dict	A+B+C+D+E+F	0.4782276734056818
list_incremental_feature_result_dict.pickle	9	S_669_direct_PCC	S_669	direct	PCC	feature_combo_dict	A+B+C+D+E+F+G	0.4789720825173417
list_incremental_feature_result_dict.pickle	9	S_669_direct_PCC	S_669	direct	PCC	feature_combo_dict	A+B+C+D+E+F+G+H	0.47877819781206776
list_incremental_feature_result_dict.pickle	9	S_669_reverse_PCC	S_669	reverse	PCC	feature_combo_dict	A	0.2733382318435573
list_incremental_feature_result_dict.pickle	9	S_669_reverse_PCC	S_669	reverse	PCC	feature_combo_dict	A+B	0.3292800387816094
list_incremental_feature_result_dict.pickle	9	S_669_reverse_PCC	S_669	reverse	PCC	feature_combo_dict	A+B+C	0.3629038783658846
list_incremental_feature_result_dict.pickle	9	S_669_reverse_PCC	S_669	reverse	PCC	feature_combo_dict	A+B+C+D	0.4083016759842308
list_incremental_feature_result_dict.pickle	9	S_669_reverse_PCC	S_669	reverse	PCC	feature_combo_dict	A+B+C+D+E	0.4699660623160573
list_incremental_feature_result_dict.pickle	9	S_669_reverse_PCC	S_669	reverse	PCC	feature_combo_dict	A+B+C+D+E+F	0.47773263121392306
list_incremental_feature_result_dict.pickle	9	S_669_reverse_PCC	S_669	reverse	PCC	feature_combo_dict	A+B+C+D+E+F+G	0.48404231524486224
list_incremental_feature_result_dict.pickle	9	S_669_reverse_PCC	S_669	reverse	PCC	feature_combo_dict	A+B+C+D+E+F+G+H	0.481259776927607
list_incremental_feature_result_dict.pickle	9	S_669_total_RMSE	S_669	total	RMSE	feature_combo_dict	A	1.7194538137267594
list_incremental_feature_result_dict.pickle	9	S_669_total_RMSE	S_669	total	RMSE	feature_combo_dict	A+B	1.6272929553340838
list_incremental_feature_result_dict.pickle	9	S_669_total_RMSE	S_669	total	RMSE	feature_combo_dict	A+B+C	1.5521764095667971
list_incremental_feature_result_dict.pickle	9	S_669_total_RMSE	S_669	total	RMSE	feature_combo_dict	A+B+C+D	1.5156023112840626
list_incremental_feature_result_dict.pickle	9	S_669_total_RMSE	S_669	total	RMSE	feature_combo_dict	A+B+C+D+E	1.4619387086279094
list_incremental_feature_result_dict.pickle	9	S_669_total_RMSE	S_669	total	RMSE	feature_combo_dict	A+B+C+D+E+F	1.4536969927516223
list_incremental_feature_result_dict.pickle	9	S_669_total_RMSE	S_669	total	RMSE	feature_combo_dict	A+B+C+D+E+F+G	1.4504791220232685
list_incremental_feature_result_dict.pickle	9	S_669_total_RMSE	S_669	total	RMSE	feature_combo_dict	A+B+C+D+E+F+G+H	1.451839189369264
list_incremental_feature_result_dict.pickle	9	S_669_direct_RMSE	S_669	direct	RMSE	feature_combo_dict	A	1.7206308242019055
list_incremental_feature_result_dict.pickle	9	S_669_direct_RMSE	S_669	direct	RMSE	feature_combo_dict	A+B	1.6289236769585347
list_incremental_feature_result_dict.pickle	9	S_669_direct_RMSE	S_669	direct	RMSE	feature_combo_dict	A+B+C	1.550939959637987
list_incremental_feature_result_dict.pickle	9	S_669_direct_RMSE	S_669	direct	RMSE	feature_combo_dict	A+B+C+D	1.5134212501902016
list_incremental_feature_result_dict.pickle	9	S_669_direct_RMSE	S_669	direct	RMSE	feature_combo_dict	A+B+C+D+E	1.4623415101928923
list_incremental_feature_result_dict.pickle	9	S_669_direct_RMSE	S_669	direct	RMSE	feature_combo_dict	A+B+C+D+E+F	1.4533900837972753
list_incremental_feature_result_dict.pickle	9	S_669_direct_RMSE	S_669	direct	RMSE	feature_combo_dict	A+B+C+D+E+F+G	1.4532102928644386
list_incremental_feature_result_dict.pickle	9	S_669_direct_RMSE	S_669	direct	RMSE	feature_combo_dict	A+B+C+D+E+F+G+H	1.4529043697362694
list_incremental_feature_result_dict.pickle	9	S_669_reverse_RMSE	S_669	reverse	RMSE	feature_combo_dict	A	1.7182759970055057
list_incremental_feature_result_dict.pickle	9	S_669_reverse_RMSE	S_669	reverse	RMSE	feature_combo_dict	A+B	1.625660597912049
list_incremental_feature_result_dict.pickle	9	S_669_reverse_RMSE	S_669	reverse	RMSE	feature_combo_dict	A+B+C	1.5534118753342485
list_incremental_feature_result_dict.pickle	9	S_669_reverse_RMSE	S_669	reverse	RMSE	feature_combo_dict	A+B+C+D	1.5177802381807164
list_incremental_feature_result_dict.pickle	9	S_669_reverse_RMSE	S_669	reverse	RMSE	feature_combo_dict	A+B+C+D+E	1.4615357960501858
list_incremental_feature_result_dict.pickle	9	S_669_reverse_RMSE	S_669	reverse	RMSE	feature_combo_dict	A+B+C+D+E+F	1.4540038369240877
list_incremental_feature_result_dict.pickle	9	S_669_reverse_RMSE	S_669	reverse	RMSE	feature_combo_dict	A+B+C+D+E+F+G	1.4477427988298321
list_incremental_feature_result_dict.pickle	9	S_669_reverse_RMSE	S_669	reverse	RMSE	feature_combo_dict	A+B+C+D+E+F+G+H	1.4507732269304037
list_incremental_feature_result_dict.pickle	9	Ssym_total_PCC	Ssym	total	PCC	feature_combo_dict	A	0.6400690423714752
list_incremental_feature_result_dict.pickle	9	Ssym_total_PCC	Ssym	total	PCC	feature_combo_dict	A+B	0.6990570788325515
list_incremental_feature_result_dict.pickle	9	Ssym_total_PCC	Ssym	total	PCC	feature_combo_dict	A+B+C	0.7165713145479754
list_incremental_feature_result_dict.pickle	9	Ssym_total_PCC	Ssym	total	PCC	feature_combo_dict	A+B+C+D	0.7409918817034982
list_incremental_feature_result_dict.pickle	9	Ssym_total_PCC	Ssym	total	PCC	feature_combo_dict	A+B+C+D+E	0.787801851281024
list_incremental_feature_result_dict.pickle	9	Ssym_total_PCC	Ssym	total	PCC	feature_combo_dict	A+B+C+D+E+F	0.8024364058865965
list_incremental_feature_result_dict.pickle	9	Ssym_total_PCC	Ssym	total	PCC	feature_combo_dict	A+B+C+D+E+F+G	0.8077241088727012
list_incremental_feature_result_dict.pickle	9	Ssym_total_PCC	Ssym	total	PCC	feature_combo_dict	A+B+C+D+E+F+G+H	0.811543693240957
list_incremental_feature_result_dict.pickle	9	Ssym_direct_PCC	Ssym	direct	PCC	feature_combo_dict	A	0.44294468549923527
list_incremental_feature_result_dict.pickle	9	Ssym_direct_PCC	Ssym	direct	PCC	feature_combo_dict	A+B	0.5227887518517219
list_incremental_feature_result_dict.pickle	9	Ssym_direct_PCC	Ssym	direct	PCC	feature_combo_dict	A+B+C	0.551718779778196
list_incremental_feature_result_dict.pickle	9	Ssym_direct_PCC	Ssym	direct	PCC	feature_combo_dict	A+B+C+D	0.5976177547285222
list_incremental_feature_result_dict.pickle	9	Ssym_direct_PCC	Ssym	direct	PCC	feature_combo_dict	A+B+C+D+E	0.6810536682221788
list_incremental_feature_result_dict.pickle	9	Ssym_direct_PCC	Ssym	direct	PCC	feature_combo_dict	A+B+C+D+E+F	0.7017738805498245
list_incremental_feature_result_dict.pickle	9	Ssym_direct_PCC	Ssym	direct	PCC	feature_combo_dict	A+B+C+D+E+F+G	0.7112741157866094
list_incremental_feature_result_dict.pickle	9	Ssym_direct_PCC	Ssym	direct	PCC	feature_combo_dict	A+B+C+D+E+F+G+H	0.7237224602348157
list_incremental_feature_result_dict.pickle	9	Ssym_reverse_PCC	Ssym	reverse	PCC	feature_combo_dict	A	0.43856460308069417
list_incremental_feature_result_dict.pickle	9	Ssym_reverse_PCC	Ssym	reverse	PCC	feature_combo_dict	A+B	0.5239404520420025
list_incremental_feature_result_dict.pickle	9	Ssym_reverse_PCC	Ssym	reverse	PCC	feature_combo_dict	A+B+C	0.5507957244732598
list_incremental_feature_result_dict.pickle	9	Ssym_reverse_PCC	Ssym	reverse	PCC	feature_combo_dict	A+B+C+D	0.5957080039784665
list_incremental_feature_result_dict.pickle	9	Ssym_reverse_PCC	Ssym	reverse	PCC	feature_combo_dict	A+B+C+D+E	0.6778119945220463
list_incremental_feature_result_dict.pickle	9	Ssym_reverse_PCC	Ssym	reverse	PCC	feature_combo_dict	A+B+C+D+E+F	0.7055361621861345
list_incremental_feature_result_dict.pickle	9	Ssym_reverse_PCC	Ssym	reverse	PCC	feature_combo_dict	A+B+C+D+E+F+G	0.7147736717638963
list_incremental_feature_result_dict.pickle	9	Ssym_reverse_PCC	Ssym	reverse	PCC	feature_combo_dict	A+B+C+D+E+F+G+H	0.7150093990902227
list_incremental_feature_result_dict.pickle	9	Ssym_total_RMSE	Ssym	total	RMSE	feature_combo_dict	A	1.4596286674566934
list_incremental_feature_result_dict.pickle	9	Ssym_total_RMSE	Ssym	total	RMSE	feature_combo_dict	A+B	1.3274721173036792
list_incremental_feature_result_dict.pickle	9	Ssym_total_RMSE	Ssym	total	RMSE	feature_combo_dict	A+B+C	1.2927965625671272
list_incremental_feature_result_dict.pickle	9	Ssym_total_RMSE	Ssym	total	RMSE	feature_combo_dict	A+B+C+D	1.24466435551731
list_incremental_feature_result_dict.pickle	9	Ssym_total_RMSE	Ssym	total	RMSE	feature_combo_dict	A+B+C+D+E	1.1460690549137929
list_incremental_feature_result_dict.pickle	9	Ssym_total_RMSE	Ssym	total	RMSE	feature_combo_dict	A+B+C+D+E+F	1.1204994359228875
list_incremental_feature_result_dict.pickle	9	Ssym_total_RMSE	Ssym	total	RMSE	feature_combo_dict	A+B+C+D+E+F+G	1.109669240655397
list_incremental_feature_result_dict.pickle	9	Ssym_total_RMSE	Ssym	total	RMSE	feature_combo_dict	A+B+C+D+E+F+G+H	1.1016041605804634
list_incremental_feature_result_dict.pickle	9	Ssym_direct_RMSE	Ssym	direct	RMSE	feature_combo_dict	A	1.456109382236189
list_incremental_feature_result_dict.pickle	9	Ssym_direct_RMSE	Ssym	direct	RMSE	feature_combo_dict	A+B	1.3278186262222298
list_incremental_feature_result_dict.pickle	9	Ssym_direct_RMSE	Ssym	direct	RMSE	feature_combo_dict	A+B+C	1.2923706717474606
list_incremental_feature_result_dict.pickle	9	Ssym_direct_RMSE	Ssym	direct	RMSE	feature_combo_dict	A+B+C+D	1.243462589583445
list_incremental_feature_result_dict.pickle	9	Ssym_direct_RMSE	Ssym	direct	RMSE	feature_combo_dict	A+B+C+D+E	1.1440914584024624
list_incremental_feature_result_dict.pickle	9	Ssym_direct_RMSE	Ssym	direct	RMSE	feature_combo_dict	A+B+C+D+E+F	1.12415526557833
list_incremental_feature_result_dict.pickle	9	Ssym_direct_RMSE	Ssym	direct	RMSE	feature_combo_dict	A+B+C+D+E+F+G	1.1132163484798483
list_incremental_feature_result_dict.pickle	9	Ssym_direct_RMSE	Ssym	direct	RMSE	feature_combo_dict	A+B+C+D+E+F+G+H	1.0958716209937256
list_incremental_feature_result_dict.pickle	9	Ssym_reverse_RMSE	Ssym	reverse	RMSE	feature_combo_dict	A	1.4631394877750201
list_incremental_feature_result_dict.pickle	9	Ssym_reverse_RMSE	Ssym	reverse	RMSE	feature_combo_dict	A+B	1.3271255179125812
list_incremental_feature_result_dict.pickle	9	Ssym_reverse_RMSE	Ssym	reverse	RMSE	feature_combo_dict	A+B+C	1.2932223131301819
list_incremental_feature_result_dict.pickle	9	Ssym_reverse_RMSE	Ssym	reverse	RMSE	feature_combo_dict	A+B+C+D	1.245864962223866
list_incremental_feature_result_dict.pickle	9	Ssym_reverse_RMSE	Ssym	reverse	RMSE	feature_combo_dict	A+B+C+D+E	1.148043244861671
list_incremental_feature_result_dict.pickle	9	Ssym_reverse_RMSE	Ssym	reverse	RMSE	feature_combo_dict	A+B+C+D+E+F	1.116831639361785
list_incremental_feature_result_dict.pickle	9	Ssym_reverse_RMSE	Ssym	reverse	RMSE	feature_combo_dict	A+B+C+D+E+F+G	1.1061107579219378
list_incremental_feature_result_dict.pickle	9	Ssym_reverse_RMSE	Ssym	reverse	RMSE	feature_combo_dict	A+B+C+D+E+F+G+H	1.1073070231498396
