filename	field	occurrence_count	occurrence_fraction	type_counts	signature_counts	sample_values
S_921_full_feature_dict.pickle	V2_backward_weighted_neighbor_backward_KL	921	1.000000	"{""numpy.float32"": 604, ""numpy.float64"": 317}"	"{""numpy.float64 value=np.float64(0.7102383385688054)"": 1, ""numpy.float64 value=np.float64(2.359068174609136)"": 1, ""numpy.float64 value=np.float64(2.205217023092464)"": 1, ""numpy.float64 value=np.float64(2.77106086102612)"": 1, ""numpy.float64 value=np.float64(2.6877219472586074)"": 1, ""numpy.float64 value=np.float64(3.3694338005977964)"": 1, ""numpy.float64 value=np.float64(3.4636131697204933)"": 1, ""numpy.float64 value=np.float64(1.21704617678192)"": 1, ""numpy.float64 value=np.float64(1.7855894862829131)"": 1, ""numpy.float32 value=np.float32(2.2930484)"": 1, ""numpy.float32 value=np.float32(1.1517441)"": 1, ""numpy.float64 value=np.float64(1.6934502602496024)"": 1, ""numpy.float32 value=np.float32(1.363965)"": 1, ""numpy.float32 value=np.float32(0.9105004)"": 1, ""numpy.float32 value=np.float32(4.0838966)"": 1, ""numpy.float32 value=np.float32(4.88595)"": 1, ""numpy.float32 value=np.float32(2.729249)"": 1, ""numpy.float64 value=np.float64(3.9277857073913545)"": 1, ""numpy.float64 value=np.float64(2.9820495040925357)"": 1, ""numpy.float32 value=np.float32(0.8498312)"": 1}"	"[""np.float64(0.7102383385688054)"", ""np.float64(2.359068174609136)"", ""np.float64(2.205217023092464)"", ""np.float64(2.77106086102612)"", ""np.float64(2.6877219472586074)"", ""np.float64(3.3694338005977964)""]"
S_921_full_feature_dict.pickle	V2_backward_weighted_neighbor_energy_changes	921	1.000000	"{""numpy.float64"": 921}"	"{""numpy.float64 value=np.float64(-1.9502954830183548)"": 1, ""numpy.float64 value=np.float64(-3.6667572573824376)"": 1, ""numpy.float64 value=np.float64(-3.514455424525852)"": 1, ""numpy.float64 value=np.float64(-5.580889223598097)"": 1, ""numpy.float64 value=np.float64(-10.81583569849143)"": 1, ""numpy.float64 value=np.float64(-10.236515355971259)"": 1, ""numpy.float64 value=np.float64(-6.710808068197899)"": 1, ""numpy.float64 value=np.float64(0.6241133895601109)"": 1, ""numpy.float64 value=np.float64(1.825923366185402)"": 1, ""numpy.float64 value=np.float64(-5.4300824976355955)"": 1, ""numpy.float64 value=np.float64(3.8067054058726972)"": 1, ""numpy.float64 value=np.float64(-6.272784573895029)"": 1, ""numpy.float64 value=np.float64(-0.7394860665462222)"": 1, ""numpy.float64 value=np.float64(-3.1371481619121373)"": 1, ""numpy.float64 value=np.float64(-9.634020283504483)"": 1, ""numpy.float64 value=np.float64(11.840607756743783)"": 1, ""numpy.float64 value=np.float64(-4.926482836236836)"": 1, ""numpy.float64 value=np.float64(-0.02457364303993978)"": 1, ""numpy.float64 value=np.float64(-6.700769997000215)"": 1, ""numpy.float64 value=np.float64(6.541274232671201)"": 1}"	"[""np.float64(-1.9502954830183548)"", ""np.float64(-3.6667572573824376)"", ""np.float64(-3.514455424525852)"", ""np.float64(-5.580889223598097)"", ""np.float64(-10.81583569849143)"", ""np.float64(-10.236515355971259)""]"
S_921_full_feature_dict.pickle	V2_backward_weighted_neighbor_entropy_changes	921	1.000000	"{""numpy.float32"": 604, ""numpy.float64"": 317}"	"{""numpy.float64 value=np.float64(-3.1660792070385613)"": 1, ""numpy.float64 value=np.float64(-2.869813580287148)"": 1, ""numpy.float64 value=np.float64(6.4816336411573845)"": 1, ""numpy.float64 value=np.float64(-4.489510166950195)"": 1, ""numpy.float64 value=np.float64(3.3745935183121727)"": 1, ""numpy.float64 value=np.float64(8.841310791017897)"": 1, ""numpy.float64 value=np.float64(-7.098572299328256)"": 1, ""numpy.float64 value=np.float64(4.537450302745386)"": 1, ""numpy.float64 value=np.float64(6.571330030858623)"": 1, ""numpy.float32 value=np.float32(-6.9844465)"": 1, ""numpy.float32 value=np.float32(-0.6135486)"": 1, ""numpy.float64 value=np.float64(-15.348165021557506)"": 1, ""numpy.float32 value=np.float32(-6.388924)"": 1, ""numpy.float32 value=np.float32(-1.4401987)"": 1, ""numpy.float32 value=np.float32(-17.79155)"": 1, ""numpy.float32 value=np.float32(4.146084)"": 1, ""numpy.float32 value=np.float32(-1.000621)"": 1, ""numpy.float64 value=np.float64(2.1588081739985183)"": 1, ""numpy.float64 value=np.float64(-13.752254464291148)"": 1, ""numpy.float32 value=np.float32(-1.5597296)"": 1}"	"[""np.float64(-3.1660792070385613)"", ""np.float64(-2.869813580287148)"", ""np.float64(6.4816336411573845)"", ""np.float64(-4.489510166950195)"", ""np.float64(3.3745935183121727)"", ""np.float64(8.841310791017897)""]"
S_921_full_feature_dict.pickle	alternate_pssm	921	1.000000	"{""numpy.float64"": 921}"	"{""numpy.float64 value=np.float64(0.0)"": 130, ""numpy.float64 value=np.float64(-2.0)"": 109, ""numpy.float64 value=np.float64(-1.0)"": 105, ""numpy.float64 value=np.float64(-3.0)"": 93, ""numpy.float64 value=np.float64(-4.0)"": 92, ""numpy.float64 value=np.float64(1.0)"": 67, ""numpy.float64 value=np.float64(2.0)"": 48, ""numpy.float64 value=np.float64(-5.0)"": 48, ""numpy.float64 value=np.float64(3.0)"": 44, ""numpy.float64 value=np.float64(-6.0)"": 42, ""numpy.float64 value=np.float64(5.0)"": 26, ""numpy.float64 value=np.float64(-7.0)"": 24, ""numpy.float64 value=np.float64(4.0)"": 24, ""numpy.float64 value=np.float64(6.0)"": 22, ""numpy.float64 value=np.float64(7.0)"": 13, ""numpy.float64 value=np.float64(-8.0)"": 10, ""numpy.float64 value=np.float64(9.0)"": 10, ""numpy.float64 value=np.float64(8.0)"": 7, ""numpy.float64 value=np.float64(10.0)"": 3, ""numpy.float64 value=np.float64(-9.0)"": 3}"	"[""np.float64(0.0)"", ""np.float64(0.0)"", ""np.float64(0.0)"", ""np.float64(0.0)"", ""np.float64(0.0)"", ""np.float64(0.0)""]"
S_921_full_feature_dict.pickle	backward_weighted_neighbor_backward_KL	921	1.000000	"{""numpy.float32"": 604, ""numpy.float64"": 317}"	"{""numpy.float64 value=np.float64(0.8317158185338702)"": 1, ""numpy.float64 value=np.float64(2.161664105608278)"": 1, ""numpy.float64 value=np.float64(1.8011393903812327)"": 1, ""numpy.float64 value=np.float64(2.4615221017809956)"": 1, ""numpy.float64 value=np.float64(2.5286341094342095)"": 1, ""numpy.float64 value=np.float64(3.537994439713114)"": 1, ""numpy.float64 value=np.float64(2.9867755798956437)"": 1, ""numpy.float64 value=np.float64(1.2788802226737697)"": 1, ""numpy.float64 value=np.float64(2.174440841726506)"": 1, ""numpy.float32 value=np.float32(1.833874)"": 1, ""numpy.float32 value=np.float32(1.0452144)"": 1, ""numpy.float64 value=np.float64(1.377393171141926)"": 1, ""numpy.float32 value=np.float32(1.1903371)"": 1, ""numpy.float32 value=np.float32(0.7826921)"": 1, ""numpy.float32 value=np.float32(3.2322953)"": 1, ""numpy.float32 value=np.float32(4.6114864)"": 1, ""numpy.float32 value=np.float32(2.747466)"": 1, ""numpy.float64 value=np.float64(3.6083780015892373)"": 1, ""numpy.float64 value=np.float64(2.440618378656387)"": 1, ""numpy.float32 value=np.float32(0.98391646)"": 1}"	"[""np.float64(0.8317158185338702)"", ""np.float64(2.161664105608278)"", ""np.float64(1.8011393903812327)"", ""np.float64(2.4615221017809956)"", ""np.float64(2.5286341094342095)"", ""np.float64(3.537994439713114)""]"
S_921_full_feature_dict.pickle	backward_weighted_neighbor_energy_changes	921	1.000000	"{""numpy.float64"": 921}"	"{""numpy.float64 value=np.float64(-2.2838693941954507)"": 1, ""numpy.float64 value=np.float64(-3.359927293570286)"": 1, ""numpy.float64 value=np.float64(-2.8704767079911555)"": 1, ""numpy.float64 value=np.float64(-4.957481217641364)"": 1, ""numpy.float64 value=np.float64(-10.17564004235521)"": 1, ""numpy.float64 value=np.float64(-10.748611355723547)"": 1, ""numpy.float64 value=np.float64(-5.786927314714428)"": 1, ""numpy.float64 value=np.float64(0.6558225035674529)"": 1, ""numpy.float64 value=np.float64(2.223558310461068)"": 1, ""numpy.float64 value=np.float64(-4.342729123691827)"": 1, ""numpy.float64 value=np.float64(3.454606640588282)"": 1, ""numpy.float64 value=np.float64(-5.102063425738848)"": 1, ""numpy.float64 value=np.float64(-0.645352125349612)"": 1, ""numpy.float64 value=np.float64(-2.6967819985590675)"": 1, ""numpy.float64 value=np.float64(-7.62507019832654)"": 1, ""numpy.float64 value=np.float64(11.175471839158167)"": 1, ""numpy.float64 value=np.float64(-4.959366344219873)"": 1, ""numpy.float64 value=np.float64(-0.022575313311355847)"": 1, ""numpy.float64 value=np.float64(-5.484155237323835)"": 1, ""numpy.float64 value=np.float64(7.573348299370869)"": 1}"	"[""np.float64(-2.2838693941954507)"", ""np.float64(-3.359927293570286)"", ""np.float64(-2.8704767079911555)"", ""np.float64(-4.957481217641364)"", ""np.float64(-10.17564004235521)"", ""np.float64(-10.748611355723547)""]"
S_921_full_feature_dict.pickle	backward_weighted_neighbor_entropy_changes	921	1.000000	"{""numpy.float32"": 604, ""numpy.float64"": 317}"	"{""numpy.float64 value=np.float64(-3.70759788120061)"": 1, ""numpy.float64 value=np.float64(-2.6296709323891214)"": 1, ""numpy.float64 value=np.float64(5.293957711580392)"": 1, ""numpy.float64 value=np.float64(-3.988013636779602)"": 1, ""numpy.float64 value=np.float64(3.174849349495868)"": 1, ""numpy.float64 value=np.float64(9.283609730764606)"": 1, ""numpy.float64 value=np.float64(-6.121307824184146)"": 1, ""numpy.float64 value=np.float64(4.7679829773508935)"": 1, ""numpy.float64 value=np.float64(8.002381573890446)"": 1, ""numpy.float32 value=np.float32(-5.5858374)"": 1, ""numpy.float32 value=np.float32(-0.5567988)"": 1, ""numpy.float64 value=np.float64(-12.48366024469873)"": 1, ""numpy.float32 value=np.float32(-5.5756364)"": 1, ""numpy.float32 value=np.float32(-1.2380358)"": 1, ""numpy.float32 value=np.float32(-14.081537)"": 1, ""numpy.float32 value=np.float32(3.9131813)"": 1, ""numpy.float32 value=np.float32(-1.0072999)"": 1, ""numpy.float64 value=np.float64(1.9832537987111554)"": 1, ""numpy.float64 value=np.float64(-11.255348024050374)"": 1, ""numpy.float32 value=np.float32(-1.8058218)"": 1}"	"[""np.float64(-3.70759788120061)"", ""np.float64(-2.6296709323891214)"", ""np.float64(5.293957711580392)"", ""np.float64(-3.988013636779602)"", ""np.float64(3.174849349495868)"", ""np.float64(9.283609730764606)""]"
S_921_full_feature_dict.pickle	center_entropy	921	1.000000	"{""numpy.float64"": 921}"	"{""numpy.float64 value=np.float64(-2.458033561706543)"": 1, ""numpy.float64 value=np.float64(-2.493511438369751)"": 1, ""numpy.float64 value=np.float64(-2.4133219718933105)"": 1, ""numpy.float64 value=np.float64(-2.4584763050079346)"": 1, ""numpy.float64 value=np.float64(-2.4426896572113037)"": 1, ""numpy.float64 value=np.float64(-0.9316415786743164)"": 1, ""numpy.float64 value=np.float64(-2.4333035945892334)"": 1, ""numpy.float64 value=np.float64(-2.4640402793884277)"": 1, ""numpy.float64 value=np.float64(-2.485476493835449)"": 1, ""numpy.float64 value=np.float64(-1.0389916896820068)"": 1, ""numpy.float64 value=np.float64(-2.1933541297912598)"": 1, ""numpy.float64 value=np.float64(-2.3146040439605713)"": 1, ""numpy.float64 value=np.float64(-2.5009350776672363)"": 1, ""numpy.float64 value=np.float64(-2.527972936630249)"": 1, ""numpy.float64 value=np.float64(-0.7669907808303833)"": 1, ""numpy.float64 value=np.float64(-1.4123181104660034)"": 1, ""numpy.float64 value=np.float64(-2.3393547534942627)"": 1, ""numpy.float64 value=np.float64(-0.6931649446487427)"": 1, ""numpy.float64 value=np.float64(-2.4445183277130127)"": 1, ""numpy.float64 value=np.float64(-1.339359164237976)"": 1}"	"[""np.float64(-2.458033561706543)"", ""np.float64(-2.493511438369751)"", ""np.float64(-2.4133219718933105)"", ""np.float64(-2.4584763050079346)"", ""np.float64(-2.4426896572113037)"", ""np.float64(-0.9316415786743164)""]"
S_921_full_feature_dict.pickle	center_mut_max_energy	921	1.000000	"{""numpy.float64"": 921}"	"{""numpy.float64 value=np.float64(0.0)"": 121, ""numpy.float64 value=np.float64(0.8149819374084473)"": 1, ""numpy.float64 value=np.float64(1.1651594638824463)"": 1, ""numpy.float64 value=np.float64(1.2277237176895142)"": 1, ""numpy.float64 value=np.float64(0.986430287361145)"": 1, ""numpy.float64 value=np.float64(1.162048578262329)"": 1, ""numpy.float64 value=np.float64(4.456679195165634)"": 1, ""numpy.float64 value=np.float64(1.0860793590545654)"": 1, ""numpy.float64 value=np.float64(1.2441880702972412)"": 1, ""numpy.float64 value=np.float64(1.0980470180511475)"": 1, ""numpy.float64 value=np.float64(0.2852630615234375)"": 1, ""numpy.float64 value=np.float64(0.7722339630126953)"": 1, ""numpy.float64 value=np.float64(0.28380751609802246)"": 1, ""numpy.float64 value=np.float64(0.43518638610839844)"": 1, ""numpy.float64 value=np.float64(0.4228781461715698)"": 1, ""numpy.float64 value=np.float64(0.8230210542678833)"": 1, ""numpy.float64 value=np.float64(3.0086472630500793)"": 1, ""numpy.float64 value=np.float64(1.302471399307251)"": 1, ""numpy.float64 value=np.float64(6.330586910247803)"": 1, ""numpy.float64 value=np.float64(5.3101672530174255)"": 1}"	"[""np.float64(0.8149819374084473)"", ""np.float64(1.1651594638824463)"", ""np.float64(1.2277237176895142)"", ""np.float64(0.986430287361145)"", ""np.float64(1.162048578262329)"", ""np.float64(4.456679195165634)""]"
S_921_full_feature_dict.pickle	center_mut_wild_energy	921	1.000000	"{""numpy.float64"": 921}"	"{""numpy.float64 value=np.float64(-1.587076187133789)"": 1, ""numpy.float64 value=np.float64(0.0007035732269287109)"": 1, ""numpy.float64 value=np.float64(0.6527087688446045)"": 1, ""numpy.float64 value=np.float64(-1.2676575183868408)"": 1, ""numpy.float64 value=np.float64(0.0007398128509521484)"": 1, ""numpy.float64 value=np.float64(4.456679195165634)"": 1, ""numpy.float64 value=np.float64(-1.009350299835205)"": 1, ""numpy.float64 value=np.float64(0.6563365459442139)"": 1, ""numpy.float64 value=np.float64(-0.2463831901550293)"": 1, ""numpy.float64 value=np.float64(-1.9125721752643585)"": 1, ""numpy.float64 value=np.float64(-0.21893131732940674)"": 1, ""numpy.float64 value=np.float64(-1.4832587242126465)"": 1, ""numpy.float64 value=np.float64(-0.8896781206130981)"": 1, ""numpy.float64 value=np.float64(0.12880706787109375)"": 1, ""numpy.float64 value=np.float64(-3.868436485528946)"": 1, ""numpy.float64 value=np.float64(-2.3548117876052856)"": 1, ""numpy.float64 value=np.float64(-0.594054102897644)"": 1, ""numpy.float64 value=np.float64(-3.1975446939468384)"": 1, ""numpy.float64 value=np.float64(-2.3990094661712646)"": 1, ""numpy.float64 value=np.float64(2.6732285022735596)"": 1}"	"[""np.float64(-1.587076187133789)"", ""np.float64(0.0007035732269287109)"", ""np.float64(0.6527087688446045)"", ""np.float64(-1.2676575183868408)"", ""np.float64(0.0007398128509521484)"", ""np.float64(4.456679195165634)""]"
S_921_full_feature_dict.pickle	center_neighbor_weight_check_m_w	921	1.000000	"{""numpy.float32"": 604, ""numpy.float64"": 317}"	"{""numpy.float64 value=np.float64(22.148584485054016)"": 1, ""numpy.float64 value=np.float64(14.039505034685135)"": 1, ""numpy.float64 value=np.float64(10.649447321891785)"": 1, ""numpy.float64 value=np.float64(12.82950672507286)"": 1, ""numpy.float64 value=np.float64(14.556110382080078)"": 1, ""numpy.float64 value=np.float64(22.324729204177856)"": 1, ""numpy.float64 value=np.float64(11.817573010921478)"": 1, ""numpy.float64 value=np.float64(16.911441206932068)"": 1, ""numpy.float64 value=np.float64(26.195074796676636)"": 1, ""numpy.float32 value=np.float32(10.270578)"": 1, ""numpy.float32 value=np.float32(14.165181)"": 1, ""numpy.float64 value=np.float64(10.669055759906769)"": 1, ""numpy.float32 value=np.float32(12.119474)"": 1, ""numpy.float32 value=np.float32(11.934976)"": 1, ""numpy.float32 value=np.float32(9.906206)"": 1, ""numpy.float32 value=np.float32(14.253759)"": 1, ""numpy.float32 value=np.float32(16.32113)"": 1, ""numpy.float64 value=np.float64(13.641966253519058)"": 1, ""numpy.float64 value=np.float64(10.56214514374733)"": 1, ""numpy.float32 value=np.float32(22.79247)"": 1}"	"[""np.float64(22.148584485054016)"", ""np.float64(14.039505034685135)"", ""np.float64(10.649447321891785)"", ""np.float64(12.82950672507286)"", ""np.float64(14.556110382080078)"", ""np.float64(22.324729204177856)""]"
S_921_full_feature_dict.pickle	center_neighbor_weight_check_w_m	921	1.000000	"{""numpy.float32"": 604, ""numpy.float64"": 317}"	"{""numpy.float64 value=np.float64(11.56369948387146)"": 1, ""numpy.float64 value=np.float64(19.317454636096954)"": 1, ""numpy.float64 value=np.float64(23.891492247581482)"": 1, ""numpy.float64 value=np.float64(21.540988326072693)"": 1, ""numpy.float64 value=np.float64(19.89774799346924)"": 1, ""numpy.float64 value=np.float64(16.81884080171585)"": 1, ""numpy.float64 value=np.float64(21.3305761218071)"": 1, ""numpy.float64 value=np.float64(14.01330691576004)"": 1, ""numpy.float64 value=np.float64(11.060907453298569)"": 1, ""numpy.float32 value=np.float32(28.212948)"": 1, ""numpy.float32 value=np.float32(21.618038)"": 1, ""numpy.float64 value=np.float64(25.432929694652557)"": 1, ""numpy.float32 value=np.float32(21.082302)"": 1, ""numpy.float32 value=np.float32(21.772537)"": 1, ""numpy.float32 value=np.float32(26.222816)"": 1, ""numpy.float32 value=np.float32(17.724924)"": 1, ""numpy.float32 value=np.float32(15.90167)"": 1, ""numpy.float64 value=np.float64(19.387636482715607)"": 1, ""numpy.float64 value=np.float64(23.30924540758133)"": 1, ""numpy.float32 value=np.float32(12.111134)"": 1}"	"[""np.float64(11.56369948387146)"", ""np.float64(19.317454636096954)"", ""np.float64(23.891492247581482)"", ""np.float64(21.540988326072693)"", ""np.float64(19.89774799346924)"", ""np.float64(16.81884080171585)""]"
S_921_full_feature_dict.pickle	ddg	921	1.000000	"{""builtins.float"": 921}"	"{""builtins.float value=0.4"": 20, ""builtins.float value=0.1"": 18, ""builtins.float value=0.3"": 14, ""builtins.float value=-0.1"": 14, ""builtins.float value=0.0"": 14, ""builtins.float value=0.2"": 12, ""builtins.float value=1.6"": 12, ""builtins.float value=0.5"": 12, ""builtins.float value=-0.5"": 11, ""builtins.float value=-0.4"": 11, ""builtins.float value=-0.3"": 10, ""builtins.float value=1.0"": 9, ""builtins.float value=3.1"": 9, ""builtins.float value=-0.2"": 9, ""builtins.float value=-0.6"": 8, ""builtins.float value=1.3"": 8, ""builtins.float value=1.5"": 8, ""builtins.float value=0.8"": 8, ""builtins.float value=0.43"": 8, ""builtins.float value=1.2"": 7}"	"[""-0.5"", ""0.3"", ""0.2"", ""0.4"", ""-0.1"", ""-3.0""]"
S_921_full_feature_dict.pickle	log_prob	921	1.000000	"{""numpy.ndarray"": 921}"	"{""ndarray shape=[1, 164, 21] dtype=float32"": 188, ""ndarray shape=[1, 162, 21] dtype=float32"": 109, ""ndarray shape=[1, 153, 21] dtype=float32"": 69, ""ndarray shape=[1, 67, 21] dtype=float32"": 58, ""ndarray shape=[1, 136, 21] dtype=float32"": 51, ""ndarray shape=[1, 58, 21] dtype=float32"": 44, ""ndarray shape=[1, 104, 21] dtype=float32"": 39, ""ndarray shape=[1, 76, 21] dtype=float32"": 38, ""ndarray shape=[1, 194, 21] dtype=float32"": 37, ""ndarray shape=[1, 56, 21] dtype=float32"": 30, ""ndarray shape=[1, 149, 21] dtype=float32"": 30, ""ndarray shape=[1, 45, 21] dtype=float32"": 25, ""ndarray shape=[1, 108, 21] dtype=float32"": 20, ""ndarray shape=[1, 168, 21] dtype=float32"": 20, ""ndarray shape=[1, 107, 21] dtype=float32"": 20, ""ndarray shape=[1, 130, 21] dtype=float32"": 14, ""ndarray shape=[1, 370, 21] dtype=float32"": 14, ""ndarray shape=[1, 88, 21] dtype=float32"": 13, ""ndarray shape=[1, 175, 21] dtype=float32"": 10, ""ndarray shape=[1, 98, 21] dtype=float32"": 9}"	"[""array([[[-4.9752383 , -5.51404   , -5.377373  , ..., -4.2264047 ,\n         -2.9230807 , -5.880534  ],\n        [-5.641..."", ""array([[[-4.9705853 , -5.4017024 , -5.373614  , ..., -3.3814237 ,\n         -2.8323112 , -5.7238135 ],\n        [-5.697..."", ""array([[[-4.458267 , -5.4682384, -5.4092565, ..., -4.2589116,\n         -3.1879842, -5.86031  ],\n        [-5.6984925, ..."", ""array([[[-4.606048  , -5.565474  , -5.5102754 , ..., -3.9220386 ,\n         -2.5300803 , -5.8583627 ],\n        [-5.613..."", ""array([[[-4.8868303 , -5.233582  , -5.209064  , ..., -3.2435274 ,\n         -2.836625  , -5.7422056 ],\n        [-5.643..."", ""array([[[-5.085032  , -5.1782913 , -5.429658  , ..., -3.7171738 ,\n         -3.12973   , -5.745976  ],\n        [-5.599...""]"
S_921_full_feature_dict.pickle	m_n_log_prob	921	1.000000	"{""builtins.list"": 921}"	"{""list length=15 child_types={'numpy.ndarray': 15}"": 921}"	"[""[array([-2.6112404, -5.411194 , -1.828985 , -1.1616613, -5.1193976,\n       -4.3320856, -4.967357 , -4.816804 , -2.999..."", ""[array([-1.9080509, -5.4314857, -1.7573997, -1.3388824, -5.219943 ,\n       -4.1313457, -5.084401 , -5.12862  , -3.198..."", ""[array([-1.9624205, -5.483933 , -1.7339065, -1.2394028, -5.3130956,\n       -4.2958617, -5.172203 , -5.1503   , -3.102..."", ""[array([-2.2576616, -5.3928156, -1.7248096, -1.2384825, -5.151702 ,\n       -4.2470384, -4.9618883, -4.99235  , -2.996..."", ""[array([-2.4067922, -5.376519 , -1.89434  , -1.3468401, -5.0407343,\n       -4.1255016, -4.909027 , -4.525852 , -2.579..."", ""[array([-2.414092 , -5.309246 , -1.665233 , -1.4521791, -4.967256 ,\n       -3.711598 , -4.7459655, -5.151015 , -2.892...""]"
S_921_full_feature_dict.pickle	mut	921	1.000000	"{""builtins.str"": 921}"	"{""builtins.str value='T54A'"": 2, ""builtins.str value='Y97G'"": 2, ""builtins.str value='D50A'"": 2, ""builtins.str value='K41A'"": 2, ""builtins.str value='L6A'"": 2, ""builtins.str value='N44A'"": 2, ""builtins.str value='M133L'"": 2, ""builtins.str value='A93S'"": 2, ""builtins.str value='A101V'"": 2, ""builtins.str value='V18I'"": 2, ""builtins.str value='V83I'"": 2, ""builtins.str value='I149V'"": 2, ""builtins.str value='N9A'"": 2, ""builtins.str value='P82A'"": 2, ""builtins.str value='P47A'"": 2, ""builtins.str value='V78I'"": 2, ""builtins.str value='D47A'"": 2, ""builtins.str value='P25A'"": 2, ""builtins.str value='D20A'"": 2, ""builtins.str value='L115A'"": 2}"	"[""'G44S'"", ""'I44S'"", ""'K44S'"", ""'L44S'"", ""'N44S'"", ""'P44S'""]"
S_921_full_feature_dict.pickle	neighbor_aa_identities	921	1.000000	"{""builtins.list"": 921}"	"{""list length=15 child_types={'builtins.str': 15}"": 921}"	"[""['N', 'K', 'K', 'E', 'D', 'S', 'A', 'L', 'N', 'P', 'S', 'K', 'N', 'I', 'K']"", ""['N', 'K', 'K', 'E', 'A', 'S', 'D', 'S', 'L', 'N', 'P', 'K', 'N', 'K', 'T']"", ""['N', 'K', 'K', 'A', 'D', 'E', 'S', 'L', 'N', 'S', 'P', 'R', 'N', 'K', 'K']"", ""['N', 'K', 'K', 'E', 'A', 'D', 'S', 'S', 'N', 'K', 'P', 'L', 'N', 'K', 'I']"", ""['N', 'K', 'K', 'A', 'D', 'E', 'S', 'S', 'N', 'N', 'K', 'K', 'P', 'L', 'R']"", ""['N', 'K', 'A', 'E', 'D', 'K', 'L', 'A', 'S', 'S', 'K', 'P', 'N', 'K', 'R']""]"
S_921_full_feature_dict.pickle	neighbor_m_message_vector_coming_from_center	921	1.000000	"{""builtins.list"": 921}"	"{""list length=15 child_types={'numpy.ndarray': 15}"": 921}"	"[""[array([ 0.00755991,  0.02771845,  0.00212118,  0.1111725 ,  0.06782147,\n       -0.02892552,  0.06558875,  0.04552325..."", ""[array([ 2.80117942e-03,  2.88860183e-02, -2.65667145e-03,  1.10525504e-01,\n        5.39222769e-02, -3.09683438e-02, ..."", ""[array([ 6.45999610e-03,  2.82968488e-02,  1.84230413e-03,  1.12781391e-01,\n        6.73049092e-02, -3.23695317e-02, ..."", ""[array([ 0.00732077,  0.02712148,  0.00138391,  0.11347906,  0.06010903,\n       -0.02947214,  0.06215014,  0.04549374..."", ""[array([ 6.0477792e-03,  2.9960316e-02,  3.4622245e-03,  1.1616070e-01,\n        6.0789164e-02, -3.3771180e-02,  5.736..."", ""[array([ 0.01192495,  0.02305974, -0.00486493,  0.06462907,  0.04450943,\n       -0.02235399,  0.03011636,  0.0704956 ...""]"
S_921_full_feature_dict.pickle	neighbor_w_message_vector_coming_from_center	921	1.000000	"{""builtins.list"": 921}"	"{""list length=15 child_types={'numpy.ndarray': 15}"": 921}"	"[""[array([-1.5729472e-02, -2.3230317e-03, -6.7850854e-04,  3.5122689e-03,\n       -6.4550771e-04,  4.0425058e-02,  2.702..."", ""[array([ 6.7981318e-02, -2.0702681e-02,  1.7459461e-02, -1.8681029e-02,\n       -1.7384134e-02,  1.3479071e-02,  3.092..."", ""[array([-3.6607318e-02,  3.6655110e-03,  2.3296474e-02, -4.5310009e-02,\n        4.5074224e-02,  4.7006486e-03,  3.001..."", ""[array([ 8.16789418e-02, -4.75053582e-03,  2.00256221e-02, -1.63520090e-02,\n       -9.86371841e-03,  1.70700233e-02, ..."", ""[array([-0.01264752,  0.07081307, -0.03482185,  0.1400844 ,  0.07463859,\n       -0.02506547,  0.02877829,  0.02992775..."", ""[array([ 0.03663394,  0.04361806, -0.01769068, -0.00799434, -0.01623536,\n        0.0381879 , -0.00520136, -0.04231028...""]"
S_921_full_feature_dict.pickle	top_10_attention_weights	921	1.000000	"{""numpy.ndarray"": 921}"	"{""ndarray shape=[10] dtype=float32"": 921}"	"[""array([1.2920475 , 0.85213286, 0.812263  , 0.5983261 , 0.5896077 ,\n       0.48720104, 0.45877758, 0.34925207, 0.34056..."", ""array([1.3168998 , 0.7605514 , 0.72126216, 0.68116516, 0.57915133,\n       0.5656563 , 0.46230417, 0.45328587, 0.34861..."", ""array([1.3390024 , 0.8194949 , 0.643201  , 0.61268866, 0.5931037 ,\n       0.5437255 , 0.46804416, 0.30729184, 0.30628..."", ""array([1.1904186 , 0.7642998 , 0.7229955 , 0.636367  , 0.54051715,\n       0.53282976, 0.43129176, 0.4010858 , 0.39899..."", ""array([1.324779  , 0.83326507, 0.6788673 , 0.5562269 , 0.5503964 ,\n       0.54111624, 0.3628862 , 0.35625547, 0.34132..."", ""array([1.4495513 , 0.87505084, 0.76968724, 0.6380556 , 0.59172314,\n       0.5729159 , 0.3642506 , 0.34309575, 0.33684...""]"
S_921_full_feature_dict.pickle	top_10_closest_neighbor_indices	921	1.000000	"{""numpy.ndarray"": 921}"	"{""ndarray shape=[10] dtype=int64"": 921}"	"[""array([42, 44, 46, 45, 41, 40, 39, 47, 48, 52])"", ""array([44, 42, 40, 41, 46, 45, 47, 39, 48, 38])"", ""array([42, 44, 45, 40, 46, 41, 47, 39, 48, 38])"", ""array([42, 44, 46, 45, 40, 41, 47, 39, 48, 52])"", ""array([44, 42, 40, 41, 45, 46, 39, 47, 38, 48])"", ""array([42, 44, 46, 45, 41, 40, 47, 39, 48, 52])""]"
S_921_full_feature_dict.pickle	top_10_neighbor_indices	921	1.000000	"{""numpy.ndarray"": 921}"	"{""ndarray shape=[10] dtype=int64"": 921}"	"[""array([39, 42, 47, 44, 46, 35, 40, 45, 52, 36])"", ""array([39, 42, 47, 44, 40, 35, 46, 37, 45, 52])"", ""array([39, 47, 42, 40, 46, 44, 35, 45, 52, 37])"", ""array([39, 47, 42, 44, 40, 46, 35, 37, 52, 15])"", ""array([39, 42, 47, 40, 46, 44, 37, 35, 52, 54])"", ""array([39, 47, 40, 44, 46, 42, 45, 41, 35, 37])""]"
S_921_full_feature_dict.pickle	top_15_attention_weights	921	1.000000	"{""numpy.ndarray"": 921}"	"{""ndarray shape=[15] dtype=float32"": 921}"	"[""array([1.2920475 , 0.85213286, 0.812263  , 0.5983261 , 0.5896077 ,\n       0.48720104, 0.45877758, 0.34925207, 0.34056..."", ""array([1.3168998 , 0.7605514 , 0.72126216, 0.68116516, 0.57915133,\n       0.5656563 , 0.46230417, 0.45328587, 0.34861..."", ""array([1.3390024 , 0.8194949 , 0.643201  , 0.61268866, 0.5931037 ,\n       0.5437255 , 0.46804416, 0.30729184, 0.30628..."", ""array([1.1904186 , 0.7642998 , 0.7229955 , 0.636367  , 0.54051715,\n       0.53282976, 0.43129176, 0.4010858 , 0.39899..."", ""array([1.324779  , 0.83326507, 0.6788673 , 0.5562269 , 0.5503964 ,\n       0.54111624, 0.3628862 , 0.35625547, 0.34132..."", ""array([1.4495513 , 0.87505084, 0.76968724, 0.6380556 , 0.59172314,\n       0.5729159 , 0.3642506 , 0.34309575, 0.33684...""]"
S_921_full_feature_dict.pickle	top_15_closest_neighbor_indices	921	1.000000	"{""numpy.ndarray"": 921}"	"{""ndarray shape=[15] dtype=int64"": 921}"	"[""array([42, 44, 46, 45, 41, 40, 39, 47, 48, 52, 38, 55, 54, 53, 32])"", ""array([44, 42, 40, 41, 46, 45, 47, 39, 48, 38, 52, 55, 54, 32, 53])"", ""array([42, 44, 45, 40, 46, 41, 47, 39, 48, 38, 52, 55, 54, 53, 32])"", ""array([42, 44, 46, 45, 40, 41, 47, 39, 48, 52, 38, 54, 55, 53, 32])"", ""array([44, 42, 40, 41, 45, 46, 39, 47, 38, 48, 52, 55, 32, 54, 53])"", ""array([42, 44, 46, 45, 41, 40, 47, 39, 48, 52, 38, 53, 55, 54, 32])""]"
S_921_full_feature_dict.pickle	top_15_neighbor_indices	921	1.000000	"{""numpy.ndarray"": 921}"	"{""ndarray shape=[15] dtype=int64"": 921}"	"[""array([39, 42, 47, 44, 46, 35, 40, 45, 52, 36, 37, 18, 54, 28, 64])"", ""array([39, 42, 47, 44, 40, 35, 46, 37, 45, 52, 36, 64, 54, 18, 58])"", ""array([39, 47, 42, 40, 46, 44, 35, 45, 52, 37, 36, 51, 54, 18, 64])"", ""array([39, 47, 42, 44, 40, 46, 35, 37, 52, 15, 36, 45, 54, 64, 49])"", ""array([39, 42, 47, 40, 46, 44, 37, 35, 52, 54, 64, 15, 36, 45, 51])"", ""array([39, 47, 40, 44, 46, 42, 45, 41, 35, 37, 64, 36, 52, 18, 51])""]"
S_921_full_feature_dict.pickle	top_5_attention_weights	921	1.000000	"{""numpy.ndarray"": 921}"	"{""ndarray shape=[5] dtype=float32"": 921}"	"[""array([1.2920475 , 0.85213286, 0.812263  , 0.5983261 , 0.5896077 ],\n      dtype=float32)"", ""array([1.3168998 , 0.7605514 , 0.72126216, 0.68116516, 0.57915133],\n      dtype=float32)"", ""array([1.3390024 , 0.8194949 , 0.643201  , 0.61268866, 0.5931037 ],\n      dtype=float32)"", ""array([1.1904186 , 0.7642998 , 0.7229955 , 0.636367  , 0.54051715],\n      dtype=float32)"", ""array([1.324779  , 0.83326507, 0.6788673 , 0.5562269 , 0.5503964 ],\n      dtype=float32)"", ""array([1.4495513 , 0.87505084, 0.76968724, 0.6380556 , 0.59172314],\n      dtype=float32)""]"
S_921_full_feature_dict.pickle	top_5_neighbor_indices	921	1.000000	"{""numpy.ndarray"": 921}"	"{""ndarray shape=[5] dtype=int64"": 921}"	"[""array([39, 42, 47, 44, 46])"", ""array([39, 42, 47, 44, 40])"", ""array([39, 47, 42, 40, 46])"", ""array([39, 47, 42, 44, 40])"", ""array([39, 42, 47, 40, 46])"", ""array([39, 47, 40, 44, 46])""]"
S_921_full_feature_dict.pickle	w_n_log_prob	921	1.000000	"{""builtins.list"": 921}"	"{""list length=15 child_types={'numpy.ndarray': 15}"": 921}"	"[""[array([-2.3659093, -5.449042 , -1.9565891, -1.385572 , -5.083492 ,\n       -4.2442503, -4.931307 , -4.7810335, -2.559..."", ""[array([-2.8409271, -5.420329 , -1.9471909, -1.0505054, -5.0750227,\n       -4.154809 , -4.3110266, -4.8096066, -2.697..."", ""[array([-2.202448 , -5.385346 , -1.9417845, -1.0704699, -5.179579 ,\n       -4.3704863, -4.981915 , -4.830005 , -2.622..."", ""[array([-2.8869216, -5.417204 , -2.0578775, -1.1125388, -4.923593 ,\n       -4.103111 , -4.3453517, -4.786043 , -2.380..."", ""[array([-2.8355842, -5.435544 , -2.1388288, -1.3225286, -5.0290575,\n       -4.313033 , -5.0400305, -3.8876674, -2.699..."", ""[array([-2.109232 , -5.3747635, -1.502913 , -1.1498492, -5.2062244,\n       -4.3735533, -5.0510044, -5.4143887, -3.111...""]"
S_921_full_feature_dict.pickle	weighted_neighbor_backward_KL	921	1.000000	"{""numpy.float32"": 921}"	"{""numpy.float32 value=np.float32(0.6403004)"": 1, ""numpy.float32 value=np.float32(1.8781146)"": 1, ""numpy.float32 value=np.float32(1.6438267)"": 1, ""numpy.float32 value=np.float32(2.1604958)"": 1, ""numpy.float32 value=np.float32(2.1642601)"": 1, ""numpy.float32 value=np.float32(2.8155863)"": 1, ""numpy.float32 value=np.float32(2.673216)"": 1, ""numpy.float32 value=np.float32(1.0378363)"": 1, ""numpy.float32 value=np.float32(1.6285739)"": 1, ""numpy.float32 value=np.float32(1.7120037)"": 1, ""numpy.float32 value=np.float32(0.8905934)"": 1, ""numpy.float32 value=np.float32(1.2355585)"": 1, ""numpy.float32 value=np.float32(1.0615033)"": 1, ""numpy.float32 value=np.float32(0.7101573)"": 1, ""numpy.float32 value=np.float32(3.0448494)"": 1, ""numpy.float32 value=np.float32(4.002207)"": 1, ""numpy.float32 value=np.float32(2.281436)"": 1, ""numpy.float32 value=np.float32(3.0959358)"": 1, ""numpy.float32 value=np.float32(2.2605155)"": 1, ""numpy.float32 value=np.float32(0.75069577)"": 1}"	"[""np.float32(0.6403004)"", ""np.float32(1.8781146)"", ""np.float32(1.6438267)"", ""np.float32(2.1604958)"", ""np.float32(2.1642601)"", ""np.float32(2.8155863)""]"
S_921_full_feature_dict.pickle	weighted_neighbor_energy_changes	921	1.000000	"{""numpy.float64"": 921}"	"{""numpy.float64 value=np.float64(-1.758247553262502)"": 1, ""numpy.float64 value=np.float64(-2.9191993784803647)"": 1, ""numpy.float64 value=np.float64(-2.6197675650971073)"": 1, ""numpy.float64 value=np.float64(-4.351217419902525)"": 1, ""numpy.float64 value=np.float64(-8.709338861531885)"": 1, ""numpy.float64 value=np.float64(-8.55389780471757)"": 1, ""numpy.float64 value=np.float64(-5.179400547990811)"": 1, ""numpy.float64 value=np.float64(0.5322127688423078)"": 1, ""numpy.float64 value=np.float64(1.6653610942346564)"": 1, ""numpy.float64 value=np.float64(-4.054132359652112)"": 1, ""numpy.float64 value=np.float64(2.943558521842075)"": 1, ""numpy.float64 value=np.float64(-4.576686927110628)"": 1, ""numpy.float64 value=np.float64(-0.5755037242621954)"": 1, ""numpy.float64 value=np.float64(-2.4468618784059295)"": 1, ""numpy.float64 value=np.float64(-7.1828809926387365)"": 1, ""numpy.float64 value=np.float64(9.698944412562458)"": 1, ""numpy.float64 value=np.float64(-4.118149719721764)"": 1, ""numpy.float64 value=np.float64(-0.019369290229958924)"": 1, ""numpy.float64 value=np.float64(-5.079457891897854)"": 1, ""numpy.float64 value=np.float64(5.778214446555696)"": 1}"	"[""np.float64(-1.758247553262502)"", ""np.float64(-2.9191993784803647)"", ""np.float64(-2.6197675650971073)"", ""np.float64(-4.351217419902525)"", ""np.float64(-8.709338861531885)"", ""np.float64(-8.55389780471757)""]"
S_921_full_feature_dict.pickle	weighted_neighbor_entropies	921	1.000000	"{""numpy.float32"": 921}"	"{""numpy.float32 value=np.float32(1.8365954)"": 1, ""numpy.float32 value=np.float32(1.8902425)"": 1, ""numpy.float32 value=np.float32(1.7579749)"": 1, ""numpy.float32 value=np.float32(1.8672601)"": 1, ""numpy.float32 value=np.float32(1.8656439)"": 1, ""numpy.float32 value=np.float32(1.8455418)"": 1, ""numpy.float32 value=np.float32(1.8146622)"": 1, ""numpy.float32 value=np.float32(1.807652)"": 1, ""numpy.float32 value=np.float32(1.8508241)"": 1, ""numpy.float32 value=np.float32(1.8328501)"": 1, ""numpy.float32 value=np.float32(1.9254795)"": 1, ""numpy.float32 value=np.float32(1.6568091)"": 1, ""numpy.float32 value=np.float32(2.1332676)"": 1, ""numpy.float32 value=np.float32(1.8546944)"": 1, ""numpy.float32 value=np.float32(1.6065238)"": 1, ""numpy.float32 value=np.float32(1.528186)"": 1, ""numpy.float32 value=np.float32(1.8440567)"": 1, ""numpy.float32 value=np.float32(1.3580649)"": 1, ""numpy.float32 value=np.float32(1.7979875)"": 1, ""numpy.float32 value=np.float32(1.6243688)"": 1}"	"[""np.float32(1.8365954)"", ""np.float32(1.8902425)"", ""np.float32(1.7579749)"", ""np.float32(1.8672601)"", ""np.float32(1.8656439)"", ""np.float32(1.8455418)""]"
S_921_full_feature_dict.pickle	weighted_neighbor_entropy_changes	921	1.000000	"{""numpy.float32"": 921}"	"{""numpy.float32 value=np.float32(-2.8543115)"": 1, ""numpy.float32 value=np.float32(-2.284732)"": 1, ""numpy.float32 value=np.float32(4.83158)"": 1, ""numpy.float32 value=np.float32(-3.5003085)"": 1, ""numpy.float32 value=np.float32(2.7173562)"": 1, ""numpy.float32 value=np.float32(7.388029)"": 1, ""numpy.float32 value=np.float32(-5.4786773)"": 1, ""numpy.float32 value=np.float32(3.8693113)"": 1, ""numpy.float32 value=np.float32(5.993481)"": 1, ""numpy.float32 value=np.float32(-5.214629)"": 1, ""numpy.float32 value=np.float32(-0.47443026)"": 1, ""numpy.float32 value=np.float32(-11.198175)"": 1, ""numpy.float32 value=np.float32(-4.9721684)"": 1, ""numpy.float32 value=np.float32(-1.1233027)"": 1, ""numpy.float32 value=np.float32(-13.264929)"": 1, ""numpy.float32 value=np.float32(3.3961635)"": 1, ""numpy.float32 value=np.float32(-0.8364399)"": 1, ""numpy.float32 value=np.float32(1.7016029)"": 1, ""numpy.float32 value=np.float32(-10.424772)"": 1, ""numpy.float32 value=np.float32(-1.3777823)"": 1}"	"[""np.float32(-2.8543115)"", ""np.float32(-2.284732)"", ""np.float32(4.83158)"", ""np.float32(-3.5003085)"", ""np.float32(2.7173562)"", ""np.float32(7.388029)""]"
S_921_full_feature_dict.pickle	weighted_neighbor_forward_KL	921	1.000000	"{""numpy.float32"": 921}"	"{""numpy.float32 value=np.float32(0.6485121)"": 1, ""numpy.float32 value=np.float32(1.8143978)"": 1, ""numpy.float32 value=np.float32(1.676333)"": 1, ""numpy.float32 value=np.float32(2.1206195)"": 1, ""numpy.float32 value=np.float32(2.2422605)"": 1, ""numpy.float32 value=np.float32(2.7240367)"": 1, ""numpy.float32 value=np.float32(2.766736)"": 1, ""numpy.float32 value=np.float32(1.0041702)"": 1, ""numpy.float32 value=np.float32(1.5992203)"": 1, ""numpy.float32 value=np.float32(1.7446742)"": 1, ""numpy.float32 value=np.float32(0.8920895)"": 1, ""numpy.float32 value=np.float32(1.2680447)"": 1, ""numpy.float32 value=np.float32(1.0864404)"": 1, ""numpy.float32 value=np.float32(0.71830964)"": 1, ""numpy.float32 value=np.float32(3.5452526)"": 1, ""numpy.float32 value=np.float32(3.9406967)"": 1, ""numpy.float32 value=np.float32(2.2544057)"": 1, ""numpy.float32 value=np.float32(2.8605494)"": 1, ""numpy.float32 value=np.float32(2.3695073)"": 1, ""numpy.float32 value=np.float32(0.6932266)"": 1}"	"[""np.float32(0.6485121)"", ""np.float32(1.8143978)"", ""np.float32(1.676333)"", ""np.float32(2.1206195)"", ""np.float32(2.2422605)"", ""np.float32(2.7240367)""]"
S_921_full_feature_dict.pickle	wild_pssm	921	1.000000	"{""numpy.float64"": 921}"	"{""numpy.float64 value=np.float64(5.0)"": 108, ""numpy.float64 value=np.float64(6.0)"": 98, ""numpy.float64 value=np.float64(7.0)"": 86, ""numpy.float64 value=np.float64(1.0)"": 82, ""numpy.float64 value=np.float64(3.0)"": 79, ""numpy.float64 value=np.float64(4.0)"": 77, ""numpy.float64 value=np.float64(0.0)"": 76, ""numpy.float64 value=np.float64(8.0)"": 76, ""numpy.float64 value=np.float64(2.0)"": 68, ""numpy.float64 value=np.float64(9.0)"": 47, ""numpy.float64 value=np.float64(-1.0)"": 20, ""numpy.float64 value=np.float64(11.0)"": 19, ""numpy.float64 value=np.float64(10.0)"": 16, ""numpy.float64 value=np.float64(-3.0)"": 15, ""numpy.float64 value=np.float64(-4.0)"": 14, ""numpy.float64 value=np.float64(-2.0)"": 14, ""numpy.float64 value=np.float64(-5.0)"": 11, ""numpy.float64 value=np.float64(-6.0)"": 8, ""numpy.float64 value=np.float64(13.0)"": 4, ""numpy.float64 value=np.float64(-7.0)"": 3}"	"[""np.float64(-1.0)"", ""np.float64(1.0)"", ""np.float64(1.0)"", ""np.float64(0.0)"", ""np.float64(0.0)"", ""np.float64(0.0)""]"
S_921_pmppn_info_dict.pickle	ddg	921	1.000000	"{""builtins.float"": 921}"	"{""builtins.float value=0.4"": 20, ""builtins.float value=0.1"": 18, ""builtins.float value=0.3"": 14, ""builtins.float value=-0.1"": 14, ""builtins.float value=0.0"": 14, ""builtins.float value=0.2"": 12, ""builtins.float value=1.6"": 12, ""builtins.float value=0.5"": 12, ""builtins.float value=-0.5"": 11, ""builtins.float value=-0.4"": 11, ""builtins.float value=-0.3"": 10, ""builtins.float value=1.0"": 9, ""builtins.float value=3.1"": 9, ""builtins.float value=-0.2"": 9, ""builtins.float value=-0.6"": 8, ""builtins.float value=1.3"": 8, ""builtins.float value=1.5"": 8, ""builtins.float value=0.8"": 8, ""builtins.float value=0.43"": 8, ""builtins.float value=1.2"": 7}"	"[""-0.5"", ""0.3"", ""0.2"", ""0.4"", ""-0.1"", ""-3.0""]"
S_921_pmppn_info_dict.pickle	log_prob	921	1.000000	"{""numpy.ndarray"": 921}"	"{""ndarray shape=[1, 164, 21] dtype=float32"": 188, ""ndarray shape=[1, 162, 21] dtype=float32"": 109, ""ndarray shape=[1, 153, 21] dtype=float32"": 69, ""ndarray shape=[1, 67, 21] dtype=float32"": 58, ""ndarray shape=[1, 136, 21] dtype=float32"": 51, ""ndarray shape=[1, 58, 21] dtype=float32"": 44, ""ndarray shape=[1, 104, 21] dtype=float32"": 39, ""ndarray shape=[1, 76, 21] dtype=float32"": 38, ""ndarray shape=[1, 194, 21] dtype=float32"": 37, ""ndarray shape=[1, 56, 21] dtype=float32"": 30, ""ndarray shape=[1, 149, 21] dtype=float32"": 30, ""ndarray shape=[1, 45, 21] dtype=float32"": 25, ""ndarray shape=[1, 108, 21] dtype=float32"": 20, ""ndarray shape=[1, 168, 21] dtype=float32"": 20, ""ndarray shape=[1, 107, 21] dtype=float32"": 20, ""ndarray shape=[1, 130, 21] dtype=float32"": 14, ""ndarray shape=[1, 370, 21] dtype=float32"": 14, ""ndarray shape=[1, 88, 21] dtype=float32"": 13, ""ndarray shape=[1, 175, 21] dtype=float32"": 10, ""ndarray shape=[1, 98, 21] dtype=float32"": 9}"	"[""array([[[-4.9752383 , -5.51404   , -5.377373  , ..., -4.2264047 ,\n         -2.9230807 , -5.880534  ],\n        [-5.641..."", ""array([[[-4.9705853 , -5.4017024 , -5.373614  , ..., -3.3814237 ,\n         -2.8323112 , -5.7238135 ],\n        [-5.697..."", ""array([[[-4.458267 , -5.4682384, -5.4092565, ..., -4.2589116,\n         -3.1879842, -5.86031  ],\n        [-5.6984925, ..."", ""array([[[-4.606048  , -5.565474  , -5.5102754 , ..., -3.9220386 ,\n         -2.5300803 , -5.8583627 ],\n        [-5.613..."", ""array([[[-4.8868303 , -5.233582  , -5.209064  , ..., -3.2435274 ,\n         -2.836625  , -5.7422056 ],\n        [-5.643..."", ""array([[[-5.085032  , -5.1782913 , -5.429658  , ..., -3.7171738 ,\n         -3.12973   , -5.745976  ],\n        [-5.599...""]"
S_921_pmppn_info_dict.pickle	m_n_log_prob	921	1.000000	"{""builtins.list"": 921}"	"{""list length=15 child_types={'numpy.ndarray': 15}"": 921}"	"[""[array([-2.6112404, -5.411194 , -1.828985 , -1.1616613, -5.1193976,\n       -4.3320856, -4.967357 , -4.816804 , -2.999..."", ""[array([-1.9080509, -5.4314857, -1.7573997, -1.3388824, -5.219943 ,\n       -4.1313457, -5.084401 , -5.12862  , -3.198..."", ""[array([-1.9624205, -5.483933 , -1.7339065, -1.2394028, -5.3130956,\n       -4.2958617, -5.172203 , -5.1503   , -3.102..."", ""[array([-2.2576616, -5.3928156, -1.7248096, -1.2384825, -5.151702 ,\n       -4.2470384, -4.9618883, -4.99235  , -2.996..."", ""[array([-2.4067922, -5.376519 , -1.89434  , -1.3468401, -5.0407343,\n       -4.1255016, -4.909027 , -4.525852 , -2.579..."", ""[array([-2.414092 , -5.309246 , -1.665233 , -1.4521791, -4.967256 ,\n       -3.711598 , -4.7459655, -5.151015 , -2.892...""]"
S_921_pmppn_info_dict.pickle	mut	921	1.000000	"{""builtins.str"": 921}"	"{""builtins.str value='T54A'"": 2, ""builtins.str value='Y97G'"": 2, ""builtins.str value='D50A'"": 2, ""builtins.str value='K41A'"": 2, ""builtins.str value='L6A'"": 2, ""builtins.str value='N44A'"": 2, ""builtins.str value='M133L'"": 2, ""builtins.str value='A93S'"": 2, ""builtins.str value='A101V'"": 2, ""builtins.str value='V18I'"": 2, ""builtins.str value='V83I'"": 2, ""builtins.str value='I149V'"": 2, ""builtins.str value='N9A'"": 2, ""builtins.str value='P82A'"": 2, ""builtins.str value='P47A'"": 2, ""builtins.str value='V78I'"": 2, ""builtins.str value='D47A'"": 2, ""builtins.str value='P25A'"": 2, ""builtins.str value='D20A'"": 2, ""builtins.str value='L115A'"": 2}"	"[""'G44S'"", ""'I44S'"", ""'K44S'"", ""'L44S'"", ""'N44S'"", ""'P44S'""]"
S_921_pmppn_info_dict.pickle	neighbor_aa_identities	921	1.000000	"{""builtins.list"": 921}"	"{""list length=15 child_types={'builtins.str': 15}"": 921}"	"[""['N', 'K', 'K', 'E', 'D', 'S', 'A', 'L', 'N', 'P', 'S', 'K', 'N', 'I', 'K']"", ""['N', 'K', 'K', 'E', 'A', 'S', 'D', 'S', 'L', 'N', 'P', 'K', 'N', 'K', 'T']"", ""['N', 'K', 'K', 'A', 'D', 'E', 'S', 'L', 'N', 'S', 'P', 'R', 'N', 'K', 'K']"", ""['N', 'K', 'K', 'E', 'A', 'D', 'S', 'S', 'N', 'K', 'P', 'L', 'N', 'K', 'I']"", ""['N', 'K', 'K', 'A', 'D', 'E', 'S', 'S', 'N', 'N', 'K', 'K', 'P', 'L', 'R']"", ""['N', 'K', 'A', 'E', 'D', 'K', 'L', 'A', 'S', 'S', 'K', 'P', 'N', 'K', 'R']""]"
S_921_pmppn_info_dict.pickle	neighbor_m_message_vector_coming_from_center	921	1.000000	"{""builtins.list"": 921}"	"{""list length=15 child_types={'numpy.ndarray': 15}"": 921}"	"[""[array([ 0.00755991,  0.02771845,  0.00212118,  0.1111725 ,  0.06782147,\n       -0.02892552,  0.06558875,  0.04552325..."", ""[array([ 2.80117942e-03,  2.88860183e-02, -2.65667145e-03,  1.10525504e-01,\n        5.39222769e-02, -3.09683438e-02, ..."", ""[array([ 6.45999610e-03,  2.82968488e-02,  1.84230413e-03,  1.12781391e-01,\n        6.73049092e-02, -3.23695317e-02, ..."", ""[array([ 0.00732077,  0.02712148,  0.00138391,  0.11347906,  0.06010903,\n       -0.02947214,  0.06215014,  0.04549374..."", ""[array([ 6.0477792e-03,  2.9960316e-02,  3.4622245e-03,  1.1616070e-01,\n        6.0789164e-02, -3.3771180e-02,  5.736..."", ""[array([ 0.01192495,  0.02305974, -0.00486493,  0.06462907,  0.04450943,\n       -0.02235399,  0.03011636,  0.0704956 ...""]"
S_921_pmppn_info_dict.pickle	neighbor_w_message_vector_coming_from_center	921	1.000000	"{""builtins.list"": 921}"	"{""list length=15 child_types={'numpy.ndarray': 15}"": 921}"	"[""[array([-1.5729472e-02, -2.3230317e-03, -6.7850854e-04,  3.5122689e-03,\n       -6.4550771e-04,  4.0425058e-02,  2.702..."", ""[array([ 6.7981318e-02, -2.0702681e-02,  1.7459461e-02, -1.8681029e-02,\n       -1.7384134e-02,  1.3479071e-02,  3.092..."", ""[array([-3.6607318e-02,  3.6655110e-03,  2.3296474e-02, -4.5310009e-02,\n        4.5074224e-02,  4.7006486e-03,  3.001..."", ""[array([ 8.16789418e-02, -4.75053582e-03,  2.00256221e-02, -1.63520090e-02,\n       -9.86371841e-03,  1.70700233e-02, ..."", ""[array([-0.01264752,  0.07081307, -0.03482185,  0.1400844 ,  0.07463859,\n       -0.02506547,  0.02877829,  0.02992775..."", ""[array([ 0.03663394,  0.04361806, -0.01769068, -0.00799434, -0.01623536,\n        0.0381879 , -0.00520136, -0.04231028...""]"
S_921_pmppn_info_dict.pickle	top_10_attention_weights	921	1.000000	"{""numpy.ndarray"": 921}"	"{""ndarray shape=[10] dtype=float32"": 921}"	"[""array([1.2920475 , 0.85213286, 0.812263  , 0.5983261 , 0.5896077 ,\n       0.48720104, 0.45877758, 0.34925207, 0.34056..."", ""array([1.3168998 , 0.7605514 , 0.72126216, 0.68116516, 0.57915133,\n       0.5656563 , 0.46230417, 0.45328587, 0.34861..."", ""array([1.3390024 , 0.8194949 , 0.643201  , 0.61268866, 0.5931037 ,\n       0.5437255 , 0.46804416, 0.30729184, 0.30628..."", ""array([1.1904186 , 0.7642998 , 0.7229955 , 0.636367  , 0.54051715,\n       0.53282976, 0.43129176, 0.4010858 , 0.39899..."", ""array([1.324779  , 0.83326507, 0.6788673 , 0.5562269 , 0.5503964 ,\n       0.54111624, 0.3628862 , 0.35625547, 0.34132..."", ""array([1.4495513 , 0.87505084, 0.76968724, 0.6380556 , 0.59172314,\n       0.5729159 , 0.3642506 , 0.34309575, 0.33684...""]"
S_921_pmppn_info_dict.pickle	top_10_closest_neighbor_indices	921	1.000000	"{""numpy.ndarray"": 921}"	"{""ndarray shape=[10] dtype=int64"": 921}"	"[""array([42, 44, 46, 45, 41, 40, 39, 47, 48, 52])"", ""array([44, 42, 40, 41, 46, 45, 47, 39, 48, 38])"", ""array([42, 44, 45, 40, 46, 41, 47, 39, 48, 38])"", ""array([42, 44, 46, 45, 40, 41, 47, 39, 48, 52])"", ""array([44, 42, 40, 41, 45, 46, 39, 47, 38, 48])"", ""array([42, 44, 46, 45, 41, 40, 47, 39, 48, 52])""]"
S_921_pmppn_info_dict.pickle	top_10_neighbor_indices	921	1.000000	"{""numpy.ndarray"": 921}"	"{""ndarray shape=[10] dtype=int64"": 921}"	"[""array([39, 42, 47, 44, 46, 35, 40, 45, 52, 36])"", ""array([39, 42, 47, 44, 40, 35, 46, 37, 45, 52])"", ""array([39, 47, 42, 40, 46, 44, 35, 45, 52, 37])"", ""array([39, 47, 42, 44, 40, 46, 35, 37, 52, 15])"", ""array([39, 42, 47, 40, 46, 44, 37, 35, 52, 54])"", ""array([39, 47, 40, 44, 46, 42, 45, 41, 35, 37])""]"
S_921_pmppn_info_dict.pickle	top_15_attention_weights	921	1.000000	"{""numpy.ndarray"": 921}"	"{""ndarray shape=[15] dtype=float32"": 921}"	"[""array([1.2920475 , 0.85213286, 0.812263  , 0.5983261 , 0.5896077 ,\n       0.48720104, 0.45877758, 0.34925207, 0.34056..."", ""array([1.3168998 , 0.7605514 , 0.72126216, 0.68116516, 0.57915133,\n       0.5656563 , 0.46230417, 0.45328587, 0.34861..."", ""array([1.3390024 , 0.8194949 , 0.643201  , 0.61268866, 0.5931037 ,\n       0.5437255 , 0.46804416, 0.30729184, 0.30628..."", ""array([1.1904186 , 0.7642998 , 0.7229955 , 0.636367  , 0.54051715,\n       0.53282976, 0.43129176, 0.4010858 , 0.39899..."", ""array([1.324779  , 0.83326507, 0.6788673 , 0.5562269 , 0.5503964 ,\n       0.54111624, 0.3628862 , 0.35625547, 0.34132..."", ""array([1.4495513 , 0.87505084, 0.76968724, 0.6380556 , 0.59172314,\n       0.5729159 , 0.3642506 , 0.34309575, 0.33684...""]"
S_921_pmppn_info_dict.pickle	top_15_closest_neighbor_indices	921	1.000000	"{""numpy.ndarray"": 921}"	"{""ndarray shape=[15] dtype=int64"": 921}"	"[""array([42, 44, 46, 45, 41, 40, 39, 47, 48, 52, 38, 55, 54, 53, 32])"", ""array([44, 42, 40, 41, 46, 45, 47, 39, 48, 38, 52, 55, 54, 32, 53])"", ""array([42, 44, 45, 40, 46, 41, 47, 39, 48, 38, 52, 55, 54, 53, 32])"", ""array([42, 44, 46, 45, 40, 41, 47, 39, 48, 52, 38, 54, 55, 53, 32])"", ""array([44, 42, 40, 41, 45, 46, 39, 47, 38, 48, 52, 55, 32, 54, 53])"", ""array([42, 44, 46, 45, 41, 40, 47, 39, 48, 52, 38, 53, 55, 54, 32])""]"
S_921_pmppn_info_dict.pickle	top_15_neighbor_indices	921	1.000000	"{""numpy.ndarray"": 921}"	"{""ndarray shape=[15] dtype=int64"": 921}"	"[""array([39, 42, 47, 44, 46, 35, 40, 45, 52, 36, 37, 18, 54, 28, 64])"", ""array([39, 42, 47, 44, 40, 35, 46, 37, 45, 52, 36, 64, 54, 18, 58])"", ""array([39, 47, 42, 40, 46, 44, 35, 45, 52, 37, 36, 51, 54, 18, 64])"", ""array([39, 47, 42, 44, 40, 46, 35, 37, 52, 15, 36, 45, 54, 64, 49])"", ""array([39, 42, 47, 40, 46, 44, 37, 35, 52, 54, 64, 15, 36, 45, 51])"", ""array([39, 47, 40, 44, 46, 42, 45, 41, 35, 37, 64, 36, 52, 18, 51])""]"
S_921_pmppn_info_dict.pickle	top_5_attention_weights	921	1.000000	"{""numpy.ndarray"": 921}"	"{""ndarray shape=[5] dtype=float32"": 921}"	"[""array([1.2920475 , 0.85213286, 0.812263  , 0.5983261 , 0.5896077 ],\n      dtype=float32)"", ""array([1.3168998 , 0.7605514 , 0.72126216, 0.68116516, 0.57915133],\n      dtype=float32)"", ""array([1.3390024 , 0.8194949 , 0.643201  , 0.61268866, 0.5931037 ],\n      dtype=float32)"", ""array([1.1904186 , 0.7642998 , 0.7229955 , 0.636367  , 0.54051715],\n      dtype=float32)"", ""array([1.324779  , 0.83326507, 0.6788673 , 0.5562269 , 0.5503964 ],\n      dtype=float32)"", ""array([1.4495513 , 0.87505084, 0.76968724, 0.6380556 , 0.59172314],\n      dtype=float32)""]"
S_921_pmppn_info_dict.pickle	top_5_neighbor_indices	921	1.000000	"{""numpy.ndarray"": 921}"	"{""ndarray shape=[5] dtype=int64"": 921}"	"[""array([39, 42, 47, 44, 46])"", ""array([39, 42, 47, 44, 40])"", ""array([39, 47, 42, 40, 46])"", ""array([39, 47, 42, 44, 40])"", ""array([39, 42, 47, 40, 46])"", ""array([39, 47, 40, 44, 46])""]"
S_921_pmppn_info_dict.pickle	w_n_log_prob	921	1.000000	"{""builtins.list"": 921}"	"{""list length=15 child_types={'numpy.ndarray': 15}"": 921}"	"[""[array([-2.3659093, -5.449042 , -1.9565891, -1.385572 , -5.083492 ,\n       -4.2442503, -4.931307 , -4.7810335, -2.559..."", ""[array([-2.8409271, -5.420329 , -1.9471909, -1.0505054, -5.0750227,\n       -4.154809 , -4.3110266, -4.8096066, -2.697..."", ""[array([-2.202448 , -5.385346 , -1.9417845, -1.0704699, -5.179579 ,\n       -4.3704863, -4.981915 , -4.830005 , -2.622..."", ""[array([-2.8869216, -5.417204 , -2.0578775, -1.1125388, -4.923593 ,\n       -4.103111 , -4.3453517, -4.786043 , -2.380..."", ""[array([-2.8355842, -5.435544 , -2.1388288, -1.3225286, -5.0290575,\n       -4.313033 , -5.0400305, -3.8876674, -2.699..."", ""[array([-2.109232 , -5.3747635, -1.502913 , -1.1498492, -5.2062244,\n       -4.3735533, -5.0510044, -5.4143887, -3.111...""]"
S_921_pmppn_info_dict_V2.pickle	V2_backward_weighted_neighbor_backward_KL	921	1.000000	"{""numpy.float32"": 619, ""numpy.float64"": 302}"	"{""numpy.float64 value=np.float64(1.1199125268876098)"": 1, ""numpy.float32 value=np.float32(3.1206775)"": 1, ""numpy.float64 value=np.float64(2.891632830115361)"": 1, ""numpy.float64 value=np.float64(2.398203340419413)"": 1, ""numpy.float32 value=np.float32(2.8103187)"": 1, ""numpy.float64 value=np.float64(3.108961637242305)"": 1, ""numpy.float64 value=np.float64(2.474375867745283)"": 1, ""numpy.float64 value=np.float64(1.1658457001306204)"": 1, ""numpy.float64 value=np.float64(1.870576654781542)"": 1, ""numpy.float32 value=np.float32(3.99396)"": 1, ""numpy.float32 value=np.float32(1.3824224)"": 1, ""numpy.float32 value=np.float32(1.6864861)"": 1, ""numpy.float32 value=np.float32(2.169755)"": 1, ""numpy.float32 value=np.float32(0.8942381)"": 1, ""numpy.float32 value=np.float32(4.610982)"": 1, ""numpy.float32 value=np.float32(3.0253134)"": 1, ""numpy.float32 value=np.float32(1.728617)"": 1, ""numpy.float64 value=np.float64(3.758999608279746)"": 1, ""numpy.float64 value=np.float64(3.7514792409592608)"": 1, ""numpy.float32 value=np.float32(0.92364573)"": 1}"	"[""np.float64(1.1199125268876098)"", ""np.float32(3.1206775)"", ""np.float64(2.891632830115361)"", ""np.float64(2.398203340419413)"", ""np.float32(2.8103187)"", ""np.float64(3.108961637242305)""]"
S_921_pmppn_info_dict_V2.pickle	V2_backward_weighted_neighbor_energy_changes	921	1.000000	"{""numpy.float64"": 921}"	"{""numpy.float64 value=np.float64(-4.477826928788954)"": 1, ""numpy.float64 value=np.float64(-4.042133298047901)"": 1, ""numpy.float64 value=np.float64(-2.6433070191266355)"": 1, ""numpy.float64 value=np.float64(-2.478907957889707)"": 1, ""numpy.float64 value=np.float64(-0.7412916228140696)"": 1, ""numpy.float64 value=np.float64(-7.777036204056566)"": 1, ""numpy.float64 value=np.float64(-10.233622614219023)"": 1, ""numpy.float64 value=np.float64(-2.8268018864199123)"": 1, ""numpy.float64 value=np.float64(-2.3411171898054057)"": 1, ""numpy.float64 value=np.float64(-10.017445787751868)"": 1, ""numpy.float64 value=np.float64(8.649939653626937)"": 1, ""numpy.float64 value=np.float64(-4.7525751779691205)"": 1, ""numpy.float64 value=np.float64(-7.197594109872005)"": 1, ""numpy.float64 value=np.float64(1.8352084073444033)"": 1, ""numpy.float64 value=np.float64(-5.756701412746876)"": 1, ""numpy.float64 value=np.float64(6.4528078854571715)"": 1, ""numpy.float64 value=np.float64(2.227739159747653)"": 1, ""numpy.float64 value=np.float64(-7.395050634492974)"": 1, ""numpy.float64 value=np.float64(-2.656559366807139)"": 1, ""numpy.float64 value=np.float64(4.320722815706784)"": 1}"	"[""np.float64(-4.477826928788954)"", ""np.float64(-4.042133298047901)"", ""np.float64(-2.6433070191266355)"", ""np.float64(-2.478907957889707)"", ""np.float64(-0.7412916228140696)"", ""np.float64(-7.777036204056566)""]"
S_921_pmppn_info_dict_V2.pickle	V2_backward_weighted_neighbor_entropy_changes	921	1.000000	"{""numpy.float32"": 619, ""numpy.float64"": 302}"	"{""numpy.float64 value=np.float64(-3.3443966519489052)"": 1, ""numpy.float32 value=np.float32(-0.11371765)"": 1, ""numpy.float64 value=np.float64(4.234234250242798)"": 1, ""numpy.float64 value=np.float64(-6.726839882352241)"": 1, ""numpy.float32 value=np.float32(1.2596627)"": 1, ""numpy.float64 value=np.float64(7.148009018168265)"": 1, ""numpy.float64 value=np.float64(-9.834720783696095)"": 1, ""numpy.float64 value=np.float64(3.770875765060823)"": 1, ""numpy.float64 value=np.float64(4.90760461368731)"": 1, ""numpy.float32 value=np.float32(-13.962075)"": 1, ""numpy.float32 value=np.float32(-0.41182148)"": 1, ""numpy.float32 value=np.float32(-8.537718)"": 1, ""numpy.float32 value=np.float32(-1.8617415)"": 1, ""numpy.float32 value=np.float32(-1.5217391)"": 1, ""numpy.float32 value=np.float32(-14.08132)"": 1, ""numpy.float32 value=np.float32(-4.7231183)"": 1, ""numpy.float32 value=np.float32(2.9070756)"": 1, ""numpy.float64 value=np.float64(0.16679101708594576)"": 1, ""numpy.float64 value=np.float64(-7.818180206110222)"": 1, ""numpy.float32 value=np.float32(0.53319365)"": 1}"	"[""np.float64(-3.3443966519489052)"", ""np.float32(-0.11371765)"", ""np.float64(4.234234250242798)"", ""np.float64(-6.726839882352241)"", ""np.float32(1.2596627)"", ""np.float64(7.148009018168265)""]"
S_921_pmppn_info_dict_V2.pickle	alternate_pssm	921	1.000000	"{""numpy.float64"": 921}"	"{""numpy.float64 value=np.float64(0.0)"": 130, ""numpy.float64 value=np.float64(-2.0)"": 109, ""numpy.float64 value=np.float64(-1.0)"": 105, ""numpy.float64 value=np.float64(-3.0)"": 93, ""numpy.float64 value=np.float64(-4.0)"": 92, ""numpy.float64 value=np.float64(1.0)"": 67, ""numpy.float64 value=np.float64(2.0)"": 48, ""numpy.float64 value=np.float64(-5.0)"": 48, ""numpy.float64 value=np.float64(3.0)"": 44, ""numpy.float64 value=np.float64(-6.0)"": 42, ""numpy.float64 value=np.float64(5.0)"": 26, ""numpy.float64 value=np.float64(-7.0)"": 24, ""numpy.float64 value=np.float64(4.0)"": 24, ""numpy.float64 value=np.float64(6.0)"": 22, ""numpy.float64 value=np.float64(7.0)"": 13, ""numpy.float64 value=np.float64(-8.0)"": 10, ""numpy.float64 value=np.float64(9.0)"": 10, ""numpy.float64 value=np.float64(8.0)"": 7, ""numpy.float64 value=np.float64(10.0)"": 3, ""numpy.float64 value=np.float64(-9.0)"": 3}"	"[""np.float64(0.0)"", ""np.float64(0.0)"", ""np.float64(0.0)"", ""np.float64(0.0)"", ""np.float64(0.0)"", ""np.float64(0.0)""]"
S_921_pmppn_info_dict_V2.pickle	backward_weighted_neighbor_backward_KL	921	1.000000	"{""numpy.float32"": 619, ""numpy.float64"": 302}"	"{""numpy.float64 value=np.float64(1.3767232581606723)"": 1, ""numpy.float32 value=np.float32(3.0562186)"": 1, ""numpy.float64 value=np.float64(2.7243346248117755)"": 1, ""numpy.float64 value=np.float64(2.226580135446153)"": 1, ""numpy.float32 value=np.float32(2.5029244)"": 1, ""numpy.float64 value=np.float64(3.3114425276752204)"": 1, ""numpy.float64 value=np.float64(2.1940736596532915)"": 1, ""numpy.float64 value=np.float64(1.265053847725522)"": 1, ""numpy.float64 value=np.float64(2.3077370597535465)"": 1, ""numpy.float32 value=np.float32(3.1092052)"": 1, ""numpy.float32 value=np.float32(1.212209)"": 1, ""numpy.float32 value=np.float32(1.3465521)"": 1, ""numpy.float32 value=np.float32(1.8251907)"": 1, ""numpy.float32 value=np.float32(0.75782096)"": 1, ""numpy.float32 value=np.float32(3.779945)"": 1, ""numpy.float32 value=np.float32(2.769364)"": 1, ""numpy.float32 value=np.float32(1.7665344)"": 1, ""numpy.float64 value=np.float64(3.434818766740864)"": 1, ""numpy.float64 value=np.float64(3.005359940031689)"": 1, ""numpy.float32 value=np.float32(1.0753891)"": 1}"	"[""np.float64(1.3767232581606723)"", ""np.float32(3.0562186)"", ""np.float64(2.7243346248117755)"", ""np.float64(2.226580135446153)"", ""np.float32(2.5029244)"", ""np.float64(3.3114425276752204)""]"
S_921_pmppn_info_dict_V2.pickle	backward_weighted_neighbor_energy_changes	921	1.000000	"{""numpy.float64"": 921}"	"{""numpy.float64 value=np.float64(-5.50465177491545)"": 1, ""numpy.float64 value=np.float64(-3.958641244130945)"": 1, ""numpy.float64 value=np.float64(-2.4903759430367938)"": 1, ""numpy.float64 value=np.float64(-2.301509268880982)"": 1, ""numpy.float64 value=np.float64(-0.6602086609556035)"": 1, ""numpy.float64 value=np.float64(-8.28354011091184)"": 1, ""numpy.float64 value=np.float64(-9.07433753835883)"": 1, ""numpy.float64 value=np.float64(-3.067349824057004)"": 1, ""numpy.float64 value=np.float64(-2.8882445882823085)"": 1, ""numpy.float64 value=np.float64(-7.7983497381272535)"": 1, ""numpy.float64 value=np.float64(7.584900248092639)"": 1, ""numpy.float64 value=np.float64(-3.794629522866799)"": 1, ""numpy.float64 value=np.float64(-6.0545921828565845)"": 1, ""numpy.float64 value=np.float64(1.5552450696358449)"": 1, ""numpy.float64 value=np.float64(-4.719171586671203)"": 1, ""numpy.float64 value=np.float64(5.906883594777568)"": 1, ""numpy.float64 value=np.float64(2.276604834392298)"": 1, ""numpy.float64 value=np.float64(-6.757292191360365)"": 1, ""numpy.float64 value=np.float64(-2.128205058993375)"": 1, ""numpy.float64 value=np.float64(5.030563615618934)"": 1}"	"[""np.float64(-5.50465177491545)"", ""np.float64(-3.958641244130945)"", ""np.float64(-2.4903759430367938)"", ""np.float64(-2.301509268880982)"", ""np.float64(-0.6602086609556035)"", ""np.float64(-8.28354011091184)""]"
S_921_pmppn_info_dict_V2.pickle	backward_weighted_neighbor_entropy_changes	921	1.000000	"{""numpy.float32"": 619, ""numpy.float64"": 302}"	"{""numpy.float64 value=np.float64(-4.111310968231372)"": 1, ""numpy.float32 value=np.float32(-0.111368805)"": 1, ""numpy.float64 value=np.float64(3.989258545332042)"": 1, ""numpy.float64 value=np.float64(-6.245445414880049)"": 1, ""numpy.float32 value=np.float32(1.1218799)"": 1, ""numpy.float64 value=np.float64(7.613545554059726)"": 1, ""numpy.float64 value=np.float64(-8.72062409872067)"": 1, ""numpy.float64 value=np.float64(4.091760080558386)"": 1, ""numpy.float64 value=np.float64(6.054529234433515)"": 1, ""numpy.float32 value=np.float32(-10.869153)"": 1, ""numpy.float32 value=np.float32(-0.36111525)"": 1, ""numpy.float32 value=np.float32(-6.8168254)"": 1, ""numpy.float32 value=np.float32(-1.566091)"": 1, ""numpy.float32 value=np.float32(-1.289596)"": 1, ""numpy.float32 value=np.float32(-11.543446)"": 1, ""numpy.float32 value=np.float32(-4.32353)"": 1, ""numpy.float32 value=np.float32(2.9708426)"": 1, ""numpy.float64 value=np.float64(0.15240675054839384)"": 1, ""numpy.float64 value=np.float64(-6.263248197898669)"": 1, ""numpy.float32 value=np.float32(0.6207908)"": 1}"	"[""np.float64(-4.111310968231372)"", ""np.float32(-0.111368805)"", ""np.float64(3.989258545332042)"", ""np.float64(-6.245445414880049)"", ""np.float32(1.1218799)"", ""np.float64(7.613545554059726)""]"
S_921_pmppn_info_dict_V2.pickle	center_entropy	921	1.000000	"{""numpy.float64"": 921}"	"{""numpy.float64 value=np.float64(-2.4367289543151855)"": 1, ""numpy.float64 value=np.float64(-2.5027880668640137)"": 1, ""numpy.float64 value=np.float64(-2.4534261226654053)"": 1, ""numpy.float64 value=np.float64(-2.4662017822265625)"": 1, ""numpy.float64 value=np.float64(-2.405705690383911)"": 1, ""numpy.float64 value=np.float64(-0.9343633055686951)"": 1, ""numpy.float64 value=np.float64(-2.464376449584961)"": 1, ""numpy.float64 value=np.float64(-2.4714434146881104)"": 1, ""numpy.float64 value=np.float64(-2.4590299129486084)"": 1, ""numpy.float64 value=np.float64(-1.016783356666565)"": 1, ""numpy.float64 value=np.float64(-2.201599359512329)"": 1, ""numpy.float64 value=np.float64(-2.3894894123077393)"": 1, ""numpy.float64 value=np.float64(-2.5296988487243652)"": 1, ""numpy.float64 value=np.float64(-2.5384633541107178)"": 1, ""numpy.float64 value=np.float64(-0.7573658227920532)"": 1, ""numpy.float64 value=np.float64(-1.3964239358901978)"": 1, ""numpy.float64 value=np.float64(-2.308438539505005)"": 1, ""numpy.float64 value=np.float64(-0.7066957950592041)"": 1, ""numpy.float64 value=np.float64(-2.461902379989624)"": 1, ""numpy.float64 value=np.float64(-1.3266204595565796)"": 1}"	"[""np.float64(-2.4367289543151855)"", ""np.float64(-2.5027880668640137)"", ""np.float64(-2.4534261226654053)"", ""np.float64(-2.4662017822265625)"", ""np.float64(-2.405705690383911)"", ""np.float64(-0.9343633055686951)""]"
S_921_pmppn_info_dict_V2.pickle	center_mut_max_energy	921	1.000000	"{""numpy.float64"": 921}"	"{""numpy.float64 value=np.float64(0.0)"": 119, ""numpy.float64 value=np.float64(1.0387002229690552)"": 1, ""numpy.float64 value=np.float64(1.1016137599945068)"": 1, ""numpy.float64 value=np.float64(0.9421112537384033)"": 1, ""numpy.float64 value=np.float64(0.9701461791992188)"": 1, ""numpy.float64 value=np.float64(1.2382992506027222)"": 1, ""numpy.float64 value=np.float64(4.444184020161629)"": 1, ""numpy.float64 value=np.float64(1.0630513429641724)"": 1, ""numpy.float64 value=np.float64(1.123913288116455)"": 1, ""numpy.float64 value=np.float64(1.1515450477600098)"": 1, ""numpy.float64 value=np.float64(0.38833165168762207)"": 1, ""numpy.float64 value=np.float64(0.6423282623291016)"": 1, ""numpy.float64 value=np.float64(0.15693867206573486)"": 1, ""numpy.float64 value=np.float64(0.3253006935119629)"": 1, ""numpy.float64 value=np.float64(0.43920791149139404)"": 1, ""numpy.float64 value=np.float64(0.9113152027130127)"": 1, ""numpy.float64 value=np.float64(3.13663250207901)"": 1, ""numpy.float64 value=np.float64(1.4448823928833008)"": 1, ""numpy.float64 value=np.float64(6.311042740941048)"": 1, ""numpy.float64 value=np.float64(5.252775728702545)"": 1}"	"[""np.float64(1.0387002229690552)"", ""np.float64(1.1016137599945068)"", ""np.float64(0.9421112537384033)"", ""np.float64(0.9701461791992188)"", ""np.float64(1.2382992506027222)"", ""np.float64(4.444184020161629)""]"
S_921_pmppn_info_dict_V2.pickle	center_mut_wild_energy	921	1.000000	"{""numpy.float64"": 921}"	"{""numpy.float64 value=np.float64(-1.6677782535552979)"": 1, ""numpy.float64 value=np.float64(-0.1431124210357666)"": 1, ""numpy.float64 value=np.float64(0.5158994197845459)"": 1, ""numpy.float64 value=np.float64(-1.3272922039031982)"": 1, ""numpy.float64 value=np.float64(-0.05446004867553711)"": 1, ""numpy.float64 value=np.float64(4.444184020161629)"": 1, ""numpy.float64 value=np.float64(-0.6083333492279053)"": 1, ""numpy.float64 value=np.float64(0.674039363861084)"": 1, ""numpy.float64 value=np.float64(-0.385134220123291)"": 1, ""numpy.float64 value=np.float64(-1.9871827065944672)"": 1, ""numpy.float64 value=np.float64(-0.18459689617156982)"": 1, ""numpy.float64 value=np.float64(-1.289395809173584)"": 1, ""numpy.float64 value=np.float64(-0.8855336904525757)"": 1, ""numpy.float64 value=np.float64(-0.002443075180053711)"": 1, ""numpy.float64 value=np.float64(-3.7148042917251587)"": 1, ""numpy.float64 value=np.float64(-2.344410717487335)"": 1, ""numpy.float64 value=np.float64(-0.6422626972198486)"": 1, ""numpy.float64 value=np.float64(-3.180298328399658)"": 1, ""numpy.float64 value=np.float64(-2.2177248001098633)"": 1, ""numpy.float64 value=np.float64(2.7084646224975586)"": 1}"	"[""np.float64(-1.6677782535552979)"", ""np.float64(-0.1431124210357666)"", ""np.float64(0.5158994197845459)"", ""np.float64(-1.3272922039031982)"", ""np.float64(-0.05446004867553711)"", ""np.float64(4.444184020161629)""]"
S_921_pmppn_info_dict_V2.pickle	center_neighbor_weight_check_m_w	921	1.000000	"{""numpy.float32"": 619, ""numpy.float64"": 302}"	"{""numpy.float64 value=np.float64(25.022148966789246)"": 1, ""numpy.float32 value=np.float32(16.542429)"": 1, ""numpy.float64 value=np.float64(14.289370477199554)"": 1, ""numpy.float64 value=np.float64(13.730504810810089)"": 1, ""numpy.float32 value=np.float32(12.804453)"": 1, ""numpy.float64 value=np.float64(20.49859455227852)"": 1, ""numpy.float64 value=np.float64(12.710905581712723)"": 1, ""numpy.float64 value=np.float64(18.269776940345764)"": 1, ""numpy.float64 value=np.float64(28.937500417232513)"": 1, ""numpy.float32 value=np.float32(9.584656)"": 1, ""numpy.float32 value=np.float32(13.055173)"": 1, ""numpy.float32 value=np.float32(10.330635)"": 1, ""numpy.float32 value=np.float32(11.313478)"": 1, ""numpy.float32 value=np.float32(11.45197)"": 1, ""numpy.float32 value=np.float32(10.721726)"": 1, ""numpy.float32 value=np.float32(13.509609)"": 1, ""numpy.float32 value=np.float32(16.56413)"": 1, ""numpy.float64 value=np.float64(13.545273780822754)"": 1, ""numpy.float64 value=np.float64(10.147900462150574)"": 1, ""numpy.float32 value=np.float32(21.651869)"": 1}"	"[""np.float64(25.022148966789246)"", ""np.float32(16.542429)"", ""np.float64(14.289370477199554)"", ""np.float64(13.730504810810089)"", ""np.float32(12.804453)"", ""np.float64(20.49859455227852)""]"
S_921_pmppn_info_dict_V2.pickle	center_neighbor_weight_check_w_m	921	1.000000	"{""numpy.float32"": 619, ""numpy.float64"": 302}"	"{""numpy.float64 value=np.float64(10.60415056347847)"": 1, ""numpy.float32 value=np.float32(17.610132)"": 1, ""numpy.float64 value=np.float64(17.831134557724)"": 1, ""numpy.float64 value=np.float64(18.732884168624878)"": 1, ""numpy.float32 value=np.float32(21.483437)"": 1, ""numpy.float64 value=np.float64(15.830781906843185)"": 1, ""numpy.float64 value=np.float64(20.42501401901245)"": 1, ""numpy.float64 value=np.float64(13.316884815692902)"": 1, ""numpy.float64 value=np.float64(10.8804120272398)"": 1, ""numpy.float32 value=np.float32(29.165916)"": 1, ""numpy.float32 value=np.float32(23.368263)"": 1, ""numpy.float32 value=np.float32(28.605387)"": 1, ""numpy.float32 value=np.float32(22.80721)"": 1, ""numpy.float32 value=np.float32(22.42033)"": 1, ""numpy.float32 value=np.float32(25.507132)"": 1, ""numpy.float32 value=np.float32(19.857296)"": 1, ""numpy.float32 value=np.float32(16.38426)"": 1, ""numpy.float64 value=np.float64(19.510823845863342)"": 1, ""numpy.float64 value=np.float64(24.244654178619385)"": 1, ""numpy.float32 value=np.float32(11.758149)"": 1}"	"[""np.float64(10.60415056347847)"", ""np.float32(17.610132)"", ""np.float64(17.831134557724)"", ""np.float64(18.732884168624878)"", ""np.float32(21.483437)"", ""np.float64(15.830781906843185)""]"
S_921_pmppn_info_dict_V2.pickle	ddg	921	1.000000	"{""builtins.float"": 921}"	"{""builtins.float value=0.4"": 20, ""builtins.float value=0.1"": 18, ""builtins.float value=0.3"": 14, ""builtins.float value=-0.1"": 14, ""builtins.float value=0.0"": 14, ""builtins.float value=0.2"": 12, ""builtins.float value=1.6"": 12, ""builtins.float value=0.5"": 12, ""builtins.float value=-0.5"": 11, ""builtins.float value=-0.4"": 11, ""builtins.float value=-0.3"": 10, ""builtins.float value=1.0"": 9, ""builtins.float value=3.1"": 9, ""builtins.float value=-0.2"": 9, ""builtins.float value=-0.6"": 8, ""builtins.float value=1.3"": 8, ""builtins.float value=1.5"": 8, ""builtins.float value=0.8"": 8, ""builtins.float value=0.43"": 8, ""builtins.float value=1.2"": 7}"	"[""-0.5"", ""0.3"", ""0.2"", ""0.4"", ""-0.1"", ""-3.0""]"
S_921_pmppn_info_dict_V2.pickle	log_prob	921	1.000000	"{""numpy.ndarray"": 921}"	"{""ndarray shape=[1, 164, 21] dtype=float32"": 188, ""ndarray shape=[1, 162, 21] dtype=float32"": 109, ""ndarray shape=[1, 153, 21] dtype=float32"": 69, ""ndarray shape=[1, 67, 21] dtype=float32"": 58, ""ndarray shape=[1, 136, 21] dtype=float32"": 51, ""ndarray shape=[1, 58, 21] dtype=float32"": 44, ""ndarray shape=[1, 104, 21] dtype=float32"": 39, ""ndarray shape=[1, 76, 21] dtype=float32"": 38, ""ndarray shape=[1, 194, 21] dtype=float32"": 37, ""ndarray shape=[1, 56, 21] dtype=float32"": 30, ""ndarray shape=[1, 149, 21] dtype=float32"": 30, ""ndarray shape=[1, 45, 21] dtype=float32"": 25, ""ndarray shape=[1, 108, 21] dtype=float32"": 20, ""ndarray shape=[1, 168, 21] dtype=float32"": 20, ""ndarray shape=[1, 107, 21] dtype=float32"": 20, ""ndarray shape=[1, 130, 21] dtype=float32"": 14, ""ndarray shape=[1, 370, 21] dtype=float32"": 14, ""ndarray shape=[1, 88, 21] dtype=float32"": 13, ""ndarray shape=[1, 175, 21] dtype=float32"": 10, ""ndarray shape=[1, 98, 21] dtype=float32"": 9}"	"[""array([[[-4.508754  , -5.3930373 , -5.421379  , ..., -3.7943254 ,\n         -2.6469674 , -5.6926303 ],\n        [-5.562..."", ""array([[[-5.167937  , -5.515489  , -5.619102  , ..., -4.517287  ,\n         -3.0055714 , -5.8681626 ],\n        [-5.672..."", ""array([[[-4.9371443 , -5.3823633 , -5.514736  , ..., -4.621848  ,\n         -3.8584583 , -5.9323263 ],\n        [-5.592..."", ""array([[[-4.6301517 , -5.266079  , -5.020441  , ..., -3.7121847 ,\n         -3.213281  , -5.7370872 ],\n        [-5.703..."", ""array([[[-4.6506886 , -5.479076  , -5.407949  , ..., -3.8124216 ,\n         -2.6055593 , -5.7424254 ],\n        [-5.688..."", ""array([[[-4.9819636 , -5.155373  , -5.4392834 , ..., -3.548634  ,\n         -3.2647362 , -5.7712746 ],\n        [-5.497...""]"
S_921_pmppn_info_dict_V2.pickle	m_n_log_prob	921	1.000000	"{""builtins.list"": 921}"	"{""list length=15 child_types={'numpy.ndarray': 15}"": 921}"	"[""[array([-2.5831141, -5.404686 , -1.7599946, -1.1653965, -5.1044683,\n       -4.4028482, -4.9418154, -4.793689 , -2.957..."", ""[array([-2.047621 , -5.4036074, -1.8659116, -1.3086083, -5.179438 ,\n       -4.2177725, -4.9887614, -4.9477196, -2.840..."", ""[array([-1.7054464, -5.466509 , -1.7491943, -1.4126512, -5.292665 ,\n       -4.2129054, -5.2045774, -5.2118716, -3.304..."", ""[array([-2.19248  , -5.423018 , -1.6968077, -1.2333237, -5.1933446,\n       -4.2549787, -5.036089 , -5.0433335, -3.140..."", ""[array([-2.2105174, -5.41508  , -1.7943151, -1.3563882, -5.151077 ,\n       -4.177152 , -5.0314636, -4.726492 , -2.915..."", ""[array([-2.5602307, -5.344658 , -1.6029614, -1.2444851, -5.0123186,\n       -3.9593918, -4.7998996, -5.1608047, -2.891...""]"
S_921_pmppn_info_dict_V2.pickle	mut	921	1.000000	"{""builtins.str"": 921}"	"{""builtins.str value='T54A'"": 2, ""builtins.str value='Y97G'"": 2, ""builtins.str value='D50A'"": 2, ""builtins.str value='K41A'"": 2, ""builtins.str value='L6A'"": 2, ""builtins.str value='N44A'"": 2, ""builtins.str value='M133L'"": 2, ""builtins.str value='A93S'"": 2, ""builtins.str value='A101V'"": 2, ""builtins.str value='V18I'"": 2, ""builtins.str value='V83I'"": 2, ""builtins.str value='I149V'"": 2, ""builtins.str value='N9A'"": 2, ""builtins.str value='P82A'"": 2, ""builtins.str value='P47A'"": 2, ""builtins.str value='V78I'"": 2, ""builtins.str value='D47A'"": 2, ""builtins.str value='P25A'"": 2, ""builtins.str value='D20A'"": 2, ""builtins.str value='L115A'"": 2}"	"[""'G44S'"", ""'I44S'"", ""'K44S'"", ""'L44S'"", ""'N44S'"", ""'P44S'""]"
S_921_pmppn_info_dict_V2.pickle	neighbor_aa_identities	921	1.000000	"{""builtins.list"": 921}"	"{""list length=15 child_types={'builtins.str': 15}"": 921}"	"[""['N', 'K', 'K', 'E', 'S', 'D', 'A', 'N', 'S', 'K', 'L', 'P', 'N', 'K', 'K']"", ""['N', 'K', 'K', 'E', 'S', 'A', 'D', 'N', 'N', 'S', 'L', 'K', 'P', 'R', 'K']"", ""['N', 'K', 'K', 'A', 'D', 'E', 'S', 'N', 'L', 'N', 'S', 'P', 'I', 'V', 'K']"", ""['N', 'K', 'K', 'E', 'D', 'A', 'S', 'S', 'L', 'N', 'P', 'N', 'K', 'K', 'K']"", ""['N', 'K', 'K', 'E', 'A', 'D', 'S', 'N', 'S', 'N', 'P', 'L', 'K', 'K', 'R']"", ""['N', 'K', 'A', 'K', 'E', 'D', 'A', 'L', 'S', 'S', 'N', 'R', 'K', 'K', 'P']""]"
S_921_pmppn_info_dict_V2.pickle	neighbor_embedding_change_m_w	921	1.000000	"{""numpy.float32"": 921}"	"{""numpy.float32 value=np.float32(3.6191978)"": 1, ""numpy.float32 value=np.float32(5.2179885)"": 1, ""numpy.float32 value=np.float32(5.0149837)"": 1, ""numpy.float32 value=np.float32(4.6240172)"": 1, ""numpy.float32 value=np.float32(3.7192945)"": 1, ""numpy.float32 value=np.float32(4.674452)"": 1, ""numpy.float32 value=np.float32(5.0946503)"": 1, ""numpy.float32 value=np.float32(3.4451683)"": 1, ""numpy.float32 value=np.float32(4.273336)"": 1, ""numpy.float32 value=np.float32(4.988807)"": 1, ""numpy.float32 value=np.float32(3.3536632)"": 1, ""numpy.float32 value=np.float32(4.0675044)"": 1, ""numpy.float32 value=np.float32(3.9206429)"": 1, ""numpy.float32 value=np.float32(2.595298)"": 1, ""numpy.float32 value=np.float32(5.200797)"": 1, ""numpy.float32 value=np.float32(5.763013)"": 1, ""numpy.float32 value=np.float32(4.1365914)"": 1, ""numpy.float32 value=np.float32(4.077158)"": 1, ""numpy.float32 value=np.float32(6.1896615)"": 1, ""numpy.float32 value=np.float32(3.2015934)"": 1}"	"[""np.float32(3.6191978)"", ""np.float32(5.2179885)"", ""np.float32(5.0149837)"", ""np.float32(4.6240172)"", ""np.float32(3.7192945)"", ""np.float32(4.674452)""]"
S_921_pmppn_info_dict_V2.pickle	neighbor_embedding_change_m_w_raw	921	1.000000	"{""numpy.ndarray"": 921}"	"{""ndarray shape=[15, 128] dtype=float32"": 921}"	"[""array([[-0.01207   , -0.05603792,  0.00782505, ..., -0.01300001,\n         0.012116  ,  0.00233134],\n       [ 0.001394..."", ""array([[ 0.02868077, -0.04188234,  0.07747367, ...,  0.00629464,\n         0.07913984, -0.00041606],\n       [ 0.017109..."", ""array([[-0.05427315, -0.0157427 ,  0.04865232, ..., -0.0761872 ,\n         0.06008202,  0.00060022],\n       [-0.007493..."", ""array([[ 0.01740847, -0.03195672,  0.07221717, ..., -0.02887607,\n         0.14482236,  0.01415278],\n       [ 0.014824..."", ""array([[-7.2050449e-03,  9.2114516e-02, -3.2153130e-03, ...,\n        -3.0258790e-02, -2.7090818e-02, -3.6744371e-02],..."", ""array([[-0.007048  ,  0.01619618, -0.02983212, ..., -0.04616654,\n        -0.04261772,  0.03057712],\n       [-0.035973...""]"
S_921_pmppn_info_dict_V2.pickle	neighbor_m_message_vector_coming_from_center	921	1.000000	"{""builtins.list"": 921}"	"{""list length=15 child_types={'numpy.ndarray': 15}"": 921}"	"[""[array([ 0.00794634,  0.02650646,  0.00259279,  0.11735531,  0.07386986,\n       -0.0328781 ,  0.06264488,  0.03066622..."", ""[array([ 0.00388921,  0.02373896, -0.00206624,  0.10776024,  0.04849517,\n       -0.02649609,  0.0529081 ,  0.0505208 ..."", ""[array([ 0.00744787,  0.02871061,  0.00626272,  0.11428145,  0.06377473,\n       -0.03444945,  0.0587267 ,  0.03701397..."", ""[array([ 0.00610813,  0.02591855,  0.00340989,  0.11574063,  0.0559775 ,\n       -0.03277026,  0.05483878,  0.04402377..."", ""[array([ 0.00913481,  0.03364643, -0.00055522,  0.11957146,  0.06941359,\n       -0.03725054,  0.05789893,  0.04494141..."", ""[array([ 1.36813447e-02,  1.75981168e-02, -2.75518210e-03,  5.71849160e-02,\n        4.73006219e-02, -1.91133227e-02, ...""]"
S_921_pmppn_info_dict_V2.pickle	neighbor_m_neighbor_embedding	921	1.000000	"{""builtins.list"": 921}"	"{""list length=15 child_types={'numpy.ndarray': 15}"": 921}"	"[""[array([ 2.24177372e-02, -1.59723133e-01, -4.25849974e-01, -6.35196641e-02,\n        1.05757773e-01, -2.09171534e-01, ..."", ""[array([ 4.11172770e-02, -1.53093353e-01, -3.87334913e-01, -9.13537219e-02,\n        1.06554963e-01, -1.37305737e-01, ..."", ""[array([ 5.88718876e-02, -1.97731718e-01, -4.06019807e-01, -9.78418514e-02,\n        1.80383742e-01, -1.65934801e-01, ..."", ""[array([ 2.41301171e-02, -1.73546225e-01, -4.07610118e-01, -7.66421035e-02,\n        1.25820354e-01, -1.83214009e-01, ..."", ""[array([ 3.57414782e-02, -1.63075566e-01, -3.85067612e-01, -7.97252357e-02,\n        1.35475397e-01, -1.56396434e-01, ..."", ""[array([-1.72080789e-02, -1.19783349e-01, -4.21605885e-01, -1.01578571e-01,\n       -6.22837842e-02, -3.59325886e-01, ...""]"
S_921_pmppn_info_dict_V2.pickle	neighbor_message_change_m_w	921	1.000000	"{""numpy.float32"": 619, ""numpy.float64"": 302}"	"{""numpy.float64 value=np.float64(4.996288999915123)"": 1, ""numpy.float32 value=np.float32(8.873721)"": 1, ""numpy.float64 value=np.float64(8.145889610052109)"": 1, ""numpy.float64 value=np.float64(8.745601952075958)"": 1, ""numpy.float32 value=np.float32(6.3473063)"": 1, ""numpy.float64 value=np.float64(7.9743626564741135)"": 1, ""numpy.float64 value=np.float64(7.471054285764694)"": 1, ""numpy.float64 value=np.float64(4.54928232729435)"": 1, ""numpy.float64 value=np.float64(7.1334641724824905)"": 1, ""numpy.float32 value=np.float32(5.8541307)"": 1, ""numpy.float32 value=np.float32(5.0052)"": 1, ""numpy.float32 value=np.float32(7.7105074)"": 1, ""numpy.float32 value=np.float32(4.4968786)"": 1, ""numpy.float32 value=np.float32(4.454945)"": 1, ""numpy.float32 value=np.float32(7.381279)"": 1, ""numpy.float32 value=np.float32(7.8166385)"": 1, ""numpy.float32 value=np.float32(5.9573393)"": 1, ""numpy.float64 value=np.float64(6.027848228812218)"": 1, ""numpy.float64 value=np.float64(8.772597000002861)"": 1, ""numpy.float32 value=np.float32(4.2259426)"": 1}"	"[""np.float64(4.996288999915123)"", ""np.float32(8.873721)"", ""np.float64(8.145889610052109)"", ""np.float64(8.745601952075958)"", ""np.float32(6.3473063)"", ""np.float64(7.9743626564741135)""]"
S_921_pmppn_info_dict_V2.pickle	neighbor_w_message_vector_coming_from_center	921	1.000000	"{""builtins.list"": 921}"	"{""list length=15 child_types={'numpy.ndarray': 15}"": 921}"	"[""[array([-9.58576053e-03, -8.59929062e-03, -3.65342828e-03,  1.69273689e-02,\n        4.93225316e-03,  4.15638909e-02, ..."", ""[array([ 7.0670113e-02, -2.3559663e-02,  2.6779469e-02, -1.8423775e-02,\n       -1.1030459e-02,  1.1401842e-02,  2.946..."", ""[array([-4.01240997e-02,  7.07371114e-03,  2.40247138e-02, -3.93617526e-02,\n        4.81065884e-02,  4.22590459e-03, ..."", ""[array([ 9.54877660e-02, -5.90883056e-03,  2.76611280e-02, -8.34924728e-03,\n       -3.25785042e-03,  2.42117718e-02, ..."", ""[array([-2.40218956e-02,  7.63315782e-02, -3.88213433e-02,  1.49597630e-01,\n        6.26879558e-02, -2.62771808e-02, ..."", ""[array([ 3.55577320e-02,  4.24794704e-02, -1.60628892e-02, -4.89776395e-03,\n       -1.29415300e-02,  3.22589949e-02, ...""]"
S_921_pmppn_info_dict_V2.pickle	neighbor_w_neighbor_embedding	921	1.000000	"{""builtins.list"": 921}"	"{""list length=15 child_types={'numpy.ndarray': 15}"": 921}"	"[""[array([ 1.03477361e-02, -2.15761051e-01, -4.18024927e-01, -1.19780883e-01,\n        9.35615674e-02, -2.14095011e-01, ..."", ""[array([ 6.97980449e-02, -1.94975689e-01, -3.09861243e-01, -8.28869641e-02,\n        7.76048601e-02, -8.50159600e-02, ..."", ""[array([ 4.59874049e-03, -2.13474423e-01, -3.57367486e-01, -2.08583742e-01,\n        9.02395099e-02, -1.51284784e-01, ..."", ""[array([ 4.15385887e-02, -2.05502942e-01, -3.35392952e-01, -1.09917052e-01,\n        3.30767743e-02, -1.24329619e-01, ..."", ""[array([ 2.85364334e-02, -7.09610507e-02, -3.88282925e-01,  6.59786304e-03,\n        1.84054464e-01, -1.63584203e-01, ..."", ""[array([-2.42560767e-02, -1.03587173e-01, -4.51438010e-01, -1.48097023e-01,\n       -7.74425864e-02, -3.27375799e-01, ...""]"
S_921_pmppn_info_dict_V2.pickle	sum_neighbor_embedding_change_m_w	921	1.000000	"{""numpy.float32"": 921}"	"{""numpy.float32 value=np.float32(2.6154752)"": 1, ""numpy.float32 value=np.float32(2.143383)"": 1, ""numpy.float32 value=np.float32(4.694171)"": 1, ""numpy.float32 value=np.float32(3.7693977)"": 1, ""numpy.float32 value=np.float32(1.3414057)"": 1, ""numpy.float32 value=np.float32(1.479022)"": 1, ""numpy.float32 value=np.float32(1.7826931)"": 1, ""numpy.float32 value=np.float32(2.7723784)"": 1, ""numpy.float32 value=np.float32(1.9085889)"": 1, ""numpy.float32 value=np.float32(1.7493416)"": 1, ""numpy.float32 value=np.float32(2.0161023)"": 1, ""numpy.float32 value=np.float32(1.4486833)"": 1, ""numpy.float32 value=np.float32(1.4435447)"": 1, ""numpy.float32 value=np.float32(1.7142217)"": 1, ""numpy.float32 value=np.float32(1.4661168)"": 1, ""numpy.float32 value=np.float32(1.5220131)"": 1, ""numpy.float32 value=np.float32(3.0764503)"": 1, ""numpy.float32 value=np.float32(1.3812213)"": 1, ""numpy.float32 value=np.float32(1.957783)"": 1, ""numpy.float32 value=np.float32(1.4859194)"": 1}"	"[""np.float32(2.6154752)"", ""np.float32(2.143383)"", ""np.float32(4.694171)"", ""np.float32(3.7693977)"", ""np.float32(1.3414057)"", ""np.float32(1.479022)""]"
S_921_pmppn_info_dict_V2.pickle	top_10_attention_weights	921	1.000000	"{""numpy.ndarray"": 921}"	"{""ndarray shape=[10] dtype=float32"": 921}"	"[""array([1.1612308 , 0.7760295 , 0.6644838 , 0.5834954 , 0.5765162 ,\n       0.5568224 , 0.44759157, 0.42980874, 0.33722..."", ""array([1.326316  , 0.7608063 , 0.7453542 , 0.69712514, 0.5843548 ,\n       0.583903  , 0.45279697, 0.36852092, 0.32572..."", ""array([1.3432366 , 0.85615575, 0.8544977 , 0.6198769 , 0.6044313 ,\n       0.58188057, 0.49190548, 0.3607386 , 0.32961..."", ""array([1.3154286 , 0.87434053, 0.8273888 , 0.64520216, 0.5498698 ,\n       0.5327668 , 0.48364398, 0.35455725, 0.32571..."", ""array([1.2248756 , 0.7530897 , 0.6679676 , 0.6358698 , 0.5206965 ,\n       0.5127161 , 0.511143  , 0.37626126, 0.36443..."", ""array([1.3308337 , 0.8812618 , 0.7272898 , 0.61736345, 0.6015846 ,\n       0.59947705, 0.38452202, 0.29314744, 0.25623...""]"
S_921_pmppn_info_dict_V2.pickle	top_10_closest_neighbor_indices	921	1.000000	"{""numpy.ndarray"": 921}"	"{""ndarray shape=[10] dtype=int64"": 921}"	"[""array([42, 44, 46, 45, 41, 40, 39, 47, 48, 52])"", ""array([44, 42, 40, 41, 46, 45, 47, 39, 48, 38])"", ""array([42, 44, 45, 40, 46, 41, 47, 39, 48, 38])"", ""array([42, 44, 46, 45, 40, 41, 47, 39, 48, 52])"", ""array([44, 42, 40, 41, 45, 46, 39, 47, 38, 48])"", ""array([42, 44, 46, 45, 41, 40, 47, 39, 48, 52])""]"
S_921_pmppn_info_dict_V2.pickle	top_10_neighbor_indices	921	1.000000	"{""numpy.ndarray"": 921}"	"{""ndarray shape=[10] dtype=int64"": 921}"	"[""array([39, 47, 42, 44, 35, 46, 40, 52, 37, 15])"", ""array([39, 42, 47, 44, 35, 40, 46, 54, 52, 37])"", ""array([39, 42, 47, 40, 46, 44, 35, 54, 45, 52])"", ""array([39, 47, 42, 44, 46, 40, 35, 37, 45, 52])"", ""array([39, 47, 42, 44, 40, 46, 35, 54, 37, 52])"", ""array([39, 47, 40, 42, 44, 46, 41, 45, 37, 35])""]"
S_921_pmppn_info_dict_V2.pickle	top_15_attention_weights	921	1.000000	"{""numpy.ndarray"": 921}"	"{""ndarray shape=[15] dtype=float32"": 921}"	"[""array([1.1612308 , 0.7760295 , 0.6644838 , 0.5834954 , 0.5765162 ,\n       0.5568224 , 0.44759157, 0.42980874, 0.33722..."", ""array([1.326316  , 0.7608063 , 0.7453542 , 0.69712514, 0.5843548 ,\n       0.583903  , 0.45279697, 0.36852092, 0.32572..."", ""array([1.3432366 , 0.85615575, 0.8544977 , 0.6198769 , 0.6044313 ,\n       0.58188057, 0.49190548, 0.3607386 , 0.32961..."", ""array([1.3154286 , 0.87434053, 0.8273888 , 0.64520216, 0.5498698 ,\n       0.5327668 , 0.48364398, 0.35455725, 0.32571..."", ""array([1.2248756 , 0.7530897 , 0.6679676 , 0.6358698 , 0.5206965 ,\n       0.5127161 , 0.511143  , 0.37626126, 0.36443..."", ""array([1.3308337 , 0.8812618 , 0.7272898 , 0.61736345, 0.6015846 ,\n       0.59947705, 0.38452202, 0.29314744, 0.25623...""]"
S_921_pmppn_info_dict_V2.pickle	top_15_closest_neighbor_indices	921	1.000000	"{""numpy.ndarray"": 921}"	"{""ndarray shape=[15] dtype=int64"": 921}"	"[""array([42, 44, 46, 45, 41, 40, 39, 47, 48, 52, 38, 55, 54, 53, 32])"", ""array([44, 42, 40, 41, 46, 45, 47, 39, 48, 38, 52, 55, 54, 32, 53])"", ""array([42, 44, 45, 40, 46, 41, 47, 39, 48, 38, 52, 55, 54, 53, 32])"", ""array([42, 44, 46, 45, 40, 41, 47, 39, 48, 52, 38, 54, 55, 53, 32])"", ""array([44, 42, 40, 41, 45, 46, 39, 47, 38, 48, 52, 55, 32, 54, 53])"", ""array([42, 44, 46, 45, 41, 40, 47, 39, 48, 52, 38, 53, 55, 54, 32])""]"
S_921_pmppn_info_dict_V2.pickle	top_15_neighbor_indices	921	1.000000	"{""numpy.ndarray"": 921}"	"{""ndarray shape=[15] dtype=int64"": 921}"	"[""array([39, 47, 42, 44, 35, 46, 40, 52, 37, 15, 45, 36, 54, 18, 64])"", ""array([39, 42, 47, 44, 35, 40, 46, 54, 52, 37, 45, 15, 36, 51, 18])"", ""array([39, 42, 47, 40, 46, 44, 35, 54, 45, 52, 37, 36, 49, 56, 64])"", ""array([39, 47, 42, 44, 46, 40, 35, 37, 45, 52, 36, 54, 64, 15, 18])"", ""array([39, 47, 42, 44, 40, 46, 35, 54, 37, 52, 36, 45, 15, 18, 51])"", ""array([39, 47, 40, 42, 44, 46, 41, 45, 37, 35, 52, 51, 18, 64, 36])""]"
S_921_pmppn_info_dict_V2.pickle	top_5_attention_weights	921	1.000000	"{""numpy.ndarray"": 921}"	"{""ndarray shape=[5] dtype=float32"": 921}"	"[""array([1.1612308, 0.7760295, 0.6644838, 0.5834954, 0.5765162],\n      dtype=float32)"", ""array([1.326316  , 0.7608063 , 0.7453542 , 0.69712514, 0.5843548 ],\n      dtype=float32)"", ""array([1.3432366 , 0.85615575, 0.8544977 , 0.6198769 , 0.6044313 ],\n      dtype=float32)"", ""array([1.3154286 , 0.87434053, 0.8273888 , 0.64520216, 0.5498698 ],\n      dtype=float32)"", ""array([1.2248756, 0.7530897, 0.6679676, 0.6358698, 0.5206965],\n      dtype=float32)"", ""array([1.3308337 , 0.8812618 , 0.7272898 , 0.61736345, 0.6015846 ],\n      dtype=float32)""]"
S_921_pmppn_info_dict_V2.pickle	top_5_neighbor_indices	921	1.000000	"{""numpy.ndarray"": 921}"	"{""ndarray shape=[5] dtype=int64"": 921}"	"[""array([39, 47, 42, 44, 35])"", ""array([39, 42, 47, 44, 35])"", ""array([39, 42, 47, 40, 46])"", ""array([39, 47, 42, 44, 46])"", ""array([39, 47, 42, 44, 40])"", ""array([39, 47, 40, 42, 44])""]"
S_921_pmppn_info_dict_V2.pickle	unweighted_backward_KL	921	1.000000	"{""numpy.float32"": 921}"	"{""numpy.float32 value=np.float32(0.11191378)"": 1, ""numpy.float32 value=np.float32(0.2774508)"": 1, ""numpy.float32 value=np.float32(0.2537925)"": 1, ""numpy.float32 value=np.float32(0.20906717)"": 1, ""numpy.float32 value=np.float32(0.23926142)"": 1, ""numpy.float32 value=np.float32(0.28652737)"": 1, ""numpy.float32 value=np.float32(0.21032017)"": 1, ""numpy.float32 value=np.float32(0.11009901)"": 1, ""numpy.float32 value=np.float32(0.18661104)"": 1, ""numpy.float32 value=np.float32(0.31765485)"": 1, ""numpy.float32 value=np.float32(0.11618203)"": 1, ""numpy.float32 value=np.float32(0.13558517)"": 1, ""numpy.float32 value=np.float32(0.17965356)"": 1, ""numpy.float32 value=np.float32(0.0743438)"": 1, ""numpy.float32 value=np.float32(0.3766629)"": 1, ""numpy.float32 value=np.float32(0.2614295)"": 1, ""numpy.float32 value=np.float32(0.15804702)"": 1, ""numpy.float32 value=np.float32(0.32427496)"": 1, ""numpy.float32 value=np.float32(0.30308497)"": 1, ""numpy.float32 value=np.float32(0.09005774)"": 1}"	"[""np.float32(0.11191378)"", ""np.float32(0.2774508)"", ""np.float32(0.2537925)"", ""np.float32(0.20906717)"", ""np.float32(0.23926142)"", ""np.float32(0.28652737)""]"
S_921_pmppn_info_dict_V2.pickle	unweighted_forward_KL	921	1.000000	"{""numpy.float32"": 921}"	"{""numpy.float32 value=np.float32(0.11517028)"": 1, ""numpy.float32 value=np.float32(0.27290413)"": 1, ""numpy.float32 value=np.float32(0.2581703)"": 1, ""numpy.float32 value=np.float32(0.21063507)"": 1, ""numpy.float32 value=np.float32(0.2406976)"": 1, ""numpy.float32 value=np.float32(0.28365916)"": 1, ""numpy.float32 value=np.float32(0.2218333)"": 1, ""numpy.float32 value=np.float32(0.10719918)"": 1, ""numpy.float32 value=np.float32(0.17869024)"": 1, ""numpy.float32 value=np.float32(0.35470435)"": 1, ""numpy.float32 value=np.float32(0.11448661)"": 1, ""numpy.float32 value=np.float32(0.14117934)"": 1, ""numpy.float32 value=np.float32(0.17964232)"": 1, ""numpy.float32 value=np.float32(0.0733816)"": 1, ""numpy.float32 value=np.float32(0.41154364)"": 1, ""numpy.float32 value=np.float32(0.26903504)"": 1, ""numpy.float32 value=np.float32(0.15756938)"": 1, ""numpy.float32 value=np.float32(0.33905154)"": 1, ""numpy.float32 value=np.float32(0.29182827)"": 1, ""numpy.float32 value=np.float32(0.076919906)"": 1}"	"[""np.float32(0.11517028)"", ""np.float32(0.27290413)"", ""np.float32(0.2581703)"", ""np.float32(0.21063507)"", ""np.float32(0.2406976)"", ""np.float32(0.28365916)""]"
S_921_pmppn_info_dict_V2.pickle	w_n_log_prob	921	1.000000	"{""builtins.list"": 921}"	"{""list length=15 child_types={'numpy.ndarray': 15}"": 921}"	"[""[array([-2.393023 , -5.4425936, -1.6921383, -1.2461834, -5.1680226,\n       -4.287986 , -4.9659357, -4.9306116, -3.034..."", ""[array([-2.8821378, -5.421063 , -1.9968817, -1.0271066, -5.0844245,\n       -4.2543774, -4.3369246, -4.726922 , -2.534..."", ""[array([-2.2033696, -5.4020443, -1.8624723, -1.0830654, -5.1854024,\n       -4.3269777, -5.0482583, -4.8568277, -2.697..."", ""[array([-2.942298 , -5.4212704, -1.9102623, -1.0690709, -4.992223 ,\n       -4.088597 , -4.4169683, -4.8541403, -2.566..."", ""[array([-2.9856682, -5.417221 , -2.2489657, -1.2706769, -4.9749613,\n       -4.2664547, -4.9624624, -3.7717755, -2.489..."", ""[array([-2.4252558, -5.3532305, -1.5708983, -1.0698707, -5.1465664,\n       -4.392819 , -4.974284 , -5.2178726, -2.869...""]"
S_921_pmppn_info_dict_V2.pickle	weighted_neighbor_backward_KL	921	1.000000	"{""numpy.float32"": 921}"	"{""numpy.float32 value=np.float32(1.0296419)"": 1, ""numpy.float32 value=np.float32(2.5698614)"": 1, ""numpy.float32 value=np.float32(2.353161)"": 1, ""numpy.float32 value=np.float32(1.9270022)"": 1, ""numpy.float32 value=np.float32(2.2006297)"": 1, ""numpy.float32 value=np.float32(2.6242263)"": 1, ""numpy.float32 value=np.float32(1.9430802)"": 1, ""numpy.float32 value=np.float32(1.0080662)"": 1, ""numpy.float32 value=np.float32(1.7225788)"": 1, ""numpy.float32 value=np.float32(2.9494023)"": 1, ""numpy.float32 value=np.float32(1.0585759)"": 1, ""numpy.float32 value=np.float32(1.2070038)"": 1, ""numpy.float32 value=np.float32(1.6625313)"": 1, ""numpy.float32 value=np.float32(0.69689274)"": 1, ""numpy.float32 value=np.float32(3.5763075)"": 1, ""numpy.float32 value=np.float32(2.4083385)"": 1, ""numpy.float32 value=np.float32(1.464112)"": 1, ""numpy.float32 value=np.float32(2.9590845)"": 1, ""numpy.float32 value=np.float32(2.7919233)"": 1, ""numpy.float32 value=np.float32(0.8218701)"": 1}"	"[""np.float32(1.0296419)"", ""np.float32(2.5698614)"", ""np.float32(2.353161)"", ""np.float32(1.9270022)"", ""np.float32(2.2006297)"", ""np.float32(2.6242263)""]"
S_921_pmppn_info_dict_V2.pickle	weighted_neighbor_energy_changes	921	1.000000	"{""numpy.float64"": 921}"	"{""numpy.float64 value=np.float64(-4.116891002110279)"": 1, ""numpy.float64 value=np.float64(-3.3286754278580233)"": 1, ""numpy.float64 value=np.float64(-2.151077674272411)"": 1, ""numpy.float64 value=np.float64(-1.991849812247084)"": 1, ""numpy.float64 value=np.float64(-0.5804709498174643)"": 1, ""numpy.float64 value=np.float64(-6.564476287130891)"": 1, ""numpy.float64 value=np.float64(-8.036268806167328)"": 1, ""numpy.float64 value=np.float64(-2.4442371647251475)"": 1, ""numpy.float64 value=np.float64(-2.1558906700311447)"": 1, ""numpy.float64 value=np.float64(-7.397540200263364)"": 1, ""numpy.float64 value=np.float64(6.623603821635177)"": 1, ""numpy.float64 value=np.float64(-3.4013781786811137)"": 1, ""numpy.float64 value=np.float64(-5.5150119975955505)"": 1, ""numpy.float64 value=np.float64(1.4302045568913542)"": 1, ""numpy.float64 value=np.float64(-4.464935111110853)"": 1, ""numpy.float64 value=np.float64(5.136838852708373)"": 1, ""numpy.float64 value=np.float64(1.8868609138965962)"": 1, ""numpy.float64 value=np.float64(-5.821383819755326)"": 1, ""numpy.float64 value=np.float64(-1.9770627287058318)"": 1, ""numpy.float64 value=np.float64(3.84462673709721)"": 1}"	"[""np.float64(-4.116891002110279)"", ""np.float64(-3.3286754278580233)"", ""np.float64(-2.151077674272411)"", ""np.float64(-1.991849812247084)"", ""np.float64(-0.5804709498174643)"", ""np.float64(-6.564476287130891)""]"
S_921_pmppn_info_dict_V2.pickle	weighted_neighbor_entropies	921	1.000000	"{""numpy.float32"": 921}"	"{""numpy.float32 value=np.float32(1.9077915)"": 1, ""numpy.float32 value=np.float32(1.8654623)"": 1, ""numpy.float32 value=np.float32(1.7528964)"": 1, ""numpy.float32 value=np.float32(1.7337943)"": 1, ""numpy.float32 value=np.float32(1.7910799)"": 1, ""numpy.float32 value=np.float32(1.9054672)"": 1, ""numpy.float32 value=np.float32(1.8705232)"": 1, ""numpy.float32 value=np.float32(1.893065)"": 1, ""numpy.float32 value=np.float32(1.8500986)"": 1, ""numpy.float32 value=np.float32(1.9310411)"": 1, ""numpy.float32 value=np.float32(1.782723)"": 1, ""numpy.float32 value=np.float32(1.7342747)"": 1, ""numpy.float32 value=np.float32(1.9583309)"": 1, ""numpy.float32 value=np.float32(1.6608925)"": 1, ""numpy.float32 value=np.float32(1.5109333)"": 1, ""numpy.float32 value=np.float32(1.5197942)"": 1, ""numpy.float32 value=np.float32(1.7990117)"": 1, ""numpy.float32 value=np.float32(1.317072)"": 1, ""numpy.float32 value=np.float32(1.8121488)"": 1, ""numpy.float32 value=np.float32(1.6322669)"": 1}"	"[""np.float32(1.9077915)"", ""np.float32(1.8654623)"", ""np.float32(1.7528964)"", ""np.float32(1.7337943)"", ""np.float32(1.7910799)"", ""np.float32(1.9054672)""]"
S_921_pmppn_info_dict_V2.pickle	weighted_neighbor_entropy_changes	921	1.000000	"{""numpy.float32"": 921}"	"{""numpy.float32 value=np.float32(-3.074821)"": 1, ""numpy.float32 value=np.float32(-0.09364587)"": 1, ""numpy.float32 value=np.float32(3.445747)"": 1, ""numpy.float32 value=np.float32(-5.405144)"": 1, ""numpy.float32 value=np.float32(0.9863833)"": 1, ""numpy.float32 value=np.float32(6.0335245)"": 1, ""numpy.float32 value=np.float32(-7.7230186)"": 1, ""numpy.float32 value=np.float32(3.260545)"": 1, ""numpy.float32 value=np.float32(4.5193205)"": 1, ""numpy.float32 value=np.float32(-10.310513)"": 1, ""numpy.float32 value=np.float32(-0.31534815)"": 1, ""numpy.float32 value=np.float32(-6.1103725)"": 1, ""numpy.float32 value=np.float32(-1.4265223)"": 1, ""numpy.float32 value=np.float32(-1.1859134)"": 1, ""numpy.float32 value=np.float32(-10.921564)"": 1, ""numpy.float32 value=np.float32(-3.7598977)"": 1, ""numpy.float32 value=np.float32(2.4622486)"": 1, ""numpy.float32 value=np.float32(0.13129786)"": 1, ""numpy.float32 value=np.float32(-5.8184404)"": 1, ""numpy.float32 value=np.float32(0.4744416)"": 1}"	"[""np.float32(-3.074821)"", ""np.float32(-0.09364587)"", ""np.float32(3.445747)"", ""np.float32(-5.405144)"", ""np.float32(0.9863833)"", ""np.float32(6.0335245)""]"
S_921_pmppn_info_dict_V2.pickle	weighted_neighbor_forward_KL	921	1.000000	"{""numpy.float32"": 921}"	"{""numpy.float32 value=np.float32(1.0596027)"": 1, ""numpy.float32 value=np.float32(2.5277483)"": 1, ""numpy.float32 value=np.float32(2.393752)"": 1, ""numpy.float32 value=np.float32(1.9414532)"": 1, ""numpy.float32 value=np.float32(2.2138395)"": 1, ""numpy.float32 value=np.float32(2.5979578)"": 1, ""numpy.float32 value=np.float32(2.049446)"": 1, ""numpy.float32 value=np.float32(0.9815154)"": 1, ""numpy.float32 value=np.float32(1.6494629)"": 1, ""numpy.float32 value=np.float32(3.2934043)"": 1, ""numpy.float32 value=np.float32(1.0431283)"": 1, ""numpy.float32 value=np.float32(1.2568042)"": 1, ""numpy.float32 value=np.float32(1.6624272)"": 1, ""numpy.float32 value=np.float32(0.6878732)"": 1, ""numpy.float32 value=np.float32(3.9074903)"": 1, ""numpy.float32 value=np.float32(2.478403)"": 1, ""numpy.float32 value=np.float32(1.4596875)"": 1, ""numpy.float32 value=np.float32(3.0939245)"": 1, ""numpy.float32 value=np.float32(2.68823)"": 1, ""numpy.float32 value=np.float32(0.7019738)"": 1}"	"[""np.float32(1.0596027)"", ""np.float32(2.5277483)"", ""np.float32(2.393752)"", ""np.float32(1.9414532)"", ""np.float32(2.2138395)"", ""np.float32(2.5979578)""]"
S_921_pmppn_info_dict_V2.pickle	wild_pssm	921	1.000000	"{""numpy.float64"": 921}"	"{""numpy.float64 value=np.float64(5.0)"": 108, ""numpy.float64 value=np.float64(6.0)"": 98, ""numpy.float64 value=np.float64(7.0)"": 86, ""numpy.float64 value=np.float64(1.0)"": 82, ""numpy.float64 value=np.float64(3.0)"": 79, ""numpy.float64 value=np.float64(4.0)"": 77, ""numpy.float64 value=np.float64(0.0)"": 76, ""numpy.float64 value=np.float64(8.0)"": 76, ""numpy.float64 value=np.float64(2.0)"": 68, ""numpy.float64 value=np.float64(9.0)"": 47, ""numpy.float64 value=np.float64(-1.0)"": 20, ""numpy.float64 value=np.float64(11.0)"": 19, ""numpy.float64 value=np.float64(10.0)"": 16, ""numpy.float64 value=np.float64(-3.0)"": 15, ""numpy.float64 value=np.float64(-4.0)"": 14, ""numpy.float64 value=np.float64(-2.0)"": 14, ""numpy.float64 value=np.float64(-5.0)"": 11, ""numpy.float64 value=np.float64(-6.0)"": 8, ""numpy.float64 value=np.float64(13.0)"": 4, ""numpy.float64 value=np.float64(-7.0)"": 3}"	"[""np.float64(-1.0)"", ""np.float64(1.0)"", ""np.float64(1.0)"", ""np.float64(0.0)"", ""np.float64(0.0)"", ""np.float64(0.0)""]"
S_921_pmppn_info_dict_V3.pickle	V2_backward_weighted_neighbor_backward_KL	921	1.000000	"{""numpy.float32"": 619, ""numpy.float64"": 302}"	"{""numpy.float64 value=np.float64(1.1199125268876098)"": 1, ""numpy.float32 value=np.float32(3.1206775)"": 1, ""numpy.float64 value=np.float64(2.891632830115361)"": 1, ""numpy.float64 value=np.float64(2.398203340419413)"": 1, ""numpy.float32 value=np.float32(2.8103187)"": 1, ""numpy.float64 value=np.float64(3.108961637242305)"": 1, ""numpy.float64 value=np.float64(2.474375867745283)"": 1, ""numpy.float64 value=np.float64(1.1658457001306204)"": 1, ""numpy.float64 value=np.float64(1.870576654781542)"": 1, ""numpy.float32 value=np.float32(3.99396)"": 1, ""numpy.float32 value=np.float32(1.3824224)"": 1, ""numpy.float32 value=np.float32(1.6864861)"": 1, ""numpy.float32 value=np.float32(2.169755)"": 1, ""numpy.float32 value=np.float32(0.8942381)"": 1, ""numpy.float32 value=np.float32(4.610982)"": 1, ""numpy.float32 value=np.float32(3.0253134)"": 1, ""numpy.float32 value=np.float32(1.728617)"": 1, ""numpy.float64 value=np.float64(3.758999608279746)"": 1, ""numpy.float64 value=np.float64(3.7514792409592608)"": 1, ""numpy.float32 value=np.float32(0.92364573)"": 1}"	"[""np.float64(1.1199125268876098)"", ""np.float32(3.1206775)"", ""np.float64(2.891632830115361)"", ""np.float64(2.398203340419413)"", ""np.float32(2.8103187)"", ""np.float64(3.108961637242305)""]"
S_921_pmppn_info_dict_V3.pickle	V2_backward_weighted_neighbor_energy_changes	921	1.000000	"{""numpy.float64"": 921}"	"{""numpy.float64 value=np.float64(-4.477826928788954)"": 1, ""numpy.float64 value=np.float64(-4.042133298047901)"": 1, ""numpy.float64 value=np.float64(-2.6433070191266355)"": 1, ""numpy.float64 value=np.float64(-2.478907957889707)"": 1, ""numpy.float64 value=np.float64(-0.7412916228140696)"": 1, ""numpy.float64 value=np.float64(-7.777036204056566)"": 1, ""numpy.float64 value=np.float64(-10.233622614219023)"": 1, ""numpy.float64 value=np.float64(-2.8268018864199123)"": 1, ""numpy.float64 value=np.float64(-2.3411171898054057)"": 1, ""numpy.float64 value=np.float64(-10.017445787751868)"": 1, ""numpy.float64 value=np.float64(8.649939653626937)"": 1, ""numpy.float64 value=np.float64(-4.7525751779691205)"": 1, ""numpy.float64 value=np.float64(-7.197594109872005)"": 1, ""numpy.float64 value=np.float64(1.8352084073444033)"": 1, ""numpy.float64 value=np.float64(-5.756701412746876)"": 1, ""numpy.float64 value=np.float64(6.4528078854571715)"": 1, ""numpy.float64 value=np.float64(2.227739159747653)"": 1, ""numpy.float64 value=np.float64(-7.395050634492974)"": 1, ""numpy.float64 value=np.float64(-2.656559366807139)"": 1, ""numpy.float64 value=np.float64(4.320722815706784)"": 1}"	"[""np.float64(-4.477826928788954)"", ""np.float64(-4.042133298047901)"", ""np.float64(-2.6433070191266355)"", ""np.float64(-2.478907957889707)"", ""np.float64(-0.7412916228140696)"", ""np.float64(-7.777036204056566)""]"
S_921_pmppn_info_dict_V3.pickle	V2_backward_weighted_neighbor_entropy_changes	921	1.000000	"{""numpy.float32"": 619, ""numpy.float64"": 302}"	"{""numpy.float64 value=np.float64(-3.3443966519489052)"": 1, ""numpy.float32 value=np.float32(-0.11371765)"": 1, ""numpy.float64 value=np.float64(4.234234250242798)"": 1, ""numpy.float64 value=np.float64(-6.726839882352241)"": 1, ""numpy.float32 value=np.float32(1.2596627)"": 1, ""numpy.float64 value=np.float64(7.148009018168265)"": 1, ""numpy.float64 value=np.float64(-9.834720783696095)"": 1, ""numpy.float64 value=np.float64(3.770875765060823)"": 1, ""numpy.float64 value=np.float64(4.90760461368731)"": 1, ""numpy.float32 value=np.float32(-13.962075)"": 1, ""numpy.float32 value=np.float32(-0.41182148)"": 1, ""numpy.float32 value=np.float32(-8.537718)"": 1, ""numpy.float32 value=np.float32(-1.8617415)"": 1, ""numpy.float32 value=np.float32(-1.5217391)"": 1, ""numpy.float32 value=np.float32(-14.08132)"": 1, ""numpy.float32 value=np.float32(-4.7231183)"": 1, ""numpy.float32 value=np.float32(2.9070756)"": 1, ""numpy.float64 value=np.float64(0.16679101708594576)"": 1, ""numpy.float64 value=np.float64(-7.818180206110222)"": 1, ""numpy.float32 value=np.float32(0.53319365)"": 1}"	"[""np.float64(-3.3443966519489052)"", ""np.float32(-0.11371765)"", ""np.float64(4.234234250242798)"", ""np.float64(-6.726839882352241)"", ""np.float32(1.2596627)"", ""np.float64(7.148009018168265)""]"
S_921_pmppn_info_dict_V3.pickle	alternate_pssm	921	1.000000	"{""numpy.float64"": 921}"	"{""numpy.float64 value=np.float64(0.0)"": 130, ""numpy.float64 value=np.float64(-2.0)"": 109, ""numpy.float64 value=np.float64(-1.0)"": 105, ""numpy.float64 value=np.float64(-3.0)"": 93, ""numpy.float64 value=np.float64(-4.0)"": 92, ""numpy.float64 value=np.float64(1.0)"": 67, ""numpy.float64 value=np.float64(2.0)"": 48, ""numpy.float64 value=np.float64(-5.0)"": 48, ""numpy.float64 value=np.float64(3.0)"": 44, ""numpy.float64 value=np.float64(-6.0)"": 42, ""numpy.float64 value=np.float64(5.0)"": 26, ""numpy.float64 value=np.float64(-7.0)"": 24, ""numpy.float64 value=np.float64(4.0)"": 24, ""numpy.float64 value=np.float64(6.0)"": 22, ""numpy.float64 value=np.float64(7.0)"": 13, ""numpy.float64 value=np.float64(-8.0)"": 10, ""numpy.float64 value=np.float64(9.0)"": 10, ""numpy.float64 value=np.float64(8.0)"": 7, ""numpy.float64 value=np.float64(10.0)"": 3, ""numpy.float64 value=np.float64(-9.0)"": 3}"	"[""np.float64(0.0)"", ""np.float64(0.0)"", ""np.float64(0.0)"", ""np.float64(0.0)"", ""np.float64(0.0)"", ""np.float64(0.0)""]"
S_921_pmppn_info_dict_V3.pickle	backward_weighted_neighbor_backward_KL	921	1.000000	"{""numpy.float32"": 619, ""numpy.float64"": 302}"	"{""numpy.float64 value=np.float64(1.3767232581606723)"": 1, ""numpy.float32 value=np.float32(3.0562186)"": 1, ""numpy.float64 value=np.float64(2.7243346248117755)"": 1, ""numpy.float64 value=np.float64(2.226580135446153)"": 1, ""numpy.float32 value=np.float32(2.5029244)"": 1, ""numpy.float64 value=np.float64(3.3114425276752204)"": 1, ""numpy.float64 value=np.float64(2.1940736596532915)"": 1, ""numpy.float64 value=np.float64(1.265053847725522)"": 1, ""numpy.float64 value=np.float64(2.3077370597535465)"": 1, ""numpy.float32 value=np.float32(3.1092052)"": 1, ""numpy.float32 value=np.float32(1.212209)"": 1, ""numpy.float32 value=np.float32(1.3465521)"": 1, ""numpy.float32 value=np.float32(1.8251907)"": 1, ""numpy.float32 value=np.float32(0.75782096)"": 1, ""numpy.float32 value=np.float32(3.779945)"": 1, ""numpy.float32 value=np.float32(2.769364)"": 1, ""numpy.float32 value=np.float32(1.7665344)"": 1, ""numpy.float64 value=np.float64(3.434818766740864)"": 1, ""numpy.float64 value=np.float64(3.005359940031689)"": 1, ""numpy.float32 value=np.float32(1.0753891)"": 1}"	"[""np.float64(1.3767232581606723)"", ""np.float32(3.0562186)"", ""np.float64(2.7243346248117755)"", ""np.float64(2.226580135446153)"", ""np.float32(2.5029244)"", ""np.float64(3.3114425276752204)""]"
S_921_pmppn_info_dict_V3.pickle	backward_weighted_neighbor_energy_changes	921	1.000000	"{""numpy.float64"": 921}"	"{""numpy.float64 value=np.float64(-5.50465177491545)"": 1, ""numpy.float64 value=np.float64(-3.958641244130945)"": 1, ""numpy.float64 value=np.float64(-2.4903759430367938)"": 1, ""numpy.float64 value=np.float64(-2.301509268880982)"": 1, ""numpy.float64 value=np.float64(-0.6602086609556035)"": 1, ""numpy.float64 value=np.float64(-8.28354011091184)"": 1, ""numpy.float64 value=np.float64(-9.07433753835883)"": 1, ""numpy.float64 value=np.float64(-3.067349824057004)"": 1, ""numpy.float64 value=np.float64(-2.8882445882823085)"": 1, ""numpy.float64 value=np.float64(-7.7983497381272535)"": 1, ""numpy.float64 value=np.float64(7.584900248092639)"": 1, ""numpy.float64 value=np.float64(-3.794629522866799)"": 1, ""numpy.float64 value=np.float64(-6.0545921828565845)"": 1, ""numpy.float64 value=np.float64(1.5552450696358449)"": 1, ""numpy.float64 value=np.float64(-4.719171586671203)"": 1, ""numpy.float64 value=np.float64(5.906883594777568)"": 1, ""numpy.float64 value=np.float64(2.276604834392298)"": 1, ""numpy.float64 value=np.float64(-6.757292191360365)"": 1, ""numpy.float64 value=np.float64(-2.128205058993375)"": 1, ""numpy.float64 value=np.float64(5.030563615618934)"": 1}"	"[""np.float64(-5.50465177491545)"", ""np.float64(-3.958641244130945)"", ""np.float64(-2.4903759430367938)"", ""np.float64(-2.301509268880982)"", ""np.float64(-0.6602086609556035)"", ""np.float64(-8.28354011091184)""]"
S_921_pmppn_info_dict_V3.pickle	backward_weighted_neighbor_entropy_changes	921	1.000000	"{""numpy.float32"": 619, ""numpy.float64"": 302}"	"{""numpy.float64 value=np.float64(-4.111310968231372)"": 1, ""numpy.float32 value=np.float32(-0.111368805)"": 1, ""numpy.float64 value=np.float64(3.989258545332042)"": 1, ""numpy.float64 value=np.float64(-6.245445414880049)"": 1, ""numpy.float32 value=np.float32(1.1218799)"": 1, ""numpy.float64 value=np.float64(7.613545554059726)"": 1, ""numpy.float64 value=np.float64(-8.72062409872067)"": 1, ""numpy.float64 value=np.float64(4.091760080558386)"": 1, ""numpy.float64 value=np.float64(6.054529234433515)"": 1, ""numpy.float32 value=np.float32(-10.869153)"": 1, ""numpy.float32 value=np.float32(-0.36111525)"": 1, ""numpy.float32 value=np.float32(-6.8168254)"": 1, ""numpy.float32 value=np.float32(-1.566091)"": 1, ""numpy.float32 value=np.float32(-1.289596)"": 1, ""numpy.float32 value=np.float32(-11.543446)"": 1, ""numpy.float32 value=np.float32(-4.32353)"": 1, ""numpy.float32 value=np.float32(2.9708426)"": 1, ""numpy.float64 value=np.float64(0.15240675054839384)"": 1, ""numpy.float64 value=np.float64(-6.263248197898669)"": 1, ""numpy.float32 value=np.float32(0.6207908)"": 1}"	"[""np.float64(-4.111310968231372)"", ""np.float32(-0.111368805)"", ""np.float64(3.989258545332042)"", ""np.float64(-6.245445414880049)"", ""np.float32(1.1218799)"", ""np.float64(7.613545554059726)""]"
S_921_pmppn_info_dict_V3.pickle	center_entropy	921	1.000000	"{""numpy.float64"": 921}"	"{""numpy.float64 value=np.float64(-2.4367289543151855)"": 1, ""numpy.float64 value=np.float64(-2.5027880668640137)"": 1, ""numpy.float64 value=np.float64(-2.4534261226654053)"": 1, ""numpy.float64 value=np.float64(-2.4662017822265625)"": 1, ""numpy.float64 value=np.float64(-2.405705690383911)"": 1, ""numpy.float64 value=np.float64(-0.9343633055686951)"": 1, ""numpy.float64 value=np.float64(-2.464376449584961)"": 1, ""numpy.float64 value=np.float64(-2.4714434146881104)"": 1, ""numpy.float64 value=np.float64(-2.4590299129486084)"": 1, ""numpy.float64 value=np.float64(-1.016783356666565)"": 1, ""numpy.float64 value=np.float64(-2.201599359512329)"": 1, ""numpy.float64 value=np.float64(-2.3894894123077393)"": 1, ""numpy.float64 value=np.float64(-2.5296988487243652)"": 1, ""numpy.float64 value=np.float64(-2.5384633541107178)"": 1, ""numpy.float64 value=np.float64(-0.7573658227920532)"": 1, ""numpy.float64 value=np.float64(-1.3964239358901978)"": 1, ""numpy.float64 value=np.float64(-2.308438539505005)"": 1, ""numpy.float64 value=np.float64(-0.7066957950592041)"": 1, ""numpy.float64 value=np.float64(-2.461902379989624)"": 1, ""numpy.float64 value=np.float64(-1.3266204595565796)"": 1}"	"[""np.float64(-2.4367289543151855)"", ""np.float64(-2.5027880668640137)"", ""np.float64(-2.4534261226654053)"", ""np.float64(-2.4662017822265625)"", ""np.float64(-2.405705690383911)"", ""np.float64(-0.9343633055686951)""]"
S_921_pmppn_info_dict_V3.pickle	center_mut_max_energy	921	1.000000	"{""numpy.float64"": 921}"	"{""numpy.float64 value=np.float64(0.0)"": 119, ""numpy.float64 value=np.float64(1.0387002229690552)"": 1, ""numpy.float64 value=np.float64(1.1016137599945068)"": 1, ""numpy.float64 value=np.float64(0.9421112537384033)"": 1, ""numpy.float64 value=np.float64(0.9701461791992188)"": 1, ""numpy.float64 value=np.float64(1.2382992506027222)"": 1, ""numpy.float64 value=np.float64(4.444184020161629)"": 1, ""numpy.float64 value=np.float64(1.0630513429641724)"": 1, ""numpy.float64 value=np.float64(1.123913288116455)"": 1, ""numpy.float64 value=np.float64(1.1515450477600098)"": 1, ""numpy.float64 value=np.float64(0.38833165168762207)"": 1, ""numpy.float64 value=np.float64(0.6423282623291016)"": 1, ""numpy.float64 value=np.float64(0.15693867206573486)"": 1, ""numpy.float64 value=np.float64(0.3253006935119629)"": 1, ""numpy.float64 value=np.float64(0.43920791149139404)"": 1, ""numpy.float64 value=np.float64(0.9113152027130127)"": 1, ""numpy.float64 value=np.float64(3.13663250207901)"": 1, ""numpy.float64 value=np.float64(1.4448823928833008)"": 1, ""numpy.float64 value=np.float64(6.311042740941048)"": 1, ""numpy.float64 value=np.float64(5.252775728702545)"": 1}"	"[""np.float64(1.0387002229690552)"", ""np.float64(1.1016137599945068)"", ""np.float64(0.9421112537384033)"", ""np.float64(0.9701461791992188)"", ""np.float64(1.2382992506027222)"", ""np.float64(4.444184020161629)""]"
S_921_pmppn_info_dict_V3.pickle	center_mut_wild_energy	921	1.000000	"{""numpy.float64"": 921}"	"{""numpy.float64 value=np.float64(-1.6677782535552979)"": 1, ""numpy.float64 value=np.float64(-0.1431124210357666)"": 1, ""numpy.float64 value=np.float64(0.5158994197845459)"": 1, ""numpy.float64 value=np.float64(-1.3272922039031982)"": 1, ""numpy.float64 value=np.float64(-0.05446004867553711)"": 1, ""numpy.float64 value=np.float64(4.444184020161629)"": 1, ""numpy.float64 value=np.float64(-0.6083333492279053)"": 1, ""numpy.float64 value=np.float64(0.674039363861084)"": 1, ""numpy.float64 value=np.float64(-0.385134220123291)"": 1, ""numpy.float64 value=np.float64(-1.9871827065944672)"": 1, ""numpy.float64 value=np.float64(-0.18459689617156982)"": 1, ""numpy.float64 value=np.float64(-1.289395809173584)"": 1, ""numpy.float64 value=np.float64(-0.8855336904525757)"": 1, ""numpy.float64 value=np.float64(-0.002443075180053711)"": 1, ""numpy.float64 value=np.float64(-3.7148042917251587)"": 1, ""numpy.float64 value=np.float64(-2.344410717487335)"": 1, ""numpy.float64 value=np.float64(-0.6422626972198486)"": 1, ""numpy.float64 value=np.float64(-3.180298328399658)"": 1, ""numpy.float64 value=np.float64(-2.2177248001098633)"": 1, ""numpy.float64 value=np.float64(2.7084646224975586)"": 1}"	"[""np.float64(-1.6677782535552979)"", ""np.float64(-0.1431124210357666)"", ""np.float64(0.5158994197845459)"", ""np.float64(-1.3272922039031982)"", ""np.float64(-0.05446004867553711)"", ""np.float64(4.444184020161629)""]"
S_921_pmppn_info_dict_V3.pickle	center_neighbor_weight_check_m_w	921	1.000000	"{""numpy.float32"": 619, ""numpy.float64"": 302}"	"{""numpy.float64 value=np.float64(25.022148966789246)"": 1, ""numpy.float32 value=np.float32(16.542429)"": 1, ""numpy.float64 value=np.float64(14.289370477199554)"": 1, ""numpy.float64 value=np.float64(13.730504810810089)"": 1, ""numpy.float32 value=np.float32(12.804453)"": 1, ""numpy.float64 value=np.float64(20.49859455227852)"": 1, ""numpy.float64 value=np.float64(12.710905581712723)"": 1, ""numpy.float64 value=np.float64(18.269776940345764)"": 1, ""numpy.float64 value=np.float64(28.937500417232513)"": 1, ""numpy.float32 value=np.float32(9.584656)"": 1, ""numpy.float32 value=np.float32(13.055173)"": 1, ""numpy.float32 value=np.float32(10.330635)"": 1, ""numpy.float32 value=np.float32(11.313478)"": 1, ""numpy.float32 value=np.float32(11.45197)"": 1, ""numpy.float32 value=np.float32(10.721726)"": 1, ""numpy.float32 value=np.float32(13.509609)"": 1, ""numpy.float32 value=np.float32(16.56413)"": 1, ""numpy.float64 value=np.float64(13.545273780822754)"": 1, ""numpy.float64 value=np.float64(10.147900462150574)"": 1, ""numpy.float32 value=np.float32(21.651869)"": 1}"	"[""np.float64(25.022148966789246)"", ""np.float32(16.542429)"", ""np.float64(14.289370477199554)"", ""np.float64(13.730504810810089)"", ""np.float32(12.804453)"", ""np.float64(20.49859455227852)""]"
S_921_pmppn_info_dict_V3.pickle	center_neighbor_weight_check_w_m	921	1.000000	"{""numpy.float32"": 619, ""numpy.float64"": 302}"	"{""numpy.float64 value=np.float64(10.60415056347847)"": 1, ""numpy.float32 value=np.float32(17.610132)"": 1, ""numpy.float64 value=np.float64(17.831134557724)"": 1, ""numpy.float64 value=np.float64(18.732884168624878)"": 1, ""numpy.float32 value=np.float32(21.483437)"": 1, ""numpy.float64 value=np.float64(15.830781906843185)"": 1, ""numpy.float64 value=np.float64(20.42501401901245)"": 1, ""numpy.float64 value=np.float64(13.316884815692902)"": 1, ""numpy.float64 value=np.float64(10.8804120272398)"": 1, ""numpy.float32 value=np.float32(29.165916)"": 1, ""numpy.float32 value=np.float32(23.368263)"": 1, ""numpy.float32 value=np.float32(28.605387)"": 1, ""numpy.float32 value=np.float32(22.80721)"": 1, ""numpy.float32 value=np.float32(22.42033)"": 1, ""numpy.float32 value=np.float32(25.507132)"": 1, ""numpy.float32 value=np.float32(19.857296)"": 1, ""numpy.float32 value=np.float32(16.38426)"": 1, ""numpy.float64 value=np.float64(19.510823845863342)"": 1, ""numpy.float64 value=np.float64(24.244654178619385)"": 1, ""numpy.float32 value=np.float32(11.758149)"": 1}"	"[""np.float64(10.60415056347847)"", ""np.float32(17.610132)"", ""np.float64(17.831134557724)"", ""np.float64(18.732884168624878)"", ""np.float32(21.483437)"", ""np.float64(15.830781906843185)""]"
S_921_pmppn_info_dict_V3.pickle	ddg	921	1.000000	"{""builtins.float"": 921}"	"{""builtins.float value=0.4"": 20, ""builtins.float value=0.1"": 18, ""builtins.float value=0.3"": 14, ""builtins.float value=-0.1"": 14, ""builtins.float value=0.0"": 14, ""builtins.float value=0.2"": 12, ""builtins.float value=1.6"": 12, ""builtins.float value=0.5"": 12, ""builtins.float value=-0.5"": 11, ""builtins.float value=-0.4"": 11, ""builtins.float value=-0.3"": 10, ""builtins.float value=1.0"": 9, ""builtins.float value=3.1"": 9, ""builtins.float value=-0.2"": 9, ""builtins.float value=-0.6"": 8, ""builtins.float value=1.3"": 8, ""builtins.float value=1.5"": 8, ""builtins.float value=0.8"": 8, ""builtins.float value=0.43"": 8, ""builtins.float value=1.2"": 7}"	"[""-0.5"", ""0.3"", ""0.2"", ""0.4"", ""-0.1"", ""-3.0""]"
S_921_pmppn_info_dict_V3.pickle	log_prob	921	1.000000	"{""numpy.ndarray"": 921}"	"{""ndarray shape=[1, 164, 21] dtype=float32"": 188, ""ndarray shape=[1, 162, 21] dtype=float32"": 109, ""ndarray shape=[1, 153, 21] dtype=float32"": 69, ""ndarray shape=[1, 67, 21] dtype=float32"": 58, ""ndarray shape=[1, 136, 21] dtype=float32"": 51, ""ndarray shape=[1, 58, 21] dtype=float32"": 44, ""ndarray shape=[1, 104, 21] dtype=float32"": 39, ""ndarray shape=[1, 76, 21] dtype=float32"": 38, ""ndarray shape=[1, 194, 21] dtype=float32"": 37, ""ndarray shape=[1, 56, 21] dtype=float32"": 30, ""ndarray shape=[1, 149, 21] dtype=float32"": 30, ""ndarray shape=[1, 45, 21] dtype=float32"": 25, ""ndarray shape=[1, 108, 21] dtype=float32"": 20, ""ndarray shape=[1, 168, 21] dtype=float32"": 20, ""ndarray shape=[1, 107, 21] dtype=float32"": 20, ""ndarray shape=[1, 130, 21] dtype=float32"": 14, ""ndarray shape=[1, 370, 21] dtype=float32"": 14, ""ndarray shape=[1, 88, 21] dtype=float32"": 13, ""ndarray shape=[1, 175, 21] dtype=float32"": 10, ""ndarray shape=[1, 98, 21] dtype=float32"": 9}"	"[""array([[[-4.508754  , -5.3930373 , -5.421379  , ..., -3.7943254 ,\n         -2.6469674 , -5.6926303 ],\n        [-5.562..."", ""array([[[-5.167937  , -5.515489  , -5.619102  , ..., -4.517287  ,\n         -3.0055714 , -5.8681626 ],\n        [-5.672..."", ""array([[[-4.9371443 , -5.3823633 , -5.514736  , ..., -4.621848  ,\n         -3.8584583 , -5.9323263 ],\n        [-5.592..."", ""array([[[-4.6301517 , -5.266079  , -5.020441  , ..., -3.7121847 ,\n         -3.213281  , -5.7370872 ],\n        [-5.703..."", ""array([[[-4.6506886 , -5.479076  , -5.407949  , ..., -3.8124216 ,\n         -2.6055593 , -5.7424254 ],\n        [-5.688..."", ""array([[[-4.9819636 , -5.155373  , -5.4392834 , ..., -3.548634  ,\n         -3.2647362 , -5.7712746 ],\n        [-5.497...""]"
S_921_pmppn_info_dict_V3.pickle	m_n_log_prob	921	1.000000	"{""builtins.list"": 921}"	"{""list length=15 child_types={'numpy.ndarray': 15}"": 921}"	"[""[array([-2.5831141, -5.404686 , -1.7599946, -1.1653965, -5.1044683,\n       -4.4028482, -4.9418154, -4.793689 , -2.957..."", ""[array([-2.047621 , -5.4036074, -1.8659116, -1.3086083, -5.179438 ,\n       -4.2177725, -4.9887614, -4.9477196, -2.840..."", ""[array([-1.7054464, -5.466509 , -1.7491943, -1.4126512, -5.292665 ,\n       -4.2129054, -5.2045774, -5.2118716, -3.304..."", ""[array([-2.19248  , -5.423018 , -1.6968077, -1.2333237, -5.1933446,\n       -4.2549787, -5.036089 , -5.0433335, -3.140..."", ""[array([-2.2105174, -5.41508  , -1.7943151, -1.3563882, -5.151077 ,\n       -4.177152 , -5.0314636, -4.726492 , -2.915..."", ""[array([-2.5602307, -5.344658 , -1.6029614, -1.2444851, -5.0123186,\n       -3.9593918, -4.7998996, -5.1608047, -2.891...""]"
S_921_pmppn_info_dict_V3.pickle	mut	921	1.000000	"{""builtins.str"": 921}"	"{""builtins.str value='T54A'"": 2, ""builtins.str value='Y97G'"": 2, ""builtins.str value='D50A'"": 2, ""builtins.str value='K41A'"": 2, ""builtins.str value='L6A'"": 2, ""builtins.str value='N44A'"": 2, ""builtins.str value='M133L'"": 2, ""builtins.str value='A93S'"": 2, ""builtins.str value='A101V'"": 2, ""builtins.str value='V18I'"": 2, ""builtins.str value='V83I'"": 2, ""builtins.str value='I149V'"": 2, ""builtins.str value='N9A'"": 2, ""builtins.str value='P82A'"": 2, ""builtins.str value='P47A'"": 2, ""builtins.str value='V78I'"": 2, ""builtins.str value='D47A'"": 2, ""builtins.str value='P25A'"": 2, ""builtins.str value='D20A'"": 2, ""builtins.str value='L115A'"": 2}"	"[""'G44S'"", ""'I44S'"", ""'K44S'"", ""'L44S'"", ""'N44S'"", ""'P44S'""]"
S_921_pmppn_info_dict_V3.pickle	neighbor_aa_identities	921	1.000000	"{""builtins.list"": 921}"	"{""list length=15 child_types={'builtins.str': 15}"": 921}"	"[""['N', 'K', 'K', 'E', 'S', 'D', 'A', 'N', 'S', 'K', 'L', 'P', 'N', 'K', 'K']"", ""['N', 'K', 'K', 'E', 'S', 'A', 'D', 'N', 'N', 'S', 'L', 'K', 'P', 'R', 'K']"", ""['N', 'K', 'K', 'A', 'D', 'E', 'S', 'N', 'L', 'N', 'S', 'P', 'I', 'V', 'K']"", ""['N', 'K', 'K', 'E', 'D', 'A', 'S', 'S', 'L', 'N', 'P', 'N', 'K', 'K', 'K']"", ""['N', 'K', 'K', 'E', 'A', 'D', 'S', 'N', 'S', 'N', 'P', 'L', 'K', 'K', 'R']"", ""['N', 'K', 'A', 'K', 'E', 'D', 'A', 'L', 'S', 'S', 'N', 'R', 'K', 'K', 'P']""]"
S_921_pmppn_info_dict_V3.pickle	neighbor_embedding_change_m_w	921	1.000000	"{""numpy.float32"": 921}"	"{""numpy.float32 value=np.float32(3.6191978)"": 1, ""numpy.float32 value=np.float32(5.2179885)"": 1, ""numpy.float32 value=np.float32(5.0149837)"": 1, ""numpy.float32 value=np.float32(4.6240172)"": 1, ""numpy.float32 value=np.float32(3.7192945)"": 1, ""numpy.float32 value=np.float32(4.674452)"": 1, ""numpy.float32 value=np.float32(5.0946503)"": 1, ""numpy.float32 value=np.float32(3.4451683)"": 1, ""numpy.float32 value=np.float32(4.273336)"": 1, ""numpy.float32 value=np.float32(4.988807)"": 1, ""numpy.float32 value=np.float32(3.3536632)"": 1, ""numpy.float32 value=np.float32(4.0675044)"": 1, ""numpy.float32 value=np.float32(3.9206429)"": 1, ""numpy.float32 value=np.float32(2.595298)"": 1, ""numpy.float32 value=np.float32(5.200797)"": 1, ""numpy.float32 value=np.float32(5.763013)"": 1, ""numpy.float32 value=np.float32(4.1365914)"": 1, ""numpy.float32 value=np.float32(4.077158)"": 1, ""numpy.float32 value=np.float32(6.1896615)"": 1, ""numpy.float32 value=np.float32(3.2015934)"": 1}"	"[""np.float32(3.6191978)"", ""np.float32(5.2179885)"", ""np.float32(5.0149837)"", ""np.float32(4.6240172)"", ""np.float32(3.7192945)"", ""np.float32(4.674452)""]"
S_921_pmppn_info_dict_V3.pickle	neighbor_embedding_change_m_w_raw	921	1.000000	"{""numpy.ndarray"": 921}"	"{""ndarray shape=[15, 128] dtype=float32"": 921}"	"[""array([[-0.01207   , -0.05603792,  0.00782505, ..., -0.01300001,\n         0.012116  ,  0.00233134],\n       [ 0.001394..."", ""array([[ 0.02868077, -0.04188234,  0.07747367, ...,  0.00629464,\n         0.07913984, -0.00041606],\n       [ 0.017109..."", ""array([[-0.05427315, -0.0157427 ,  0.04865232, ..., -0.0761872 ,\n         0.06008202,  0.00060022],\n       [-0.007493..."", ""array([[ 0.01740847, -0.03195672,  0.07221717, ..., -0.02887607,\n         0.14482236,  0.01415278],\n       [ 0.014824..."", ""array([[-7.2050449e-03,  9.2114516e-02, -3.2153130e-03, ...,\n        -3.0258790e-02, -2.7090818e-02, -3.6744371e-02],..."", ""array([[-0.007048  ,  0.01619618, -0.02983212, ..., -0.04616654,\n        -0.04261772,  0.03057712],\n       [-0.035973...""]"
S_921_pmppn_info_dict_V3.pickle	neighbor_m_message_vector_coming_from_center	921	1.000000	"{""builtins.list"": 921}"	"{""list length=15 child_types={'numpy.ndarray': 15}"": 921}"	"[""[array([ 0.00794634,  0.02650646,  0.00259279,  0.11735531,  0.07386986,\n       -0.0328781 ,  0.06264488,  0.03066622..."", ""[array([ 0.00388921,  0.02373896, -0.00206624,  0.10776024,  0.04849517,\n       -0.02649609,  0.0529081 ,  0.0505208 ..."", ""[array([ 0.00744787,  0.02871061,  0.00626272,  0.11428145,  0.06377473,\n       -0.03444945,  0.0587267 ,  0.03701397..."", ""[array([ 0.00610813,  0.02591855,  0.00340989,  0.11574063,  0.0559775 ,\n       -0.03277026,  0.05483878,  0.04402377..."", ""[array([ 0.00913481,  0.03364643, -0.00055522,  0.11957146,  0.06941359,\n       -0.03725054,  0.05789893,  0.04494141..."", ""[array([ 1.36813447e-02,  1.75981168e-02, -2.75518210e-03,  5.71849160e-02,\n        4.73006219e-02, -1.91133227e-02, ...""]"
S_921_pmppn_info_dict_V3.pickle	neighbor_m_neighbor_embedding	921	1.000000	"{""builtins.list"": 921}"	"{""list length=15 child_types={'numpy.ndarray': 15}"": 921}"	"[""[array([ 2.24177372e-02, -1.59723133e-01, -4.25849974e-01, -6.35196641e-02,\n        1.05757773e-01, -2.09171534e-01, ..."", ""[array([ 4.11172770e-02, -1.53093353e-01, -3.87334913e-01, -9.13537219e-02,\n        1.06554963e-01, -1.37305737e-01, ..."", ""[array([ 5.88718876e-02, -1.97731718e-01, -4.06019807e-01, -9.78418514e-02,\n        1.80383742e-01, -1.65934801e-01, ..."", ""[array([ 2.41301171e-02, -1.73546225e-01, -4.07610118e-01, -7.66421035e-02,\n        1.25820354e-01, -1.83214009e-01, ..."", ""[array([ 3.57414782e-02, -1.63075566e-01, -3.85067612e-01, -7.97252357e-02,\n        1.35475397e-01, -1.56396434e-01, ..."", ""[array([-1.72080789e-02, -1.19783349e-01, -4.21605885e-01, -1.01578571e-01,\n       -6.22837842e-02, -3.59325886e-01, ...""]"
S_921_pmppn_info_dict_V3.pickle	neighbor_message_change_m_w	921	1.000000	"{""numpy.float32"": 619, ""numpy.float64"": 302}"	"{""numpy.float64 value=np.float64(4.996288999915123)"": 1, ""numpy.float32 value=np.float32(8.873721)"": 1, ""numpy.float64 value=np.float64(8.145889610052109)"": 1, ""numpy.float64 value=np.float64(8.745601952075958)"": 1, ""numpy.float32 value=np.float32(6.3473063)"": 1, ""numpy.float64 value=np.float64(7.9743626564741135)"": 1, ""numpy.float64 value=np.float64(7.471054285764694)"": 1, ""numpy.float64 value=np.float64(4.54928232729435)"": 1, ""numpy.float64 value=np.float64(7.1334641724824905)"": 1, ""numpy.float32 value=np.float32(5.8541307)"": 1, ""numpy.float32 value=np.float32(5.0052)"": 1, ""numpy.float32 value=np.float32(7.7105074)"": 1, ""numpy.float32 value=np.float32(4.4968786)"": 1, ""numpy.float32 value=np.float32(4.454945)"": 1, ""numpy.float32 value=np.float32(7.381279)"": 1, ""numpy.float32 value=np.float32(7.8166385)"": 1, ""numpy.float32 value=np.float32(5.9573393)"": 1, ""numpy.float64 value=np.float64(6.027848228812218)"": 1, ""numpy.float64 value=np.float64(8.772597000002861)"": 1, ""numpy.float32 value=np.float32(4.2259426)"": 1}"	"[""np.float64(4.996288999915123)"", ""np.float32(8.873721)"", ""np.float64(8.145889610052109)"", ""np.float64(8.745601952075958)"", ""np.float32(6.3473063)"", ""np.float64(7.9743626564741135)""]"
S_921_pmppn_info_dict_V3.pickle	neighbor_message_change_m_w_raw	921	1.000000	"{""numpy.ndarray"": 921}"	"{""ndarray shape=[15, 128, 1] dtype=float32"": 619, ""ndarray shape=[15, 128, 1] dtype=float64"": 302}"	"[""array([[[-0.0175321 ],\n        [-0.03510575],\n        [-0.00624622],\n        ...,\n        [-0.03108454],\n        [-0...."", ""array([[[ 0.0667809 ],\n        [-0.04729863],\n        [ 0.02884571],\n        ...,\n        [-0.02661188],\n        [ 0...."", ""array([[[-0.04757196],\n        [-0.0216369 ],\n        [ 0.017762  ],\n        ...,\n        [-0.07492986],\n        [ 0...."", ""array([[[ 0.08937963],\n        [-0.03182738],\n        [ 0.02425123],\n        ...,\n        [-0.04493693],\n        [-0...."", ""array([[[-0.0331567 ],\n        [ 0.04268515],\n        [-0.03826613],\n        ...,\n        [-0.05135095],\n        [-0...."", ""array([[[ 0.02187639],\n        [ 0.02488135],\n        [-0.01330771],\n        ...,\n        [-0.07290799],\n        [-0....""]"
S_921_pmppn_info_dict_V3.pickle	neighbor_w_message_vector_coming_from_center	921	1.000000	"{""builtins.list"": 921}"	"{""list length=15 child_types={'numpy.ndarray': 15}"": 921}"	"[""[array([-9.58576053e-03, -8.59929062e-03, -3.65342828e-03,  1.69273689e-02,\n        4.93225316e-03,  4.15638909e-02, ..."", ""[array([ 7.0670113e-02, -2.3559663e-02,  2.6779469e-02, -1.8423775e-02,\n       -1.1030459e-02,  1.1401842e-02,  2.946..."", ""[array([-4.01240997e-02,  7.07371114e-03,  2.40247138e-02, -3.93617526e-02,\n        4.81065884e-02,  4.22590459e-03, ..."", ""[array([ 9.54877660e-02, -5.90883056e-03,  2.76611280e-02, -8.34924728e-03,\n       -3.25785042e-03,  2.42117718e-02, ..."", ""[array([-2.40218956e-02,  7.63315782e-02, -3.88213433e-02,  1.49597630e-01,\n        6.26879558e-02, -2.62771808e-02, ..."", ""[array([ 3.55577320e-02,  4.24794704e-02, -1.60628892e-02, -4.89776395e-03,\n       -1.29415300e-02,  3.22589949e-02, ...""]"
S_921_pmppn_info_dict_V3.pickle	neighbor_w_neighbor_embedding	921	1.000000	"{""builtins.list"": 921}"	"{""list length=15 child_types={'numpy.ndarray': 15}"": 921}"	"[""[array([ 1.03477361e-02, -2.15761051e-01, -4.18024927e-01, -1.19780883e-01,\n        9.35615674e-02, -2.14095011e-01, ..."", ""[array([ 6.97980449e-02, -1.94975689e-01, -3.09861243e-01, -8.28869641e-02,\n        7.76048601e-02, -8.50159600e-02, ..."", ""[array([ 4.59874049e-03, -2.13474423e-01, -3.57367486e-01, -2.08583742e-01,\n        9.02395099e-02, -1.51284784e-01, ..."", ""[array([ 4.15385887e-02, -2.05502942e-01, -3.35392952e-01, -1.09917052e-01,\n        3.30767743e-02, -1.24329619e-01, ..."", ""[array([ 2.85364334e-02, -7.09610507e-02, -3.88282925e-01,  6.59786304e-03,\n        1.84054464e-01, -1.63584203e-01, ..."", ""[array([-2.42560767e-02, -1.03587173e-01, -4.51438010e-01, -1.48097023e-01,\n       -7.74425864e-02, -3.27375799e-01, ...""]"
S_921_pmppn_info_dict_V3.pickle	sum_neighbor_embedding_change_m_w	921	1.000000	"{""numpy.float32"": 921}"	"{""numpy.float32 value=np.float32(2.6154752)"": 1, ""numpy.float32 value=np.float32(2.143383)"": 1, ""numpy.float32 value=np.float32(4.694171)"": 1, ""numpy.float32 value=np.float32(3.7693977)"": 1, ""numpy.float32 value=np.float32(1.3414057)"": 1, ""numpy.float32 value=np.float32(1.479022)"": 1, ""numpy.float32 value=np.float32(1.7826931)"": 1, ""numpy.float32 value=np.float32(2.7723784)"": 1, ""numpy.float32 value=np.float32(1.9085889)"": 1, ""numpy.float32 value=np.float32(1.7493416)"": 1, ""numpy.float32 value=np.float32(2.0161023)"": 1, ""numpy.float32 value=np.float32(1.4486833)"": 1, ""numpy.float32 value=np.float32(1.4435447)"": 1, ""numpy.float32 value=np.float32(1.7142217)"": 1, ""numpy.float32 value=np.float32(1.4661168)"": 1, ""numpy.float32 value=np.float32(1.5220131)"": 1, ""numpy.float32 value=np.float32(3.0764503)"": 1, ""numpy.float32 value=np.float32(1.3812213)"": 1, ""numpy.float32 value=np.float32(1.957783)"": 1, ""numpy.float32 value=np.float32(1.4859194)"": 1}"	"[""np.float32(2.6154752)"", ""np.float32(2.143383)"", ""np.float32(4.694171)"", ""np.float32(3.7693977)"", ""np.float32(1.3414057)"", ""np.float32(1.479022)""]"
S_921_pmppn_info_dict_V3.pickle	top_10_attention_weights	921	1.000000	"{""numpy.ndarray"": 921}"	"{""ndarray shape=[10] dtype=float32"": 921}"	"[""array([1.1612308 , 0.7760295 , 0.6644838 , 0.5834954 , 0.5765162 ,\n       0.5568224 , 0.44759157, 0.42980874, 0.33722..."", ""array([1.326316  , 0.7608063 , 0.7453542 , 0.69712514, 0.5843548 ,\n       0.583903  , 0.45279697, 0.36852092, 0.32572..."", ""array([1.3432366 , 0.85615575, 0.8544977 , 0.6198769 , 0.6044313 ,\n       0.58188057, 0.49190548, 0.3607386 , 0.32961..."", ""array([1.3154286 , 0.87434053, 0.8273888 , 0.64520216, 0.5498698 ,\n       0.5327668 , 0.48364398, 0.35455725, 0.32571..."", ""array([1.2248756 , 0.7530897 , 0.6679676 , 0.6358698 , 0.5206965 ,\n       0.5127161 , 0.511143  , 0.37626126, 0.36443..."", ""array([1.3308337 , 0.8812618 , 0.7272898 , 0.61736345, 0.6015846 ,\n       0.59947705, 0.38452202, 0.29314744, 0.25623...""]"
S_921_pmppn_info_dict_V3.pickle	top_10_closest_neighbor_indices	921	1.000000	"{""numpy.ndarray"": 921}"	"{""ndarray shape=[10] dtype=int64"": 921}"	"[""array([42, 44, 46, 45, 41, 40, 39, 47, 48, 52])"", ""array([44, 42, 40, 41, 46, 45, 47, 39, 48, 38])"", ""array([42, 44, 45, 40, 46, 41, 47, 39, 48, 38])"", ""array([42, 44, 46, 45, 40, 41, 47, 39, 48, 52])"", ""array([44, 42, 40, 41, 45, 46, 39, 47, 38, 48])"", ""array([42, 44, 46, 45, 41, 40, 47, 39, 48, 52])""]"
S_921_pmppn_info_dict_V3.pickle	top_10_neighbor_indices	921	1.000000	"{""numpy.ndarray"": 921}"	"{""ndarray shape=[10] dtype=int64"": 921}"	"[""array([39, 47, 42, 44, 35, 46, 40, 52, 37, 15])"", ""array([39, 42, 47, 44, 35, 40, 46, 54, 52, 37])"", ""array([39, 42, 47, 40, 46, 44, 35, 54, 45, 52])"", ""array([39, 47, 42, 44, 46, 40, 35, 37, 45, 52])"", ""array([39, 47, 42, 44, 40, 46, 35, 54, 37, 52])"", ""array([39, 47, 40, 42, 44, 46, 41, 45, 37, 35])""]"
S_921_pmppn_info_dict_V3.pickle	top_15_attention_weights	921	1.000000	"{""numpy.ndarray"": 921}"	"{""ndarray shape=[15] dtype=float32"": 921}"	"[""array([1.1612308 , 0.7760295 , 0.6644838 , 0.5834954 , 0.5765162 ,\n       0.5568224 , 0.44759157, 0.42980874, 0.33722..."", ""array([1.326316  , 0.7608063 , 0.7453542 , 0.69712514, 0.5843548 ,\n       0.583903  , 0.45279697, 0.36852092, 0.32572..."", ""array([1.3432366 , 0.85615575, 0.8544977 , 0.6198769 , 0.6044313 ,\n       0.58188057, 0.49190548, 0.3607386 , 0.32961..."", ""array([1.3154286 , 0.87434053, 0.8273888 , 0.64520216, 0.5498698 ,\n       0.5327668 , 0.48364398, 0.35455725, 0.32571..."", ""array([1.2248756 , 0.7530897 , 0.6679676 , 0.6358698 , 0.5206965 ,\n       0.5127161 , 0.511143  , 0.37626126, 0.36443..."", ""array([1.3308337 , 0.8812618 , 0.7272898 , 0.61736345, 0.6015846 ,\n       0.59947705, 0.38452202, 0.29314744, 0.25623...""]"
S_921_pmppn_info_dict_V3.pickle	top_15_closest_neighbor_indices	921	1.000000	"{""numpy.ndarray"": 921}"	"{""ndarray shape=[15] dtype=int64"": 921}"	"[""array([42, 44, 46, 45, 41, 40, 39, 47, 48, 52, 38, 55, 54, 53, 32])"", ""array([44, 42, 40, 41, 46, 45, 47, 39, 48, 38, 52, 55, 54, 32, 53])"", ""array([42, 44, 45, 40, 46, 41, 47, 39, 48, 38, 52, 55, 54, 53, 32])"", ""array([42, 44, 46, 45, 40, 41, 47, 39, 48, 52, 38, 54, 55, 53, 32])"", ""array([44, 42, 40, 41, 45, 46, 39, 47, 38, 48, 52, 55, 32, 54, 53])"", ""array([42, 44, 46, 45, 41, 40, 47, 39, 48, 52, 38, 53, 55, 54, 32])""]"
S_921_pmppn_info_dict_V3.pickle	top_15_neighbor_indices	921	1.000000	"{""numpy.ndarray"": 921}"	"{""ndarray shape=[15] dtype=int64"": 921}"	"[""array([39, 47, 42, 44, 35, 46, 40, 52, 37, 15, 45, 36, 54, 18, 64])"", ""array([39, 42, 47, 44, 35, 40, 46, 54, 52, 37, 45, 15, 36, 51, 18])"", ""array([39, 42, 47, 40, 46, 44, 35, 54, 45, 52, 37, 36, 49, 56, 64])"", ""array([39, 47, 42, 44, 46, 40, 35, 37, 45, 52, 36, 54, 64, 15, 18])"", ""array([39, 47, 42, 44, 40, 46, 35, 54, 37, 52, 36, 45, 15, 18, 51])"", ""array([39, 47, 40, 42, 44, 46, 41, 45, 37, 35, 52, 51, 18, 64, 36])""]"
S_921_pmppn_info_dict_V3.pickle	top_5_attention_weights	921	1.000000	"{""numpy.ndarray"": 921}"	"{""ndarray shape=[5] dtype=float32"": 921}"	"[""array([1.1612308, 0.7760295, 0.6644838, 0.5834954, 0.5765162],\n      dtype=float32)"", ""array([1.326316  , 0.7608063 , 0.7453542 , 0.69712514, 0.5843548 ],\n      dtype=float32)"", ""array([1.3432366 , 0.85615575, 0.8544977 , 0.6198769 , 0.6044313 ],\n      dtype=float32)"", ""array([1.3154286 , 0.87434053, 0.8273888 , 0.64520216, 0.5498698 ],\n      dtype=float32)"", ""array([1.2248756, 0.7530897, 0.6679676, 0.6358698, 0.5206965],\n      dtype=float32)"", ""array([1.3308337 , 0.8812618 , 0.7272898 , 0.61736345, 0.6015846 ],\n      dtype=float32)""]"
S_921_pmppn_info_dict_V3.pickle	top_5_neighbor_indices	921	1.000000	"{""numpy.ndarray"": 921}"	"{""ndarray shape=[5] dtype=int64"": 921}"	"[""array([39, 47, 42, 44, 35])"", ""array([39, 42, 47, 44, 35])"", ""array([39, 42, 47, 40, 46])"", ""array([39, 47, 42, 44, 46])"", ""array([39, 47, 42, 44, 40])"", ""array([39, 47, 40, 42, 44])""]"
S_921_pmppn_info_dict_V3.pickle	unweighted_backward_KL	921	1.000000	"{""numpy.float32"": 921}"	"{""numpy.float32 value=np.float32(0.11191378)"": 1, ""numpy.float32 value=np.float32(0.2774508)"": 1, ""numpy.float32 value=np.float32(0.2537925)"": 1, ""numpy.float32 value=np.float32(0.20906717)"": 1, ""numpy.float32 value=np.float32(0.23926142)"": 1, ""numpy.float32 value=np.float32(0.28652737)"": 1, ""numpy.float32 value=np.float32(0.21032017)"": 1, ""numpy.float32 value=np.float32(0.11009901)"": 1, ""numpy.float32 value=np.float32(0.18661104)"": 1, ""numpy.float32 value=np.float32(0.31765485)"": 1, ""numpy.float32 value=np.float32(0.11618203)"": 1, ""numpy.float32 value=np.float32(0.13558517)"": 1, ""numpy.float32 value=np.float32(0.17965356)"": 1, ""numpy.float32 value=np.float32(0.0743438)"": 1, ""numpy.float32 value=np.float32(0.3766629)"": 1, ""numpy.float32 value=np.float32(0.2614295)"": 1, ""numpy.float32 value=np.float32(0.15804702)"": 1, ""numpy.float32 value=np.float32(0.32427496)"": 1, ""numpy.float32 value=np.float32(0.30308497)"": 1, ""numpy.float32 value=np.float32(0.09005774)"": 1}"	"[""np.float32(0.11191378)"", ""np.float32(0.2774508)"", ""np.float32(0.2537925)"", ""np.float32(0.20906717)"", ""np.float32(0.23926142)"", ""np.float32(0.28652737)""]"
S_921_pmppn_info_dict_V3.pickle	unweighted_forward_KL	921	1.000000	"{""numpy.float32"": 921}"	"{""numpy.float32 value=np.float32(0.11517028)"": 1, ""numpy.float32 value=np.float32(0.27290413)"": 1, ""numpy.float32 value=np.float32(0.2581703)"": 1, ""numpy.float32 value=np.float32(0.21063507)"": 1, ""numpy.float32 value=np.float32(0.2406976)"": 1, ""numpy.float32 value=np.float32(0.28365916)"": 1, ""numpy.float32 value=np.float32(0.2218333)"": 1, ""numpy.float32 value=np.float32(0.10719918)"": 1, ""numpy.float32 value=np.float32(0.17869024)"": 1, ""numpy.float32 value=np.float32(0.35470435)"": 1, ""numpy.float32 value=np.float32(0.11448661)"": 1, ""numpy.float32 value=np.float32(0.14117934)"": 1, ""numpy.float32 value=np.float32(0.17964232)"": 1, ""numpy.float32 value=np.float32(0.0733816)"": 1, ""numpy.float32 value=np.float32(0.41154364)"": 1, ""numpy.float32 value=np.float32(0.26903504)"": 1, ""numpy.float32 value=np.float32(0.15756938)"": 1, ""numpy.float32 value=np.float32(0.33905154)"": 1, ""numpy.float32 value=np.float32(0.29182827)"": 1, ""numpy.float32 value=np.float32(0.076919906)"": 1}"	"[""np.float32(0.11517028)"", ""np.float32(0.27290413)"", ""np.float32(0.2581703)"", ""np.float32(0.21063507)"", ""np.float32(0.2406976)"", ""np.float32(0.28365916)""]"
S_921_pmppn_info_dict_V3.pickle	w_n_log_prob	921	1.000000	"{""builtins.list"": 921}"	"{""list length=15 child_types={'numpy.ndarray': 15}"": 921}"	"[""[array([-2.393023 , -5.4425936, -1.6921383, -1.2461834, -5.1680226,\n       -4.287986 , -4.9659357, -4.9306116, -3.034..."", ""[array([-2.8821378, -5.421063 , -1.9968817, -1.0271066, -5.0844245,\n       -4.2543774, -4.3369246, -4.726922 , -2.534..."", ""[array([-2.2033696, -5.4020443, -1.8624723, -1.0830654, -5.1854024,\n       -4.3269777, -5.0482583, -4.8568277, -2.697..."", ""[array([-2.942298 , -5.4212704, -1.9102623, -1.0690709, -4.992223 ,\n       -4.088597 , -4.4169683, -4.8541403, -2.566..."", ""[array([-2.9856682, -5.417221 , -2.2489657, -1.2706769, -4.9749613,\n       -4.2664547, -4.9624624, -3.7717755, -2.489..."", ""[array([-2.4252558, -5.3532305, -1.5708983, -1.0698707, -5.1465664,\n       -4.392819 , -4.974284 , -5.2178726, -2.869...""]"
S_921_pmppn_info_dict_V3.pickle	weighted_neighbor_backward_KL	921	1.000000	"{""numpy.float32"": 921}"	"{""numpy.float32 value=np.float32(1.0296419)"": 1, ""numpy.float32 value=np.float32(2.5698614)"": 1, ""numpy.float32 value=np.float32(2.353161)"": 1, ""numpy.float32 value=np.float32(1.9270022)"": 1, ""numpy.float32 value=np.float32(2.2006297)"": 1, ""numpy.float32 value=np.float32(2.6242263)"": 1, ""numpy.float32 value=np.float32(1.9430802)"": 1, ""numpy.float32 value=np.float32(1.0080662)"": 1, ""numpy.float32 value=np.float32(1.7225788)"": 1, ""numpy.float32 value=np.float32(2.9494023)"": 1, ""numpy.float32 value=np.float32(1.0585759)"": 1, ""numpy.float32 value=np.float32(1.2070038)"": 1, ""numpy.float32 value=np.float32(1.6625313)"": 1, ""numpy.float32 value=np.float32(0.69689274)"": 1, ""numpy.float32 value=np.float32(3.5763075)"": 1, ""numpy.float32 value=np.float32(2.4083385)"": 1, ""numpy.float32 value=np.float32(1.464112)"": 1, ""numpy.float32 value=np.float32(2.9590845)"": 1, ""numpy.float32 value=np.float32(2.7919233)"": 1, ""numpy.float32 value=np.float32(0.8218701)"": 1}"	"[""np.float32(1.0296419)"", ""np.float32(2.5698614)"", ""np.float32(2.353161)"", ""np.float32(1.9270022)"", ""np.float32(2.2006297)"", ""np.float32(2.6242263)""]"
S_921_pmppn_info_dict_V3.pickle	weighted_neighbor_energy_changes	921	1.000000	"{""numpy.float64"": 921}"	"{""numpy.float64 value=np.float64(-4.116891002110279)"": 1, ""numpy.float64 value=np.float64(-3.3286754278580233)"": 1, ""numpy.float64 value=np.float64(-2.151077674272411)"": 1, ""numpy.float64 value=np.float64(-1.991849812247084)"": 1, ""numpy.float64 value=np.float64(-0.5804709498174643)"": 1, ""numpy.float64 value=np.float64(-6.564476287130891)"": 1, ""numpy.float64 value=np.float64(-8.036268806167328)"": 1, ""numpy.float64 value=np.float64(-2.4442371647251475)"": 1, ""numpy.float64 value=np.float64(-2.1558906700311447)"": 1, ""numpy.float64 value=np.float64(-7.397540200263364)"": 1, ""numpy.float64 value=np.float64(6.623603821635177)"": 1, ""numpy.float64 value=np.float64(-3.4013781786811137)"": 1, ""numpy.float64 value=np.float64(-5.5150119975955505)"": 1, ""numpy.float64 value=np.float64(1.4302045568913542)"": 1, ""numpy.float64 value=np.float64(-4.464935111110853)"": 1, ""numpy.float64 value=np.float64(5.136838852708373)"": 1, ""numpy.float64 value=np.float64(1.8868609138965962)"": 1, ""numpy.float64 value=np.float64(-5.821383819755326)"": 1, ""numpy.float64 value=np.float64(-1.9770627287058318)"": 1, ""numpy.float64 value=np.float64(3.84462673709721)"": 1}"	"[""np.float64(-4.116891002110279)"", ""np.float64(-3.3286754278580233)"", ""np.float64(-2.151077674272411)"", ""np.float64(-1.991849812247084)"", ""np.float64(-0.5804709498174643)"", ""np.float64(-6.564476287130891)""]"
S_921_pmppn_info_dict_V3.pickle	weighted_neighbor_entropies	921	1.000000	"{""numpy.float32"": 921}"	"{""numpy.float32 value=np.float32(1.9077915)"": 1, ""numpy.float32 value=np.float32(1.8654623)"": 1, ""numpy.float32 value=np.float32(1.7528964)"": 1, ""numpy.float32 value=np.float32(1.7337943)"": 1, ""numpy.float32 value=np.float32(1.7910799)"": 1, ""numpy.float32 value=np.float32(1.9054672)"": 1, ""numpy.float32 value=np.float32(1.8705232)"": 1, ""numpy.float32 value=np.float32(1.893065)"": 1, ""numpy.float32 value=np.float32(1.8500986)"": 1, ""numpy.float32 value=np.float32(1.9310411)"": 1, ""numpy.float32 value=np.float32(1.782723)"": 1, ""numpy.float32 value=np.float32(1.7342747)"": 1, ""numpy.float32 value=np.float32(1.9583309)"": 1, ""numpy.float32 value=np.float32(1.6608925)"": 1, ""numpy.float32 value=np.float32(1.5109333)"": 1, ""numpy.float32 value=np.float32(1.5197942)"": 1, ""numpy.float32 value=np.float32(1.7990117)"": 1, ""numpy.float32 value=np.float32(1.317072)"": 1, ""numpy.float32 value=np.float32(1.8121488)"": 1, ""numpy.float32 value=np.float32(1.6322669)"": 1}"	"[""np.float32(1.9077915)"", ""np.float32(1.8654623)"", ""np.float32(1.7528964)"", ""np.float32(1.7337943)"", ""np.float32(1.7910799)"", ""np.float32(1.9054672)""]"
S_921_pmppn_info_dict_V3.pickle	weighted_neighbor_entropy_changes	921	1.000000	"{""numpy.float32"": 921}"	"{""numpy.float32 value=np.float32(-3.074821)"": 1, ""numpy.float32 value=np.float32(-0.09364587)"": 1, ""numpy.float32 value=np.float32(3.445747)"": 1, ""numpy.float32 value=np.float32(-5.405144)"": 1, ""numpy.float32 value=np.float32(0.9863833)"": 1, ""numpy.float32 value=np.float32(6.0335245)"": 1, ""numpy.float32 value=np.float32(-7.7230186)"": 1, ""numpy.float32 value=np.float32(3.260545)"": 1, ""numpy.float32 value=np.float32(4.5193205)"": 1, ""numpy.float32 value=np.float32(-10.310513)"": 1, ""numpy.float32 value=np.float32(-0.31534815)"": 1, ""numpy.float32 value=np.float32(-6.1103725)"": 1, ""numpy.float32 value=np.float32(-1.4265223)"": 1, ""numpy.float32 value=np.float32(-1.1859134)"": 1, ""numpy.float32 value=np.float32(-10.921564)"": 1, ""numpy.float32 value=np.float32(-3.7598977)"": 1, ""numpy.float32 value=np.float32(2.4622486)"": 1, ""numpy.float32 value=np.float32(0.13129786)"": 1, ""numpy.float32 value=np.float32(-5.8184404)"": 1, ""numpy.float32 value=np.float32(0.4744416)"": 1}"	"[""np.float32(-3.074821)"", ""np.float32(-0.09364587)"", ""np.float32(3.445747)"", ""np.float32(-5.405144)"", ""np.float32(0.9863833)"", ""np.float32(6.0335245)""]"
S_921_pmppn_info_dict_V3.pickle	weighted_neighbor_forward_KL	921	1.000000	"{""numpy.float32"": 921}"	"{""numpy.float32 value=np.float32(1.0596027)"": 1, ""numpy.float32 value=np.float32(2.5277483)"": 1, ""numpy.float32 value=np.float32(2.393752)"": 1, ""numpy.float32 value=np.float32(1.9414532)"": 1, ""numpy.float32 value=np.float32(2.2138395)"": 1, ""numpy.float32 value=np.float32(2.5979578)"": 1, ""numpy.float32 value=np.float32(2.049446)"": 1, ""numpy.float32 value=np.float32(0.9815154)"": 1, ""numpy.float32 value=np.float32(1.6494629)"": 1, ""numpy.float32 value=np.float32(3.2934043)"": 1, ""numpy.float32 value=np.float32(1.0431283)"": 1, ""numpy.float32 value=np.float32(1.2568042)"": 1, ""numpy.float32 value=np.float32(1.6624272)"": 1, ""numpy.float32 value=np.float32(0.6878732)"": 1, ""numpy.float32 value=np.float32(3.9074903)"": 1, ""numpy.float32 value=np.float32(2.478403)"": 1, ""numpy.float32 value=np.float32(1.4596875)"": 1, ""numpy.float32 value=np.float32(3.0939245)"": 1, ""numpy.float32 value=np.float32(2.68823)"": 1, ""numpy.float32 value=np.float32(0.7019738)"": 1}"	"[""np.float32(1.0596027)"", ""np.float32(2.5277483)"", ""np.float32(2.393752)"", ""np.float32(1.9414532)"", ""np.float32(2.2138395)"", ""np.float32(2.5979578)""]"
S_921_pmppn_info_dict_V3.pickle	wild_pssm	921	1.000000	"{""numpy.float64"": 921}"	"{""numpy.float64 value=np.float64(5.0)"": 108, ""numpy.float64 value=np.float64(6.0)"": 98, ""numpy.float64 value=np.float64(7.0)"": 86, ""numpy.float64 value=np.float64(1.0)"": 82, ""numpy.float64 value=np.float64(3.0)"": 79, ""numpy.float64 value=np.float64(4.0)"": 77, ""numpy.float64 value=np.float64(0.0)"": 76, ""numpy.float64 value=np.float64(8.0)"": 76, ""numpy.float64 value=np.float64(2.0)"": 68, ""numpy.float64 value=np.float64(9.0)"": 47, ""numpy.float64 value=np.float64(-1.0)"": 20, ""numpy.float64 value=np.float64(11.0)"": 19, ""numpy.float64 value=np.float64(10.0)"": 16, ""numpy.float64 value=np.float64(-3.0)"": 15, ""numpy.float64 value=np.float64(-4.0)"": 14, ""numpy.float64 value=np.float64(-2.0)"": 14, ""numpy.float64 value=np.float64(-5.0)"": 11, ""numpy.float64 value=np.float64(-6.0)"": 8, ""numpy.float64 value=np.float64(13.0)"": 4, ""numpy.float64 value=np.float64(-7.0)"": 3}"	"[""np.float64(-1.0)"", ""np.float64(1.0)"", ""np.float64(1.0)"", ""np.float64(0.0)"", ""np.float64(0.0)"", ""np.float64(0.0)""]"
