protein_key	mutation_label	sequence_index	field	target_shape	generated_shape	shape_match	generated_finite_numeric	max_abs_diff_vs_target
1amqA	C191Y	179	log_prob	1x396x21	1x396x21	True	True	3.4884925
1amqA	C191Y	179	top_15_attention_weights	15	15	True	True	0.082330883
1amqA	C191Y	179	top_10_attention_weights	10	10	True	True	0.082330883
1amqA	C191Y	179	top_5_attention_weights	5	5	True	True	0.06099236
1amqA	C191Y	179	top_15_neighbor_indices	15	15	True	True	49
1amqA	C191Y	179	top_10_neighbor_indices	10	10	True	True	44
1amqA	C191Y	179	top_5_neighbor_indices	5	5	True	True	0
1amqA	C191Y	179	top_15_closest_neighbor_indices	15	15	True	True	0
1amqA	C191Y	179	top_10_closest_neighbor_indices	10	10	True	True	0
1amqA	C191Y	179	w_n_log_prob	15x21	15x21	True	True	5.3306522
1amqA	C191Y	179	m_n_log_prob	15x21	15x21	True	True	5.3537154
1amqA	C191Y	179	neighbor_aa_identities	list[15]	list[15]	True	not_numeric	NA
1amqA	C191Y	179	neighbor_w_message_vector_coming_from_center	15x128	15x128	True	True	0.48434809
1amqA	C191Y	179	neighbor_m_message_vector_coming_from_center	15x128	15x128	True	True	0.34586206
1amqA	C191Y	179	neighbor_w_neighbor_embedding	15x128	15x128	True	True	3.4519145
1amqA	C191Y	179	neighbor_m_neighbor_embedding	15x128	15x128	True	True	3.4296453
1amqA	C191F	179	log_prob	1x396x21	1x396x21	True	True	3.4934583
1amqA	C191F	179	top_15_attention_weights	15	15	True	True	0.10628408
1amqA	C191F	179	top_10_attention_weights	10	10	True	True	0.10628408
1amqA	C191F	179	top_5_attention_weights	5	5	True	True	0.071350336
1amqA	C191F	179	top_15_neighbor_indices	15	15	True	True	43
1amqA	C191F	179	top_10_neighbor_indices	10	10	True	True	30
1amqA	C191F	179	top_5_neighbor_indices	5	5	True	True	0
1amqA	C191F	179	top_15_closest_neighbor_indices	15	15	True	True	0
1amqA	C191F	179	top_10_closest_neighbor_indices	10	10	True	True	0
1amqA	C191F	179	w_n_log_prob	15x21	15x21	True	True	5.1127582
1amqA	C191F	179	m_n_log_prob	15x21	15x21	True	True	5.0610991
1amqA	C191F	179	neighbor_aa_identities	list[15]	list[15]	True	not_numeric	NA
1amqA	C191F	179	neighbor_w_message_vector_coming_from_center	15x128	15x128	True	True	0.43886793
1amqA	C191F	179	neighbor_m_message_vector_coming_from_center	15x128	15x128	True	True	0.3798776
1amqA	C191F	179	neighbor_w_neighbor_embedding	15x128	15x128	True	True	2.2260091
1amqA	C191F	179	neighbor_m_neighbor_embedding	15x128	15x128	True	True	2.1794622
1amqA	C191W	179	log_prob	1x396x21	1x396x21	True	True	3.6912553
1amqA	C191W	179	top_15_attention_weights	15	15	True	True	0.046375036
1amqA	C191W	179	top_10_attention_weights	10	10	True	True	0.046375036
1amqA	C191W	179	top_5_attention_weights	5	5	True	True	0.046375036
1amqA	C191W	179	top_15_neighbor_indices	15	15	True	True	45
1amqA	C191W	179	top_10_neighbor_indices	10	10	True	True	7
1amqA	C191W	179	top_5_neighbor_indices	5	5	True	True	0
1amqA	C191W	179	top_15_closest_neighbor_indices	15	15	True	True	0
1amqA	C191W	179	top_10_closest_neighbor_indices	10	10	True	True	0
1amqA	C191W	179	w_n_log_prob	15x21	15x21	True	True	5.1285286
1amqA	C191W	179	m_n_log_prob	15x21	15x21	True	True	5.0362792
1amqA	C191W	179	neighbor_aa_identities	list[15]	list[15]	True	not_numeric	NA
1amqA	C191W	179	neighbor_w_message_vector_coming_from_center	15x128	15x128	True	True	0.055512201
1amqA	C191W	179	neighbor_m_message_vector_coming_from_center	15x128	15x128	True	True	0.092313111
1amqA	C191W	179	neighbor_w_neighbor_embedding	15x128	15x128	True	True	2.2571044
1amqA	C191W	179	neighbor_m_neighbor_embedding	15x128	15x128	True	True	2.1550398
1amqA	C191S	179	log_prob	1x396x21	1x396x21	True	True	4.435339
1amqA	C191S	179	top_15_attention_weights	15	15	True	True	0.1410377
1amqA	C191S	179	top_10_attention_weights	10	10	True	True	0.1410377
1amqA	C191S	179	top_5_attention_weights	5	5	True	True	0.1410377
1amqA	C191S	179	top_15_neighbor_indices	15	15	True	True	45
1amqA	C191S	179	top_10_neighbor_indices	10	10	True	True	41
1amqA	C191S	179	top_5_neighbor_indices	5	5	True	True	0
1amqA	C191S	179	top_15_closest_neighbor_indices	15	15	True	True	0
1amqA	C191S	179	top_10_closest_neighbor_indices	10	10	True	True	0
1amqA	C191S	179	w_n_log_prob	15x21	15x21	True	True	5.0628648
1amqA	C191S	179	m_n_log_prob	15x21	15x21	True	True	5.0217857
1amqA	C191S	179	neighbor_aa_identities	list[15]	list[15]	True	not_numeric	NA
1amqA	C191S	179	neighbor_w_message_vector_coming_from_center	15x128	15x128	True	True	0.57411671
1amqA	C191S	179	neighbor_m_message_vector_coming_from_center	15x128	15x128	True	True	0.45085612
1amqA	C191S	179	neighbor_w_neighbor_embedding	15x128	15x128	True	True	3.4151676
1amqA	C191S	179	neighbor_m_neighbor_embedding	15x128	15x128	True	True	3.355047
1bniA	F7L	4	log_prob	1x108x21	1x108x21	True	True	4.448379
1bniA	F7L	4	top_15_attention_weights	15	15	True	True	0.10588485
1bniA	F7L	4	top_10_attention_weights	10	10	True	True	0.10588485
1bniA	F7L	4	top_5_attention_weights	5	5	True	True	0.10588485
1bniA	F7L	4	top_15_neighbor_indices	15	15	True	True	94
1bniA	F7L	4	top_10_neighbor_indices	10	10	True	True	94
1bniA	F7L	4	top_5_neighbor_indices	5	5	True	True	0
1bniA	F7L	4	top_15_closest_neighbor_indices	15	15	True	True	0
1bniA	F7L	4	top_10_closest_neighbor_indices	10	10	True	True	0
1bniA	F7L	4	w_n_log_prob	15x21	15x21	True	True	5.0441184
1bniA	F7L	4	m_n_log_prob	15x21	15x21	True	True	5.063694
1bniA	F7L	4	neighbor_aa_identities	list[15]	list[15]	True	not_numeric	NA
1bniA	F7L	4	neighbor_w_message_vector_coming_from_center	15x128	15x128	True	True	0.32750058
1bniA	F7L	4	neighbor_m_message_vector_coming_from_center	15x128	15x128	True	True	0.30578357
1bniA	F7L	4	neighbor_w_neighbor_embedding	15x128	15x128	True	True	1.6947818
1bniA	F7L	4	neighbor_m_neighbor_embedding	15x128	15x128	True	True	2.0033278
1bniA	L14A	11	log_prob	1x108x21	1x108x21	True	True	4.9905691
1bniA	L14A	11	top_15_attention_weights	15	15	True	True	0.065419674
1bniA	L14A	11	top_10_attention_weights	10	10	True	True	0.065419674
1bniA	L14A	11	top_5_attention_weights	5	5	True	True	0.065419674
1bniA	L14A	11	top_15_neighbor_indices	15	15	True	True	71
1bniA	L14A	11	top_10_neighbor_indices	10	10	True	True	24
1bniA	L14A	11	top_5_neighbor_indices	5	5	True	True	0
1bniA	L14A	11	top_15_closest_neighbor_indices	15	15	True	True	0
1bniA	L14A	11	top_10_closest_neighbor_indices	10	10	True	True	0
1bniA	L14A	11	w_n_log_prob	15x21	15x21	True	True	5.7034192
1bniA	L14A	11	m_n_log_prob	15x21	15x21	True	True	5.6596732
1bniA	L14A	11	neighbor_aa_identities	list[15]	list[15]	True	not_numeric	NA
1bniA	L14A	11	neighbor_w_message_vector_coming_from_center	15x128	15x128	True	True	0.40452957
1bniA	L14A	11	neighbor_m_message_vector_coming_from_center	15x128	15x128	True	True	0.4309282
1bniA	L14A	11	neighbor_w_neighbor_embedding	15x128	15x128	True	True	1.9428995
1bniA	L14A	11	neighbor_m_neighbor_embedding	15x128	15x128	True	True	1.9089955
1bniA	T26A	23	log_prob	1x108x21	1x108x21	True	True	4.9354343
1bniA	T26A	23	top_15_attention_weights	15	15	True	True	0.073266983
1bniA	T26A	23	top_10_attention_weights	10	10	True	True	0.073266983
1bniA	T26A	23	top_5_attention_weights	5	5	True	True	0.073266983
1bniA	T26A	23	top_15_neighbor_indices	15	15	True	True	48
1bniA	T26A	23	top_10_neighbor_indices	10	10	True	True	48
1bniA	T26A	23	top_5_neighbor_indices	5	5	True	True	0
1bniA	T26A	23	top_15_closest_neighbor_indices	15	15	True	True	0
1bniA	T26A	23	top_10_closest_neighbor_indices	10	10	True	True	0
1bniA	T26A	23	w_n_log_prob	15x21	15x21	True	True	6.7609138
1bniA	T26A	23	m_n_log_prob	15x21	15x21	True	True	6.8226147
1bniA	T26A	23	neighbor_aa_identities	list[15]	list[15]	True	not_numeric	NA
1bniA	T26A	23	neighbor_w_message_vector_coming_from_center	15x128	15x128	True	True	0.087921858
1bniA	T26A	23	neighbor_m_message_vector_coming_from_center	15x128	15x128	True	True	0.10054457
1bniA	T26A	23	neighbor_w_neighbor_embedding	15x128	15x128	True	True	2.0694132
1bniA	T26A	23	neighbor_m_neighbor_embedding	15x128	15x128	True	True	2.0771103
1bniA	I51V	48	log_prob	1x108x21	1x108x21	True	True	2.6225038
1bniA	I51V	48	top_15_attention_weights	15	15	True	True	0.32084608
1bniA	I51V	48	top_10_attention_weights	10	10	True	True	0.32084608
1bniA	I51V	48	top_5_attention_weights	5	5	True	True	0.32084608
1bniA	I51V	48	top_15_neighbor_indices	15	15	True	True	60
1bniA	I51V	48	top_10_neighbor_indices	10	10	True	True	48
1bniA	I51V	48	top_5_neighbor_indices	5	5	True	True	48
1bniA	I51V	48	top_15_closest_neighbor_indices	15	15	True	True	0
1bniA	I51V	48	top_10_closest_neighbor_indices	10	10	True	True	0
1bniA	I51V	48	w_n_log_prob	15x21	15x21	True	True	5.4905801
1bniA	I51V	48	m_n_log_prob	15x21	15x21	True	True	5.408978
1bniA	I51V	48	neighbor_aa_identities	list[15]	list[15]	True	not_numeric	NA
1bniA	I51V	48	neighbor_w_message_vector_coming_from_center	15x128	15x128	True	True	0.56629503
1bniA	I51V	48	neighbor_m_message_vector_coming_from_center	15x128	15x128	True	True	0.65434039
1bniA	I51V	48	neighbor_w_neighbor_embedding	15x128	15x128	True	True	1.6503383
1bniA	I51V	48	neighbor_m_neighbor_embedding	15x128	15x128	True	True	1.6319888
1bniA	I76A	73	log_prob	1x108x21	1x108x21	True	True	3.2484636
1bniA	I76A	73	top_15_attention_weights	15	15	True	True	0.076668799
1bniA	I76A	73	top_10_attention_weights	10	10	True	True	0.076668799
1bniA	I76A	73	top_5_attention_weights	5	5	True	True	0.076668799
1bniA	I76A	73	top_15_neighbor_indices	15	15	True	True	82
1bniA	I76A	73	top_10_neighbor_indices	10	10	True	True	82
1bniA	I76A	73	top_5_neighbor_indices	5	5	True	True	71
1bniA	I76A	73	top_15_closest_neighbor_indices	15	15	True	True	0
1bniA	I76A	73	top_10_closest_neighbor_indices	10	10	True	True	0
1bniA	I76A	73	w_n_log_prob	15x21	15x21	True	True	5.7261214
1bniA	I76A	73	m_n_log_prob	15x21	15x21	True	True	5.5913811
1bniA	I76A	73	neighbor_aa_identities	list[15]	list[15]	True	not_numeric	NA
1bniA	I76A	73	neighbor_w_message_vector_coming_from_center	15x128	15x128	True	True	0.3961167
1bniA	I76A	73	neighbor_m_message_vector_coming_from_center	15x128	15x128	True	True	0.34709078
1bniA	I76A	73	neighbor_w_neighbor_embedding	15x128	15x128	True	True	1.9560504
1bniA	I76A	73	neighbor_m_neighbor_embedding	15x128	15x128	True	True	1.8947062
1bniA	I76V	73	log_prob	1x108x21	1x108x21	True	True	5.0782838
1bniA	I76V	73	top_15_attention_weights	15	15	True	True	0.16643435
1bniA	I76V	73	top_10_attention_weights	10	10	True	True	0.16643435
1bniA	I76V	73	top_5_attention_weights	5	5	True	True	0.16643435
1bniA	I76V	73	top_15_neighbor_indices	15	15	True	True	93
1bniA	I76V	73	top_10_neighbor_indices	10	10	True	True	93
1bniA	I76V	73	top_5_neighbor_indices	5	5	True	True	93
1bniA	I76V	73	top_15_closest_neighbor_indices	15	15	True	True	0
1bniA	I76V	73	top_10_closest_neighbor_indices	10	10	True	True	0
1bniA	I76V	73	w_n_log_prob	15x21	15x21	True	True	5.128397
1bniA	I76V	73	m_n_log_prob	15x21	15x21	True	True	5.1427507
1bniA	I76V	73	neighbor_aa_identities	list[15]	list[15]	True	not_numeric	NA
1bniA	I76V	73	neighbor_w_message_vector_coming_from_center	15x128	15x128	True	True	0.39556658
1bniA	I76V	73	neighbor_m_message_vector_coming_from_center	15x128	15x128	True	True	0.34865355
1bniA	I76V	73	neighbor_w_neighbor_embedding	15x128	15x128	True	True	1.9581112
1bniA	I76V	73	neighbor_m_neighbor_embedding	15x128	15x128	True	True	1.9894645
1bniA	Y78F	75	log_prob	1x108x21	1x108x21	True	True	2.7526336
1bniA	Y78F	75	top_15_attention_weights	15	15	True	True	0.12126014
1bniA	Y78F	75	top_10_attention_weights	10	10	True	True	0.12126014
1bniA	Y78F	75	top_5_attention_weights	5	5	True	True	0.062844634
1bniA	Y78F	75	top_15_neighbor_indices	15	15	True	True	37
1bniA	Y78F	75	top_10_neighbor_indices	10	10	True	True	0
1bniA	Y78F	75	top_5_neighbor_indices	5	5	True	True	0
1bniA	Y78F	75	top_15_closest_neighbor_indices	15	15	True	True	0
1bniA	Y78F	75	top_10_closest_neighbor_indices	10	10	True	True	0
1bniA	Y78F	75	w_n_log_prob	15x21	15x21	True	True	5.5743332
1bniA	Y78F	75	m_n_log_prob	15x21	15x21	True	True	5.6194439
1bniA	Y78F	75	neighbor_aa_identities	list[15]	list[15]	True	not_numeric	NA
1bniA	Y78F	75	neighbor_w_message_vector_coming_from_center	15x128	15x128	True	True	0.5707556
1bniA	Y78F	75	neighbor_m_message_vector_coming_from_center	15x128	15x128	True	True	0.4355219
1bniA	Y78F	75	neighbor_w_neighbor_embedding	15x128	15x128	True	True	1.9965599
1bniA	Y78F	75	neighbor_m_neighbor_embedding	15x128	15x128	True	True	2.0028324
1bniA	I88A	85	log_prob	1x108x21	1x108x21	True	True	4.9791894
1bniA	I88A	85	top_15_attention_weights	15	15	True	True	0.050384462
1bniA	I88A	85	top_10_attention_weights	10	10	True	True	0.050384462
1bniA	I88A	85	top_5_attention_weights	5	5	True	True	0.050384462
1bniA	I88A	85	top_15_neighbor_indices	15	15	True	True	62
1bniA	I88A	85	top_10_neighbor_indices	10	10	True	True	62
1bniA	I88A	85	top_5_neighbor_indices	5	5	True	True	1
1bniA	I88A	85	top_15_closest_neighbor_indices	15	15	True	True	0
1bniA	I88A	85	top_10_closest_neighbor_indices	10	10	True	True	0
1bniA	I88A	85	w_n_log_prob	15x21	15x21	True	True	5.6478915
1bniA	I88A	85	m_n_log_prob	15x21	15x21	True	True	5.6566925
1bniA	I88A	85	neighbor_aa_identities	list[15]	list[15]	True	not_numeric	NA
1bniA	I88A	85	neighbor_w_message_vector_coming_from_center	15x128	15x128	True	True	0.24917704
1bniA	I88A	85	neighbor_m_message_vector_coming_from_center	15x128	15x128	True	True	0.20336226
1bniA	I88A	85	neighbor_w_neighbor_embedding	15x128	15x128	True	True	2.9163518
1bniA	I88A	85	neighbor_m_neighbor_embedding	15x128	15x128	True	True	2.6934886
1bniA	I88V	85	log_prob	1x108x21	1x108x21	True	True	4.6984816
1bniA	I88V	85	top_15_attention_weights	15	15	True	True	0.072765559
1bniA	I88V	85	top_10_attention_weights	10	10	True	True	0.042027235
1bniA	I88V	85	top_5_attention_weights	5	5	True	True	0.042027235
1bniA	I88V	85	top_15_neighbor_indices	15	15	True	True	62
1bniA	I88V	85	top_10_neighbor_indices	10	10	True	True	62
1bniA	I88V	85	top_5_neighbor_indices	5	5	True	True	0
1bniA	I88V	85	top_15_closest_neighbor_indices	15	15	True	True	0
1bniA	I88V	85	top_10_closest_neighbor_indices	10	10	True	True	0
1bniA	I88V	85	w_n_log_prob	15x21	15x21	True	True	5.7890019
1bniA	I88V	85	m_n_log_prob	15x21	15x21	True	True	5.7048864
1bniA	I88V	85	neighbor_aa_identities	list[15]	list[15]	True	not_numeric	NA
1bniA	I88V	85	neighbor_w_message_vector_coming_from_center	15x128	15x128	True	True	0.3632018
1bniA	I88V	85	neighbor_m_message_vector_coming_from_center	15x128	15x128	True	True	0.38057664
1bniA	I88V	85	neighbor_w_neighbor_embedding	15x128	15x128	True	True	1.6384032
1bniA	I88V	85	neighbor_m_neighbor_embedding	15x128	15x128	True	True	1.5234227
1bniA	L89V	86	log_prob	1x108x21	1x108x21	True	True	4.9822659
1bniA	L89V	86	top_15_attention_weights	15	15	True	True	0.071178198
1bniA	L89V	86	top_10_attention_weights	10	10	True	True	0.071178198
1bniA	L89V	86	top_5_attention_weights	5	5	True	True	0.071178198
1bniA	L89V	86	top_15_neighbor_indices	15	15	True	True	34
1bniA	L89V	86	top_10_neighbor_indices	10	10	True	True	34
1bniA	L89V	86	top_5_neighbor_indices	5	5	True	True	12
1bniA	L89V	86	top_15_closest_neighbor_indices	15	15	True	True	0
1bniA	L89V	86	top_10_closest_neighbor_indices	10	10	True	True	0
1bniA	L89V	86	w_n_log_prob	15x21	15x21	True	True	5.978425
1bniA	L89V	86	m_n_log_prob	15x21	15x21	True	True	5.9758267
1bniA	L89V	86	neighbor_aa_identities	list[15]	list[15]	True	not_numeric	NA
1bniA	L89V	86	neighbor_w_message_vector_coming_from_center	15x128	15x128	True	True	0.32918957
1bniA	L89V	86	neighbor_m_message_vector_coming_from_center	15x128	15x128	True	True	0.45083952
1bniA	L89V	86	neighbor_w_neighbor_embedding	15x128	15x128	True	True	2.1234438
1bniA	L89V	86	neighbor_m_neighbor_embedding	15x128	15x128	True	True	2.0855589
1bniA	S91A	88	log_prob	1x108x21	1x108x21	True	True	5.0035677
1bniA	S91A	88	top_15_attention_weights	15	15	True	True	0.11881292
1bniA	S91A	88	top_10_attention_weights	10	10	True	True	0.11881292
1bniA	S91A	88	top_5_attention_weights	5	5	True	True	0.11881292
1bniA	S91A	88	top_15_neighbor_indices	15	15	True	True	69
1bniA	S91A	88	top_10_neighbor_indices	10	10	True	True	26
1bniA	S91A	88	top_5_neighbor_indices	5	5	True	True	0
1bniA	S91A	88	top_15_closest_neighbor_indices	15	15	True	True	0
1bniA	S91A	88	top_10_closest_neighbor_indices	10	10	True	True	0
1bniA	S91A	88	w_n_log_prob	15x21	15x21	True	True	4.6071067
1bniA	S91A	88	m_n_log_prob	15x21	15x21	True	True	4.5483618
1bniA	S91A	88	neighbor_aa_identities	list[15]	list[15]	True	not_numeric	NA
1bniA	S91A	88	neighbor_w_message_vector_coming_from_center	15x128	15x128	True	True	0.42919564
1bniA	S91A	88	neighbor_m_message_vector_coming_from_center	15x128	15x128	True	True	0.47009432
1bniA	S91A	88	neighbor_w_neighbor_embedding	15x128	15x128	True	True	1.3803661
1bniA	S91A	88	neighbor_m_neighbor_embedding	15x128	15x128	True	True	1.3018454
1bniA	I96A	93	log_prob	1x108x21	1x108x21	True	True	4.6959515
1bniA	I96A	93	top_15_attention_weights	15	15	True	True	0.069424331
1bniA	I96A	93	top_10_attention_weights	10	10	True	True	0.069424331
1bniA	I96A	93	top_5_attention_weights	5	5	True	True	0.060975075
1bniA	I96A	93	top_15_neighbor_indices	15	15	True	True	92
1bniA	I96A	93	top_10_neighbor_indices	10	10	True	True	12
1bniA	I96A	93	top_5_neighbor_indices	5	5	True	True	5
1bniA	I96A	93	top_15_closest_neighbor_indices	15	15	True	True	0
1bniA	I96A	93	top_10_closest_neighbor_indices	10	10	True	True	0
1bniA	I96A	93	w_n_log_prob	15x21	15x21	True	True	5.5519381
1bniA	I96A	93	m_n_log_prob	15x21	15x21	True	True	5.6758132
1bniA	I96A	93	neighbor_aa_identities	list[15]	list[15]	True	not_numeric	NA
1bniA	I96A	93	neighbor_w_message_vector_coming_from_center	15x128	15x128	True	True	0.29356185
1bniA	I96A	93	neighbor_m_message_vector_coming_from_center	15x128	15x128	True	True	0.20652209
1bniA	I96A	93	neighbor_w_neighbor_embedding	15x128	15x128	True	True	1.7749813
1bniA	I96A	93	neighbor_m_neighbor_embedding	15x128	15x128	True	True	1.7336574
1bniA	I96V	93	log_prob	1x108x21	1x108x21	True	True	4.9935026
1bniA	I96V	93	top_15_attention_weights	15	15	True	True	0.055157959
1bniA	I96V	93	top_10_attention_weights	10	10	True	True	0.055157959
1bniA	I96V	93	top_5_attention_weights	5	5	True	True	0.044158936
1bniA	I96V	93	top_15_neighbor_indices	15	15	True	True	78
1bniA	I96V	93	top_10_neighbor_indices	10	10	True	True	12
1bniA	I96V	93	top_5_neighbor_indices	5	5	True	True	0
1bniA	I96V	93	top_15_closest_neighbor_indices	15	15	True	True	0
1bniA	I96V	93	top_10_closest_neighbor_indices	10	10	True	True	0
1bniA	I96V	93	w_n_log_prob	15x21	15x21	True	True	5.5594792
1bniA	I96V	93	m_n_log_prob	15x21	15x21	True	True	5.5515227
1bniA	I96V	93	neighbor_aa_identities	list[15]	list[15]	True	not_numeric	NA
1bniA	I96V	93	neighbor_w_message_vector_coming_from_center	15x128	15x128	True	True	0.23826168
1bniA	I96V	93	neighbor_m_message_vector_coming_from_center	15x128	15x128	True	True	0.24493679
1bniA	I96V	93	neighbor_w_neighbor_embedding	15x128	15x128	True	True	1.2951654
1bniA	I96V	93	neighbor_m_neighbor_embedding	15x128	15x128	True	True	1.2605892
1ceyA	D12A	10	log_prob	1x128x21	1x128x21	True	True	3.1675401
1ceyA	D12A	10	top_15_attention_weights	15	15	True	True	0.31869626
1ceyA	D12A	10	top_10_attention_weights	10	10	True	True	0.31869626
1ceyA	D12A	10	top_5_attention_weights	5	5	True	True	0.31869626
1ceyA	D12A	10	top_15_neighbor_indices	15	15	True	True	73
1ceyA	D12A	10	top_10_neighbor_indices	10	10	True	True	73
1ceyA	D12A	10	top_5_neighbor_indices	5	5	True	True	0
1ceyA	D12A	10	top_15_closest_neighbor_indices	15	15	True	True	0
1ceyA	D12A	10	top_10_closest_neighbor_indices	10	10	True	True	0
1ceyA	D12A	10	w_n_log_prob	15x21	15x21	True	True	4.0406461
1ceyA	D12A	10	m_n_log_prob	15x21	15x21	True	True	4.2899723
1ceyA	D12A	10	neighbor_aa_identities	list[15]	list[15]	True	not_numeric	NA
1ceyA	D12A	10	neighbor_w_message_vector_coming_from_center	15x128	15x128	True	True	0.75540358
1ceyA	D12A	10	neighbor_m_message_vector_coming_from_center	15x128	15x128	True	True	0.23869464
1ceyA	D12A	10	neighbor_w_neighbor_embedding	15x128	15x128	True	True	2.3140578
1ceyA	D12A	10	neighbor_m_neighbor_embedding	15x128	15x128	True	True	2.5697379
1ceyA	D13A	11	log_prob	1x128x21	1x128x21	True	True	2.7935216
1ceyA	D13A	11	top_15_attention_weights	15	15	True	True	0.14998674
1ceyA	D13A	11	top_10_attention_weights	10	10	True	True	0.14998674
1ceyA	D13A	11	top_5_attention_weights	5	5	True	True	0.065530598
1ceyA	D13A	11	top_15_neighbor_indices	15	15	True	True	54
1ceyA	D13A	11	top_10_neighbor_indices	10	10	True	True	47
1ceyA	D13A	11	top_5_neighbor_indices	5	5	True	True	47
1ceyA	D13A	11	top_15_closest_neighbor_indices	15	15	True	True	0
1ceyA	D13A	11	top_10_closest_neighbor_indices	10	10	True	True	0
1ceyA	D13A	11	w_n_log_prob	15x21	15x21	True	True	4.3688669
1ceyA	D13A	11	m_n_log_prob	15x21	15x21	True	True	4.2823267
1ceyA	D13A	11	neighbor_aa_identities	list[15]	list[15]	True	not_numeric	NA
1ceyA	D13A	11	neighbor_w_message_vector_coming_from_center	15x128	15x128	True	True	0.42553526
1ceyA	D13A	11	neighbor_m_message_vector_coming_from_center	15x128	15x128	True	True	0.33515939
1ceyA	D13A	11	neighbor_w_neighbor_embedding	15x128	15x128	True	True	2.1066024
1ceyA	D13A	11	neighbor_m_neighbor_embedding	15x128	15x128	True	True	2.2260351
1ceyA	D57A	55	log_prob	1x128x21	1x128x21	True	True	3.1826112
1ceyA	D57A	55	top_15_attention_weights	15	15	True	True	0.16848254
1ceyA	D57A	55	top_10_attention_weights	10	10	True	True	0.16848254
1ceyA	D57A	55	top_5_attention_weights	5	5	True	True	0.16848254
1ceyA	D57A	55	top_15_neighbor_indices	15	15	True	True	75
1ceyA	D57A	55	top_10_neighbor_indices	10	10	True	True	75
1ceyA	D57A	55	top_5_neighbor_indices	5	5	True	True	44
1ceyA	D57A	55	top_15_closest_neighbor_indices	15	15	True	True	0
1ceyA	D57A	55	top_10_closest_neighbor_indices	10	10	True	True	0
1ceyA	D57A	55	w_n_log_prob	15x21	15x21	True	True	3.7630601
1ceyA	D57A	55	m_n_log_prob	15x21	15x21	True	True	3.9452248
1ceyA	D57A	55	neighbor_aa_identities	list[15]	list[15]	True	not_numeric	NA
1ceyA	D57A	55	neighbor_w_message_vector_coming_from_center	15x128	15x128	True	True	0.66531569
1ceyA	D57A	55	neighbor_m_message_vector_coming_from_center	15x128	15x128	True	True	0.31411788
1ceyA	D57A	55	neighbor_w_neighbor_embedding	15x128	15x128	True	True	2.3367248
1ceyA	D57A	55	neighbor_m_neighbor_embedding	15x128	15x128	True	True	2.463315
1ey0A	T22C	16	log_prob	1x136x21	1x136x21	True	True	4.5227966
1ey0A	T22C	16	top_15_attention_weights	15	15	True	True	0.072981983
1ey0A	T22C	16	top_10_attention_weights	10	10	True	True	0.072981983
1ey0A	T22C	16	top_5_attention_weights	5	5	True	True	0.057613194
1ey0A	T22C	16	top_15_neighbor_indices	15	15	True	True	69
1ey0A	T22C	16	top_10_neighbor_indices	10	10	True	True	61
1ey0A	T22C	16	top_5_neighbor_indices	5	5	True	True	0
1ey0A	T22C	16	top_15_closest_neighbor_indices	15	15	True	True	0
1ey0A	T22C	16	top_10_closest_neighbor_indices	10	10	True	True	0
1ey0A	T22C	16	w_n_log_prob	15x21	15x21	True	True	5.3713245
1ey0A	T22C	16	m_n_log_prob	15x21	15x21	True	True	5.3675914
1ey0A	T22C	16	neighbor_aa_identities	list[15]	list[15]	True	not_numeric	NA
1ey0A	T22C	16	neighbor_w_message_vector_coming_from_center	15x128	15x128	True	True	0.27363876
1ey0A	T22C	16	neighbor_m_message_vector_coming_from_center	15x128	15x128	True	True	0.29501021
1ey0A	T22C	16	neighbor_w_neighbor_embedding	15x128	15x128	True	True	2.2003121
1ey0A	T22C	16	neighbor_m_neighbor_embedding	15x128	15x128	True	True	2.1553366
1ey0A	T22V	16	log_prob	1x136x21	1x136x21	True	True	2.7336187
1ey0A	T22V	16	top_15_attention_weights	15	15	True	True	0.069802582
1ey0A	T22V	16	top_10_attention_weights	10	10	True	True	0.054426551
1ey0A	T22V	16	top_5_attention_weights	5	5	True	True	0.054426551
1ey0A	T22V	16	top_15_neighbor_indices	15	15	True	True	40
1ey0A	T22V	16	top_10_neighbor_indices	10	10	True	True	25
1ey0A	T22V	16	top_5_neighbor_indices	5	5	True	True	24
1ey0A	T22V	16	top_15_closest_neighbor_indices	15	15	True	True	0
1ey0A	T22V	16	top_10_closest_neighbor_indices	10	10	True	True	0
1ey0A	T22V	16	w_n_log_prob	15x21	15x21	True	True	5.6335635
1ey0A	T22V	16	m_n_log_prob	15x21	15x21	True	True	5.7220297
1ey0A	T22V	16	neighbor_aa_identities	list[15]	list[15]	True	not_numeric	NA
1ey0A	T22V	16	neighbor_w_message_vector_coming_from_center	15x128	15x128	True	True	0.77659529
1ey0A	T22V	16	neighbor_m_message_vector_coming_from_center	15x128	15x128	True	True	0.38053939
1ey0A	T22V	16	neighbor_w_neighbor_embedding	15x128	15x128	True	True	2.416254
1ey0A	T22V	16	neighbor_m_neighbor_embedding	15x128	15x128	True	True	2.3575835
1ey0A	V23L	17	log_prob	1x136x21	1x136x21	True	True	2.1206551
1ey0A	V23L	17	top_15_attention_weights	15	15	True	True	0.032639563
1ey0A	V23L	17	top_10_attention_weights	10	10	True	True	0.027937949
1ey0A	V23L	17	top_5_attention_weights	5	5	True	True	0.02217406
1ey0A	V23L	17	top_15_neighbor_indices	15	15	True	True	75
1ey0A	V23L	17	top_10_neighbor_indices	10	10	True	True	9
1ey0A	V23L	17	top_5_neighbor_indices	5	5	True	True	0
1ey0A	V23L	17	top_15_closest_neighbor_indices	15	15	True	True	0
1ey0A	V23L	17	top_10_closest_neighbor_indices	10	10	True	True	0
1ey0A	V23L	17	w_n_log_prob	15x21	15x21	True	True	5.0060053
1ey0A	V23L	17	m_n_log_prob	15x21	15x21	True	True	5.047399
1ey0A	V23L	17	neighbor_aa_identities	list[15]	list[15]	True	not_numeric	NA
1ey0A	V23L	17	neighbor_w_message_vector_coming_from_center	15x128	15x128	True	True	0.34658891
1ey0A	V23L	17	neighbor_m_message_vector_coming_from_center	15x128	15x128	True	True	0.26535594
1ey0A	V23L	17	neighbor_w_neighbor_embedding	15x128	15x128	True	True	1.9932519
1ey0A	V23L	17	neighbor_m_neighbor_embedding	15x128	15x128	True	True	2.1503739
1ey0A	L25I	19	log_prob	1x136x21	1x136x21	True	True	2.9770374
1ey0A	L25I	19	top_15_attention_weights	15	15	True	True	0.14797235
1ey0A	L25I	19	top_10_attention_weights	10	10	True	True	0.14797235
1ey0A	L25I	19	top_5_attention_weights	5	5	True	True	0.14797235
1ey0A	L25I	19	top_15_neighbor_indices	15	15	True	True	56
1ey0A	L25I	19	top_10_neighbor_indices	10	10	True	True	45
1ey0A	L25I	19	top_5_neighbor_indices	5	5	True	True	22
1ey0A	L25I	19	top_15_closest_neighbor_indices	15	15	True	True	0
1ey0A	L25I	19	top_10_closest_neighbor_indices	10	10	True	True	0
1ey0A	L25I	19	w_n_log_prob	15x21	15x21	True	True	5.8315706
1ey0A	L25I	19	m_n_log_prob	15x21	15x21	True	True	5.6278801
1ey0A	L25I	19	neighbor_aa_identities	list[15]	list[15]	True	not_numeric	NA
1ey0A	L25I	19	neighbor_w_message_vector_coming_from_center	15x128	15x128	True	True	0.24325015
1ey0A	L25I	19	neighbor_m_message_vector_coming_from_center	15x128	15x128	True	True	0.35826129
1ey0A	L25I	19	neighbor_w_neighbor_embedding	15x128	15x128	True	True	2.5934911
1ey0A	L25I	19	neighbor_m_neighbor_embedding	15x128	15x128	True	True	2.7614145
1ey0A	T33V	27	log_prob	1x136x21	1x136x21	True	True	3.3022118
1ey0A	T33V	27	top_15_attention_weights	15	15	True	True	0.12776345
1ey0A	T33V	27	top_10_attention_weights	10	10	True	True	0.12776345
1ey0A	T33V	27	top_5_attention_weights	5	5	True	True	0.12776345
1ey0A	T33V	27	top_15_neighbor_indices	15	15	True	True	69
1ey0A	T33V	27	top_10_neighbor_indices	10	10	True	True	69
1ey0A	T33V	27	top_5_neighbor_indices	5	5	True	True	65
1ey0A	T33V	27	top_15_closest_neighbor_indices	15	15	True	True	0
1ey0A	T33V	27	top_10_closest_neighbor_indices	10	10	True	True	0
1ey0A	T33V	27	w_n_log_prob	15x21	15x21	True	True	5.2625165
1ey0A	T33V	27	m_n_log_prob	15x21	15x21	True	True	5.2168264
1ey0A	T33V	27	neighbor_aa_identities	list[15]	list[15]	True	not_numeric	NA
1ey0A	T33V	27	neighbor_w_message_vector_coming_from_center	15x128	15x128	True	True	0.43467705
1ey0A	T33V	27	neighbor_m_message_vector_coming_from_center	15x128	15x128	True	True	0.43509629
1ey0A	T33V	27	neighbor_w_neighbor_embedding	15x128	15x128	True	True	2.0488558
1ey0A	T33V	27	neighbor_m_neighbor_embedding	15x128	15x128	True	True	2.1431379
1ey0A	T41C	35	log_prob	1x136x21	1x136x21	True	True	2.9618087
1ey0A	T41C	35	top_15_attention_weights	15	15	True	True	0.13672313
1ey0A	T41C	35	top_10_attention_weights	10	10	True	True	0.084820688
1ey0A	T41C	35	top_5_attention_weights	5	5	True	True	0.032998145
1ey0A	T41C	35	top_15_neighbor_indices	15	15	True	True	72
1ey0A	T41C	35	top_10_neighbor_indices	10	10	True	True	64
1ey0A	T41C	35	top_5_neighbor_indices	5	5	True	True	58
1ey0A	T41C	35	top_15_closest_neighbor_indices	15	15	True	True	0
1ey0A	T41C	35	top_10_closest_neighbor_indices	10	10	True	True	0
1ey0A	T41C	35	w_n_log_prob	15x21	15x21	True	True	6.0099306
1ey0A	T41C	35	m_n_log_prob	15x21	15x21	True	True	5.9084225
1ey0A	T41C	35	neighbor_aa_identities	list[15]	list[15]	True	not_numeric	NA
1ey0A	T41C	35	neighbor_w_message_vector_coming_from_center	15x128	15x128	True	True	0.52196681
1ey0A	T41C	35	neighbor_m_message_vector_coming_from_center	15x128	15x128	True	True	0.46883637
1ey0A	T41C	35	neighbor_w_neighbor_embedding	15x128	15x128	True	True	3.0043981
1ey0A	T41C	35	neighbor_m_neighbor_embedding	15x128	15x128	True	True	2.7464733
1ey0A	T41I	35	log_prob	1x136x21	1x136x21	True	True	2.6905208
1ey0A	T41I	35	top_15_attention_weights	15	15	True	True	0.080793858
1ey0A	T41I	35	top_10_attention_weights	10	10	True	True	0.080793858
1ey0A	T41I	35	top_5_attention_weights	5	5	True	True	0.080793858
1ey0A	T41I	35	top_15_neighbor_indices	15	15	True	True	82
1ey0A	T41I	35	top_10_neighbor_indices	10	10	True	True	82
1ey0A	T41I	35	top_5_neighbor_indices	5	5	True	True	20
1ey0A	T41I	35	top_15_closest_neighbor_indices	15	15	True	True	0
1ey0A	T41I	35	top_10_closest_neighbor_indices	10	10	True	True	0
1ey0A	T41I	35	w_n_log_prob	15x21	15x21	True	True	6.0654292
1ey0A	T41I	35	m_n_log_prob	15x21	15x21	True	True	6.0574231
1ey0A	T41I	35	neighbor_aa_identities	list[15]	list[15]	True	not_numeric	NA
1ey0A	T41I	35	neighbor_w_message_vector_coming_from_center	15x128	15x128	True	True	0.53322059
1ey0A	T41I	35	neighbor_m_message_vector_coming_from_center	15x128	15x128	True	True	0.45306921
1ey0A	T41I	35	neighbor_w_neighbor_embedding	15x128	15x128	True	True	2.6270654
1ey0A	T41I	35	neighbor_m_neighbor_embedding	15x128	15x128	True	True	2.6215832
1ey0A	T41S	35	log_prob	1x136x21	1x136x21	True	True	3.0483227
1ey0A	T41S	35	top_15_attention_weights	15	15	True	True	0.073052108
1ey0A	T41S	35	top_10_attention_weights	10	10	True	True	0.073052108
1ey0A	T41S	35	top_5_attention_weights	5	5	True	True	0.073052108
1ey0A	T41S	35	top_15_neighbor_indices	15	15	True	True	87
1ey0A	T41S	35	top_10_neighbor_indices	10	10	True	True	87
1ey0A	T41S	35	top_5_neighbor_indices	5	5	True	True	87
1ey0A	T41S	35	top_15_closest_neighbor_indices	15	15	True	True	0
1ey0A	T41S	35	top_10_closest_neighbor_indices	10	10	True	True	0
1ey0A	T41S	35	w_n_log_prob	15x21	15x21	True	True	6.0781398
1ey0A	T41S	35	m_n_log_prob	15x21	15x21	True	True	6.0708132
1ey0A	T41S	35	neighbor_aa_identities	list[15]	list[15]	True	not_numeric	NA
1ey0A	T41S	35	neighbor_w_message_vector_coming_from_center	15x128	15x128	True	True	0.45677617
1ey0A	T41S	35	neighbor_m_message_vector_coming_from_center	15x128	15x128	True	True	0.37617937
1ey0A	T41S	35	neighbor_w_neighbor_embedding	15x128	15x128	True	True	2.5643933
1ey0A	T41S	35	neighbor_m_neighbor_embedding	15x128	15x128	True	True	2.585814
1ey0A	T41V	35	log_prob	1x136x21	1x136x21	True	True	2.9748061
1ey0A	T41V	35	top_15_attention_weights	15	15	True	True	0.092794597
1ey0A	T41V	35	top_10_attention_weights	10	10	True	True	0.065109789
1ey0A	T41V	35	top_5_attention_weights	5	5	True	True	0.059810102
1ey0A	T41V	35	top_15_neighbor_indices	15	15	True	True	5
1ey0A	T41V	35	top_10_neighbor_indices	10	10	True	True	5
1ey0A	T41V	35	top_5_neighbor_indices	5	5	True	True	0
1ey0A	T41V	35	top_15_closest_neighbor_indices	15	15	True	True	0
1ey0A	T41V	35	top_10_closest_neighbor_indices	10	10	True	True	0
1ey0A	T41V	35	w_n_log_prob	15x21	15x21	True	True	5.8903208
1ey0A	T41V	35	m_n_log_prob	15x21	15x21	True	True	5.8914237
1ey0A	T41V	35	neighbor_aa_identities	list[15]	list[15]	True	not_numeric	NA
1ey0A	T41V	35	neighbor_w_message_vector_coming_from_center	15x128	15x128	True	True	0.52661026
1ey0A	T41V	35	neighbor_m_message_vector_coming_from_center	15x128	15x128	True	True	0.34748283
1ey0A	T41V	35	neighbor_w_neighbor_embedding	15x128	15x128	True	True	2.0468557
1ey0A	T41V	35	neighbor_m_neighbor_embedding	15x128	15x128	True	True	2.0903642
1ey0A	T44V	38	log_prob	1x136x21	1x136x21	True	True	4.4963188
1ey0A	T44V	38	top_15_attention_weights	15	15	True	True	0.068529665
1ey0A	T44V	38	top_10_attention_weights	10	10	True	True	0.068529665
1ey0A	T44V	38	top_5_attention_weights	5	5	True	True	0.029696047
1ey0A	T44V	38	top_15_neighbor_indices	15	15	True	True	47
1ey0A	T44V	38	top_10_neighbor_indices	10	10	True	True	12
1ey0A	T44V	38	top_5_neighbor_indices	5	5	True	True	12
1ey0A	T44V	38	top_15_closest_neighbor_indices	15	15	True	True	0
1ey0A	T44V	38	top_10_closest_neighbor_indices	10	10	True	True	0
1ey0A	T44V	38	w_n_log_prob	15x21	15x21	True	True	5.6670942
1ey0A	T44V	38	m_n_log_prob	15x21	15x21	True	True	5.6197963
1ey0A	T44V	38	neighbor_aa_identities	list[15]	list[15]	True	not_numeric	NA
1ey0A	T44V	38	neighbor_w_message_vector_coming_from_center	15x128	15x128	True	True	0.28307855
1ey0A	T44V	38	neighbor_m_message_vector_coming_from_center	15x128	15x128	True	True	0.40163434
1ey0A	T44V	38	neighbor_w_neighbor_embedding	15x128	15x128	True	True	2.3500779
1ey0A	T44V	38	neighbor_m_neighbor_embedding	15x128	15x128	True	True	2.3189108
1ey0A	S59A	53	log_prob	1x136x21	1x136x21	True	True	3.0380344
1ey0A	S59A	53	top_15_attention_weights	15	15	True	True	0.077480495
1ey0A	S59A	53	top_10_attention_weights	10	10	True	True	0.065927655
1ey0A	S59A	53	top_5_attention_weights	5	5	True	True	0.037655413
1ey0A	S59A	53	top_15_neighbor_indices	15	15	True	True	27
1ey0A	S59A	53	top_10_neighbor_indices	10	10	True	True	27
1ey0A	S59A	53	top_5_neighbor_indices	5	5	True	True	0
1ey0A	S59A	53	top_15_closest_neighbor_indices	15	15	True	True	0
1ey0A	S59A	53	top_10_closest_neighbor_indices	10	10	True	True	0
1ey0A	S59A	53	w_n_log_prob	15x21	15x21	True	True	5.5227094
1ey0A	S59A	53	m_n_log_prob	15x21	15x21	True	True	5.6514349
1ey0A	S59A	53	neighbor_aa_identities	list[15]	list[15]	True	not_numeric	NA
1ey0A	S59A	53	neighbor_w_message_vector_coming_from_center	15x128	15x128	True	True	0.20793098
1ey0A	S59A	53	neighbor_m_message_vector_coming_from_center	15x128	15x128	True	True	0.1570452
1ey0A	S59A	53	neighbor_w_neighbor_embedding	15x128	15x128	True	True	2.2408299
1ey0A	S59A	53	neighbor_m_neighbor_embedding	15x128	15x128	True	True	2.2950046
1ey0A	T62S	56	log_prob	1x136x21	1x136x21	True	True	2.5031319
1ey0A	T62S	56	top_15_attention_weights	15	15	True	True	0.12221241
1ey0A	T62S	56	top_10_attention_weights	10	10	True	True	0.12221241
1ey0A	T62S	56	top_5_attention_weights	5	5	True	True	0.12221241
1ey0A	T62S	56	top_15_neighbor_indices	15	15	True	True	46
1ey0A	T62S	56	top_10_neighbor_indices	10	10	True	True	44
1ey0A	T62S	56	top_5_neighbor_indices	5	5	True	True	0
1ey0A	T62S	56	top_15_closest_neighbor_indices	15	15	True	True	0
1ey0A	T62S	56	top_10_closest_neighbor_indices	10	10	True	True	0
1ey0A	T62S	56	w_n_log_prob	15x21	15x21	True	True	5.9060893
1ey0A	T62S	56	m_n_log_prob	15x21	15x21	True	True	5.8657331
1ey0A	T62S	56	neighbor_aa_identities	list[15]	list[15]	True	not_numeric	NA
1ey0A	T62S	56	neighbor_w_message_vector_coming_from_center	15x128	15x128	True	True	0.35475126
1ey0A	T62S	56	neighbor_m_message_vector_coming_from_center	15x128	15x128	True	True	0.34880075
1ey0A	T62S	56	neighbor_w_neighbor_embedding	15x128	15x128	True	True	2.240556
1ey0A	T62S	56	neighbor_m_neighbor_embedding	15x128	15x128	True	True	2.2617221
1ey0A	T62V	56	log_prob	1x136x21	1x136x21	True	True	2.7189956
1ey0A	T62V	56	top_15_attention_weights	15	15	True	True	0.085762501
1ey0A	T62V	56	top_10_attention_weights	10	10	True	True	0.085762501
1ey0A	T62V	56	top_5_attention_weights	5	5	True	True	0.085762501
1ey0A	T62V	56	top_15_neighbor_indices	15	15	True	True	78
1ey0A	T62V	56	top_10_neighbor_indices	10	10	True	True	78
1ey0A	T62V	56	top_5_neighbor_indices	5	5	True	True	69
1ey0A	T62V	56	top_15_closest_neighbor_indices	15	15	True	True	0
1ey0A	T62V	56	top_10_closest_neighbor_indices	10	10	True	True	0
1ey0A	T62V	56	w_n_log_prob	15x21	15x21	True	True	5.0900745
1ey0A	T62V	56	m_n_log_prob	15x21	15x21	True	True	5.0791306
1ey0A	T62V	56	neighbor_aa_identities	list[15]	list[15]	True	not_numeric	NA
1ey0A	T62V	56	neighbor_w_message_vector_coming_from_center	15x128	15x128	True	True	0.4250133
1ey0A	T62V	56	neighbor_m_message_vector_coming_from_center	15x128	15x128	True	True	0.3572191
1ey0A	T62V	56	neighbor_w_neighbor_embedding	15x128	15x128	True	True	2.9257736
1ey0A	T62V	56	neighbor_m_neighbor_embedding	15x128	15x128	True	True	2.9865625
1ey0A	V66I	60	log_prob	1x136x21	1x136x21	True	True	3.0714846
1ey0A	V66I	60	top_15_attention_weights	15	15	True	True	0.047391057
1ey0A	V66I	60	top_10_attention_weights	10	10	True	True	0.047391057
1ey0A	V66I	60	top_5_attention_weights	5	5	True	True	0.047391057
1ey0A	V66I	60	top_15_neighbor_indices	15	15	True	True	78
1ey0A	V66I	60	top_10_neighbor_indices	10	10	True	True	78
1ey0A	V66I	60	top_5_neighbor_indices	5	5	True	True	78
1ey0A	V66I	60	top_15_closest_neighbor_indices	15	15	True	True	0
1ey0A	V66I	60	top_10_closest_neighbor_indices	10	10	True	True	0
1ey0A	V66I	60	w_n_log_prob	15x21	15x21	True	True	5.5377684
1ey0A	V66I	60	m_n_log_prob	15x21	15x21	True	True	5.637115
1ey0A	V66I	60	neighbor_aa_identities	list[15]	list[15]	True	not_numeric	NA
1ey0A	V66I	60	neighbor_w_message_vector_coming_from_center	15x128	15x128	True	True	0.57357275
1ey0A	V66I	60	neighbor_m_message_vector_coming_from_center	15x128	15x128	True	True	0.57309526
1ey0A	V66I	60	neighbor_w_neighbor_embedding	15x128	15x128	True	True	2.3293653
1ey0A	V66I	60	neighbor_m_neighbor_embedding	15x128	15x128	True	True	2.3311548
1ey0A	V66L	60	log_prob	1x136x21	1x136x21	True	True	2.4102013
1ey0A	V66L	60	top_15_attention_weights	15	15	True	True	0.050065696
1ey0A	V66L	60	top_10_attention_weights	10	10	True	True	0.050065696
1ey0A	V66L	60	top_5_attention_weights	5	5	True	True	0.050065696
1ey0A	V66L	60	top_15_neighbor_indices	15	15	True	True	82
1ey0A	V66L	60	top_10_neighbor_indices	10	10	True	True	78
1ey0A	V66L	60	top_5_neighbor_indices	5	5	True	True	78
1ey0A	V66L	60	top_15_closest_neighbor_indices	15	15	True	True	0
1ey0A	V66L	60	top_10_closest_neighbor_indices	10	10	True	True	0
1ey0A	V66L	60	w_n_log_prob	15x21	15x21	True	True	5.9136062
1ey0A	V66L	60	m_n_log_prob	15x21	15x21	True	True	5.7325096
1ey0A	V66L	60	neighbor_aa_identities	list[15]	list[15]	True	not_numeric	NA
1ey0A	V66L	60	neighbor_w_message_vector_coming_from_center	15x128	15x128	True	True	0.55102187
1ey0A	V66L	60	neighbor_m_message_vector_coming_from_center	15x128	15x128	True	True	0.58719373
1ey0A	V66L	60	neighbor_w_neighbor_embedding	15x128	15x128	True	True	1.983831
1ey0A	V66L	60	neighbor_m_neighbor_embedding	15x128	15x128	True	True	1.8989193
1ey0A	V66K	60	log_prob	1x136x21	1x136x21	True	True	3.7637081
1ey0A	V66K	60	top_15_attention_weights	15	15	True	True	0.07881856
1ey0A	V66K	60	top_10_attention_weights	10	10	True	True	0.07881856
1ey0A	V66K	60	top_5_attention_weights	5	5	True	True	0.07881856
1ey0A	V66K	60	top_15_neighbor_indices	15	15	True	True	55
1ey0A	V66K	60	top_10_neighbor_indices	10	10	True	True	55
1ey0A	V66K	60	top_5_neighbor_indices	5	5	True	True	27
1ey0A	V66K	60	top_15_closest_neighbor_indices	15	15	True	True	0
1ey0A	V66K	60	top_10_closest_neighbor_indices	10	10	True	True	0
1ey0A	V66K	60	w_n_log_prob	15x21	15x21	True	True	5.8314877
1ey0A	V66K	60	m_n_log_prob	15x21	15x21	True	True	5.3943768
1ey0A	V66K	60	neighbor_aa_identities	list[15]	list[15]	True	not_numeric	NA
1ey0A	V66K	60	neighbor_w_message_vector_coming_from_center	15x128	15x128	True	True	0.48776466
1ey0A	V66K	60	neighbor_m_message_vector_coming_from_center	15x128	15x128	True	True	0.68150228
1ey0A	V66K	60	neighbor_w_neighbor_embedding	15x128	15x128	True	True	2.0901709
1ey0A	V66K	60	neighbor_m_neighbor_embedding	15x128	15x128	True	True	2.1156211
1ey0A	I72L	66	log_prob	1x136x21	1x136x21	True	True	3.6466777
1ey0A	I72L	66	top_15_attention_weights	15	15	True	True	0.058593631
1ey0A	I72L	66	top_10_attention_weights	10	10	True	True	0.058593631
1ey0A	I72L	66	top_5_attention_weights	5	5	True	True	0.058593631
1ey0A	I72L	66	top_15_neighbor_indices	15	15	True	True	69
1ey0A	I72L	66	top_10_neighbor_indices	10	10	True	True	69
1ey0A	I72L	66	top_5_neighbor_indices	5	5	True	True	0
1ey0A	I72L	66	top_15_closest_neighbor_indices	15	15	True	True	0
1ey0A	I72L	66	top_10_closest_neighbor_indices	10	10	True	True	0
1ey0A	I72L	66	w_n_log_prob	15x21	15x21	True	True	5.5015106
1ey0A	I72L	66	m_n_log_prob	15x21	15x21	True	True	5.3359628
1ey0A	I72L	66	neighbor_aa_identities	list[15]	list[15]	True	not_numeric	NA
1ey0A	I72L	66	neighbor_w_message_vector_coming_from_center	15x128	15x128	True	True	0.17122328
1ey0A	I72L	66	neighbor_m_message_vector_coming_from_center	15x128	15x128	True	True	0.1396479
1ey0A	I72L	66	neighbor_w_neighbor_embedding	15x128	15x128	True	True	2.8613672
1ey0A	I72L	66	neighbor_m_neighbor_embedding	15x128	15x128	True	True	2.9098251
1ey0A	I72V	66	log_prob	1x136x21	1x136x21	True	True	2.9704828
1ey0A	I72V	66	top_15_attention_weights	15	15	True	True	0.13127208
1ey0A	I72V	66	top_10_attention_weights	10	10	True	True	0.13127208
1ey0A	I72V	66	top_5_attention_weights	5	5	True	True	0.13127208
1ey0A	I72V	66	top_15_neighbor_indices	15	15	True	True	68
1ey0A	I72V	66	top_10_neighbor_indices	10	10	True	True	67
1ey0A	I72V	66	top_5_neighbor_indices	5	5	True	True	62
1ey0A	I72V	66	top_15_closest_neighbor_indices	15	15	True	True	0
1ey0A	I72V	66	top_10_closest_neighbor_indices	10	10	True	True	0
1ey0A	I72V	66	w_n_log_prob	15x21	15x21	True	True	5.2795939
1ey0A	I72V	66	m_n_log_prob	15x21	15x21	True	True	5.4737515
1ey0A	I72V	66	neighbor_aa_identities	list[15]	list[15]	True	not_numeric	NA
1ey0A	I72V	66	neighbor_w_message_vector_coming_from_center	15x128	15x128	True	True	0.46484131
1ey0A	I72V	66	neighbor_m_message_vector_coming_from_center	15x128	15x128	True	True	0.48779285
1ey0A	I72V	66	neighbor_w_neighbor_embedding	15x128	15x128	True	True	2.3495889
1ey0A	I72V	66	neighbor_m_neighbor_embedding	15x128	15x128	True	True	2.3316429
1ey0A	T82S	76	log_prob	1x136x21	1x136x21	True	True	3.257472
1ey0A	T82S	76	top_15_attention_weights	15	15	True	True	0.18703049
1ey0A	T82S	76	top_10_attention_weights	10	10	True	True	0.18703049
1ey0A	T82S	76	top_5_attention_weights	5	5	True	True	0.18703049
1ey0A	T82S	76	top_15_neighbor_indices	15	15	True	True	75
1ey0A	T82S	76	top_10_neighbor_indices	10	10	True	True	56
1ey0A	T82S	76	top_5_neighbor_indices	5	5	True	True	0
1ey0A	T82S	76	top_15_closest_neighbor_indices	15	15	True	True	0
1ey0A	T82S	76	top_10_closest_neighbor_indices	10	10	True	True	0
1ey0A	T82S	76	w_n_log_prob	15x21	15x21	True	True	4.2747183
1ey0A	T82S	76	m_n_log_prob	15x21	15x21	True	True	4.2638803
1ey0A	T82S	76	neighbor_aa_identities	list[15]	list[15]	True	not_numeric	NA
1ey0A	T82S	76	neighbor_w_message_vector_coming_from_center	15x128	15x128	True	True	0.65812379
1ey0A	T82S	76	neighbor_m_message_vector_coming_from_center	15x128	15x128	True	True	0.57622198
1ey0A	T82S	76	neighbor_w_neighbor_embedding	15x128	15x128	True	True	2.1170969
1ey0A	T82S	76	neighbor_m_neighbor_embedding	15x128	15x128	True	True	2.0355282
1ey0A	I92V	86	log_prob	1x136x21	1x136x21	True	True	2.9919441
1ey0A	I92V	86	top_15_attention_weights	15	15	True	True	0.080810696
1ey0A	I92V	86	top_10_attention_weights	10	10	True	True	0.080810696
1ey0A	I92V	86	top_5_attention_weights	5	5	True	True	0.054136753
1ey0A	I92V	86	top_15_neighbor_indices	15	15	True	True	68
1ey0A	I92V	86	top_10_neighbor_indices	10	10	True	True	68
1ey0A	I92V	86	top_5_neighbor_indices	5	5	True	True	68
1ey0A	I92V	86	top_15_closest_neighbor_indices	15	15	True	True	0
1ey0A	I92V	86	top_10_closest_neighbor_indices	10	10	True	True	0
1ey0A	I92V	86	w_n_log_prob	15x21	15x21	True	True	5.6661301
1ey0A	I92V	86	m_n_log_prob	15x21	15x21	True	True	5.6521006
1ey0A	I92V	86	neighbor_aa_identities	list[15]	list[15]	True	not_numeric	NA
1ey0A	I92V	86	neighbor_w_message_vector_coming_from_center	15x128	15x128	True	True	0.27906492
1ey0A	I92V	86	neighbor_m_message_vector_coming_from_center	15x128	15x128	True	True	0.26429975
1ey0A	I92V	86	neighbor_w_neighbor_embedding	15x128	15x128	True	True	2.426182
1ey0A	I92V	86	neighbor_m_neighbor_embedding	15x128	15x128	True	True	2.4660385
1ey0A	K116G	110	log_prob	1x136x21	1x136x21	True	True	3.7306392
1ey0A	K116G	110	top_15_attention_weights	15	15	True	True	0.13157916
1ey0A	K116G	110	top_10_attention_weights	10	10	True	True	0.13157916
1ey0A	K116G	110	top_5_attention_weights	5	5	True	True	0.13157916
1ey0A	K116G	110	top_15_neighbor_indices	15	15	True	True	107
1ey0A	K116G	110	top_10_neighbor_indices	10	10	True	True	72
1ey0A	K116G	110	top_5_neighbor_indices	5	5	True	True	34
1ey0A	K116G	110	top_15_closest_neighbor_indices	15	15	True	True	0
1ey0A	K116G	110	top_10_closest_neighbor_indices	10	10	True	True	0
1ey0A	K116G	110	w_n_log_prob	15x21	15x21	True	True	4.3207831
1ey0A	K116G	110	m_n_log_prob	15x21	15x21	True	True	3.9092886
1ey0A	K116G	110	neighbor_aa_identities	list[15]	list[15]	True	not_numeric	NA
1ey0A	K116G	110	neighbor_w_message_vector_coming_from_center	15x128	15x128	True	True	0.31341812
1ey0A	K116G	110	neighbor_m_message_vector_coming_from_center	15x128	15x128	True	True	0.18185957
1ey0A	K116G	110	neighbor_w_neighbor_embedding	15x128	15x128	True	True	1.5691485
1ey0A	K116G	110	neighbor_m_neighbor_embedding	15x128	15x128	True	True	1.5456455
1ey0A	P117A	111	log_prob	1x136x21	1x136x21	True	True	3.9092882
1ey0A	P117A	111	top_15_attention_weights	15	15	True	True	0.081551731
1ey0A	P117A	111	top_10_attention_weights	10	10	True	True	0.081551731
1ey0A	P117A	111	top_5_attention_weights	5	5	True	True	0.052505404
1ey0A	P117A	111	top_15_neighbor_indices	15	15	True	True	47
1ey0A	P117A	111	top_10_neighbor_indices	10	10	True	True	13
1ey0A	P117A	111	top_5_neighbor_indices	5	5	True	True	0
1ey0A	P117A	111	top_15_closest_neighbor_indices	15	15	True	True	0
1ey0A	P117A	111	top_10_closest_neighbor_indices	10	10	True	True	0
1ey0A	P117A	111	w_n_log_prob	15x21	15x21	True	True	4.388731
1ey0A	P117A	111	m_n_log_prob	15x21	15x21	True	True	4.237514
1ey0A	P117A	111	neighbor_aa_identities	list[15]	list[15]	True	not_numeric	NA
1ey0A	P117A	111	neighbor_w_message_vector_coming_from_center	15x128	15x128	True	True	0.13681488
1ey0A	P117A	111	neighbor_m_message_vector_coming_from_center	15x128	15x128	True	True	0.11879342
1ey0A	P117A	111	neighbor_w_neighbor_embedding	15x128	15x128	True	True	1.7146289
1ey0A	P117A	111	neighbor_m_neighbor_embedding	15x128	15x128	True	True	1.7258928
1ey0A	P117G	111	log_prob	1x136x21	1x136x21	True	True	3.7584152
1ey0A	P117G	111	top_15_attention_weights	15	15	True	True	0.11318406
1ey0A	P117G	111	top_10_attention_weights	10	10	True	True	0.11318406
1ey0A	P117G	111	top_5_attention_weights	5	5	True	True	0.11318406
1ey0A	P117G	111	top_15_neighbor_indices	15	15	True	True	121
1ey0A	P117G	111	top_10_neighbor_indices	10	10	True	True	121
1ey0A	P117G	111	top_5_neighbor_indices	5	5	True	True	35
1ey0A	P117G	111	top_15_closest_neighbor_indices	15	15	True	True	0
1ey0A	P117G	111	top_10_closest_neighbor_indices	10	10	True	True	0
1ey0A	P117G	111	w_n_log_prob	15x21	15x21	True	True	4.4147253
1ey0A	P117G	111	m_n_log_prob	15x21	15x21	True	True	4.4094629
1ey0A	P117G	111	neighbor_aa_identities	list[15]	list[15]	True	not_numeric	NA
1ey0A	P117G	111	neighbor_w_message_vector_coming_from_center	15x128	15x128	True	True	0.7730591
1ey0A	P117G	111	neighbor_m_message_vector_coming_from_center	15x128	15x128	True	True	0.51911643
1ey0A	P117G	111	neighbor_w_neighbor_embedding	15x128	15x128	True	True	1.8873986
1ey0A	P117G	111	neighbor_m_neighbor_embedding	15x128	15x128	True	True	1.9824792
1ey0A	P117T	111	log_prob	1x136x21	1x136x21	True	True	2.6662221
1ey0A	P117T	111	top_15_attention_weights	15	15	True	True	0.04650192
1ey0A	P117T	111	top_10_attention_weights	10	10	True	True	0.04650192
1ey0A	P117T	111	top_5_attention_weights	5	5	True	True	0.023534358
1ey0A	P117T	111	top_15_neighbor_indices	15	15	True	True	117
1ey0A	P117T	111	top_10_neighbor_indices	10	10	True	True	43
1ey0A	P117T	111	top_5_neighbor_indices	5	5	True	True	4
1ey0A	P117T	111	top_15_closest_neighbor_indices	15	15	True	True	0
1ey0A	P117T	111	top_10_closest_neighbor_indices	10	10	True	True	0
1ey0A	P117T	111	w_n_log_prob	15x21	15x21	True	True	4.1450019
1ey0A	P117T	111	m_n_log_prob	15x21	15x21	True	True	3.8036776
1ey0A	P117T	111	neighbor_aa_identities	list[15]	list[15]	True	not_numeric	NA
1ey0A	P117T	111	neighbor_w_message_vector_coming_from_center	15x128	15x128	True	True	0.29538007
1ey0A	P117T	111	neighbor_m_message_vector_coming_from_center	15x128	15x128	True	True	0.28159586
1ey0A	P117T	111	neighbor_w_neighbor_embedding	15x128	15x128	True	True	1.5450805
1ey0A	P117T	111	neighbor_m_neighbor_embedding	15x128	15x128	True	True	1.5320144
1ey0A	T120C	114	log_prob	1x136x21	1x136x21	True	True	4.0934486
1ey0A	T120C	114	top_15_attention_weights	15	15	True	True	0.20063734
1ey0A	T120C	114	top_10_attention_weights	10	10	True	True	0.20063734
1ey0A	T120C	114	top_5_attention_weights	5	5	True	True	0.20063734
1ey0A	T120C	114	top_15_neighbor_indices	15	15	True	True	112
1ey0A	T120C	114	top_10_neighbor_indices	10	10	True	True	112
1ey0A	T120C	114	top_5_neighbor_indices	5	5	True	True	112
1ey0A	T120C	114	top_15_closest_neighbor_indices	15	15	True	True	0
1ey0A	T120C	114	top_10_closest_neighbor_indices	10	10	True	True	0
1ey0A	T120C	114	w_n_log_prob	15x21	15x21	True	True	4.6393185
1ey0A	T120C	114	m_n_log_prob	15x21	15x21	True	True	4.6156416
1ey0A	T120C	114	neighbor_aa_identities	list[15]	list[15]	True	not_numeric	NA
1ey0A	T120C	114	neighbor_w_message_vector_coming_from_center	15x128	15x128	True	True	0.67057157
1ey0A	T120C	114	neighbor_m_message_vector_coming_from_center	15x128	15x128	True	True	0.56790859
1ey0A	T120C	114	neighbor_w_neighbor_embedding	15x128	15x128	True	True	1.7957091
1ey0A	T120C	114	neighbor_m_neighbor_embedding	15x128	15x128	True	True	1.8410802
1ey0A	T120S	114	log_prob	1x136x21	1x136x21	True	True	3.1823199
1ey0A	T120S	114	top_15_attention_weights	15	15	True	True	0.13115627
1ey0A	T120S	114	top_10_attention_weights	10	10	True	True	0.13115627
1ey0A	T120S	114	top_5_attention_weights	5	5	True	True	0.078436196
1ey0A	T120S	114	top_15_neighbor_indices	15	15	True	True	114
1ey0A	T120S	114	top_10_neighbor_indices	10	10	True	True	114
1ey0A	T120S	114	top_5_neighbor_indices	5	5	True	True	114
1ey0A	T120S	114	top_15_closest_neighbor_indices	15	15	True	True	0
1ey0A	T120S	114	top_10_closest_neighbor_indices	10	10	True	True	0
1ey0A	T120S	114	w_n_log_prob	15x21	15x21	True	True	4.5944839
1ey0A	T120S	114	m_n_log_prob	15x21	15x21	True	True	4.5728288
1ey0A	T120S	114	neighbor_aa_identities	list[15]	list[15]	True	not_numeric	NA
1ey0A	T120S	114	neighbor_w_message_vector_coming_from_center	15x128	15x128	True	True	0.3244018
1ey0A	T120S	114	neighbor_m_message_vector_coming_from_center	15x128	15x128	True	True	0.27296591
1ey0A	T120S	114	neighbor_w_neighbor_embedding	15x128	15x128	True	True	1.6322143
1ey0A	T120S	114	neighbor_m_neighbor_embedding	15x128	15x128	True	True	1.8988913
1ey0A	T120V	114	log_prob	1x136x21	1x136x21	True	True	3.0723276
1ey0A	T120V	114	top_15_attention_weights	15	15	True	True	0.097089469
1ey0A	T120V	114	top_10_attention_weights	10	10	True	True	0.097089469
1ey0A	T120V	114	top_5_attention_weights	5	5	True	True	0.071246862
1ey0A	T120V	114	top_15_neighbor_indices	15	15	True	True	112
1ey0A	T120V	114	top_10_neighbor_indices	10	10	True	True	112
1ey0A	T120V	114	top_5_neighbor_indices	5	5	True	True	112
1ey0A	T120V	114	top_15_closest_neighbor_indices	15	15	True	True	0
1ey0A	T120V	114	top_10_closest_neighbor_indices	10	10	True	True	0
1ey0A	T120V	114	w_n_log_prob	15x21	15x21	True	True	5.3785076
1ey0A	T120V	114	m_n_log_prob	15x21	15x21	True	True	5.3311429
1ey0A	T120V	114	neighbor_aa_identities	list[15]	list[15]	True	not_numeric	NA
1ey0A	T120V	114	neighbor_w_message_vector_coming_from_center	15x128	15x128	True	True	0.28447288
1ey0A	T120V	114	neighbor_m_message_vector_coming_from_center	15x128	15x128	True	True	0.41685784
1ey0A	T120V	114	neighbor_w_neighbor_embedding	15x128	15x128	True	True	1.6654426
1ey0A	T120V	114	neighbor_m_neighbor_embedding	15x128	15x128	True	True	1.6312282
1ey0A	S128A	122	log_prob	1x136x21	1x136x21	True	True	2.8956647
1ey0A	S128A	122	top_15_attention_weights	15	15	True	True	0.037992954
1ey0A	S128A	122	top_10_attention_weights	10	10	True	True	0.037992954
1ey0A	S128A	122	top_5_attention_weights	5	5	True	True	0.037992954
1ey0A	S128A	122	top_15_neighbor_indices	15	15	True	True	16
1ey0A	S128A	122	top_10_neighbor_indices	10	10	True	True	6
1ey0A	S128A	122	top_5_neighbor_indices	5	5	True	True	4
1ey0A	S128A	122	top_15_closest_neighbor_indices	15	15	True	True	0
1ey0A	S128A	122	top_10_closest_neighbor_indices	10	10	True	True	0
1ey0A	S128A	122	w_n_log_prob	15x21	15x21	True	True	5.4853721
1ey0A	S128A	122	m_n_log_prob	15x21	15x21	True	True	5.5761456
1ey0A	S128A	122	neighbor_aa_identities	list[15]	list[15]	True	not_numeric	NA
1ey0A	S128A	122	neighbor_w_message_vector_coming_from_center	15x128	15x128	True	True	0.18487284
1ey0A	S128A	122	neighbor_m_message_vector_coming_from_center	15x128	15x128	True	True	0.22424939
1ey0A	S128A	122	neighbor_w_neighbor_embedding	15x128	15x128	True	True	1.747334
1ey0A	S128A	122	neighbor_m_neighbor_embedding	15x128	15x128	True	True	1.7860574
1ihbA	F71N	66	log_prob	1x156x21	1x156x21	True	True	4.4940128
1ihbA	F71N	66	top_15_attention_weights	15	15	True	True	0.16644627
1ihbA	F71N	66	top_10_attention_weights	10	10	True	True	0.16644627
1ihbA	F71N	66	top_5_attention_weights	5	5	True	True	0.044782043
1ihbA	F71N	66	top_15_neighbor_indices	15	15	True	True	61
1ihbA	F71N	66	top_10_neighbor_indices	10	10	True	True	61
1ihbA	F71N	66	top_5_neighbor_indices	5	5	True	True	61
1ihbA	F71N	66	top_15_closest_neighbor_indices	15	15	True	True	0
1ihbA	F71N	66	top_10_closest_neighbor_indices	10	10	True	True	0
1ihbA	F71N	66	w_n_log_prob	15x21	15x21	True	True	3.8929801
1ihbA	F71N	66	m_n_log_prob	15x21	15x21	True	True	3.9080083
1ihbA	F71N	66	neighbor_aa_identities	list[15]	list[15]	True	not_numeric	NA
1ihbA	F71N	66	neighbor_w_message_vector_coming_from_center	15x128	15x128	True	True	0.8851967
1ihbA	F71N	66	neighbor_m_message_vector_coming_from_center	15x128	15x128	True	True	0.89535795
1ihbA	F71N	66	neighbor_w_neighbor_embedding	15x128	15x128	True	True	1.7991408
1ihbA	F71N	66	neighbor_m_neighbor_embedding	15x128	15x128	True	True	1.6059604
1ihbA	F82Q	77	log_prob	1x156x21	1x156x21	True	True	4.5363903
1ihbA	F82Q	77	top_15_attention_weights	15	15	True	True	0.20237446
1ihbA	F82Q	77	top_10_attention_weights	10	10	True	True	0.20237446
1ihbA	F82Q	77	top_5_attention_weights	5	5	True	True	0.20237446
1ihbA	F82Q	77	top_15_neighbor_indices	15	15	True	True	71
1ihbA	F82Q	77	top_10_neighbor_indices	10	10	True	True	33
1ihbA	F82Q	77	top_5_neighbor_indices	5	5	True	True	28
1ihbA	F82Q	77	top_15_closest_neighbor_indices	15	15	True	True	0
1ihbA	F82Q	77	top_10_closest_neighbor_indices	10	10	True	True	0
1ihbA	F82Q	77	w_n_log_prob	15x21	15x21	True	True	5.0722742
1ihbA	F82Q	77	m_n_log_prob	15x21	15x21	True	True	5.1623039
1ihbA	F82Q	77	neighbor_aa_identities	list[15]	list[15]	True	not_numeric	NA
1ihbA	F82Q	77	neighbor_w_message_vector_coming_from_center	15x128	15x128	True	True	0.21792473
1ihbA	F82Q	77	neighbor_m_message_vector_coming_from_center	15x128	15x128	True	True	0.21623093
1ihbA	F82Q	77	neighbor_w_neighbor_embedding	15x128	15x128	True	True	1.7330813
1ihbA	F82Q	77	neighbor_m_neighbor_embedding	15x128	15x128	True	True	1.7390068
1ihbA	F92N	87	log_prob	1x156x21	1x156x21	True	True	4.5149727
1ihbA	F92N	87	top_15_attention_weights	15	15	True	True	0.0843741
1ihbA	F92N	87	top_10_attention_weights	10	10	True	True	0.0843741
1ihbA	F92N	87	top_5_attention_weights	5	5	True	True	0.069027245
1ihbA	F92N	87	top_15_neighbor_indices	15	15	True	True	39
1ihbA	F92N	87	top_10_neighbor_indices	10	10	True	True	4
1ihbA	F92N	87	top_5_neighbor_indices	5	5	True	True	2
1ihbA	F92N	87	top_15_closest_neighbor_indices	15	15	True	True	0
1ihbA	F92N	87	top_10_closest_neighbor_indices	10	10	True	True	0
1ihbA	F92N	87	w_n_log_prob	15x21	15x21	True	True	5.5537801
1ihbA	F92N	87	m_n_log_prob	15x21	15x21	True	True	5.556303
1ihbA	F92N	87	neighbor_aa_identities	list[15]	list[15]	True	not_numeric	NA
1ihbA	F92N	87	neighbor_w_message_vector_coming_from_center	15x128	15x128	True	True	0.49315384
1ihbA	F92N	87	neighbor_m_message_vector_coming_from_center	15x128	15x128	True	True	0.57971345
1ihbA	F92N	87	neighbor_w_neighbor_embedding	15x128	15x128	True	True	1.6958549
1ihbA	F92N	87	neighbor_m_neighbor_embedding	15x128	15x128	True	True	1.6986939
1iobA	T9G	8	log_prob	1x153x21	1x153x21	True	True	2.7108619
1iobA	T9G	8	top_15_attention_weights	15	15	True	True	0.10003805
1iobA	T9G	8	top_10_attention_weights	10	10	True	True	0.10003805
1iobA	T9G	8	top_5_attention_weights	5	5	True	True	0.10003805
1iobA	T9G	8	top_15_neighbor_indices	15	15	True	True	108
1iobA	T9G	8	top_10_neighbor_indices	10	10	True	True	35
1iobA	T9G	8	top_5_neighbor_indices	5	5	True	True	35
1iobA	T9G	8	top_15_closest_neighbor_indices	15	15	True	True	0
1iobA	T9G	8	top_10_closest_neighbor_indices	10	10	True	True	0
1iobA	T9G	8	w_n_log_prob	15x21	15x21	True	True	3.4623723
1iobA	T9G	8	m_n_log_prob	15x21	15x21	True	True	3.1078134
1iobA	T9G	8	neighbor_aa_identities	list[15]	list[15]	True	not_numeric	NA
1iobA	T9G	8	neighbor_w_message_vector_coming_from_center	15x128	15x128	True	True	0.078087911
1iobA	T9G	8	neighbor_m_message_vector_coming_from_center	15x128	15x128	True	True	0.13241735
1iobA	T9G	8	neighbor_w_neighbor_embedding	15x128	15x128	True	True	2.2552168
1iobA	T9G	8	neighbor_m_neighbor_embedding	15x128	15x128	True	True	2.3343391
1l63A	M6A	5	log_prob	1x162x21	1x162x21	True	True	2.8910465
1l63A	M6A	5	top_15_attention_weights	15	15	True	True	0.6232897
1l63A	M6A	5	top_10_attention_weights	10	10	True	True	0.6232897
1l63A	M6A	5	top_5_attention_weights	5	5	True	True	0.6232897
1l63A	M6A	5	top_15_neighbor_indices	15	15	True	True	141
1l63A	M6A	5	top_10_neighbor_indices	10	10	True	True	139
1l63A	M6A	5	top_5_neighbor_indices	5	5	True	True	139
1l63A	M6A	5	top_15_closest_neighbor_indices	15	15	True	True	0
1l63A	M6A	5	top_10_closest_neighbor_indices	10	10	True	True	0
1l63A	M6A	5	w_n_log_prob	15x21	15x21	True	True	5.6555367
1l63A	M6A	5	m_n_log_prob	15x21	15x21	True	True	5.5716686
1l63A	M6A	5	neighbor_aa_identities	list[15]	list[15]	True	not_numeric	NA
1l63A	M6A	5	neighbor_w_message_vector_coming_from_center	15x128	15x128	True	True	0.27996296
1l63A	M6A	5	neighbor_m_message_vector_coming_from_center	15x128	15x128	True	True	0.27096698
1l63A	M6A	5	neighbor_w_neighbor_embedding	15x128	15x128	True	True	1.8813142
1l63A	M6A	5	neighbor_m_neighbor_embedding	15x128	15x128	True	True	1.8189763
1l63A	M6L	5	log_prob	1x162x21	1x162x21	True	True	3.9973178
1l63A	M6L	5	top_15_attention_weights	15	15	True	True	0.16706532
1l63A	M6L	5	top_10_attention_weights	10	10	True	True	0.16706532
1l63A	M6L	5	top_5_attention_weights	5	5	True	True	0.16706532
1l63A	M6L	5	top_15_neighbor_indices	15	15	True	True	147
1l63A	M6L	5	top_10_neighbor_indices	10	10	True	True	147
1l63A	M6L	5	top_5_neighbor_indices	5	5	True	True	147
1l63A	M6L	5	top_15_closest_neighbor_indices	15	15	True	True	0
1l63A	M6L	5	top_10_closest_neighbor_indices	10	10	True	True	0
1l63A	M6L	5	w_n_log_prob	15x21	15x21	True	True	5.3701296
1l63A	M6L	5	m_n_log_prob	15x21	15x21	True	True	5.5239716
1l63A	M6L	5	neighbor_aa_identities	list[15]	list[15]	True	not_numeric	NA
1l63A	M6L	5	neighbor_w_message_vector_coming_from_center	15x128	15x128	True	True	0.30615869
1l63A	M6L	5	neighbor_m_message_vector_coming_from_center	15x128	15x128	True	True	0.39796132
1l63A	M6L	5	neighbor_w_neighbor_embedding	15x128	15x128	True	True	2.1129236
1l63A	M6L	5	neighbor_m_neighbor_embedding	15x128	15x128	True	True	1.9392945
1l63A	E11H	10	log_prob	1x162x21	1x162x21	True	True	3.0774095
1l63A	E11H	10	top_15_attention_weights	15	15	True	True	0.11634207
1l63A	E11H	10	top_10_attention_weights	10	10	True	True	0.11634207
1l63A	E11H	10	top_5_attention_weights	5	5	True	True	0.035435557
1l63A	E11H	10	top_15_neighbor_indices	15	15	True	True	40
1l63A	E11H	10	top_10_neighbor_indices	10	10	True	True	40
1l63A	E11H	10	top_5_neighbor_indices	5	5	True	True	34
1l63A	E11H	10	top_15_closest_neighbor_indices	15	15	True	True	0
1l63A	E11H	10	top_10_closest_neighbor_indices	10	10	True	True	0
1l63A	E11H	10	w_n_log_prob	15x21	15x21	True	True	4.9055896
1l63A	E11H	10	m_n_log_prob	15x21	15x21	True	True	5.0404863
1l63A	E11H	10	neighbor_aa_identities	list[15]	list[15]	True	not_numeric	NA
1l63A	E11H	10	neighbor_w_message_vector_coming_from_center	15x128	15x128	True	True	0.57455754
1l63A	E11H	10	neighbor_m_message_vector_coming_from_center	15x128	15x128	True	True	0.49301431
1l63A	E11H	10	neighbor_w_neighbor_embedding	15x128	15x128	True	True	1.7497604
1l63A	E11H	10	neighbor_m_neighbor_embedding	15x128	15x128	True	True	1.7378142
1l63A	E11N	10	log_prob	1x162x21	1x162x21	True	True	3.9608476
1l63A	E11N	10	top_15_attention_weights	15	15	True	True	0.13988441
1l63A	E11N	10	top_10_attention_weights	10	10	True	True	0.063310623
1l63A	E11N	10	top_5_attention_weights	5	5	True	True	0.063310623
1l63A	E11N	10	top_15_neighbor_indices	15	15	True	True	136
1l63A	E11N	10	top_10_neighbor_indices	10	10	True	True	96
1l63A	E11N	10	top_5_neighbor_indices	5	5	True	True	34
1l63A	E11N	10	top_15_closest_neighbor_indices	15	15	True	True	0
1l63A	E11N	10	top_10_closest_neighbor_indices	10	10	True	True	0
1l63A	E11N	10	w_n_log_prob	15x21	15x21	True	True	6.4228001
1l63A	E11N	10	m_n_log_prob	15x21	15x21	True	True	6.3278675
1l63A	E11N	10	neighbor_aa_identities	list[15]	list[15]	True	not_numeric	NA
1l63A	E11N	10	neighbor_w_message_vector_coming_from_center	15x128	15x128	True	True	0.57362813
1l63A	E11N	10	neighbor_m_message_vector_coming_from_center	15x128	15x128	True	True	0.36234528
1l63A	E11N	10	neighbor_w_neighbor_embedding	15x128	15x128	True	True	2.0396426
1l63A	E11N	10	neighbor_m_neighbor_embedding	15x128	15x128	True	True	2.0878701
1l63A	I17A	16	log_prob	1x162x21	1x162x21	True	True	2.9175267
1l63A	I17A	16	top_15_attention_weights	15	15	True	True	0.059612662
1l63A	I17A	16	top_10_attention_weights	10	10	True	True	0.041174173
1l63A	I17A	16	top_5_attention_weights	5	5	True	True	0.041174173
1l63A	I17A	16	top_15_neighbor_indices	15	15	True	True	37
1l63A	I17A	16	top_10_neighbor_indices	10	10	True	True	19
1l63A	I17A	16	top_5_neighbor_indices	5	5	True	True	9
1l63A	I17A	16	top_15_closest_neighbor_indices	15	15	True	True	0
1l63A	I17A	16	top_10_closest_neighbor_indices	10	10	True	True	0
1l63A	I17A	16	w_n_log_prob	15x21	15x21	True	True	5.8417473
1l63A	I17A	16	m_n_log_prob	15x21	15x21	True	True	5.8898654
1l63A	I17A	16	neighbor_aa_identities	list[15]	list[15]	True	not_numeric	NA
1l63A	I17A	16	neighbor_w_message_vector_coming_from_center	15x128	15x128	True	True	0.38747925
1l63A	I17A	16	neighbor_m_message_vector_coming_from_center	15x128	15x128	True	True	0.29834104
1l63A	I17A	16	neighbor_w_neighbor_embedding	15x128	15x128	True	True	1.9783043
1l63A	I17A	16	neighbor_m_neighbor_embedding	15x128	15x128	True	True	1.9548414
1l63A	D20A	19	log_prob	1x162x21	1x162x21	True	True	3.4950111
1l63A	D20A	19	top_15_attention_weights	15	15	True	True	0.076039374
1l63A	D20A	19	top_10_attention_weights	10	10	True	True	0.076039374
1l63A	D20A	19	top_5_attention_weights	5	5	True	True	0.049972355
1l63A	D20A	19	top_15_neighbor_indices	15	15	True	True	110
1l63A	D20A	19	top_10_neighbor_indices	10	10	True	True	70
1l63A	D20A	19	top_5_neighbor_indices	5	5	True	True	0
1l63A	D20A	19	top_15_closest_neighbor_indices	15	15	True	True	0
1l63A	D20A	19	top_10_closest_neighbor_indices	10	10	True	True	0
1l63A	D20A	19	w_n_log_prob	15x21	15x21	True	True	5.4831772
1l63A	D20A	19	m_n_log_prob	15x21	15x21	True	True	5.4768143
1l63A	D20A	19	neighbor_aa_identities	list[15]	list[15]	True	not_numeric	NA
1l63A	D20A	19	neighbor_w_message_vector_coming_from_center	15x128	15x128	True	True	0.18621393
1l63A	D20A	19	neighbor_m_message_vector_coming_from_center	15x128	15x128	True	True	0.081367264
1l63A	D20A	19	neighbor_w_neighbor_embedding	15x128	15x128	True	True	1.8106961
1l63A	D20A	19	neighbor_m_neighbor_embedding	15x128	15x128	True	True	1.7454152
1l63A	D20N	19	log_prob	1x162x21	1x162x21	True	True	3.1073873
1l63A	D20N	19	top_15_attention_weights	15	15	True	True	0.054483831
1l63A	D20N	19	top_10_attention_weights	10	10	True	True	0.054483831
1l63A	D20N	19	top_5_attention_weights	5	5	True	True	0.054483831
1l63A	D20N	19	top_15_neighbor_indices	15	15	True	True	110
1l63A	D20N	19	top_10_neighbor_indices	10	10	True	True	14
1l63A	D20N	19	top_5_neighbor_indices	5	5	True	True	3
1l63A	D20N	19	top_15_closest_neighbor_indices	15	15	True	True	0
1l63A	D20N	19	top_10_closest_neighbor_indices	10	10	True	True	0
1l63A	D20N	19	w_n_log_prob	15x21	15x21	True	True	5.4933076
1l63A	D20N	19	m_n_log_prob	15x21	15x21	True	True	5.4157634
1l63A	D20N	19	neighbor_aa_identities	list[15]	list[15]	True	not_numeric	NA
1l63A	D20N	19	neighbor_w_message_vector_coming_from_center	15x128	15x128	True	True	0.87504692
1l63A	D20N	19	neighbor_m_message_vector_coming_from_center	15x128	15x128	True	True	0.81882502
1l63A	D20N	19	neighbor_w_neighbor_embedding	15x128	15x128	True	True	1.4006879
1l63A	D20N	19	neighbor_m_neighbor_embedding	15x128	15x128	True	True	1.4335725
1l63A	D20S	19	log_prob	1x162x21	1x162x21	True	True	3.5852354
1l63A	D20S	19	top_15_attention_weights	15	15	True	True	0.071167797
1l63A	D20S	19	top_10_attention_weights	10	10	True	True	0.071167797
1l63A	D20S	19	top_5_attention_weights	5	5	True	True	0.057648242
1l63A	D20S	19	top_15_neighbor_indices	15	15	True	True	133
1l63A	D20S	19	top_10_neighbor_indices	10	10	True	True	3
1l63A	D20S	19	top_5_neighbor_indices	5	5	True	True	3
1l63A	D20S	19	top_15_closest_neighbor_indices	15	15	True	True	0
1l63A	D20S	19	top_10_closest_neighbor_indices	10	10	True	True	0
1l63A	D20S	19	w_n_log_prob	15x21	15x21	True	True	5.6498079
1l63A	D20S	19	m_n_log_prob	15x21	15x21	True	True	5.4445782
1l63A	D20S	19	neighbor_aa_identities	list[15]	list[15]	True	not_numeric	NA
1l63A	D20S	19	neighbor_w_message_vector_coming_from_center	15x128	15x128	True	True	0.86706038
1l63A	D20S	19	neighbor_m_message_vector_coming_from_center	15x128	15x128	True	True	0.37562837
1l63A	D20S	19	neighbor_w_neighbor_embedding	15x128	15x128	True	True	1.9271138
1l63A	D20S	19	neighbor_m_neighbor_embedding	15x128	15x128	True	True	1.8722782
1l63A	I27A	26	log_prob	1x162x21	1x162x21	True	True	3.1011963
1l63A	I27A	26	top_15_attention_weights	15	15	True	True	0.045444906
1l63A	I27A	26	top_10_attention_weights	10	10	True	True	0.038677156
1l63A	I27A	26	top_5_attention_weights	5	5	True	True	0.0061838031
1l63A	I27A	26	top_15_neighbor_indices	15	15	True	True	42
1l63A	I27A	26	top_10_neighbor_indices	10	10	True	True	29
1l63A	I27A	26	top_5_neighbor_indices	5	5	True	True	29
1l63A	I27A	26	top_15_closest_neighbor_indices	15	15	True	True	0
1l63A	I27A	26	top_10_closest_neighbor_indices	10	10	True	True	0
1l63A	I27A	26	w_n_log_prob	15x21	15x21	True	True	8.3582325
1l63A	I27A	26	m_n_log_prob	15x21	15x21	True	True	8.1458902
1l63A	I27A	26	neighbor_aa_identities	list[15]	list[15]	True	not_numeric	NA
1l63A	I27A	26	neighbor_w_message_vector_coming_from_center	15x128	15x128	True	True	0.47012877
1l63A	I27A	26	neighbor_m_message_vector_coming_from_center	15x128	15x128	True	True	0.49711969
1l63A	I27A	26	neighbor_w_neighbor_embedding	15x128	15x128	True	True	2.1869707
1l63A	I27A	26	neighbor_m_neighbor_embedding	15x128	15x128	True	True	2.2477121
1l63A	I27M	26	log_prob	1x162x21	1x162x21	True	True	2.8983865
1l63A	I27M	26	top_15_attention_weights	15	15	True	True	0.036724687
1l63A	I27M	26	top_10_attention_weights	10	10	True	True	0.036724687
1l63A	I27M	26	top_5_attention_weights	5	5	True	True	0.036724687
1l63A	I27M	26	top_15_neighbor_indices	15	15	True	True	13
1l63A	I27M	26	top_10_neighbor_indices	10	10	True	True	13
1l63A	I27M	26	top_5_neighbor_indices	5	5	True	True	0
1l63A	I27M	26	top_15_closest_neighbor_indices	15	15	True	True	0
1l63A	I27M	26	top_10_closest_neighbor_indices	10	10	True	True	0
1l63A	I27M	26	w_n_log_prob	15x21	15x21	True	True	5.4553108
1l63A	I27M	26	m_n_log_prob	15x21	15x21	True	True	5.5130696
1l63A	I27M	26	neighbor_aa_identities	list[15]	list[15]	True	not_numeric	NA
1l63A	I27M	26	neighbor_w_message_vector_coming_from_center	15x128	15x128	True	True	0.51884043
1l63A	I27M	26	neighbor_m_message_vector_coming_from_center	15x128	15x128	True	True	0.43419221
1l63A	I27M	26	neighbor_w_neighbor_embedding	15x128	15x128	True	True	1.8138304
1l63A	I27M	26	neighbor_m_neighbor_embedding	15x128	15x128	True	True	1.8131841
1l63A	I29A	28	log_prob	1x162x21	1x162x21	True	True	2.8776765
1l63A	I29A	28	top_15_attention_weights	15	15	True	True	0.073879838
1l63A	I29A	28	top_10_attention_weights	10	10	True	True	0.073879838
1l63A	I29A	28	top_5_attention_weights	5	5	True	True	0.073879838
1l63A	I29A	28	top_15_neighbor_indices	15	15	True	True	56
1l63A	I29A	28	top_10_neighbor_indices	10	10	True	True	32
1l63A	I29A	28	top_5_neighbor_indices	5	5	True	True	0
1l63A	I29A	28	top_15_closest_neighbor_indices	15	15	True	True	0
1l63A	I29A	28	top_10_closest_neighbor_indices	10	10	True	True	0
1l63A	I29A	28	w_n_log_prob	15x21	15x21	True	True	6.4476209
1l63A	I29A	28	m_n_log_prob	15x21	15x21	True	True	6.3534594
1l63A	I29A	28	neighbor_aa_identities	list[15]	list[15]	True	not_numeric	NA
1l63A	I29A	28	neighbor_w_message_vector_coming_from_center	15x128	15x128	True	True	0.57260901
1l63A	I29A	28	neighbor_m_message_vector_coming_from_center	15x128	15x128	True	True	0.62306595
1l63A	I29A	28	neighbor_w_neighbor_embedding	15x128	15x128	True	True	1.9533002
1l63A	I29A	28	neighbor_m_neighbor_embedding	15x128	15x128	True	True	2.0688899
1l63A	S38N	37	log_prob	1x162x21	1x162x21	True	True	3.3514581
1l63A	S38N	37	top_15_attention_weights	15	15	True	True	0.097629368
1l63A	S38N	37	top_10_attention_weights	10	10	True	True	0.097629368
1l63A	S38N	37	top_5_attention_weights	5	5	True	True	0.097629368
1l63A	S38N	37	top_15_neighbor_indices	15	15	True	True	37
1l63A	S38N	37	top_10_neighbor_indices	10	10	True	True	37
1l63A	S38N	37	top_5_neighbor_indices	5	5	True	True	0
1l63A	S38N	37	top_15_closest_neighbor_indices	15	15	True	True	0
1l63A	S38N	37	top_10_closest_neighbor_indices	10	10	True	True	0
1l63A	S38N	37	w_n_log_prob	15x21	15x21	True	True	5.7309127
1l63A	S38N	37	m_n_log_prob	15x21	15x21	True	True	5.7229424
1l63A	S38N	37	neighbor_aa_identities	list[15]	list[15]	True	not_numeric	NA
1l63A	S38N	37	neighbor_w_message_vector_coming_from_center	15x128	15x128	True	True	0.10096456
1l63A	S38N	37	neighbor_m_message_vector_coming_from_center	15x128	15x128	True	True	0.10412426
1l63A	S38N	37	neighbor_w_neighbor_embedding	15x128	15x128	True	True	2.202527
1l63A	S38N	37	neighbor_m_neighbor_embedding	15x128	15x128	True	True	2.2323096
1l63A	A41S	40	log_prob	1x162x21	1x162x21	True	True	3.4113328
1l63A	A41S	40	top_15_attention_weights	15	15	True	True	0.068076402
1l63A	A41S	40	top_10_attention_weights	10	10	True	True	0.068076402
1l63A	A41S	40	top_5_attention_weights	5	5	True	True	0.068076402
1l63A	A41S	40	top_15_neighbor_indices	15	15	True	True	36
1l63A	A41S	40	top_10_neighbor_indices	10	10	True	True	14
1l63A	A41S	40	top_5_neighbor_indices	5	5	True	True	8
1l63A	A41S	40	top_15_closest_neighbor_indices	15	15	True	True	0
1l63A	A41S	40	top_10_closest_neighbor_indices	10	10	True	True	0
1l63A	A41S	40	w_n_log_prob	15x21	15x21	True	True	5.2834883
1l63A	A41S	40	m_n_log_prob	15x21	15x21	True	True	5.2456427
1l63A	A41S	40	neighbor_aa_identities	list[15]	list[15]	True	not_numeric	NA
1l63A	A41S	40	neighbor_w_message_vector_coming_from_center	15x128	15x128	True	True	0.2405905
1l63A	A41S	40	neighbor_m_message_vector_coming_from_center	15x128	15x128	True	True	0.3072066
1l63A	A41S	40	neighbor_w_neighbor_embedding	15x128	15x128	True	True	2.1130142
1l63A	A41S	40	neighbor_m_neighbor_embedding	15x128	15x128	True	True	1.9842269
1l63A	A42V	41	log_prob	1x162x21	1x162x21	True	True	2.8770986
1l63A	A42V	41	top_15_attention_weights	15	15	True	True	0.064906418
1l63A	A42V	41	top_10_attention_weights	10	10	True	True	0.064906418
1l63A	A42V	41	top_5_attention_weights	5	5	True	True	0.064906418
1l63A	A42V	41	top_15_neighbor_indices	15	15	True	True	26
1l63A	A42V	41	top_10_neighbor_indices	10	10	True	True	22
1l63A	A42V	41	top_5_neighbor_indices	5	5	True	True	22
1l63A	A42V	41	top_15_closest_neighbor_indices	15	15	True	True	0
1l63A	A42V	41	top_10_closest_neighbor_indices	10	10	True	True	0
1l63A	A42V	41	w_n_log_prob	15x21	15x21	True	True	5.1185093
1l63A	A42V	41	m_n_log_prob	15x21	15x21	True	True	5.2903175
1l63A	A42V	41	neighbor_aa_identities	list[15]	list[15]	True	not_numeric	NA
1l63A	A42V	41	neighbor_w_message_vector_coming_from_center	15x128	15x128	True	True	0.51318651
1l63A	A42V	41	neighbor_m_message_vector_coming_from_center	15x128	15x128	True	True	0.4386234
1l63A	A42V	41	neighbor_w_neighbor_embedding	15x128	15x128	True	True	1.8853354
1l63A	A42V	41	neighbor_m_neighbor_embedding	15x128	15x128	True	True	1.8223743
1l63A	A42S	41	log_prob	1x162x21	1x162x21	True	True	3.4574203
1l63A	A42S	41	top_15_attention_weights	15	15	True	True	0.042375565
1l63A	A42S	41	top_10_attention_weights	10	10	True	True	0.042375565
1l63A	A42S	41	top_5_attention_weights	5	5	True	True	0.042375565
1l63A	A42S	41	top_15_neighbor_indices	15	15	True	True	28
1l63A	A42S	41	top_10_neighbor_indices	10	10	True	True	11
1l63A	A42S	41	top_5_neighbor_indices	5	5	True	True	0
1l63A	A42S	41	top_15_closest_neighbor_indices	15	15	True	True	0
1l63A	A42S	41	top_10_closest_neighbor_indices	10	10	True	True	0
1l63A	A42S	41	w_n_log_prob	15x21	15x21	True	True	6.0039301
1l63A	A42S	41	m_n_log_prob	15x21	15x21	True	True	5.9423466
1l63A	A42S	41	neighbor_aa_identities	list[15]	list[15]	True	not_numeric	NA
1l63A	A42S	41	neighbor_w_message_vector_coming_from_center	15x128	15x128	True	True	0.50883967
1l63A	A42S	41	neighbor_m_message_vector_coming_from_center	15x128	15x128	True	True	0.46649471
1l63A	A42S	41	neighbor_w_neighbor_embedding	15x128	15x128	True	True	2.044518
1l63A	A42S	41	neighbor_m_neighbor_embedding	15x128	15x128	True	True	1.9920504
1l63A	K43A	42	log_prob	1x162x21	1x162x21	True	True	3.032475
1l63A	K43A	42	top_15_attention_weights	15	15	True	True	0.092618644
1l63A	K43A	42	top_10_attention_weights	10	10	True	True	0.092618644
1l63A	K43A	42	top_5_attention_weights	5	5	True	True	0.077800095
1l63A	K43A	42	top_15_neighbor_indices	15	15	True	True	36
1l63A	K43A	42	top_10_neighbor_indices	10	10	True	True	36
1l63A	K43A	42	top_5_neighbor_indices	5	5	True	True	0
1l63A	K43A	42	top_15_closest_neighbor_indices	15	15	True	True	0
1l63A	K43A	42	top_10_closest_neighbor_indices	10	10	True	True	0
1l63A	K43A	42	w_n_log_prob	15x21	15x21	True	True	5.511363
1l63A	K43A	42	m_n_log_prob	15x21	15x21	True	True	5.5251064
1l63A	K43A	42	neighbor_aa_identities	list[15]	list[15]	True	not_numeric	NA
1l63A	K43A	42	neighbor_w_message_vector_coming_from_center	15x128	15x128	True	True	0.48338245
1l63A	K43A	42	neighbor_m_message_vector_coming_from_center	15x128	15x128	True	True	0.35897144
1l63A	K43A	42	neighbor_w_neighbor_embedding	15x128	15x128	True	True	1.8468635
1l63A	K43A	42	neighbor_m_neighbor_embedding	15x128	15x128	True	True	1.739441
1l63A	S44A	43	log_prob	1x162x21	1x162x21	True	True	3.0688419
1l63A	S44A	43	top_15_attention_weights	15	15	True	True	0.12548518
1l63A	S44A	43	top_10_attention_weights	10	10	True	True	0.12548518
1l63A	S44A	43	top_5_attention_weights	5	5	True	True	0.12548518
1l63A	S44A	43	top_15_neighbor_indices	15	15	True	True	23
1l63A	S44A	43	top_10_neighbor_indices	10	10	True	True	17
1l63A	S44A	43	top_5_neighbor_indices	5	5	True	True	6
1l63A	S44A	43	top_15_closest_neighbor_indices	15	15	True	True	0
1l63A	S44A	43	top_10_closest_neighbor_indices	10	10	True	True	0
1l63A	S44A	43	w_n_log_prob	15x21	15x21	True	True	5.2803111
1l63A	S44A	43	m_n_log_prob	15x21	15x21	True	True	5.295764
1l63A	S44A	43	neighbor_aa_identities	list[15]	list[15]	True	not_numeric	NA
1l63A	S44A	43	neighbor_w_message_vector_coming_from_center	15x128	15x128	True	True	0.3269328
1l63A	S44A	43	neighbor_m_message_vector_coming_from_center	15x128	15x128	True	True	0.25988242
1l63A	S44A	43	neighbor_w_neighbor_embedding	15x128	15x128	True	True	2.0773914
1l63A	S44A	43	neighbor_m_neighbor_embedding	15x128	15x128	True	True	2.061362
1l63A	S44I	43	log_prob	1x162x21	1x162x21	True	True	3.2215953
1l63A	S44I	43	top_15_attention_weights	15	15	True	True	0.19420183
1l63A	S44I	43	top_10_attention_weights	10	10	True	True	0.19420183
1l63A	S44I	43	top_5_attention_weights	5	5	True	True	0.19420183
1l63A	S44I	43	top_15_neighbor_indices	15	15	True	True	39
1l63A	S44I	43	top_10_neighbor_indices	10	10	True	True	17
1l63A	S44I	43	top_5_neighbor_indices	5	5	True	True	0
1l63A	S44I	43	top_15_closest_neighbor_indices	15	15	True	True	0
1l63A	S44I	43	top_10_closest_neighbor_indices	10	10	True	True	0
1l63A	S44I	43	w_n_log_prob	15x21	15x21	True	True	5.0319614
1l63A	S44I	43	m_n_log_prob	15x21	15x21	True	True	5.1014009
1l63A	S44I	43	neighbor_aa_identities	list[15]	list[15]	True	not_numeric	NA
1l63A	S44I	43	neighbor_w_message_vector_coming_from_center	15x128	15x128	True	True	0.15099617
1l63A	S44I	43	neighbor_m_message_vector_coming_from_center	15x128	15x128	True	True	0.32480983
1l63A	S44I	43	neighbor_w_neighbor_embedding	15x128	15x128	True	True	1.8127036
1l63A	S44I	43	neighbor_m_neighbor_embedding	15x128	15x128	True	True	1.8665268
1l63A	S44L	43	log_prob	1x162x21	1x162x21	True	True	2.7315841
1l63A	S44L	43	top_15_attention_weights	15	15	True	True	0.13146389
1l63A	S44L	43	top_10_attention_weights	10	10	True	True	0.13146389
1l63A	S44L	43	top_5_attention_weights	5	5	True	True	0.13146389
1l63A	S44L	43	top_15_neighbor_indices	15	15	True	True	30
1l63A	S44L	43	top_10_neighbor_indices	10	10	True	True	12
1l63A	S44L	43	top_5_neighbor_indices	5	5	True	True	0
1l63A	S44L	43	top_15_closest_neighbor_indices	15	15	True	True	0
1l63A	S44L	43	top_10_closest_neighbor_indices	10	10	True	True	0
1l63A	S44L	43	w_n_log_prob	15x21	15x21	True	True	5.2902508
1l63A	S44L	43	m_n_log_prob	15x21	15x21	True	True	5.3033233
1l63A	S44L	43	neighbor_aa_identities	list[15]	list[15]	True	not_numeric	NA
1l63A	S44L	43	neighbor_w_message_vector_coming_from_center	15x128	15x128	True	True	0.14343466
1l63A	S44L	43	neighbor_m_message_vector_coming_from_center	15x128	15x128	True	True	0.25051934
1l63A	S44L	43	neighbor_w_neighbor_embedding	15x128	15x128	True	True	1.9604324
1l63A	S44L	43	neighbor_m_neighbor_embedding	15x128	15x128	True	True	1.9271896
1l63A	S44K	43	log_prob	1x162x21	1x162x21	True	True	3.9440005
1l63A	S44K	43	top_15_attention_weights	15	15	True	True	0.059004307
1l63A	S44K	43	top_10_attention_weights	10	10	True	True	0.059004307
1l63A	S44K	43	top_5_attention_weights	5	5	True	True	0.046717286
1l63A	S44K	43	top_15_neighbor_indices	15	15	True	True	46
1l63A	S44K	43	top_10_neighbor_indices	10	10	True	True	17
1l63A	S44K	43	top_5_neighbor_indices	5	5	True	True	6
1l63A	S44K	43	top_15_closest_neighbor_indices	15	15	True	True	0
1l63A	S44K	43	top_10_closest_neighbor_indices	10	10	True	True	0
1l63A	S44K	43	w_n_log_prob	15x21	15x21	True	True	5.4711499
1l63A	S44K	43	m_n_log_prob	15x21	15x21	True	True	5.487884
1l63A	S44K	43	neighbor_aa_identities	list[15]	list[15]	True	not_numeric	NA
1l63A	S44K	43	neighbor_w_message_vector_coming_from_center	15x128	15x128	True	True	0.30090082
1l63A	S44K	43	neighbor_m_message_vector_coming_from_center	15x128	15x128	True	True	0.40762475
1l63A	S44K	43	neighbor_w_neighbor_embedding	15x128	15x128	True	True	1.7513809
1l63A	S44K	43	neighbor_m_neighbor_embedding	15x128	15x128	True	True	1.7357655
1l63A	S44E	43	log_prob	1x162x21	1x162x21	True	True	2.9900701
1l63A	S44E	43	top_15_attention_weights	15	15	True	True	0.13974857
1l63A	S44E	43	top_10_attention_weights	10	10	True	True	0.13974857
1l63A	S44E	43	top_5_attention_weights	5	5	True	True	0.13974857
1l63A	S44E	43	top_15_neighbor_indices	15	15	True	True	39
1l63A	S44E	43	top_10_neighbor_indices	10	10	True	True	10
1l63A	S44E	43	top_5_neighbor_indices	5	5	True	True	5
1l63A	S44E	43	top_15_closest_neighbor_indices	15	15	True	True	0
1l63A	S44E	43	top_10_closest_neighbor_indices	10	10	True	True	0
1l63A	S44E	43	w_n_log_prob	15x21	15x21	True	True	5.3097572
1l63A	S44E	43	m_n_log_prob	15x21	15x21	True	True	5.3251801
1l63A	S44E	43	neighbor_aa_identities	list[15]	list[15]	True	not_numeric	NA
1l63A	S44E	43	neighbor_w_message_vector_coming_from_center	15x128	15x128	True	True	0.14375045
1l63A	S44E	43	neighbor_m_message_vector_coming_from_center	15x128	15x128	True	True	0.29527552
1l63A	S44E	43	neighbor_w_neighbor_embedding	15x128	15x128	True	True	1.899201
1l63A	S44E	43	neighbor_m_neighbor_embedding	15x128	15x128	True	True	1.9146683
1l63A	S44G	43	log_prob	1x162x21	1x162x21	True	True	3.6417668
1l63A	S44G	43	top_15_attention_weights	15	15	True	True	0.13848332
1l63A	S44G	43	top_10_attention_weights	10	10	True	True	0.13848332
1l63A	S44G	43	top_5_attention_weights	5	5	True	True	0.13848332
1l63A	S44G	43	top_15_neighbor_indices	15	15	True	True	30
1l63A	S44G	43	top_10_neighbor_indices	10	10	True	True	17
1l63A	S44G	43	top_5_neighbor_indices	5	5	True	True	9
1l63A	S44G	43	top_15_closest_neighbor_indices	15	15	True	True	0
1l63A	S44G	43	top_10_closest_neighbor_indices	10	10	True	True	0
1l63A	S44G	43	w_n_log_prob	15x21	15x21	True	True	5.2345834
1l63A	S44G	43	m_n_log_prob	15x21	15x21	True	True	5.2381806
1l63A	S44G	43	neighbor_aa_identities	list[15]	list[15]	True	not_numeric	NA
1l63A	S44G	43	neighbor_w_message_vector_coming_from_center	15x128	15x128	True	True	0.19733277
1l63A	S44G	43	neighbor_m_message_vector_coming_from_center	15x128	15x128	True	True	0.10891724
1l63A	S44G	43	neighbor_w_neighbor_embedding	15x128	15x128	True	True	1.9555106
1l63A	S44G	43	neighbor_m_neighbor_embedding	15x128	15x128	True	True	1.9655237
1l63A	S44R	43	log_prob	1x162x21	1x162x21	True	True	3.2167451
1l63A	S44R	43	top_15_attention_weights	15	15	True	True	0.085867882
1l63A	S44R	43	top_10_attention_weights	10	10	True	True	0.085867882
1l63A	S44R	43	top_5_attention_weights	5	5	True	True	0.085867882
1l63A	S44R	43	top_15_neighbor_indices	15	15	True	True	16
1l63A	S44R	43	top_10_neighbor_indices	10	10	True	True	16
1l63A	S44R	43	top_5_neighbor_indices	5	5	True	True	5
1l63A	S44R	43	top_15_closest_neighbor_indices	15	15	True	True	0
1l63A	S44R	43	top_10_closest_neighbor_indices	10	10	True	True	0
1l63A	S44R	43	w_n_log_prob	15x21	15x21	True	True	5.1778922
1l63A	S44R	43	m_n_log_prob	15x21	15x21	True	True	5.1441817
1l63A	S44R	43	neighbor_aa_identities	list[15]	list[15]	True	not_numeric	NA
1l63A	S44R	43	neighbor_w_message_vector_coming_from_center	15x128	15x128	True	True	0.32712259
1l63A	S44R	43	neighbor_m_message_vector_coming_from_center	15x128	15x128	True	True	0.3798369
1l63A	S44R	43	neighbor_w_neighbor_embedding	15x128	15x128	True	True	1.737781
1l63A	S44R	43	neighbor_m_neighbor_embedding	15x128	15x128	True	True	1.7223425
1l63A	S44N	43	log_prob	1x162x21	1x162x21	True	True	2.6099524
1l63A	S44N	43	top_15_attention_weights	15	15	True	True	0.06877777
1l63A	S44N	43	top_10_attention_weights	10	10	True	True	0.06877777
1l63A	S44N	43	top_5_attention_weights	5	5	True	True	0.057227969
1l63A	S44N	43	top_15_neighbor_indices	15	15	True	True	49
1l63A	S44N	43	top_10_neighbor_indices	10	10	True	True	16
1l63A	S44N	43	top_5_neighbor_indices	5	5	True	True	5
1l63A	S44N	43	top_15_closest_neighbor_indices	15	15	True	True	0
1l63A	S44N	43	top_10_closest_neighbor_indices	10	10	True	True	0
1l63A	S44N	43	w_n_log_prob	15x21	15x21	True	True	3.8116264
1l63A	S44N	43	m_n_log_prob	15x21	15x21	True	True	3.6841254
1l63A	S44N	43	neighbor_aa_identities	list[15]	list[15]	True	not_numeric	NA
1l63A	S44N	43	neighbor_w_message_vector_coming_from_center	15x128	15x128	True	True	0.30001442
1l63A	S44N	43	neighbor_m_message_vector_coming_from_center	15x128	15x128	True	True	0.36076315
1l63A	S44N	43	neighbor_w_neighbor_embedding	15x128	15x128	True	True	1.7233734
1l63A	S44N	43	neighbor_m_neighbor_embedding	15x128	15x128	True	True	1.7290742
1l63A	S44F	43	log_prob	1x162x21	1x162x21	True	True	3.394577
1l63A	S44F	43	top_15_attention_weights	15	15	True	True	0.17289597
1l63A	S44F	43	top_10_attention_weights	10	10	True	True	0.17289597
1l63A	S44F	43	top_5_attention_weights	5	5	True	True	0.17289597
1l63A	S44F	43	top_15_neighbor_indices	15	15	True	True	30
1l63A	S44F	43	top_10_neighbor_indices	10	10	True	True	30
1l63A	S44F	43	top_5_neighbor_indices	5	5	True	True	11
1l63A	S44F	43	top_15_closest_neighbor_indices	15	15	True	True	0
1l63A	S44F	43	top_10_closest_neighbor_indices	10	10	True	True	0
1l63A	S44F	43	w_n_log_prob	15x21	15x21	True	True	5.309484
1l63A	S44F	43	m_n_log_prob	15x21	15x21	True	True	5.221612
1l63A	S44F	43	neighbor_aa_identities	list[15]	list[15]	True	not_numeric	NA
1l63A	S44F	43	neighbor_w_message_vector_coming_from_center	15x128	15x128	True	True	0.14710637
1l63A	S44F	43	neighbor_m_message_vector_coming_from_center	15x128	15x128	True	True	0.30636138
1l63A	S44F	43	neighbor_w_neighbor_embedding	15x128	15x128	True	True	2.0584283
1l63A	S44F	43	neighbor_m_neighbor_embedding	15x128	15x128	True	True	2.0166373
1l63A	S44P	43	log_prob	1x162x21	1x162x21	True	True	2.9322429
1l63A	S44P	43	top_15_attention_weights	15	15	True	True	0.12827325
1l63A	S44P	43	top_10_attention_weights	10	10	True	True	0.12827325
1l63A	S44P	43	top_5_attention_weights	5	5	True	True	0.12827325
1l63A	S44P	43	top_15_neighbor_indices	15	15	True	True	25
1l63A	S44P	43	top_10_neighbor_indices	10	10	True	True	11
1l63A	S44P	43	top_5_neighbor_indices	5	5	True	True	11
1l63A	S44P	43	top_15_closest_neighbor_indices	15	15	True	True	0
1l63A	S44P	43	top_10_closest_neighbor_indices	10	10	True	True	0
1l63A	S44P	43	w_n_log_prob	15x21	15x21	True	True	5.4425602
1l63A	S44P	43	m_n_log_prob	15x21	15x21	True	True	5.4530683
1l63A	S44P	43	neighbor_aa_identities	list[15]	list[15]	True	not_numeric	NA
1l63A	S44P	43	neighbor_w_message_vector_coming_from_center	15x128	15x128	True	True	0.16532644
1l63A	S44P	43	neighbor_m_message_vector_coming_from_center	15x128	15x128	True	True	0.18616067
1l63A	S44P	43	neighbor_w_neighbor_embedding	15x128	15x128	True	True	1.9813764
1l63A	S44P	43	neighbor_m_neighbor_embedding	15x128	15x128	True	True	2.068882
1l63A	S44T	43	log_prob	1x162x21	1x162x21	True	True	2.2949209
1l63A	S44T	43	top_15_attention_weights	15	15	True	True	0.073049486
1l63A	S44T	43	top_10_attention_weights	10	10	True	True	0.073049486
1l63A	S44T	43	top_5_attention_weights	5	5	True	True	0.073049486
1l63A	S44T	43	top_15_neighbor_indices	15	15	True	True	30
1l63A	S44T	43	top_10_neighbor_indices	10	10	True	True	7
1l63A	S44T	43	top_5_neighbor_indices	5	5	True	True	5
1l63A	S44T	43	top_15_closest_neighbor_indices	15	15	True	True	0
1l63A	S44T	43	top_10_closest_neighbor_indices	10	10	True	True	0
1l63A	S44T	43	w_n_log_prob	15x21	15x21	True	True	5.7366166
1l63A	S44T	43	m_n_log_prob	15x21	15x21	True	True	5.7884231
1l63A	S44T	43	neighbor_aa_identities	list[15]	list[15]	True	not_numeric	NA
1l63A	S44T	43	neighbor_w_message_vector_coming_from_center	15x128	15x128	True	True	0.16328191
1l63A	S44T	43	neighbor_m_message_vector_coming_from_center	15x128	15x128	True	True	0.14379552
1l63A	S44T	43	neighbor_w_neighbor_embedding	15x128	15x128	True	True	2.2091696
1l63A	S44T	43	neighbor_m_neighbor_embedding	15x128	15x128	True	True	2.2582622
1l63A	S44V	43	log_prob	1x162x21	1x162x21	True	True	3.2876954
1l63A	S44V	43	top_15_attention_weights	15	15	True	True	0.1015794
1l63A	S44V	43	top_10_attention_weights	10	10	True	True	0.1015794
1l63A	S44V	43	top_5_attention_weights	5	5	True	True	0.1015794
1l63A	S44V	43	top_15_neighbor_indices	15	15	True	True	49
1l63A	S44V	43	top_10_neighbor_indices	10	10	True	True	30
1l63A	S44V	43	top_5_neighbor_indices	5	5	True	True	5
1l63A	S44V	43	top_15_closest_neighbor_indices	15	15	True	True	0
1l63A	S44V	43	top_10_closest_neighbor_indices	10	10	True	True	0
1l63A	S44V	43	w_n_log_prob	15x21	15x21	True	True	5.2441182
1l63A	S44V	43	m_n_log_prob	15x21	15x21	True	True	5.2419438
1l63A	S44V	43	neighbor_aa_identities	list[15]	list[15]	True	not_numeric	NA
1l63A	S44V	43	neighbor_w_message_vector_coming_from_center	15x128	15x128	True	True	0.31451415
1l63A	S44V	43	neighbor_m_message_vector_coming_from_center	15x128	15x128	True	True	0.33309086
1l63A	S44V	43	neighbor_w_neighbor_embedding	15x128	15x128	True	True	1.915936
1l63A	S44V	43	neighbor_m_neighbor_embedding	15x128	15x128	True	True	1.9273329
1l63A	L46A	45	log_prob	1x162x21	1x162x21	True	True	3.3051913
1l63A	L46A	45	top_15_attention_weights	15	15	True	True	0.25583851
1l63A	L46A	45	top_10_attention_weights	10	10	True	True	0.25583851
1l63A	L46A	45	top_5_attention_weights	5	5	True	True	0.25583851
1l63A	L46A	45	top_15_neighbor_indices	15	15	True	True	39
1l63A	L46A	45	top_10_neighbor_indices	10	10	True	True	39
1l63A	L46A	45	top_5_neighbor_indices	5	5	True	True	39
1l63A	L46A	45	top_15_closest_neighbor_indices	15	15	True	True	0
1l63A	L46A	45	top_10_closest_neighbor_indices	10	10	True	True	0
1l63A	L46A	45	w_n_log_prob	15x21	15x21	True	True	5.8719101
1l63A	L46A	45	m_n_log_prob	15x21	15x21	True	True	5.5372944
1l63A	L46A	45	neighbor_aa_identities	list[15]	list[15]	True	not_numeric	NA
1l63A	L46A	45	neighbor_w_message_vector_coming_from_center	15x128	15x128	True	True	0.20708717
1l63A	L46A	45	neighbor_m_message_vector_coming_from_center	15x128	15x128	True	True	0.42638859
1l63A	L46A	45	neighbor_w_neighbor_embedding	15x128	15x128	True	True	2.0298092
1l63A	L46A	45	neighbor_m_neighbor_embedding	15x128	15x128	True	True	2.0160737
1l63A	D47A	46	log_prob	1x162x21	1x162x21	True	True	3.7678957
1l63A	D47A	46	top_15_attention_weights	15	15	True	True	0.091498077
1l63A	D47A	46	top_10_attention_weights	10	10	True	True	0.091498077
1l63A	D47A	46	top_5_attention_weights	5	5	True	True	0.091498077
1l63A	D47A	46	top_15_neighbor_indices	15	15	True	True	11
1l63A	D47A	46	top_10_neighbor_indices	10	10	True	True	11
1l63A	D47A	46	top_5_neighbor_indices	5	5	True	True	2
1l63A	D47A	46	top_15_closest_neighbor_indices	15	15	True	True	0
1l63A	D47A	46	top_10_closest_neighbor_indices	10	10	True	True	0
1l63A	D47A	46	w_n_log_prob	15x21	15x21	True	True	5.1464186
1l63A	D47A	46	m_n_log_prob	15x21	15x21	True	True	5.1482992
1l63A	D47A	46	neighbor_aa_identities	list[15]	list[15]	True	not_numeric	NA
1l63A	D47A	46	neighbor_w_message_vector_coming_from_center	15x128	15x128	True	True	0.91869479
1l63A	D47A	46	neighbor_m_message_vector_coming_from_center	15x128	15x128	True	True	0.21726225
1l63A	D47A	46	neighbor_w_neighbor_embedding	15x128	15x128	True	True	1.6115665
1l63A	D47A	46	neighbor_m_neighbor_embedding	15x128	15x128	True	True	1.5885458
1l63A	A49S	48	log_prob	1x162x21	1x162x21	True	True	2.8932238
1l63A	A49S	48	top_15_attention_weights	15	15	True	True	0.08406885
1l63A	A49S	48	top_10_attention_weights	10	10	True	True	0.069384396
1l63A	A49S	48	top_5_attention_weights	5	5	True	True	0.069384396
1l63A	A49S	48	top_15_neighbor_indices	15	15	True	True	38
1l63A	A49S	48	top_10_neighbor_indices	10	10	True	True	14
1l63A	A49S	48	top_5_neighbor_indices	5	5	True	True	14
1l63A	A49S	48	top_15_closest_neighbor_indices	15	15	True	True	0
1l63A	A49S	48	top_10_closest_neighbor_indices	10	10	True	True	0
1l63A	A49S	48	w_n_log_prob	15x21	15x21	True	True	5.2330389
1l63A	A49S	48	m_n_log_prob	15x21	15x21	True	True	5.0101156
1l63A	A49S	48	neighbor_aa_identities	list[15]	list[15]	True	not_numeric	NA
1l63A	A49S	48	neighbor_w_message_vector_coming_from_center	15x128	15x128	True	True	0.20645873
1l63A	A49S	48	neighbor_m_message_vector_coming_from_center	15x128	15x128	True	True	0.1859991
1l63A	A49S	48	neighbor_w_neighbor_embedding	15x128	15x128	True	True	2.064188
1l63A	A49S	48	neighbor_m_neighbor_embedding	15x128	15x128	True	True	2.0670586
1l63A	I50A	49	log_prob	1x162x21	1x162x21	True	True	3.8760548
1l63A	I50A	49	top_15_attention_weights	15	15	True	True	0.075475216
1l63A	I50A	49	top_10_attention_weights	10	10	True	True	0.075475216
1l63A	I50A	49	top_5_attention_weights	5	5	True	True	0.075475216
1l63A	I50A	49	top_15_neighbor_indices	15	15	True	True	21
1l63A	I50A	49	top_10_neighbor_indices	10	10	True	True	17
1l63A	I50A	49	top_5_neighbor_indices	5	5	True	True	12
1l63A	I50A	49	top_15_closest_neighbor_indices	15	15	True	True	0
1l63A	I50A	49	top_10_closest_neighbor_indices	10	10	True	True	0
1l63A	I50A	49	w_n_log_prob	15x21	15x21	True	True	7.3354611
1l63A	I50A	49	m_n_log_prob	15x21	15x21	True	True	7.4320254
1l63A	I50A	49	neighbor_aa_identities	list[15]	list[15]	True	not_numeric	NA
1l63A	I50A	49	neighbor_w_message_vector_coming_from_center	15x128	15x128	True	True	0.64647991
1l63A	I50A	49	neighbor_m_message_vector_coming_from_center	15x128	15x128	True	True	0.76183912
1l63A	I50A	49	neighbor_w_neighbor_embedding	15x128	15x128	True	True	2.5386639
1l63A	I50A	49	neighbor_m_neighbor_embedding	15x128	15x128	True	True	2.4587379
1l63A	I50M	49	log_prob	1x162x21	1x162x21	True	True	2.8194225
1l63A	I50M	49	top_15_attention_weights	15	15	True	True	0.075070232
1l63A	I50M	49	top_10_attention_weights	10	10	True	True	0.02648598
1l63A	I50M	49	top_5_attention_weights	5	5	True	True	0.02648598
1l63A	I50M	49	top_15_neighbor_indices	15	15	True	True	23
1l63A	I50M	49	top_10_neighbor_indices	10	10	True	True	15
1l63A	I50M	49	top_5_neighbor_indices	5	5	True	True	15
1l63A	I50M	49	top_15_closest_neighbor_indices	15	15	True	True	0
1l63A	I50M	49	top_10_closest_neighbor_indices	10	10	True	True	0
1l63A	I50M	49	w_n_log_prob	15x21	15x21	True	True	5.603332
1l63A	I50M	49	m_n_log_prob	15x21	15x21	True	True	5.8435607
1l63A	I50M	49	neighbor_aa_identities	list[15]	list[15]	True	not_numeric	NA
1l63A	I50M	49	neighbor_w_message_vector_coming_from_center	15x128	15x128	True	True	0.95085686
1l63A	I50M	49	neighbor_m_message_vector_coming_from_center	15x128	15x128	True	True	0.66673243
1l63A	I50M	49	neighbor_w_neighbor_embedding	15x128	15x128	True	True	2.4734042
1l63A	I50M	49	neighbor_m_neighbor_embedding	15x128	15x128	True	True	2.2432427
1l63A	I58A	57	log_prob	1x162x21	1x162x21	True	True	3.7064421
1l63A	I58A	57	top_15_attention_weights	15	15	True	True	0.070820928
1l63A	I58A	57	top_10_attention_weights	10	10	True	True	0.070820928
1l63A	I58A	57	top_5_attention_weights	5	5	True	True	0.070820928
1l63A	I58A	57	top_15_neighbor_indices	15	15	True	True	31
1l63A	I58A	57	top_10_neighbor_indices	10	10	True	True	31
1l63A	I58A	57	top_5_neighbor_indices	5	5	True	True	31
1l63A	I58A	57	top_15_closest_neighbor_indices	15	15	True	True	0
1l63A	I58A	57	top_10_closest_neighbor_indices	10	10	True	True	0
1l63A	I58A	57	w_n_log_prob	15x21	15x21	True	True	5.2693019
1l63A	I58A	57	m_n_log_prob	15x21	15x21	True	True	5.2423234
1l63A	I58A	57	neighbor_aa_identities	list[15]	list[15]	True	not_numeric	NA
1l63A	I58A	57	neighbor_w_message_vector_coming_from_center	15x128	15x128	True	True	0.25093195
1l63A	I58A	57	neighbor_m_message_vector_coming_from_center	15x128	15x128	True	True	0.44284382
1l63A	I58A	57	neighbor_w_neighbor_embedding	15x128	15x128	True	True	2.6422896
1l63A	I58A	57	neighbor_m_neighbor_embedding	15x128	15x128	True	True	2.5165405
1l63A	I58T	57	log_prob	1x162x21	1x162x21	True	True	2.4894204
1l63A	I58T	57	top_15_attention_weights	15	15	True	True	0.039090753
1l63A	I58T	57	top_10_attention_weights	10	10	True	True	0.023903906
1l63A	I58T	57	top_5_attention_weights	5	5	True	True	0.023903906
1l63A	I58T	57	top_15_neighbor_indices	15	15	True	True	29
1l63A	I58T	57	top_10_neighbor_indices	10	10	True	True	29
1l63A	I58T	57	top_5_neighbor_indices	5	5	True	True	29
1l63A	I58T	57	top_15_closest_neighbor_indices	15	15	True	True	0
1l63A	I58T	57	top_10_closest_neighbor_indices	10	10	True	True	0
1l63A	I58T	57	w_n_log_prob	15x21	15x21	True	True	6.260469
1l63A	I58T	57	m_n_log_prob	15x21	15x21	True	True	6.4929185
1l63A	I58T	57	neighbor_aa_identities	list[15]	list[15]	True	not_numeric	NA
1l63A	I58T	57	neighbor_w_message_vector_coming_from_center	15x128	15x128	True	True	0.31456888
1l63A	I58T	57	neighbor_m_message_vector_coming_from_center	15x128	15x128	True	True	0.37731254
1l63A	I58T	57	neighbor_w_neighbor_embedding	15x128	15x128	True	True	2.0463679
1l63A	I58T	57	neighbor_m_neighbor_embedding	15x128	15x128	True	True	2.0668125
1l63A	T59A	58	log_prob	1x162x21	1x162x21	True	True	2.4419029
1l63A	T59A	58	top_15_attention_weights	15	15	True	True	0.068304777
1l63A	T59A	58	top_10_attention_weights	10	10	True	True	0.068304777
1l63A	T59A	58	top_5_attention_weights	5	5	True	True	0.068304777
1l63A	T59A	58	top_15_neighbor_indices	15	15	True	True	50
1l63A	T59A	58	top_10_neighbor_indices	10	10	True	True	49
1l63A	T59A	58	top_5_neighbor_indices	5	5	True	True	6
1l63A	T59A	58	top_15_closest_neighbor_indices	15	15	True	True	0
1l63A	T59A	58	top_10_closest_neighbor_indices	10	10	True	True	0
1l63A	T59A	58	w_n_log_prob	15x21	15x21	True	True	5.6451116
1l63A	T59A	58	m_n_log_prob	15x21	15x21	True	True	5.6204128
1l63A	T59A	58	neighbor_aa_identities	list[15]	list[15]	True	not_numeric	NA
1l63A	T59A	58	neighbor_w_message_vector_coming_from_center	15x128	15x128	True	True	0.38166988
1l63A	T59A	58	neighbor_m_message_vector_coming_from_center	15x128	15x128	True	True	0.3395426
1l63A	T59A	58	neighbor_w_neighbor_embedding	15x128	15x128	True	True	2.2045748
1l63A	T59A	58	neighbor_m_neighbor_embedding	15x128	15x128	True	True	2.1921034
1l63A	T59D	58	log_prob	1x162x21	1x162x21	True	True	2.5185819
1l63A	T59D	58	top_15_attention_weights	15	15	True	True	0.072333992
1l63A	T59D	58	top_10_attention_weights	10	10	True	True	0.072333992
1l63A	T59D	58	top_5_attention_weights	5	5	True	True	0.024930954
1l63A	T59D	58	top_15_neighbor_indices	15	15	True	True	50
1l63A	T59D	58	top_10_neighbor_indices	10	10	True	True	41
1l63A	T59D	58	top_5_neighbor_indices	5	5	True	True	0
1l63A	T59D	58	top_15_closest_neighbor_indices	15	15	True	True	0
1l63A	T59D	58	top_10_closest_neighbor_indices	10	10	True	True	0
1l63A	T59D	58	w_n_log_prob	15x21	15x21	True	True	4.0925145
1l63A	T59D	58	m_n_log_prob	15x21	15x21	True	True	4.1907454
1l63A	T59D	58	neighbor_aa_identities	list[15]	list[15]	True	not_numeric	NA
1l63A	T59D	58	neighbor_w_message_vector_coming_from_center	15x128	15x128	True	True	0.21083242
1l63A	T59D	58	neighbor_m_message_vector_coming_from_center	15x128	15x128	True	True	0.17981453
1l63A	T59D	58	neighbor_w_neighbor_embedding	15x128	15x128	True	True	2.1891789
1l63A	T59D	58	neighbor_m_neighbor_embedding	15x128	15x128	True	True	2.2067146
1l63A	T59G	58	log_prob	1x162x21	1x162x21	True	True	3.9496047
1l63A	T59G	58	top_15_attention_weights	15	15	True	True	0.12257862
1l63A	T59G	58	top_10_attention_weights	10	10	True	True	0.12257862
1l63A	T59G	58	top_5_attention_weights	5	5	True	True	0.12257862
1l63A	T59G	58	top_15_neighbor_indices	15	15	True	True	61
1l63A	T59G	58	top_10_neighbor_indices	10	10	True	True	49
1l63A	T59G	58	top_5_neighbor_indices	5	5	True	True	6
1l63A	T59G	58	top_15_closest_neighbor_indices	15	15	True	True	0
1l63A	T59G	58	top_10_closest_neighbor_indices	10	10	True	True	0
1l63A	T59G	58	w_n_log_prob	15x21	15x21	True	True	6.4451723
1l63A	T59G	58	m_n_log_prob	15x21	15x21	True	True	6.4002466
1l63A	T59G	58	neighbor_aa_identities	list[15]	list[15]	True	not_numeric	NA
1l63A	T59G	58	neighbor_w_message_vector_coming_from_center	15x128	15x128	True	True	0.33934064
1l63A	T59G	58	neighbor_m_message_vector_coming_from_center	15x128	15x128	True	True	0.26042119
1l63A	T59G	58	neighbor_w_neighbor_embedding	15x128	15x128	True	True	1.7430797
1l63A	T59G	58	neighbor_m_neighbor_embedding	15x128	15x128	True	True	1.631171
1l63A	T59N	58	log_prob	1x162x21	1x162x21	True	True	3.1293387
1l63A	T59N	58	top_15_attention_weights	15	15	True	True	0.073154569
1l63A	T59N	58	top_10_attention_weights	10	10	True	True	0.073154569
1l63A	T59N	58	top_5_attention_weights	5	5	True	True	0.073154569
1l63A	T59N	58	top_15_neighbor_indices	15	15	True	True	44
1l63A	T59N	58	top_10_neighbor_indices	10	10	True	True	29
1l63A	T59N	58	top_5_neighbor_indices	5	5	True	True	6
1l63A	T59N	58	top_15_closest_neighbor_indices	15	15	True	True	0
1l63A	T59N	58	top_10_closest_neighbor_indices	10	10	True	True	0
1l63A	T59N	58	w_n_log_prob	15x21	15x21	True	True	6.452764
1l63A	T59N	58	m_n_log_prob	15x21	15x21	True	True	6.1347728
1l63A	T59N	58	neighbor_aa_identities	list[15]	list[15]	True	not_numeric	NA
1l63A	T59N	58	neighbor_w_message_vector_coming_from_center	15x128	15x128	True	True	0.34976919
1l63A	T59N	58	neighbor_m_message_vector_coming_from_center	15x128	15x128	True	True	0.23740395
1l63A	T59N	58	neighbor_w_neighbor_embedding	15x128	15x128	True	True	2.5103724
1l63A	T59N	58	neighbor_m_neighbor_embedding	15x128	15x128	True	True	2.4362545
1l63A	T59S	58	log_prob	1x162x21	1x162x21	True	True	3.0792749
1l63A	T59S	58	top_15_attention_weights	15	15	True	True	0.079336524
1l63A	T59S	58	top_10_attention_weights	10	10	True	True	0.079336524
1l63A	T59S	58	top_5_attention_weights	5	5	True	True	0.079336524
1l63A	T59S	58	top_15_neighbor_indices	15	15	True	True	50
1l63A	T59S	58	top_10_neighbor_indices	10	10	True	True	49
1l63A	T59S	58	top_5_neighbor_indices	5	5	True	True	8
1l63A	T59S	58	top_15_closest_neighbor_indices	15	15	True	True	0
1l63A	T59S	58	top_10_closest_neighbor_indices	10	10	True	True	0
1l63A	T59S	58	w_n_log_prob	15x21	15x21	True	True	5.6556072
1l63A	T59S	58	m_n_log_prob	15x21	15x21	True	True	5.7518311
1l63A	T59S	58	neighbor_aa_identities	list[15]	list[15]	True	not_numeric	NA
1l63A	T59S	58	neighbor_w_message_vector_coming_from_center	15x128	15x128	True	True	0.24538411
1l63A	T59S	58	neighbor_m_message_vector_coming_from_center	15x128	15x128	True	True	0.18672364
1l63A	T59S	58	neighbor_w_neighbor_embedding	15x128	15x128	True	True	1.8207047
1l63A	T59S	58	neighbor_m_neighbor_embedding	15x128	15x128	True	True	1.8180425
1l63A	T59V	58	log_prob	1x162x21	1x162x21	True	True	3.4028358
1l63A	T59V	58	top_15_attention_weights	15	15	True	True	0.13919973
1l63A	T59V	58	top_10_attention_weights	10	10	True	True	0.13919973
1l63A	T59V	58	top_5_attention_weights	5	5	True	True	0.13919973
1l63A	T59V	58	top_15_neighbor_indices	15	15	True	True	56
1l63A	T59V	58	top_10_neighbor_indices	10	10	True	True	33
1l63A	T59V	58	top_5_neighbor_indices	5	5	True	True	8
1l63A	T59V	58	top_15_closest_neighbor_indices	15	15	True	True	0
1l63A	T59V	58	top_10_closest_neighbor_indices	10	10	True	True	0
1l63A	T59V	58	w_n_log_prob	15x21	15x21	True	True	6.5649681
1l63A	T59V	58	m_n_log_prob	15x21	15x21	True	True	6.3839893
1l63A	T59V	58	neighbor_aa_identities	list[15]	list[15]	True	not_numeric	NA
1l63A	T59V	58	neighbor_w_message_vector_coming_from_center	15x128	15x128	True	True	0.24808556
1l63A	T59V	58	neighbor_m_message_vector_coming_from_center	15x128	15x128	True	True	0.34543321
1l63A	T59V	58	neighbor_w_neighbor_embedding	15x128	15x128	True	True	1.8037939
1l63A	T59V	58	neighbor_m_neighbor_embedding	15x128	15x128	True	True	1.8162127
1l63A	L66M	65	log_prob	1x162x21	1x162x21	True	True	2.8009477
1l63A	L66M	65	top_15_attention_weights	15	15	True	True	0.054996148
1l63A	L66M	65	top_10_attention_weights	10	10	True	True	0.045107096
1l63A	L66M	65	top_5_attention_weights	5	5	True	True	0.040307641
1l63A	L66M	65	top_15_neighbor_indices	15	15	True	True	41
1l63A	L66M	65	top_10_neighbor_indices	10	10	True	True	19
1l63A	L66M	65	top_5_neighbor_indices	5	5	True	True	12
1l63A	L66M	65	top_15_closest_neighbor_indices	15	15	True	True	0
1l63A	L66M	65	top_10_closest_neighbor_indices	10	10	True	True	0
1l63A	L66M	65	w_n_log_prob	15x21	15x21	True	True	6.4118376
1l63A	L66M	65	m_n_log_prob	15x21	15x21	True	True	6.1761894
1l63A	L66M	65	neighbor_aa_identities	list[15]	list[15]	True	not_numeric	NA
1l63A	L66M	65	neighbor_w_message_vector_coming_from_center	15x128	15x128	True	True	0.33596277
1l63A	L66M	65	neighbor_m_message_vector_coming_from_center	15x128	15x128	True	True	0.39316714
1l63A	L66M	65	neighbor_w_neighbor_embedding	15x128	15x128	True	True	1.750487
1l63A	L66M	65	neighbor_m_neighbor_embedding	15x128	15x128	True	True	1.8269402
1l63A	F67A	66	log_prob	1x162x21	1x162x21	True	True	4.5260997
1l63A	F67A	66	top_15_attention_weights	15	15	True	True	0.091088057
1l63A	F67A	66	top_10_attention_weights	10	10	True	True	0.091088057
1l63A	F67A	66	top_5_attention_weights	5	5	True	True	0.091088057
1l63A	F67A	66	top_15_neighbor_indices	15	15	True	True	65
1l63A	F67A	66	top_10_neighbor_indices	10	10	True	True	65
1l63A	F67A	66	top_5_neighbor_indices	5	5	True	True	6
1l63A	F67A	66	top_15_closest_neighbor_indices	15	15	True	True	0
1l63A	F67A	66	top_10_closest_neighbor_indices	10	10	True	True	0
1l63A	F67A	66	w_n_log_prob	15x21	15x21	True	True	5.4702287
1l63A	F67A	66	m_n_log_prob	15x21	15x21	True	True	5.4672103
1l63A	F67A	66	neighbor_aa_identities	list[15]	list[15]	True	not_numeric	NA
1l63A	F67A	66	neighbor_w_message_vector_coming_from_center	15x128	15x128	True	True	0.21348307
1l63A	F67A	66	neighbor_m_message_vector_coming_from_center	15x128	15x128	True	True	0.1960761
1l63A	F67A	66	neighbor_w_neighbor_embedding	15x128	15x128	True	True	2.1816583
1l63A	F67A	66	neighbor_m_neighbor_embedding	15x128	15x128	True	True	2.166656
1l63A	D72P	71	log_prob	1x162x21	1x162x21	True	True	2.9393179
1l63A	D72P	71	top_15_attention_weights	15	15	True	True	0.067831233
1l63A	D72P	71	top_10_attention_weights	10	10	True	True	0.04436326
1l63A	D72P	71	top_5_attention_weights	5	5	True	True	0.027567983
1l63A	D72P	71	top_15_neighbor_indices	15	15	True	True	102
1l63A	D72P	71	top_10_neighbor_indices	10	10	True	True	7
1l63A	D72P	71	top_5_neighbor_indices	5	5	True	True	0
1l63A	D72P	71	top_15_closest_neighbor_indices	15	15	True	True	0
1l63A	D72P	71	top_10_closest_neighbor_indices	10	10	True	True	0
1l63A	D72P	71	w_n_log_prob	15x21	15x21	True	True	4.7253652
1l63A	D72P	71	m_n_log_prob	15x21	15x21	True	True	4.7437687
1l63A	D72P	71	neighbor_aa_identities	list[15]	list[15]	True	not_numeric	NA
1l63A	D72P	71	neighbor_w_message_vector_coming_from_center	15x128	15x128	True	True	0.17467409
1l63A	D72P	71	neighbor_m_message_vector_coming_from_center	15x128	15x128	True	True	0.22725522
1l63A	D72P	71	neighbor_w_neighbor_embedding	15x128	15x128	True	True	1.945261
1l63A	D72P	71	neighbor_m_neighbor_embedding	15x128	15x128	True	True	2.0026059
1l63A	A73S	72	log_prob	1x162x21	1x162x21	True	True	3.0862103
1l63A	A73S	72	top_15_attention_weights	15	15	True	True	0.093126506
1l63A	A73S	72	top_10_attention_weights	10	10	True	True	0.039844781
1l63A	A73S	72	top_5_attention_weights	5	5	True	True	0.030644894
1l63A	A73S	72	top_15_neighbor_indices	15	15	True	True	44
1l63A	A73S	72	top_10_neighbor_indices	10	10	True	True	0
1l63A	A73S	72	top_5_neighbor_indices	5	5	True	True	0
1l63A	A73S	72	top_15_closest_neighbor_indices	15	15	True	True	0
1l63A	A73S	72	top_10_closest_neighbor_indices	10	10	True	True	0
1l63A	A73S	72	w_n_log_prob	15x21	15x21	True	True	3.5743926
1l63A	A73S	72	m_n_log_prob	15x21	15x21	True	True	3.4188371
1l63A	A73S	72	neighbor_aa_identities	list[15]	list[15]	True	not_numeric	NA
1l63A	A73S	72	neighbor_w_message_vector_coming_from_center	15x128	15x128	True	True	0.072531924
1l63A	A73S	72	neighbor_m_message_vector_coming_from_center	15x128	15x128	True	True	0.080701031
1l63A	A73S	72	neighbor_w_neighbor_embedding	15x128	15x128	True	True	2.1550426
1l63A	A73S	72	neighbor_m_neighbor_embedding	15x128	15x128	True	True	2.136991
1l63A	V75T	74	log_prob	1x162x21	1x162x21	True	True	3.9767594
1l63A	V75T	74	top_15_attention_weights	15	15	True	True	0.071850747
1l63A	V75T	74	top_10_attention_weights	10	10	True	True	0.071850747
1l63A	V75T	74	top_5_attention_weights	5	5	True	True	0.069392622
1l63A	V75T	74	top_15_neighbor_indices	15	15	True	True	103
1l63A	V75T	74	top_10_neighbor_indices	10	10	True	True	64
1l63A	V75T	74	top_5_neighbor_indices	5	5	True	True	21
1l63A	V75T	74	top_15_closest_neighbor_indices	15	15	True	True	0
1l63A	V75T	74	top_10_closest_neighbor_indices	10	10	True	True	0
1l63A	V75T	74	w_n_log_prob	15x21	15x21	True	True	4.9737406
1l63A	V75T	74	m_n_log_prob	15x21	15x21	True	True	4.9683609
1l63A	V75T	74	neighbor_aa_identities	list[15]	list[15]	True	not_numeric	NA
1l63A	V75T	74	neighbor_w_message_vector_coming_from_center	15x128	15x128	True	True	0.3484484
1l63A	V75T	74	neighbor_m_message_vector_coming_from_center	15x128	15x128	True	True	0.3563711
1l63A	V75T	74	neighbor_w_neighbor_embedding	15x128	15x128	True	True	2.8095155
1l63A	V75T	74	neighbor_m_neighbor_embedding	15x128	15x128	True	True	2.7861741
1l63A	I78A	77	log_prob	1x162x21	1x162x21	True	True	2.9560635
1l63A	I78A	77	top_15_attention_weights	15	15	True	True	0.097099304
1l63A	I78A	77	top_10_attention_weights	10	10	True	True	0.059973031
1l63A	I78A	77	top_5_attention_weights	5	5	True	True	0.059973031
1l63A	I78A	77	top_15_neighbor_indices	15	15	True	True	28
1l63A	I78A	77	top_10_neighbor_indices	10	10	True	True	28
1l63A	I78A	77	top_5_neighbor_indices	5	5	True	True	28
1l63A	I78A	77	top_15_closest_neighbor_indices	15	15	True	True	0
1l63A	I78A	77	top_10_closest_neighbor_indices	10	10	True	True	0
1l63A	I78A	77	w_n_log_prob	15x21	15x21	True	True	5.7476792
1l63A	I78A	77	m_n_log_prob	15x21	15x21	True	True	5.8099117
1l63A	I78A	77	neighbor_aa_identities	list[15]	list[15]	True	not_numeric	NA
1l63A	I78A	77	neighbor_w_message_vector_coming_from_center	15x128	15x128	True	True	0.30840415
1l63A	I78A	77	neighbor_m_message_vector_coming_from_center	15x128	15x128	True	True	0.32505304
1l63A	I78A	77	neighbor_w_neighbor_embedding	15x128	15x128	True	True	2.8465161
1l63A	I78A	77	neighbor_m_neighbor_embedding	15x128	15x128	True	True	2.7718277
1l63A	I78M	77	log_prob	1x162x21	1x162x21	True	True	3.047307
1l63A	I78M	77	top_15_attention_weights	15	15	True	True	0.11258489
1l63A	I78M	77	top_10_attention_weights	10	10	True	True	0.11258489
1l63A	I78M	77	top_5_attention_weights	5	5	True	True	0.010063171
1l63A	I78M	77	top_15_neighbor_indices	15	15	True	True	25
1l63A	I78M	77	top_10_neighbor_indices	10	10	True	True	24
1l63A	I78M	77	top_5_neighbor_indices	5	5	True	True	24
1l63A	I78M	77	top_15_closest_neighbor_indices	15	15	True	True	0
1l63A	I78M	77	top_10_closest_neighbor_indices	10	10	True	True	0
1l63A	I78M	77	w_n_log_prob	15x21	15x21	True	True	6.0531945
1l63A	I78M	77	m_n_log_prob	15x21	15x21	True	True	6.0784621
1l63A	I78M	77	neighbor_aa_identities	list[15]	list[15]	True	not_numeric	NA
1l63A	I78M	77	neighbor_w_message_vector_coming_from_center	15x128	15x128	True	True	0.38151218
1l63A	I78M	77	neighbor_m_message_vector_coming_from_center	15x128	15x128	True	True	0.35219399
1l63A	I78M	77	neighbor_w_neighbor_embedding	15x128	15x128	True	True	2.3164029
1l63A	I78M	77	neighbor_m_neighbor_embedding	15x128	15x128	True	True	2.3036876
1l63A	I78V	77	log_prob	1x162x21	1x162x21	True	True	3.4796917
1l63A	I78V	77	top_15_attention_weights	15	15	True	True	0.051289499
1l63A	I78V	77	top_10_attention_weights	10	10	True	True	0.051289499
1l63A	I78V	77	top_5_attention_weights	5	5	True	True	0.051289499
1l63A	I78V	77	top_15_neighbor_indices	15	15	True	True	28
1l63A	I78V	77	top_10_neighbor_indices	10	10	True	True	28
1l63A	I78V	77	top_5_neighbor_indices	5	5	True	True	28
1l63A	I78V	77	top_15_closest_neighbor_indices	15	15	True	True	0
1l63A	I78V	77	top_10_closest_neighbor_indices	10	10	True	True	0
1l63A	I78V	77	w_n_log_prob	15x21	15x21	True	True	5.6920991
1l63A	I78V	77	m_n_log_prob	15x21	15x21	True	True	5.8653321
1l63A	I78V	77	neighbor_aa_identities	list[15]	list[15]	True	not_numeric	NA
1l63A	I78V	77	neighbor_w_message_vector_coming_from_center	15x128	15x128	True	True	0.35053229
1l63A	I78V	77	neighbor_m_message_vector_coming_from_center	15x128	15x128	True	True	0.35359821
1l63A	I78V	77	neighbor_w_neighbor_embedding	15x128	15x128	True	True	2.4070165
1l63A	I78V	77	neighbor_m_neighbor_embedding	15x128	15x128	True	True	2.5045056
1l63A	A82S	81	log_prob	1x162x21	1x162x21	True	True	2.6016505
1l63A	A82S	81	top_15_attention_weights	15	15	True	True	0.12064195
1l63A	A82S	81	top_10_attention_weights	10	10	True	True	0.12064195
1l63A	A82S	81	top_5_attention_weights	5	5	True	True	0.12064195
1l63A	A82S	81	top_15_neighbor_indices	15	15	True	True	47
1l63A	A82S	81	top_10_neighbor_indices	10	10	True	True	10
1l63A	A82S	81	top_5_neighbor_indices	5	5	True	True	4
1l63A	A82S	81	top_15_closest_neighbor_indices	15	15	True	True	0
1l63A	A82S	81	top_10_closest_neighbor_indices	10	10	True	True	0
1l63A	A82S	81	w_n_log_prob	15x21	15x21	True	True	4.9242415
1l63A	A82S	81	m_n_log_prob	15x21	15x21	True	True	4.8925195
1l63A	A82S	81	neighbor_aa_identities	list[15]	list[15]	True	not_numeric	NA
1l63A	A82S	81	neighbor_w_message_vector_coming_from_center	15x128	15x128	True	True	0.19170177
1l63A	A82S	81	neighbor_m_message_vector_coming_from_center	15x128	15x128	True	True	0.23559314
1l63A	A82S	81	neighbor_w_neighbor_embedding	15x128	15x128	True	True	1.8805856
1l63A	A82S	81	neighbor_m_neighbor_embedding	15x128	15x128	True	True	1.8850893
1l63A	L84A	83	log_prob	1x162x21	1x162x21	True	True	2.9602585
1l63A	L84A	83	top_15_attention_weights	15	15	True	True	0.027699798
1l63A	L84A	83	top_10_attention_weights	10	10	True	True	0.027699798
1l63A	L84A	83	top_5_attention_weights	5	5	True	True	0.026306927
1l63A	L84A	83	top_15_neighbor_indices	15	15	True	True	13
1l63A	L84A	83	top_10_neighbor_indices	10	10	True	True	1
1l63A	L84A	83	top_5_neighbor_indices	5	5	True	True	1
1l63A	L84A	83	top_15_closest_neighbor_indices	15	15	True	True	0
1l63A	L84A	83	top_10_closest_neighbor_indices	10	10	True	True	0
1l63A	L84A	83	w_n_log_prob	15x21	15x21	True	True	5.9611015
1l63A	L84A	83	m_n_log_prob	15x21	15x21	True	True	5.9492192
1l63A	L84A	83	neighbor_aa_identities	list[15]	list[15]	True	not_numeric	NA
1l63A	L84A	83	neighbor_w_message_vector_coming_from_center	15x128	15x128	True	True	0.23003748
1l63A	L84A	83	neighbor_m_message_vector_coming_from_center	15x128	15x128	True	True	0.28107205
1l63A	L84A	83	neighbor_w_neighbor_embedding	15x128	15x128	True	True	2.7943695
1l63A	L84A	83	neighbor_m_neighbor_embedding	15x128	15x128	True	True	2.8820844
1l63A	L84M	83	log_prob	1x162x21	1x162x21	True	True	2.9510007
1l63A	L84M	83	top_15_attention_weights	15	15	True	True	0.085672379
1l63A	L84M	83	top_10_attention_weights	10	10	True	True	0.085672379
1l63A	L84M	83	top_5_attention_weights	5	5	True	True	0.085672379
1l63A	L84M	83	top_15_neighbor_indices	15	15	True	True	30
1l63A	L84M	83	top_10_neighbor_indices	10	10	True	True	30
1l63A	L84M	83	top_5_neighbor_indices	5	5	True	True	30
1l63A	L84M	83	top_15_closest_neighbor_indices	15	15	True	True	0
1l63A	L84M	83	top_10_closest_neighbor_indices	10	10	True	True	0
1l63A	L84M	83	w_n_log_prob	15x21	15x21	True	True	5.7271829
1l63A	L84M	83	m_n_log_prob	15x21	15x21	True	True	5.7117786
1l63A	L84M	83	neighbor_aa_identities	list[15]	list[15]	True	not_numeric	NA
1l63A	L84M	83	neighbor_w_message_vector_coming_from_center	15x128	15x128	True	True	0.91016245
1l63A	L84M	83	neighbor_m_message_vector_coming_from_center	15x128	15x128	True	True	0.69533432
1l63A	L84M	83	neighbor_w_neighbor_embedding	15x128	15x128	True	True	2.6998372
1l63A	L84M	83	neighbor_m_neighbor_embedding	15x128	15x128	True	True	2.6466892
1l63A	V87A	86	log_prob	1x162x21	1x162x21	True	True	3.0165138
1l63A	V87A	86	top_15_attention_weights	15	15	True	True	0.03316921
1l63A	V87A	86	top_10_attention_weights	10	10	True	True	0.03316921
1l63A	V87A	86	top_5_attention_weights	5	5	True	True	0.03316921
1l63A	V87A	86	top_15_neighbor_indices	15	15	True	True	32
1l63A	V87A	86	top_10_neighbor_indices	10	10	True	True	32
1l63A	V87A	86	top_5_neighbor_indices	5	5	True	True	0
1l63A	V87A	86	top_15_closest_neighbor_indices	15	15	True	True	0
1l63A	V87A	86	top_10_closest_neighbor_indices	10	10	True	True	0
1l63A	V87A	86	w_n_log_prob	15x21	15x21	True	True	4.4440894
1l63A	V87A	86	m_n_log_prob	15x21	15x21	True	True	4.3957462
1l63A	V87A	86	neighbor_aa_identities	list[15]	list[15]	True	not_numeric	NA
1l63A	V87A	86	neighbor_w_message_vector_coming_from_center	15x128	15x128	True	True	0.15066113
1l63A	V87A	86	neighbor_m_message_vector_coming_from_center	15x128	15x128	True	True	0.088984568
1l63A	V87A	86	neighbor_w_neighbor_embedding	15x128	15x128	True	True	1.3716232
1l63A	V87A	86	neighbor_m_neighbor_embedding	15x128	15x128	True	True	1.3708795
1l63A	V87M	86	log_prob	1x162x21	1x162x21	True	True	3.1528635
1l63A	V87M	86	top_15_attention_weights	15	15	True	True	0.044698954
1l63A	V87M	86	top_10_attention_weights	10	10	True	True	0.044698954
1l63A	V87M	86	top_5_attention_weights	5	5	True	True	0.038202345
1l63A	V87M	86	top_15_neighbor_indices	15	15	True	True	24
1l63A	V87M	86	top_10_neighbor_indices	10	10	True	True	23
1l63A	V87M	86	top_5_neighbor_indices	5	5	True	True	0
1l63A	V87M	86	top_15_closest_neighbor_indices	15	15	True	True	0
1l63A	V87M	86	top_10_closest_neighbor_indices	10	10	True	True	0
1l63A	V87M	86	w_n_log_prob	15x21	15x21	True	True	5.5996084
1l63A	V87M	86	m_n_log_prob	15x21	15x21	True	True	5.5525546
1l63A	V87M	86	neighbor_aa_identities	list[15]	list[15]	True	not_numeric	NA
1l63A	V87M	86	neighbor_w_message_vector_coming_from_center	15x128	15x128	True	True	0.20714135
1l63A	V87M	86	neighbor_m_message_vector_coming_from_center	15x128	15x128	True	True	0.33262896
1l63A	V87M	86	neighbor_w_neighbor_embedding	15x128	15x128	True	True	2.4342277
1l63A	V87M	86	neighbor_m_neighbor_embedding	15x128	15x128	True	True	2.5048208
1l63A	V87I	86	log_prob	1x162x21	1x162x21	True	True	2.4407091
1l63A	V87I	86	top_15_attention_weights	15	15	True	True	0.061647266
1l63A	V87I	86	top_10_attention_weights	10	10	True	True	0.061647266
1l63A	V87I	86	top_5_attention_weights	5	5	True	True	0.022273779
1l63A	V87I	86	top_15_neighbor_indices	15	15	True	True	32
1l63A	V87I	86	top_10_neighbor_indices	10	10	True	True	20
1l63A	V87I	86	top_5_neighbor_indices	5	5	True	True	0
1l63A	V87I	86	top_15_closest_neighbor_indices	15	15	True	True	0
1l63A	V87I	86	top_10_closest_neighbor_indices	10	10	True	True	0
1l63A	V87I	86	w_n_log_prob	15x21	15x21	True	True	5.3194032
1l63A	V87I	86	m_n_log_prob	15x21	15x21	True	True	5.2425275
1l63A	V87I	86	neighbor_aa_identities	list[15]	list[15]	True	not_numeric	NA
1l63A	V87I	86	neighbor_w_message_vector_coming_from_center	15x128	15x128	True	True	0.22284473
1l63A	V87I	86	neighbor_m_message_vector_coming_from_center	15x128	15x128	True	True	0.24364171
1l63A	V87I	86	neighbor_w_neighbor_embedding	15x128	15x128	True	True	2.0500641
1l63A	V87I	86	neighbor_m_neighbor_embedding	15x128	15x128	True	True	1.8082219
1l63A	V87T	86	log_prob	1x162x21	1x162x21	True	True	2.6105971
1l63A	V87T	86	top_15_attention_weights	15	15	True	True	0.06974113
1l63A	V87T	86	top_10_attention_weights	10	10	True	True	0.050993502
1l63A	V87T	86	top_5_attention_weights	5	5	True	True	0.043439567
1l63A	V87T	86	top_15_neighbor_indices	15	15	True	True	23
1l63A	V87T	86	top_10_neighbor_indices	10	10	True	True	23
1l63A	V87T	86	top_5_neighbor_indices	5	5	True	True	0
1l63A	V87T	86	top_15_closest_neighbor_indices	15	15	True	True	0
1l63A	V87T	86	top_10_closest_neighbor_indices	10	10	True	True	0
1l63A	V87T	86	w_n_log_prob	15x21	15x21	True	True	5.3629174
1l63A	V87T	86	m_n_log_prob	15x21	15x21	True	True	5.3175631
1l63A	V87T	86	neighbor_aa_identities	list[15]	list[15]	True	not_numeric	NA
1l63A	V87T	86	neighbor_w_message_vector_coming_from_center	15x128	15x128	True	True	0.23564225
1l63A	V87T	86	neighbor_m_message_vector_coming_from_center	15x128	15x128	True	True	0.27381852
1l63A	V87T	86	neighbor_w_neighbor_embedding	15x128	15x128	True	True	2.0698757
1l63A	V87T	86	neighbor_m_neighbor_embedding	15x128	15x128	True	True	2.0570109
1l63A	L91A	90	log_prob	1x162x21	1x162x21	True	True	2.76072
1l63A	L91A	90	top_15_attention_weights	15	15	True	True	0.070561856
1l63A	L91A	90	top_10_attention_weights	10	10	True	True	0.070561856
1l63A	L91A	90	top_5_attention_weights	5	5	True	True	0.062181115
1l63A	L91A	90	top_15_neighbor_indices	15	15	True	True	61
1l63A	L91A	90	top_10_neighbor_indices	10	10	True	True	61
1l63A	L91A	90	top_5_neighbor_indices	5	5	True	True	0
1l63A	L91A	90	top_15_closest_neighbor_indices	15	15	True	True	0
1l63A	L91A	90	top_10_closest_neighbor_indices	10	10	True	True	0
1l63A	L91A	90	w_n_log_prob	15x21	15x21	True	True	5.7155719
1l63A	L91A	90	m_n_log_prob	15x21	15x21	True	True	5.7502499
1l63A	L91A	90	neighbor_aa_identities	list[15]	list[15]	True	not_numeric	NA
1l63A	L91A	90	neighbor_w_message_vector_coming_from_center	15x128	15x128	True	True	0.54863055
1l63A	L91A	90	neighbor_m_message_vector_coming_from_center	15x128	15x128	True	True	0.50998235
1l63A	L91A	90	neighbor_w_neighbor_embedding	15x128	15x128	True	True	1.8549662
1l63A	L91A	90	neighbor_m_neighbor_embedding	15x128	15x128	True	True	2.0208142
1l63A	L91M	90	log_prob	1x162x21	1x162x21	True	True	2.4506011
1l63A	L91M	90	top_15_attention_weights	15	15	True	True	0.048239768
1l63A	L91M	90	top_10_attention_weights	10	10	True	True	0.048239768
1l63A	L91M	90	top_5_attention_weights	5	5	True	True	0.045399845
1l63A	L91M	90	top_15_neighbor_indices	15	15	True	True	28
1l63A	L91M	90	top_10_neighbor_indices	10	10	True	True	28
1l63A	L91M	90	top_5_neighbor_indices	5	5	True	True	5
1l63A	L91M	90	top_15_closest_neighbor_indices	15	15	True	True	0
1l63A	L91M	90	top_10_closest_neighbor_indices	10	10	True	True	0
1l63A	L91M	90	w_n_log_prob	15x21	15x21	True	True	5.8301177
1l63A	L91M	90	m_n_log_prob	15x21	15x21	True	True	5.8550935
1l63A	L91M	90	neighbor_aa_identities	list[15]	list[15]	True	not_numeric	NA
1l63A	L91M	90	neighbor_w_message_vector_coming_from_center	15x128	15x128	True	True	0.29658458
1l63A	L91M	90	neighbor_m_message_vector_coming_from_center	15x128	15x128	True	True	0.34481951
1l63A	L91M	90	neighbor_w_neighbor_embedding	15x128	15x128	True	True	2.1139197
1l63A	L91M	90	neighbor_m_neighbor_embedding	15x128	15x128	True	True	2.1649666
1l63A	D92N	91	log_prob	1x162x21	1x162x21	True	True	3.232661
1l63A	D92N	91	top_15_attention_weights	15	15	True	True	0.12658262
1l63A	D92N	91	top_10_attention_weights	10	10	True	True	0.12658262
1l63A	D92N	91	top_5_attention_weights	5	5	True	True	0.12658262
1l63A	D92N	91	top_15_neighbor_indices	15	15	True	True	31
1l63A	D92N	91	top_10_neighbor_indices	10	10	True	True	0
1l63A	D92N	91	top_5_neighbor_indices	5	5	True	True	0
1l63A	D92N	91	top_15_closest_neighbor_indices	15	15	True	True	0
1l63A	D92N	91	top_10_closest_neighbor_indices	10	10	True	True	0
1l63A	D92N	91	w_n_log_prob	15x21	15x21	True	True	4.1920304
1l63A	D92N	91	m_n_log_prob	15x21	15x21	True	True	4.0768337
1l63A	D92N	91	neighbor_aa_identities	list[15]	list[15]	True	not_numeric	NA
1l63A	D92N	91	neighbor_w_message_vector_coming_from_center	15x128	15x128	True	True	0.15447128
1l63A	D92N	91	neighbor_m_message_vector_coming_from_center	15x128	15x128	True	True	0.22782052
1l63A	D92N	91	neighbor_w_neighbor_embedding	15x128	15x128	True	True	1.3768072
1l63A	D92N	91	neighbor_m_neighbor_embedding	15x128	15x128	True	True	1.3704169
1l63A	A93S	92	log_prob	1x162x21	1x162x21	True	True	3.7794871
1l63A	A93S	92	top_15_attention_weights	15	15	True	True	0.071591422
1l63A	A93S	92	top_10_attention_weights	10	10	True	True	0.071591422
1l63A	A93S	92	top_5_attention_weights	5	5	True	True	0.059850931
1l63A	A93S	92	top_15_neighbor_indices	15	15	True	True	147
1l63A	A93S	92	top_10_neighbor_indices	10	10	True	True	122
1l63A	A93S	92	top_5_neighbor_indices	5	5	True	True	6
1l63A	A93S	92	top_15_closest_neighbor_indices	15	15	True	True	0
1l63A	A93S	92	top_10_closest_neighbor_indices	10	10	True	True	0
1l63A	A93S	92	w_n_log_prob	15x21	15x21	True	True	6.4063635
1l63A	A93S	92	m_n_log_prob	15x21	15x21	True	True	6.3447938
1l63A	A93S	92	neighbor_aa_identities	list[15]	list[15]	True	not_numeric	NA
1l63A	A93S	92	neighbor_w_message_vector_coming_from_center	15x128	15x128	True	True	0.27313694
1l63A	A93S	92	neighbor_m_message_vector_coming_from_center	15x128	15x128	True	True	0.26197311
1l63A	A93S	92	neighbor_w_neighbor_embedding	15x128	15x128	True	True	2.3023694
1l63A	A93S	92	neighbor_m_neighbor_embedding	15x128	15x128	True	True	2.2575805
1l63A	A98C	97	log_prob	1x162x21	1x162x21	True	True	3.4661775
1l63A	A98C	97	top_15_attention_weights	15	15	True	True	0.25615764
1l63A	A98C	97	top_10_attention_weights	10	10	True	True	0.25615764
1l63A	A98C	97	top_5_attention_weights	5	5	True	True	0.25615764
1l63A	A98C	97	top_15_neighbor_indices	15	15	True	True	99
1l63A	A98C	97	top_10_neighbor_indices	10	10	True	True	59
1l63A	A98C	97	top_5_neighbor_indices	5	5	True	True	59
1l63A	A98C	97	top_15_closest_neighbor_indices	15	15	True	True	0
1l63A	A98C	97	top_10_closest_neighbor_indices	10	10	True	True	0
1l63A	A98C	97	w_n_log_prob	15x21	15x21	True	True	6.0674257
1l63A	A98C	97	m_n_log_prob	15x21	15x21	True	True	5.6869373
1l63A	A98C	97	neighbor_aa_identities	list[15]	list[15]	True	not_numeric	NA
1l63A	A98C	97	neighbor_w_message_vector_coming_from_center	15x128	15x128	True	True	0.37158695
1l63A	A98C	97	neighbor_m_message_vector_coming_from_center	15x128	15x128	True	True	0.27188739
1l63A	A98C	97	neighbor_w_neighbor_embedding	15x128	15x128	True	True	2.5066519
1l63A	A98C	97	neighbor_m_neighbor_embedding	15x128	15x128	True	True	3.0818071
1l63A	A98L	97	log_prob	1x162x21	1x162x21	True	True	2.9138105
1l63A	A98L	97	top_15_attention_weights	15	15	True	True	0.13237542
1l63A	A98L	97	top_10_attention_weights	10	10	True	True	0.13237542
1l63A	A98L	97	top_5_attention_weights	5	5	True	True	0.13237542
1l63A	A98L	97	top_15_neighbor_indices	15	15	True	True	150
1l63A	A98L	97	top_10_neighbor_indices	10	10	True	True	59
1l63A	A98L	97	top_5_neighbor_indices	5	5	True	True	59
1l63A	A98L	97	top_15_closest_neighbor_indices	15	15	True	True	0
1l63A	A98L	97	top_10_closest_neighbor_indices	10	10	True	True	0
1l63A	A98L	97	w_n_log_prob	15x21	15x21	True	True	5.9061074
1l63A	A98L	97	m_n_log_prob	15x21	15x21	True	True	5.8087339
1l63A	A98L	97	neighbor_aa_identities	list[15]	list[15]	True	not_numeric	NA
1l63A	A98L	97	neighbor_w_message_vector_coming_from_center	15x128	15x128	True	True	0.39567918
1l63A	A98L	97	neighbor_m_message_vector_coming_from_center	15x128	15x128	True	True	0.40958759
1l63A	A98L	97	neighbor_w_neighbor_embedding	15x128	15x128	True	True	2.5365651
1l63A	A98L	97	neighbor_m_neighbor_embedding	15x128	15x128	True	True	1.7121361
1l63A	A98S	97	log_prob	1x162x21	1x162x21	True	True	4.6902575
1l63A	A98S	97	top_15_attention_weights	15	15	True	True	0.049561054
1l63A	A98S	97	top_10_attention_weights	10	10	True	True	0.049561054
1l63A	A98S	97	top_5_attention_weights	5	5	True	True	0.039124548
1l63A	A98S	97	top_15_neighbor_indices	15	15	True	True	99
1l63A	A98S	97	top_10_neighbor_indices	10	10	True	True	54
1l63A	A98S	97	top_5_neighbor_indices	5	5	True	True	0
1l63A	A98S	97	top_15_closest_neighbor_indices	15	15	True	True	0
1l63A	A98S	97	top_10_closest_neighbor_indices	10	10	True	True	0
1l63A	A98S	97	w_n_log_prob	15x21	15x21	True	True	5.1466055
1l63A	A98S	97	m_n_log_prob	15x21	15x21	True	True	5.1699047
1l63A	A98S	97	neighbor_aa_identities	list[15]	list[15]	True	not_numeric	NA
1l63A	A98S	97	neighbor_w_message_vector_coming_from_center	15x128	15x128	True	True	0.21833473
1l63A	A98S	97	neighbor_m_message_vector_coming_from_center	15x128	15x128	True	True	0.20539355
1l63A	A98S	97	neighbor_w_neighbor_embedding	15x128	15x128	True	True	1.9156721
1l63A	A98S	97	neighbor_m_neighbor_embedding	15x128	15x128	True	True	1.8362632
1l63A	A98V	97	log_prob	1x162x21	1x162x21	True	True	3.2291305
1l63A	A98V	97	top_15_attention_weights	15	15	True	True	0.1623435
1l63A	A98V	97	top_10_attention_weights	10	10	True	True	0.1623435
1l63A	A98V	97	top_5_attention_weights	5	5	True	True	0.1623435
1l63A	A98V	97	top_15_neighbor_indices	15	15	True	True	89
1l63A	A98V	97	top_10_neighbor_indices	10	10	True	True	59
1l63A	A98V	97	top_5_neighbor_indices	5	5	True	True	59
1l63A	A98V	97	top_15_closest_neighbor_indices	15	15	True	True	0
1l63A	A98V	97	top_10_closest_neighbor_indices	10	10	True	True	0
1l63A	A98V	97	w_n_log_prob	15x21	15x21	True	True	5.7486448
1l63A	A98V	97	m_n_log_prob	15x21	15x21	True	True	5.7128344
1l63A	A98V	97	neighbor_aa_identities	list[15]	list[15]	True	not_numeric	NA
1l63A	A98V	97	neighbor_w_message_vector_coming_from_center	15x128	15x128	True	True	0.47050247
1l63A	A98V	97	neighbor_m_message_vector_coming_from_center	15x128	15x128	True	True	0.33117792
1l63A	A98V	97	neighbor_w_neighbor_embedding	15x128	15x128	True	True	2.5174825
1l63A	A98V	97	neighbor_m_neighbor_embedding	15x128	15x128	True	True	2.7762668
1l63A	L99A	98	log_prob	1x162x21	1x162x21	True	True	2.9983811
1l63A	L99A	98	top_15_attention_weights	15	15	True	True	0.035327315
1l63A	L99A	98	top_10_attention_weights	10	10	True	True	0.033011764
1l63A	L99A	98	top_5_attention_weights	5	5	True	True	0.033011764
1l63A	L99A	98	top_15_neighbor_indices	15	15	True	True	147
1l63A	L99A	98	top_10_neighbor_indices	10	10	True	True	90
1l63A	L99A	98	top_5_neighbor_indices	5	5	True	True	34
1l63A	L99A	98	top_15_closest_neighbor_indices	15	15	True	True	0
1l63A	L99A	98	top_10_closest_neighbor_indices	10	10	True	True	0
1l63A	L99A	98	w_n_log_prob	15x21	15x21	True	True	6.4413886
1l63A	L99A	98	m_n_log_prob	15x21	15x21	True	True	6.4646878
1l63A	L99A	98	neighbor_aa_identities	list[15]	list[15]	True	not_numeric	NA
1l63A	L99A	98	neighbor_w_message_vector_coming_from_center	15x128	15x128	True	True	0.3762632
1l63A	L99A	98	neighbor_m_message_vector_coming_from_center	15x128	15x128	True	True	0.44746974
1l63A	L99A	98	neighbor_w_neighbor_embedding	15x128	15x128	True	True	2.2294869
1l63A	L99A	98	neighbor_m_neighbor_embedding	15x128	15x128	True	True	2.180783
1l63A	L99F	98	log_prob	1x162x21	1x162x21	True	True	2.3215108
1l63A	L99F	98	top_15_attention_weights	15	15	True	True	0.03958115
1l63A	L99F	98	top_10_attention_weights	10	10	True	True	0.03958115
1l63A	L99F	98	top_5_attention_weights	5	5	True	True	0.023369133
1l63A	L99F	98	top_15_neighbor_indices	15	15	True	True	147
1l63A	L99F	98	top_10_neighbor_indices	10	10	True	True	17
1l63A	L99F	98	top_5_neighbor_indices	5	5	True	True	16
1l63A	L99F	98	top_15_closest_neighbor_indices	15	15	True	True	0
1l63A	L99F	98	top_10_closest_neighbor_indices	10	10	True	True	0
1l63A	L99F	98	w_n_log_prob	15x21	15x21	True	True	6.8815289
1l63A	L99F	98	m_n_log_prob	15x21	15x21	True	True	6.5190744
1l63A	L99F	98	neighbor_aa_identities	list[15]	list[15]	True	not_numeric	NA
1l63A	L99F	98	neighbor_w_message_vector_coming_from_center	15x128	15x128	True	True	0.2886177
1l63A	L99F	98	neighbor_m_message_vector_coming_from_center	15x128	15x128	True	True	0.33550248
1l63A	L99F	98	neighbor_w_neighbor_embedding	15x128	15x128	True	True	2.2757282
1l63A	L99F	98	neighbor_m_neighbor_embedding	15x128	15x128	True	True	2.1492581
1l63A	L99I	98	log_prob	1x162x21	1x162x21	True	True	2.9802558
1l63A	L99I	98	top_15_attention_weights	15	15	True	True	0.054534286
1l63A	L99I	98	top_10_attention_weights	10	10	True	True	0.054534286
1l63A	L99I	98	top_5_attention_weights	5	5	True	True	0.042855829
1l63A	L99I	98	top_15_neighbor_indices	15	15	True	True	78
1l63A	L99I	98	top_10_neighbor_indices	10	10	True	True	26
1l63A	L99I	98	top_5_neighbor_indices	5	5	True	True	26
1l63A	L99I	98	top_15_closest_neighbor_indices	15	15	True	True	0
1l63A	L99I	98	top_10_closest_neighbor_indices	10	10	True	True	0
1l63A	L99I	98	w_n_log_prob	15x21	15x21	True	True	6.4133773
1l63A	L99I	98	m_n_log_prob	15x21	15x21	True	True	6.4799948
1l63A	L99I	98	neighbor_aa_identities	list[15]	list[15]	True	not_numeric	NA
1l63A	L99I	98	neighbor_w_message_vector_coming_from_center	15x128	15x128	True	True	0.36981001
1l63A	L99I	98	neighbor_m_message_vector_coming_from_center	15x128	15x128	True	True	0.48380107
1l63A	L99I	98	neighbor_w_neighbor_embedding	15x128	15x128	True	True	1.9082782
1l63A	L99I	98	neighbor_m_neighbor_embedding	15x128	15x128	True	True	1.9718618
1l63A	L99M	98	log_prob	1x162x21	1x162x21	True	True	2.414783
1l63A	L99M	98	top_15_attention_weights	15	15	True	True	0.037963241
1l63A	L99M	98	top_10_attention_weights	10	10	True	True	0.037963241
1l63A	L99M	98	top_5_attention_weights	5	5	True	True	0.037963241
1l63A	L99M	98	top_15_neighbor_indices	15	15	True	True	90
1l63A	L99M	98	top_10_neighbor_indices	10	10	True	True	18
1l63A	L99M	98	top_5_neighbor_indices	5	5	True	True	18
1l63A	L99M	98	top_15_closest_neighbor_indices	15	15	True	True	0
1l63A	L99M	98	top_10_closest_neighbor_indices	10	10	True	True	0
1l63A	L99M	98	w_n_log_prob	15x21	15x21	True	True	6.9300747
1l63A	L99M	98	m_n_log_prob	15x21	15x21	True	True	6.86553
1l63A	L99M	98	neighbor_aa_identities	list[15]	list[15]	True	not_numeric	NA
1l63A	L99M	98	neighbor_w_message_vector_coming_from_center	15x128	15x128	True	True	0.34671736
1l63A	L99M	98	neighbor_m_message_vector_coming_from_center	15x128	15x128	True	True	0.3523677
1l63A	L99M	98	neighbor_w_neighbor_embedding	15x128	15x128	True	True	2.1450405
1l63A	L99M	98	neighbor_m_neighbor_embedding	15x128	15x128	True	True	2.1105289
1l63A	L99V	98	log_prob	1x162x21	1x162x21	True	True	3.4582689
1l63A	L99V	98	top_15_attention_weights	15	15	True	True	0.030610502
1l63A	L99V	98	top_10_attention_weights	10	10	True	True	0.030610502
1l63A	L99V	98	top_5_attention_weights	5	5	True	True	0.030610502
1l63A	L99V	98	top_15_neighbor_indices	15	15	True	True	105
1l63A	L99V	98	top_10_neighbor_indices	10	10	True	True	105
1l63A	L99V	98	top_5_neighbor_indices	5	5	True	True	105
1l63A	L99V	98	top_15_closest_neighbor_indices	15	15	True	True	0
1l63A	L99V	98	top_10_closest_neighbor_indices	10	10	True	True	0
1l63A	L99V	98	w_n_log_prob	15x21	15x21	True	True	6.8177071
1l63A	L99V	98	m_n_log_prob	15x21	15x21	True	True	6.7718091
1l63A	L99V	98	neighbor_aa_identities	list[15]	list[15]	True	not_numeric	NA
1l63A	L99V	98	neighbor_w_message_vector_coming_from_center	15x128	15x128	True	True	0.36819923
1l63A	L99V	98	neighbor_m_message_vector_coming_from_center	15x128	15x128	True	True	0.48711485
1l63A	L99V	98	neighbor_w_neighbor_embedding	15x128	15x128	True	True	2.2972052
1l63A	L99V	98	neighbor_m_neighbor_embedding	15x128	15x128	True	True	2.3672118
1l63A	I100A	99	log_prob	1x162x21	1x162x21	True	True	3.2194819
1l63A	I100A	99	top_15_attention_weights	15	15	True	True	0.066878468
1l63A	I100A	99	top_10_attention_weights	10	10	True	True	0.050467253
1l63A	I100A	99	top_5_attention_weights	5	5	True	True	0.050467253
1l63A	I100A	99	top_15_neighbor_indices	15	15	True	True	100
1l63A	I100A	99	top_10_neighbor_indices	10	10	True	True	30
1l63A	I100A	99	top_5_neighbor_indices	5	5	True	True	0
1l63A	I100A	99	top_15_closest_neighbor_indices	15	15	True	True	0
1l63A	I100A	99	top_10_closest_neighbor_indices	10	10	True	True	0
1l63A	I100A	99	w_n_log_prob	15x21	15x21	True	True	5.627459
1l63A	I100A	99	m_n_log_prob	15x21	15x21	True	True	5.587791
1l63A	I100A	99	neighbor_aa_identities	list[15]	list[15]	True	not_numeric	NA
1l63A	I100A	99	neighbor_w_message_vector_coming_from_center	15x128	15x128	True	True	0.35393041
1l63A	I100A	99	neighbor_m_message_vector_coming_from_center	15x128	15x128	True	True	0.33057714
1l63A	I100A	99	neighbor_w_neighbor_embedding	15x128	15x128	True	True	2.3940346
1l63A	I100A	99	neighbor_m_neighbor_embedding	15x128	15x128	True	True	2.7671039
1l63A	I100M	99	log_prob	1x162x21	1x162x21	True	True	2.9315434
1l63A	I100M	99	top_15_attention_weights	15	15	True	True	0.060255468
1l63A	I100M	99	top_10_attention_weights	10	10	True	True	0.060255468
1l63A	I100M	99	top_5_attention_weights	5	5	True	True	0.060255468
1l63A	I100M	99	top_15_neighbor_indices	15	15	True	True	29
1l63A	I100M	99	top_10_neighbor_indices	10	10	True	True	29
1l63A	I100M	99	top_5_neighbor_indices	5	5	True	True	25
1l63A	I100M	99	top_15_closest_neighbor_indices	15	15	True	True	0
1l63A	I100M	99	top_10_closest_neighbor_indices	10	10	True	True	0
1l63A	I100M	99	w_n_log_prob	15x21	15x21	True	True	5.0357838
1l63A	I100M	99	m_n_log_prob	15x21	15x21	True	True	4.9919696
1l63A	I100M	99	neighbor_aa_identities	list[15]	list[15]	True	not_numeric	NA
1l63A	I100M	99	neighbor_w_message_vector_coming_from_center	15x128	15x128	True	True	0.48144722
1l63A	I100M	99	neighbor_m_message_vector_coming_from_center	15x128	15x128	True	True	0.2616775
1l63A	I100M	99	neighbor_w_neighbor_embedding	15x128	15x128	True	True	2.5882533
1l63A	I100M	99	neighbor_m_neighbor_embedding	15x128	15x128	True	True	2.3080363
1l63A	I100V	99	log_prob	1x162x21	1x162x21	True	True	2.307534
1l63A	I100V	99	top_15_attention_weights	15	15	True	True	0.091778815
1l63A	I100V	99	top_10_attention_weights	10	10	True	True	0.091778815
1l63A	I100V	99	top_5_attention_weights	5	5	True	True	0.091778815
1l63A	I100V	99	top_15_neighbor_indices	15	15	True	True	89
1l63A	I100V	99	top_10_neighbor_indices	10	10	True	True	29
1l63A	I100V	99	top_5_neighbor_indices	5	5	True	True	0
1l63A	I100V	99	top_15_closest_neighbor_indices	15	15	True	True	0
1l63A	I100V	99	top_10_closest_neighbor_indices	10	10	True	True	0
1l63A	I100V	99	w_n_log_prob	15x21	15x21	True	True	4.9961209
1l63A	I100V	99	m_n_log_prob	15x21	15x21	True	True	5.0908298
1l63A	I100V	99	neighbor_aa_identities	list[15]	list[15]	True	not_numeric	NA
1l63A	I100V	99	neighbor_w_message_vector_coming_from_center	15x128	15x128	True	True	0.32255566
1l63A	I100V	99	neighbor_m_message_vector_coming_from_center	15x128	15x128	True	True	0.3095082
1l63A	I100V	99	neighbor_w_neighbor_embedding	15x128	15x128	True	True	2.550735
1l63A	I100V	99	neighbor_m_neighbor_embedding	15x128	15x128	True	True	2.5786881
1l63A	N101A	100	log_prob	1x162x21	1x162x21	True	True	2.904551
1l63A	N101A	100	top_15_attention_weights	15	15	True	True	0.078347445
1l63A	N101A	100	top_10_attention_weights	10	10	True	True	0.078347445
1l63A	N101A	100	top_5_attention_weights	5	5	True	True	0.078347445
1l63A	N101A	100	top_15_neighbor_indices	15	15	True	True	141
1l63A	N101A	100	top_10_neighbor_indices	10	10	True	True	97
1l63A	N101A	100	top_5_neighbor_indices	5	5	True	True	94
1l63A	N101A	100	top_15_closest_neighbor_indices	15	15	True	True	0
1l63A	N101A	100	top_10_closest_neighbor_indices	10	10	True	True	0
1l63A	N101A	100	w_n_log_prob	15x21	15x21	True	True	5.5414076
1l63A	N101A	100	m_n_log_prob	15x21	15x21	True	True	5.4401221
1l63A	N101A	100	neighbor_aa_identities	list[15]	list[15]	True	not_numeric	NA
1l63A	N101A	100	neighbor_w_message_vector_coming_from_center	15x128	15x128	True	True	0.59905273
1l63A	N101A	100	neighbor_m_message_vector_coming_from_center	15x128	15x128	True	True	0.31022298
1l63A	N101A	100	neighbor_w_neighbor_embedding	15x128	15x128	True	True	2.5817392
1l63A	N101A	100	neighbor_m_neighbor_embedding	15x128	15x128	True	True	2.5415468
1l63A	M102L	101	log_prob	1x162x21	1x162x21	True	True	3.4702795
1l63A	M102L	101	top_15_attention_weights	15	15	True	True	0.033803105
1l63A	M102L	101	top_10_attention_weights	10	10	True	True	0.033803105
1l63A	M102L	101	top_5_attention_weights	5	5	True	True	0.033803105
1l63A	M102L	101	top_15_neighbor_indices	15	15	True	True	48
1l63A	M102L	101	top_10_neighbor_indices	10	10	True	True	48
1l63A	M102L	101	top_5_neighbor_indices	5	5	True	True	36
1l63A	M102L	101	top_15_closest_neighbor_indices	15	15	True	True	0
1l63A	M102L	101	top_10_closest_neighbor_indices	10	10	True	True	0
1l63A	M102L	101	w_n_log_prob	15x21	15x21	True	True	5.6291709
1l63A	M102L	101	m_n_log_prob	15x21	15x21	True	True	5.6413121
1l63A	M102L	101	neighbor_aa_identities	list[15]	list[15]	True	not_numeric	NA
1l63A	M102L	101	neighbor_w_message_vector_coming_from_center	15x128	15x128	True	True	0.2858862
1l63A	M102L	101	neighbor_m_message_vector_coming_from_center	15x128	15x128	True	True	0.39073628
1l63A	M102L	101	neighbor_w_neighbor_embedding	15x128	15x128	True	True	2.5957098
1l63A	M102L	101	neighbor_m_neighbor_embedding	15x128	15x128	True	True	2.5477209
1l63A	V103A	102	log_prob	1x162x21	1x162x21	True	True	2.5294058
1l63A	V103A	102	top_15_attention_weights	15	15	True	True	0.063420177
1l63A	V103A	102	top_10_attention_weights	10	10	True	True	0.063420177
1l63A	V103A	102	top_5_attention_weights	5	5	True	True	0.063420177
1l63A	V103A	102	top_15_neighbor_indices	15	15	True	True	34
1l63A	V103A	102	top_10_neighbor_indices	10	10	True	True	32
1l63A	V103A	102	top_5_neighbor_indices	5	5	True	True	21
1l63A	V103A	102	top_15_closest_neighbor_indices	15	15	True	True	0
1l63A	V103A	102	top_10_closest_neighbor_indices	10	10	True	True	0
1l63A	V103A	102	w_n_log_prob	15x21	15x21	True	True	5.6143456
1l63A	V103A	102	m_n_log_prob	15x21	15x21	True	True	5.6240439
1l63A	V103A	102	neighbor_aa_identities	list[15]	list[15]	True	not_numeric	NA
1l63A	V103A	102	neighbor_w_message_vector_coming_from_center	15x128	15x128	True	True	0.39170891
1l63A	V103A	102	neighbor_m_message_vector_coming_from_center	15x128	15x128	True	True	0.42285374
1l63A	V103A	102	neighbor_w_neighbor_embedding	15x128	15x128	True	True	3.0637665
1l63A	V103A	102	neighbor_m_neighbor_embedding	15x128	15x128	True	True	3.1473064
1l63A	V103I	102	log_prob	1x162x21	1x162x21	True	True	3.0518675
1l63A	V103I	102	top_15_attention_weights	15	15	True	True	0.10364506
1l63A	V103I	102	top_10_attention_weights	10	10	True	True	0.10364506
1l63A	V103I	102	top_5_attention_weights	5	5	True	True	0.07565558
1l63A	V103I	102	top_15_neighbor_indices	15	15	True	True	34
1l63A	V103I	102	top_10_neighbor_indices	10	10	True	True	9
1l63A	V103I	102	top_5_neighbor_indices	5	5	True	True	0
1l63A	V103I	102	top_15_closest_neighbor_indices	15	15	True	True	0
1l63A	V103I	102	top_10_closest_neighbor_indices	10	10	True	True	0
1l63A	V103I	102	w_n_log_prob	15x21	15x21	True	True	5.3399997
1l63A	V103I	102	m_n_log_prob	15x21	15x21	True	True	5.3031197
1l63A	V103I	102	neighbor_aa_identities	list[15]	list[15]	True	not_numeric	NA
1l63A	V103I	102	neighbor_w_message_vector_coming_from_center	15x128	15x128	True	True	0.20282009
1l63A	V103I	102	neighbor_m_message_vector_coming_from_center	15x128	15x128	True	True	0.24830246
1l63A	V103I	102	neighbor_w_neighbor_embedding	15x128	15x128	True	True	3.0295396
1l63A	V103I	102	neighbor_m_neighbor_embedding	15x128	15x128	True	True	2.8863661
1l63A	V103M	102	log_prob	1x162x21	1x162x21	True	True	3.059078
1l63A	V103M	102	top_15_attention_weights	15	15	True	True	0.076308668
1l63A	V103M	102	top_10_attention_weights	10	10	True	True	0.056802034
1l63A	V103M	102	top_5_attention_weights	5	5	True	True	0.056802034
1l63A	V103M	102	top_15_neighbor_indices	15	15	True	True	34
1l63A	V103M	102	top_10_neighbor_indices	10	10	True	True	29
1l63A	V103M	102	top_5_neighbor_indices	5	5	True	True	7
1l63A	V103M	102	top_15_closest_neighbor_indices	15	15	True	True	0
1l63A	V103M	102	top_10_closest_neighbor_indices	10	10	True	True	0
1l63A	V103M	102	w_n_log_prob	15x21	15x21	True	True	5.4713883
1l63A	V103M	102	m_n_log_prob	15x21	15x21	True	True	5.5194626
1l63A	V103M	102	neighbor_aa_identities	list[15]	list[15]	True	not_numeric	NA
1l63A	V103M	102	neighbor_w_message_vector_coming_from_center	15x128	15x128	True	True	0.31094903
1l63A	V103M	102	neighbor_m_message_vector_coming_from_center	15x128	15x128	True	True	0.26948869
1l63A	V103M	102	neighbor_w_neighbor_embedding	15x128	15x128	True	True	3.0033267
1l63A	V103M	102	neighbor_m_neighbor_embedding	15x128	15x128	True	True	3.0341797
1l63A	F104M	103	log_prob	1x162x21	1x162x21	True	True	3.5853128
1l63A	F104M	103	top_15_attention_weights	15	15	True	True	0.065775573
1l63A	F104M	103	top_10_attention_weights	10	10	True	True	0.065775573
1l63A	F104M	103	top_5_attention_weights	5	5	True	True	0.065775573
1l63A	F104M	103	top_15_neighbor_indices	15	15	True	True	36
1l63A	F104M	103	top_10_neighbor_indices	10	10	True	True	36
1l63A	F104M	103	top_5_neighbor_indices	5	5	True	True	0
1l63A	F104M	103	top_15_closest_neighbor_indices	15	15	True	True	0
1l63A	F104M	103	top_10_closest_neighbor_indices	10	10	True	True	0
1l63A	F104M	103	w_n_log_prob	15x21	15x21	True	True	5.8500524
1l63A	F104M	103	m_n_log_prob	15x21	15x21	True	True	5.7584467
1l63A	F104M	103	neighbor_aa_identities	list[15]	list[15]	True	not_numeric	NA
1l63A	F104M	103	neighbor_w_message_vector_coming_from_center	15x128	15x128	True	True	0.41157916
1l63A	F104M	103	neighbor_m_message_vector_coming_from_center	15x128	15x128	True	True	0.38481051
1l63A	F104M	103	neighbor_w_neighbor_embedding	15x128	15x128	True	True	2.6322608
1l63A	F104M	103	neighbor_m_neighbor_embedding	15x128	15x128	True	True	2.6425581
1l63A	Q105M	104	log_prob	1x162x21	1x162x21	True	True	3.2334559
1l63A	Q105M	104	top_15_attention_weights	15	15	True	True	0.14083421
1l63A	Q105M	104	top_10_attention_weights	10	10	True	True	0.14083421
1l63A	Q105M	104	top_5_attention_weights	5	5	True	True	0.14083421
1l63A	Q105M	104	top_15_neighbor_indices	15	15	True	True	135
1l63A	Q105M	104	top_10_neighbor_indices	10	10	True	True	135
1l63A	Q105M	104	top_5_neighbor_indices	5	5	True	True	135
1l63A	Q105M	104	top_15_closest_neighbor_indices	15	15	True	True	0
1l63A	Q105M	104	top_10_closest_neighbor_indices	10	10	True	True	0
1l63A	Q105M	104	w_n_log_prob	15x21	15x21	True	True	5.2568226
1l63A	Q105M	104	m_n_log_prob	15x21	15x21	True	True	5.0787458
1l63A	Q105M	104	neighbor_aa_identities	list[15]	list[15]	True	not_numeric	NA
1l63A	Q105M	104	neighbor_w_message_vector_coming_from_center	15x128	15x128	True	True	0.26459903
1l63A	Q105M	104	neighbor_m_message_vector_coming_from_center	15x128	15x128	True	True	0.3164418
1l63A	Q105M	104	neighbor_w_neighbor_embedding	15x128	15x128	True	True	2.1146209
1l63A	Q105M	104	neighbor_m_neighbor_embedding	15x128	15x128	True	True	2.1752973
1l63A	M106I	105	log_prob	1x162x21	1x162x21	True	True	3.6991818
1l63A	M106I	105	top_15_attention_weights	15	15	True	True	0.15432322
1l63A	M106I	105	top_10_attention_weights	10	10	True	True	0.15432322
1l63A	M106I	105	top_5_attention_weights	5	5	True	True	0.15432322
1l63A	M106I	105	top_15_neighbor_indices	15	15	True	True	126
1l63A	M106I	105	top_10_neighbor_indices	10	10	True	True	41
1l63A	M106I	105	top_5_neighbor_indices	5	5	True	True	28
1l63A	M106I	105	top_15_closest_neighbor_indices	15	15	True	True	0
1l63A	M106I	105	top_10_closest_neighbor_indices	10	10	True	True	0
1l63A	M106I	105	w_n_log_prob	15x21	15x21	True	True	6.1086268
1l63A	M106I	105	m_n_log_prob	15x21	15x21	True	True	5.7994404
1l63A	M106I	105	neighbor_aa_identities	list[15]	list[15]	True	not_numeric	NA
1l63A	M106I	105	neighbor_w_message_vector_coming_from_center	15x128	15x128	True	True	0.59968398
1l63A	M106I	105	neighbor_m_message_vector_coming_from_center	15x128	15x128	True	True	0.65382525
1l63A	M106I	105	neighbor_w_neighbor_embedding	15x128	15x128	True	True	2.2059669
1l63A	M106I	105	neighbor_m_neighbor_embedding	15x128	15x128	True	True	2.2234018
1l63A	M106L	105	log_prob	1x162x21	1x162x21	True	True	2.7612216
1l63A	M106L	105	top_15_attention_weights	15	15	True	True	0.13167381
1l63A	M106L	105	top_10_attention_weights	10	10	True	True	0.13167381
1l63A	M106L	105	top_5_attention_weights	5	5	True	True	0.13167381
1l63A	M106L	105	top_15_neighbor_indices	15	15	True	True	76
1l63A	M106L	105	top_10_neighbor_indices	10	10	True	True	28
1l63A	M106L	105	top_5_neighbor_indices	5	5	True	True	28
1l63A	M106L	105	top_15_closest_neighbor_indices	15	15	True	True	0
1l63A	M106L	105	top_10_closest_neighbor_indices	10	10	True	True	0
1l63A	M106L	105	w_n_log_prob	15x21	15x21	True	True	4.8688922
1l63A	M106L	105	m_n_log_prob	15x21	15x21	True	True	4.9127607
1l63A	M106L	105	neighbor_aa_identities	list[15]	list[15]	True	not_numeric	NA
1l63A	M106L	105	neighbor_w_message_vector_coming_from_center	15x128	15x128	True	True	0.57295769
1l63A	M106L	105	neighbor_m_message_vector_coming_from_center	15x128	15x128	True	True	0.41751584
1l63A	M106L	105	neighbor_w_neighbor_embedding	15x128	15x128	True	True	1.627915
1l63A	M106L	105	neighbor_m_neighbor_embedding	15x128	15x128	True	True	1.585778
1l63A	M106K	105	log_prob	1x162x21	1x162x21	True	True	2.7441766
1l63A	M106K	105	top_15_attention_weights	15	15	True	True	0.19866419
1l63A	M106K	105	top_10_attention_weights	10	10	True	True	0.19866419
1l63A	M106K	105	top_5_attention_weights	5	5	True	True	0.19866419
1l63A	M106K	105	top_15_neighbor_indices	15	15	True	True	126
1l63A	M106K	105	top_10_neighbor_indices	10	10	True	True	126
1l63A	M106K	105	top_5_neighbor_indices	5	5	True	True	28
1l63A	M106K	105	top_15_closest_neighbor_indices	15	15	True	True	0
1l63A	M106K	105	top_10_closest_neighbor_indices	10	10	True	True	0
1l63A	M106K	105	w_n_log_prob	15x21	15x21	True	True	4.7446628
1l63A	M106K	105	m_n_log_prob	15x21	15x21	True	True	5.018661
1l63A	M106K	105	neighbor_aa_identities	list[15]	list[15]	True	not_numeric	NA
1l63A	M106K	105	neighbor_w_message_vector_coming_from_center	15x128	15x128	True	True	0.66774499
1l63A	M106K	105	neighbor_m_message_vector_coming_from_center	15x128	15x128	True	True	0.84717286
1l63A	M106K	105	neighbor_w_neighbor_embedding	15x128	15x128	True	True	1.9714134
1l63A	M106K	105	neighbor_m_neighbor_embedding	15x128	15x128	True	True	2.027482
1l63A	T109D	108	log_prob	1x162x21	1x162x21	True	True	3.6017585
1l63A	T109D	108	top_15_attention_weights	15	15	True	True	0.099205852
1l63A	T109D	108	top_10_attention_weights	10	10	True	True	0.099205852
1l63A	T109D	108	top_5_attention_weights	5	5	True	True	0.099205852
1l63A	T109D	108	top_15_neighbor_indices	15	15	True	True	71
1l63A	T109D	108	top_10_neighbor_indices	10	10	True	True	71
1l63A	T109D	108	top_5_neighbor_indices	5	5	True	True	71
1l63A	T109D	108	top_15_closest_neighbor_indices	15	15	True	True	0
1l63A	T109D	108	top_10_closest_neighbor_indices	10	10	True	True	0
1l63A	T109D	108	w_n_log_prob	15x21	15x21	True	True	4.653964
1l63A	T109D	108	m_n_log_prob	15x21	15x21	True	True	4.4537234
1l63A	T109D	108	neighbor_aa_identities	list[15]	list[15]	True	not_numeric	NA
1l63A	T109D	108	neighbor_w_message_vector_coming_from_center	15x128	15x128	True	True	0.21508163
1l63A	T109D	108	neighbor_m_message_vector_coming_from_center	15x128	15x128	True	True	0.31923835
1l63A	T109D	108	neighbor_w_neighbor_embedding	15x128	15x128	True	True	1.6555772
1l63A	T109D	108	neighbor_m_neighbor_embedding	15x128	15x128	True	True	1.6037254
1l63A	T109N	108	log_prob	1x162x21	1x162x21	True	True	2.946105
1l63A	T109N	108	top_15_attention_weights	15	15	True	True	0.13478613
1l63A	T109N	108	top_10_attention_weights	10	10	True	True	0.13478613
1l63A	T109N	108	top_5_attention_weights	5	5	True	True	0.13478613
1l63A	T109N	108	top_15_neighbor_indices	15	15	True	True	32
1l63A	T109N	108	top_10_neighbor_indices	10	10	True	True	32
1l63A	T109N	108	top_5_neighbor_indices	5	5	True	True	2
1l63A	T109N	108	top_15_closest_neighbor_indices	15	15	True	True	0
1l63A	T109N	108	top_10_closest_neighbor_indices	10	10	True	True	0
1l63A	T109N	108	w_n_log_prob	15x21	15x21	True	True	5.1749411
1l63A	T109N	108	m_n_log_prob	15x21	15x21	True	True	5.1825795
1l63A	T109N	108	neighbor_aa_identities	list[15]	list[15]	True	not_numeric	NA
1l63A	T109N	108	neighbor_w_message_vector_coming_from_center	15x128	15x128	True	True	0.25763887
1l63A	T109N	108	neighbor_m_message_vector_coming_from_center	15x128	15x128	True	True	0.41956854
1l63A	T109N	108	neighbor_w_neighbor_embedding	15x128	15x128	True	True	2.8294344
1l63A	T109N	108	neighbor_m_neighbor_embedding	15x128	15x128	True	True	2.7219005
1l63A	V111A	110	log_prob	1x162x21	1x162x21	True	True	3.1902933
1l63A	V111A	110	top_15_attention_weights	15	15	True	True	0.19720578
1l63A	V111A	110	top_10_attention_weights	10	10	True	True	0.19720578
1l63A	V111A	110	top_5_attention_weights	5	5	True	True	0.19720578
1l63A	V111A	110	top_15_neighbor_indices	15	15	True	True	34
1l63A	V111A	110	top_10_neighbor_indices	10	10	True	True	26
1l63A	V111A	110	top_5_neighbor_indices	5	5	True	True	4
1l63A	V111A	110	top_15_closest_neighbor_indices	15	15	True	True	0
1l63A	V111A	110	top_10_closest_neighbor_indices	10	10	True	True	0
1l63A	V111A	110	w_n_log_prob	15x21	15x21	True	True	5.6492558
1l63A	V111A	110	m_n_log_prob	15x21	15x21	True	True	5.6340251
1l63A	V111A	110	neighbor_aa_identities	list[15]	list[15]	True	not_numeric	NA
1l63A	V111A	110	neighbor_w_message_vector_coming_from_center	15x128	15x128	True	True	0.33115447
1l63A	V111A	110	neighbor_m_message_vector_coming_from_center	15x128	15x128	True	True	0.23551777
1l63A	V111A	110	neighbor_w_neighbor_embedding	15x128	15x128	True	True	2.4290051
1l63A	V111A	110	neighbor_m_neighbor_embedding	15x128	15x128	True	True	2.3898861
1l63A	V111I	110	log_prob	1x162x21	1x162x21	True	True	2.9449849
1l63A	V111I	110	top_15_attention_weights	15	15	True	True	0.04221648
1l63A	V111I	110	top_10_attention_weights	10	10	True	True	0.04221648
1l63A	V111I	110	top_5_attention_weights	5	5	True	True	0.04221648
1l63A	V111I	110	top_15_neighbor_indices	15	15	True	True	43
1l63A	V111I	110	top_10_neighbor_indices	10	10	True	True	0
1l63A	V111I	110	top_5_neighbor_indices	5	5	True	True	0
1l63A	V111I	110	top_15_closest_neighbor_indices	15	15	True	True	0
1l63A	V111I	110	top_10_closest_neighbor_indices	10	10	True	True	0
1l63A	V111I	110	w_n_log_prob	15x21	15x21	True	True	4.9722939
1l63A	V111I	110	m_n_log_prob	15x21	15x21	True	True	4.9517784
1l63A	V111I	110	neighbor_aa_identities	list[15]	list[15]	True	not_numeric	NA
1l63A	V111I	110	neighbor_w_message_vector_coming_from_center	15x128	15x128	True	True	0.39199433
1l63A	V111I	110	neighbor_m_message_vector_coming_from_center	15x128	15x128	True	True	0.35777777
1l63A	V111I	110	neighbor_w_neighbor_embedding	15x128	15x128	True	True	2.4464223
1l63A	V111I	110	neighbor_m_neighbor_embedding	15x128	15x128	True	True	2.4806125
1l63A	V111M	110	log_prob	1x162x21	1x162x21	True	True	2.7115309
1l63A	V111M	110	top_15_attention_weights	15	15	True	True	0.036298454
1l63A	V111M	110	top_10_attention_weights	10	10	True	True	0.036298454
1l63A	V111M	110	top_5_attention_weights	5	5	True	True	0.036298454
1l63A	V111M	110	top_15_neighbor_indices	15	15	True	True	43
1l63A	V111M	110	top_10_neighbor_indices	10	10	True	True	24
1l63A	V111M	110	top_5_neighbor_indices	5	5	True	True	1
1l63A	V111M	110	top_15_closest_neighbor_indices	15	15	True	True	0
1l63A	V111M	110	top_10_closest_neighbor_indices	10	10	True	True	0
1l63A	V111M	110	w_n_log_prob	15x21	15x21	True	True	5.4576855
1l63A	V111M	110	m_n_log_prob	15x21	15x21	True	True	5.4087987
1l63A	V111M	110	neighbor_aa_identities	list[15]	list[15]	True	not_numeric	NA
1l63A	V111M	110	neighbor_w_message_vector_coming_from_center	15x128	15x128	True	True	0.35685703
1l63A	V111M	110	neighbor_m_message_vector_coming_from_center	15x128	15x128	True	True	0.41322377
1l63A	V111M	110	neighbor_w_neighbor_embedding	15x128	15x128	True	True	2.6339331
1l63A	V111M	110	neighbor_m_neighbor_embedding	15x128	15x128	True	True	2.6000571
1l63A	S117F	116	log_prob	1x162x21	1x162x21	True	True	2.7264245
1l63A	S117F	116	top_15_attention_weights	15	15	True	True	0.097061098
1l63A	S117F	116	top_10_attention_weights	10	10	True	True	0.097061098
1l63A	S117F	116	top_5_attention_weights	5	5	True	True	0.097061098
1l63A	S117F	116	top_15_neighbor_indices	15	15	True	True	32
1l63A	S117F	116	top_10_neighbor_indices	10	10	True	True	0
1l63A	S117F	116	top_5_neighbor_indices	5	5	True	True	0
1l63A	S117F	116	top_15_closest_neighbor_indices	15	15	True	True	0
1l63A	S117F	116	top_10_closest_neighbor_indices	10	10	True	True	0
1l63A	S117F	116	w_n_log_prob	15x21	15x21	True	True	4.5602841
1l63A	S117F	116	m_n_log_prob	15x21	15x21	True	True	4.6441574
1l63A	S117F	116	neighbor_aa_identities	list[15]	list[15]	True	not_numeric	NA
1l63A	S117F	116	neighbor_w_message_vector_coming_from_center	15x128	15x128	True	True	0.15285632
1l63A	S117F	116	neighbor_m_message_vector_coming_from_center	15x128	15x128	True	True	0.17020376
1l63A	S117F	116	neighbor_w_neighbor_embedding	15x128	15x128	True	True	2.6839843
1l63A	S117F	116	neighbor_m_neighbor_embedding	15x128	15x128	True	True	2.7549219
1l63A	L118A	117	log_prob	1x162x21	1x162x21	True	True	3.6488543
1l63A	L118A	117	top_15_attention_weights	15	15	True	True	0.036996961
1l63A	L118A	117	top_10_attention_weights	10	10	True	True	0.036996961
1l63A	L118A	117	top_5_attention_weights	5	5	True	True	0.036996961
1l63A	L118A	117	top_15_neighbor_indices	15	15	True	True	32
1l63A	L118A	117	top_10_neighbor_indices	10	10	True	True	32
1l63A	L118A	117	top_5_neighbor_indices	5	5	True	True	0
1l63A	L118A	117	top_15_closest_neighbor_indices	15	15	True	True	0
1l63A	L118A	117	top_10_closest_neighbor_indices	10	10	True	True	0
1l63A	L118A	117	w_n_log_prob	15x21	15x21	True	True	4.77811
1l63A	L118A	117	m_n_log_prob	15x21	15x21	True	True	4.6680107
1l63A	L118A	117	neighbor_aa_identities	list[15]	list[15]	True	not_numeric	NA
1l63A	L118A	117	neighbor_w_message_vector_coming_from_center	15x128	15x128	True	True	0.43902349
1l63A	L118A	117	neighbor_m_message_vector_coming_from_center	15x128	15x128	True	True	0.46290699
1l63A	L118A	117	neighbor_w_neighbor_embedding	15x128	15x128	True	True	1.9427079
1l63A	L118A	117	neighbor_m_neighbor_embedding	15x128	15x128	True	True	1.8152062
1l63A	L118M	117	log_prob	1x162x21	1x162x21	True	True	2.6014776
1l63A	L118M	117	top_15_attention_weights	15	15	True	True	0.031168759
1l63A	L118M	117	top_10_attention_weights	10	10	True	True	0.031168759
1l63A	L118M	117	top_5_attention_weights	5	5	True	True	0.031168759
1l63A	L118M	117	top_15_neighbor_indices	15	15	True	True	17
1l63A	L118M	117	top_10_neighbor_indices	10	10	True	True	2
1l63A	L118M	117	top_5_neighbor_indices	5	5	True	True	0
1l63A	L118M	117	top_15_closest_neighbor_indices	15	15	True	True	0
1l63A	L118M	117	top_10_closest_neighbor_indices	10	10	True	True	0
1l63A	L118M	117	w_n_log_prob	15x21	15x21	True	True	3.9147105
1l63A	L118M	117	m_n_log_prob	15x21	15x21	True	True	3.9589097
1l63A	L118M	117	neighbor_aa_identities	list[15]	list[15]	True	not_numeric	NA
1l63A	L118M	117	neighbor_w_message_vector_coming_from_center	15x128	15x128	True	True	0.31973398
1l63A	L118M	117	neighbor_m_message_vector_coming_from_center	15x128	15x128	True	True	0.25824416
1l63A	L118M	117	neighbor_w_neighbor_embedding	15x128	15x128	True	True	1.677205
1l63A	L118M	117	neighbor_m_neighbor_embedding	15x128	15x128	True	True	1.6779836
1l63A	M120L	119	log_prob	1x162x21	1x162x21	True	True	3.4702086
1l63A	M120L	119	top_15_attention_weights	15	15	True	True	0.095286176
1l63A	M120L	119	top_10_attention_weights	10	10	True	True	0.064067721
1l63A	M120L	119	top_5_attention_weights	5	5	True	True	0.064067721
1l63A	M120L	119	top_15_neighbor_indices	15	15	True	True	28
1l63A	M120L	119	top_10_neighbor_indices	10	10	True	True	10
1l63A	M120L	119	top_5_neighbor_indices	5	5	True	True	10
1l63A	M120L	119	top_15_closest_neighbor_indices	15	15	True	True	0
1l63A	M120L	119	top_10_closest_neighbor_indices	10	10	True	True	0
1l63A	M120L	119	w_n_log_prob	15x21	15x21	True	True	5.4739437
1l63A	M120L	119	m_n_log_prob	15x21	15x21	True	True	5.5097041
1l63A	M120L	119	neighbor_aa_identities	list[15]	list[15]	True	not_numeric	NA
1l63A	M120L	119	neighbor_w_message_vector_coming_from_center	15x128	15x128	True	True	0.59931549
1l63A	M120L	119	neighbor_m_message_vector_coming_from_center	15x128	15x128	True	True	0.32541312
1l63A	M120L	119	neighbor_w_neighbor_embedding	15x128	15x128	True	True	1.9234619
1l63A	M120L	119	neighbor_m_neighbor_embedding	15x128	15x128	True	True	1.9308884
1l63A	M120K	119	log_prob	1x162x21	1x162x21	True	True	4.0217624
1l63A	M120K	119	top_15_attention_weights	15	15	True	True	0.080486298
1l63A	M120K	119	top_10_attention_weights	10	10	True	True	0.080486298
1l63A	M120K	119	top_5_attention_weights	5	5	True	True	0.080486298
1l63A	M120K	119	top_15_neighbor_indices	15	15	True	True	10
1l63A	M120K	119	top_10_neighbor_indices	10	10	True	True	10
1l63A	M120K	119	top_5_neighbor_indices	5	5	True	True	10
1l63A	M120K	119	top_15_closest_neighbor_indices	15	15	True	True	0
1l63A	M120K	119	top_10_closest_neighbor_indices	10	10	True	True	0
1l63A	M120K	119	w_n_log_prob	15x21	15x21	True	True	5.2839637
1l63A	M120K	119	m_n_log_prob	15x21	15x21	True	True	5.3198271
1l63A	M120K	119	neighbor_aa_identities	list[15]	list[15]	True	not_numeric	NA
1l63A	M120K	119	neighbor_w_message_vector_coming_from_center	15x128	15x128	True	True	0.60175005
1l63A	M120K	119	neighbor_m_message_vector_coming_from_center	15x128	15x128	True	True	0.46293378
1l63A	M120K	119	neighbor_w_neighbor_embedding	15x128	15x128	True	True	1.8340617
1l63A	M120K	119	neighbor_m_neighbor_embedding	15x128	15x128	True	True	1.8145921
1l63A	M120Y	119	log_prob	1x162x21	1x162x21	True	True	3.5752504
1l63A	M120Y	119	top_15_attention_weights	15	15	True	True	0.20973134
1l63A	M120Y	119	top_10_attention_weights	10	10	True	True	0.20973134
1l63A	M120Y	119	top_5_attention_weights	5	5	True	True	0.20973134
1l63A	M120Y	119	top_15_neighbor_indices	15	15	True	True	25
1l63A	M120Y	119	top_10_neighbor_indices	10	10	True	True	3
1l63A	M120Y	119	top_5_neighbor_indices	5	5	True	True	0
1l63A	M120Y	119	top_15_closest_neighbor_indices	15	15	True	True	0
1l63A	M120Y	119	top_10_closest_neighbor_indices	10	10	True	True	0
1l63A	M120Y	119	w_n_log_prob	15x21	15x21	True	True	5.0524416
1l63A	M120Y	119	m_n_log_prob	15x21	15x21	True	True	5.0714841
1l63A	M120Y	119	neighbor_aa_identities	list[15]	list[15]	True	not_numeric	NA
1l63A	M120Y	119	neighbor_w_message_vector_coming_from_center	15x128	15x128	True	True	0.15341451
1l63A	M120Y	119	neighbor_m_message_vector_coming_from_center	15x128	15x128	True	True	0.15562638
1l63A	M120Y	119	neighbor_w_neighbor_embedding	15x128	15x128	True	True	1.3785596
1l63A	M120Y	119	neighbor_m_neighbor_embedding	15x128	15x128	True	True	1.3777134
1l63A	L121M	120	log_prob	1x162x21	1x162x21	True	True	4.2553954
1l63A	L121M	120	top_15_attention_weights	15	15	True	True	0.059583902
1l63A	L121M	120	top_10_attention_weights	10	10	True	True	0.059583902
1l63A	L121M	120	top_5_attention_weights	5	5	True	True	0.042693079
1l63A	L121M	120	top_15_neighbor_indices	15	15	True	True	58
1l63A	L121M	120	top_10_neighbor_indices	10	10	True	True	58
1l63A	L121M	120	top_5_neighbor_indices	5	5	True	True	58
1l63A	L121M	120	top_15_closest_neighbor_indices	15	15	True	True	0
1l63A	L121M	120	top_10_closest_neighbor_indices	10	10	True	True	0
1l63A	L121M	120	w_n_log_prob	15x21	15x21	True	True	6.7828312
1l63A	L121M	120	m_n_log_prob	15x21	15x21	True	True	6.6916513
1l63A	L121M	120	neighbor_aa_identities	list[15]	list[15]	True	not_numeric	NA
1l63A	L121M	120	neighbor_w_message_vector_coming_from_center	15x128	15x128	True	True	0.42416367
1l63A	L121M	120	neighbor_m_message_vector_coming_from_center	15x128	15x128	True	True	0.34930031
1l63A	L121M	120	neighbor_w_neighbor_embedding	15x128	15x128	True	True	2.2498851
1l63A	L121M	120	neighbor_m_neighbor_embedding	15x128	15x128	True	True	2.3346882
1l63A	A129F	128	log_prob	1x162x21	1x162x21	True	True	2.7997127
1l63A	A129F	128	top_15_attention_weights	15	15	True	True	0.033169806
1l63A	A129F	128	top_10_attention_weights	10	10	True	True	0.033169806
1l63A	A129F	128	top_5_attention_weights	5	5	True	True	0.026159942
1l63A	A129F	128	top_15_neighbor_indices	15	15	True	True	35
1l63A	A129F	128	top_10_neighbor_indices	10	10	True	True	35
1l63A	A129F	128	top_5_neighbor_indices	5	5	True	True	0
1l63A	A129F	128	top_15_closest_neighbor_indices	15	15	True	True	0
1l63A	A129F	128	top_10_closest_neighbor_indices	10	10	True	True	0
1l63A	A129F	128	w_n_log_prob	15x21	15x21	True	True	5.7979498
1l63A	A129F	128	m_n_log_prob	15x21	15x21	True	True	5.54351
1l63A	A129F	128	neighbor_aa_identities	list[15]	list[15]	True	not_numeric	NA
1l63A	A129F	128	neighbor_w_message_vector_coming_from_center	15x128	15x128	True	True	0.14215892
1l63A	A129F	128	neighbor_m_message_vector_coming_from_center	15x128	15x128	True	True	0.26970152
1l63A	A129F	128	neighbor_w_neighbor_embedding	15x128	15x128	True	True	2.6640012
1l63A	A129F	128	neighbor_m_neighbor_embedding	15x128	15x128	True	True	2.6641312
1l63A	A129W	128	log_prob	1x162x21	1x162x21	True	True	3.2247782
1l63A	A129W	128	top_15_attention_weights	15	15	True	True	0.10371345
1l63A	A129W	128	top_10_attention_weights	10	10	True	True	0.10371345
1l63A	A129W	128	top_5_attention_weights	5	5	True	True	0.10371345
1l63A	A129W	128	top_15_neighbor_indices	15	15	True	True	37
1l63A	A129W	128	top_10_neighbor_indices	10	10	True	True	33
1l63A	A129W	128	top_5_neighbor_indices	5	5	True	True	1
1l63A	A129W	128	top_15_closest_neighbor_indices	15	15	True	True	0
1l63A	A129W	128	top_10_closest_neighbor_indices	10	10	True	True	0
1l63A	A129W	128	w_n_log_prob	15x21	15x21	True	True	5.5866833
1l63A	A129W	128	m_n_log_prob	15x21	15x21	True	True	5.3517261
1l63A	A129W	128	neighbor_aa_identities	list[15]	list[15]	True	not_numeric	NA
1l63A	A129W	128	neighbor_w_message_vector_coming_from_center	15x128	15x128	True	True	0.17042026
1l63A	A129W	128	neighbor_m_message_vector_coming_from_center	15x128	15x128	True	True	0.31494505
1l63A	A129W	128	neighbor_w_neighbor_embedding	15x128	15x128	True	True	2.657927
1l63A	A129W	128	neighbor_m_neighbor_embedding	15x128	15x128	True	True	2.6677926
1l63A	A130S	129	log_prob	1x162x21	1x162x21	True	True	2.4580836
1l63A	A130S	129	top_15_attention_weights	15	15	True	True	0.1104916
1l63A	A130S	129	top_10_attention_weights	10	10	True	True	0.1104916
1l63A	A130S	129	top_5_attention_weights	5	5	True	True	0.083432794
1l63A	A130S	129	top_15_neighbor_indices	15	15	True	True	35
1l63A	A130S	129	top_10_neighbor_indices	10	10	True	True	24
1l63A	A130S	129	top_5_neighbor_indices	5	5	True	True	22
1l63A	A130S	129	top_15_closest_neighbor_indices	15	15	True	True	0
1l63A	A130S	129	top_10_closest_neighbor_indices	10	10	True	True	0
1l63A	A130S	129	w_n_log_prob	15x21	15x21	True	True	5.0668845
1l63A	A130S	129	m_n_log_prob	15x21	15x21	True	True	4.9946651
1l63A	A130S	129	neighbor_aa_identities	list[15]	list[15]	True	not_numeric	NA
1l63A	A130S	129	neighbor_w_message_vector_coming_from_center	15x128	15x128	True	True	0.16774002
1l63A	A130S	129	neighbor_m_message_vector_coming_from_center	15x128	15x128	True	True	0.23342238
1l63A	A130S	129	neighbor_w_neighbor_embedding	15x128	15x128	True	True	2.2608933
1l63A	A130S	129	neighbor_m_neighbor_embedding	15x128	15x128	True	True	2.2770009
1l63A	L133F	132	log_prob	1x162x21	1x162x21	True	True	3.6900277
1l63A	L133F	132	top_15_attention_weights	15	15	True	True	0.070239246
1l63A	L133F	132	top_10_attention_weights	10	10	True	True	0.070239246
1l63A	L133F	132	top_5_attention_weights	5	5	True	True	0.070239246
1l63A	L133F	132	top_15_neighbor_indices	15	15	True	True	28
1l63A	L133F	132	top_10_neighbor_indices	10	10	True	True	28
1l63A	L133F	132	top_5_neighbor_indices	5	5	True	True	28
1l63A	L133F	132	top_15_closest_neighbor_indices	15	15	True	True	0
1l63A	L133F	132	top_10_closest_neighbor_indices	10	10	True	True	0
1l63A	L133F	132	w_n_log_prob	15x21	15x21	True	True	5.8839688
1l63A	L133F	132	m_n_log_prob	15x21	15x21	True	True	5.840662
1l63A	L133F	132	neighbor_aa_identities	list[15]	list[15]	True	not_numeric	NA
1l63A	L133F	132	neighbor_w_message_vector_coming_from_center	15x128	15x128	True	True	0.38255394
1l63A	L133F	132	neighbor_m_message_vector_coming_from_center	15x128	15x128	True	True	0.33797944
1l63A	L133F	132	neighbor_w_neighbor_embedding	15x128	15x128	True	True	2.3270919
1l63A	L133F	132	neighbor_m_neighbor_embedding	15x128	15x128	True	True	2.3348095
1l63A	L133M	132	log_prob	1x162x21	1x162x21	True	True	2.6780343
1l63A	L133M	132	top_15_attention_weights	15	15	True	True	0.093439519
1l63A	L133M	132	top_10_attention_weights	10	10	True	True	0.093439519
1l63A	L133M	132	top_5_attention_weights	5	5	True	True	0.093439519
1l63A	L133M	132	top_15_neighbor_indices	15	15	True	True	28
1l63A	L133M	132	top_10_neighbor_indices	10	10	True	True	6
1l63A	L133M	132	top_5_neighbor_indices	5	5	True	True	3
1l63A	L133M	132	top_15_closest_neighbor_indices	15	15	True	True	0
1l63A	L133M	132	top_10_closest_neighbor_indices	10	10	True	True	0
1l63A	L133M	132	w_n_log_prob	15x21	15x21	True	True	5.2540951
1l63A	L133M	132	m_n_log_prob	15x21	15x21	True	True	5.3579078
1l63A	L133M	132	neighbor_aa_identities	list[15]	list[15]	True	not_numeric	NA
1l63A	L133M	132	neighbor_w_message_vector_coming_from_center	15x128	15x128	True	True	0.40370518
1l63A	L133M	132	neighbor_m_message_vector_coming_from_center	15x128	15x128	True	True	0.33272883
1l63A	L133M	132	neighbor_w_neighbor_embedding	15x128	15x128	True	True	2.9429388
1l63A	L133M	132	neighbor_m_neighbor_embedding	15x128	15x128	True	True	2.8990054
1l63A	A134S	133	log_prob	1x162x21	1x162x21	True	True	2.7776363
1l63A	A134S	133	top_15_attention_weights	15	15	True	True	0.048241377
1l63A	A134S	133	top_10_attention_weights	10	10	True	True	0.048241377
1l63A	A134S	133	top_5_attention_weights	5	5	True	True	0.046320319
1l63A	A134S	133	top_15_neighbor_indices	15	15	True	True	22
1l63A	A134S	133	top_10_neighbor_indices	10	10	True	True	22
1l63A	A134S	133	top_5_neighbor_indices	5	5	True	True	0
1l63A	A134S	133	top_15_closest_neighbor_indices	15	15	True	True	0
1l63A	A134S	133	top_10_closest_neighbor_indices	10	10	True	True	0
1l63A	A134S	133	w_n_log_prob	15x21	15x21	True	True	4.7984943
1l63A	A134S	133	m_n_log_prob	15x21	15x21	True	True	4.5728545
1l63A	A134S	133	neighbor_aa_identities	list[15]	list[15]	True	not_numeric	NA
1l63A	A134S	133	neighbor_w_message_vector_coming_from_center	15x128	15x128	True	True	0.3851088
1l63A	A134S	133	neighbor_m_message_vector_coming_from_center	15x128	15x128	True	True	0.42445996
1l63A	A134S	133	neighbor_w_neighbor_embedding	15x128	15x128	True	True	1.6125786
1l63A	A134S	133	neighbor_m_neighbor_embedding	15x128	15x128	True	True	1.6319067
1l63A	N144E	143	log_prob	1x162x21	1x162x21	True	True	3.113327
1l63A	N144E	143	top_15_attention_weights	15	15	True	True	0.090481758
1l63A	N144E	143	top_10_attention_weights	10	10	True	True	0.090481758
1l63A	N144E	143	top_5_attention_weights	5	5	True	True	0.090481758
1l63A	N144E	143	top_15_neighbor_indices	15	15	True	True	138
1l63A	N144E	143	top_10_neighbor_indices	10	10	True	True	138
1l63A	N144E	143	top_5_neighbor_indices	5	5	True	True	138
1l63A	N144E	143	top_15_closest_neighbor_indices	15	15	True	True	0
1l63A	N144E	143	top_10_closest_neighbor_indices	10	10	True	True	0
1l63A	N144E	143	w_n_log_prob	15x21	15x21	True	True	5.426158
1l63A	N144E	143	m_n_log_prob	15x21	15x21	True	True	5.0517192
1l63A	N144E	143	neighbor_aa_identities	list[15]	list[15]	True	not_numeric	NA
1l63A	N144E	143	neighbor_w_message_vector_coming_from_center	15x128	15x128	True	True	0.35720059
1l63A	N144E	143	neighbor_m_message_vector_coming_from_center	15x128	15x128	True	True	0.34109053
1l63A	N144E	143	neighbor_w_neighbor_embedding	15x128	15x128	True	True	2.1704586
1l63A	N144E	143	neighbor_m_neighbor_embedding	15x128	15x128	True	True	2.1194656
1l63A	V149A	148	log_prob	1x162x21	1x162x21	True	True	2.6236567
1l63A	V149A	148	top_15_attention_weights	15	15	True	True	0.25340593
1l63A	V149A	148	top_10_attention_weights	10	10	True	True	0.25340593
1l63A	V149A	148	top_5_attention_weights	5	5	True	True	0.25340593
1l63A	V149A	148	top_15_neighbor_indices	15	15	True	True	88
1l63A	V149A	148	top_10_neighbor_indices	10	10	True	True	88
1l63A	V149A	148	top_5_neighbor_indices	5	5	True	True	88
1l63A	V149A	148	top_15_closest_neighbor_indices	15	15	True	True	0
1l63A	V149A	148	top_10_closest_neighbor_indices	10	10	True	True	0
1l63A	V149A	148	w_n_log_prob	15x21	15x21	True	True	5.3919182
1l63A	V149A	148	m_n_log_prob	15x21	15x21	True	True	5.4271755
1l63A	V149A	148	neighbor_aa_identities	list[15]	list[15]	True	not_numeric	NA
1l63A	V149A	148	neighbor_w_message_vector_coming_from_center	15x128	15x128	True	True	0.49706575
1l63A	V149A	148	neighbor_m_message_vector_coming_from_center	15x128	15x128	True	True	0.36848342
1l63A	V149A	148	neighbor_w_neighbor_embedding	15x128	15x128	True	True	1.8390747
1l63A	V149A	148	neighbor_m_neighbor_embedding	15x128	15x128	True	True	1.6668603
1l63A	V149C	148	log_prob	1x162x21	1x162x21	True	True	2.7995162
1l63A	V149C	148	top_15_attention_weights	15	15	True	True	0.10742855
1l63A	V149C	148	top_10_attention_weights	10	10	True	True	0.10742855
1l63A	V149C	148	top_5_attention_weights	5	5	True	True	0.10742855
1l63A	V149C	148	top_15_neighbor_indices	15	15	True	True	147
1l63A	V149C	148	top_10_neighbor_indices	10	10	True	True	10
1l63A	V149C	148	top_5_neighbor_indices	5	5	True	True	0
1l63A	V149C	148	top_15_closest_neighbor_indices	15	15	True	True	0
1l63A	V149C	148	top_10_closest_neighbor_indices	10	10	True	True	0
1l63A	V149C	148	w_n_log_prob	15x21	15x21	True	True	5.8869009
1l63A	V149C	148	m_n_log_prob	15x21	15x21	True	True	5.9304824
1l63A	V149C	148	neighbor_aa_identities	list[15]	list[15]	True	not_numeric	NA
1l63A	V149C	148	neighbor_w_message_vector_coming_from_center	15x128	15x128	True	True	0.45159081
1l63A	V149C	148	neighbor_m_message_vector_coming_from_center	15x128	15x128	True	True	0.31135389
1l63A	V149C	148	neighbor_w_neighbor_embedding	15x128	15x128	True	True	1.4463108
1l63A	V149C	148	neighbor_m_neighbor_embedding	15x128	15x128	True	True	1.5371051
1l63A	V149G	148	log_prob	1x162x21	1x162x21	True	True	3.2387478
1l63A	V149G	148	top_15_attention_weights	15	15	True	True	0.21428061
1l63A	V149G	148	top_10_attention_weights	10	10	True	True	0.21428061
1l63A	V149G	148	top_5_attention_weights	5	5	True	True	0.21428061
1l63A	V149G	148	top_15_neighbor_indices	15	15	True	True	144
1l63A	V149G	148	top_10_neighbor_indices	10	10	True	True	144
1l63A	V149G	148	top_5_neighbor_indices	5	5	True	True	91
1l63A	V149G	148	top_15_closest_neighbor_indices	15	15	True	True	0
1l63A	V149G	148	top_10_closest_neighbor_indices	10	10	True	True	0
1l63A	V149G	148	w_n_log_prob	15x21	15x21	True	True	5.5867047
1l63A	V149G	148	m_n_log_prob	15x21	15x21	True	True	5.360465
1l63A	V149G	148	neighbor_aa_identities	list[15]	list[15]	True	not_numeric	NA
1l63A	V149G	148	neighbor_w_message_vector_coming_from_center	15x128	15x128	True	True	0.53874707
1l63A	V149G	148	neighbor_m_message_vector_coming_from_center	15x128	15x128	True	True	0.37782362
1l63A	V149G	148	neighbor_w_neighbor_embedding	15x128	15x128	True	True	2.7731538
1l63A	V149G	148	neighbor_m_neighbor_embedding	15x128	15x128	True	True	2.6261301
1l63A	V149I	148	log_prob	1x162x21	1x162x21	True	True	2.7350202
1l63A	V149I	148	top_15_attention_weights	15	15	True	True	0.29691875
1l63A	V149I	148	top_10_attention_weights	10	10	True	True	0.29691875
1l63A	V149I	148	top_5_attention_weights	5	5	True	True	0.29691875
1l63A	V149I	148	top_15_neighbor_indices	15	15	True	True	144
1l63A	V149I	148	top_10_neighbor_indices	10	10	True	True	144
1l63A	V149I	148	top_5_neighbor_indices	5	5	True	True	59
1l63A	V149I	148	top_15_closest_neighbor_indices	15	15	True	True	0
1l63A	V149I	148	top_10_closest_neighbor_indices	10	10	True	True	0
1l63A	V149I	148	w_n_log_prob	15x21	15x21	True	True	5.6765928
1l63A	V149I	148	m_n_log_prob	15x21	15x21	True	True	5.755167
1l63A	V149I	148	neighbor_aa_identities	list[15]	list[15]	True	not_numeric	NA
1l63A	V149I	148	neighbor_w_message_vector_coming_from_center	15x128	15x128	True	True	0.50817442
1l63A	V149I	148	neighbor_m_message_vector_coming_from_center	15x128	15x128	True	True	0.46216825
1l63A	V149I	148	neighbor_w_neighbor_embedding	15x128	15x128	True	True	2.7193606
1l63A	V149I	148	neighbor_m_neighbor_embedding	15x128	15x128	True	True	2.811111
1l63A	V149M	148	log_prob	1x162x21	1x162x21	True	True	3.0703559
1l63A	V149M	148	top_15_attention_weights	15	15	True	True	0.25091195
1l63A	V149M	148	top_10_attention_weights	10	10	True	True	0.25091195
1l63A	V149M	148	top_5_attention_weights	5	5	True	True	0.25091195
1l63A	V149M	148	top_15_neighbor_indices	15	15	True	True	140
1l63A	V149M	148	top_10_neighbor_indices	10	10	True	True	140
1l63A	V149M	148	top_5_neighbor_indices	5	5	True	True	3
1l63A	V149M	148	top_15_closest_neighbor_indices	15	15	True	True	0
1l63A	V149M	148	top_10_closest_neighbor_indices	10	10	True	True	0
1l63A	V149M	148	w_n_log_prob	15x21	15x21	True	True	4.6507297
1l63A	V149M	148	m_n_log_prob	15x21	15x21	True	True	4.6201673
1l63A	V149M	148	neighbor_aa_identities	list[15]	list[15]	True	not_numeric	NA
1l63A	V149M	148	neighbor_w_message_vector_coming_from_center	15x128	15x128	True	True	0.36649436
1l63A	V149M	148	neighbor_m_message_vector_coming_from_center	15x128	15x128	True	True	0.27280745
1l63A	V149M	148	neighbor_w_neighbor_embedding	15x128	15x128	True	True	1.4257684
1l63A	V149M	148	neighbor_m_neighbor_embedding	15x128	15x128	True	True	1.4936841
1l63A	V149T	148	log_prob	1x162x21	1x162x21	True	True	3.3908975
1l63A	V149T	148	top_15_attention_weights	15	15	True	True	0.38154829
1l63A	V149T	148	top_10_attention_weights	10	10	True	True	0.38154829
1l63A	V149T	148	top_5_attention_weights	5	5	True	True	0.38154829
1l63A	V149T	148	top_15_neighbor_indices	15	15	True	True	144
1l63A	V149T	148	top_10_neighbor_indices	10	10	True	True	144
1l63A	V149T	148	top_5_neighbor_indices	5	5	True	True	91
1l63A	V149T	148	top_15_closest_neighbor_indices	15	15	True	True	0
1l63A	V149T	148	top_10_closest_neighbor_indices	10	10	True	True	0
1l63A	V149T	148	w_n_log_prob	15x21	15x21	True	True	5.8461752
1l63A	V149T	148	m_n_log_prob	15x21	15x21	True	True	5.7527914
1l63A	V149T	148	neighbor_aa_identities	list[15]	list[15]	True	not_numeric	NA
1l63A	V149T	148	neighbor_w_message_vector_coming_from_center	15x128	15x128	True	True	0.51881534
1l63A	V149T	148	neighbor_m_message_vector_coming_from_center	15x128	15x128	True	True	0.63926232
1l63A	V149T	148	neighbor_w_neighbor_embedding	15x128	15x128	True	True	2.4252853
1l63A	V149T	148	neighbor_m_neighbor_embedding	15x128	15x128	True	True	2.3837464
1l63A	V149S	148	log_prob	1x162x21	1x162x21	True	True	3.1684778
1l63A	V149S	148	top_15_attention_weights	15	15	True	True	0.41629493
1l63A	V149S	148	top_10_attention_weights	10	10	True	True	0.41629493
1l63A	V149S	148	top_5_attention_weights	5	5	True	True	0.41629493
1l63A	V149S	148	top_15_neighbor_indices	15	15	True	True	91
1l63A	V149S	148	top_10_neighbor_indices	10	10	True	True	91
1l63A	V149S	148	top_5_neighbor_indices	5	5	True	True	91
1l63A	V149S	148	top_15_closest_neighbor_indices	15	15	True	True	0
1l63A	V149S	148	top_10_closest_neighbor_indices	10	10	True	True	0
1l63A	V149S	148	w_n_log_prob	15x21	15x21	True	True	5.5047998
1l63A	V149S	148	m_n_log_prob	15x21	15x21	True	True	5.5565367
1l63A	V149S	148	neighbor_aa_identities	list[15]	list[15]	True	not_numeric	NA
1l63A	V149S	148	neighbor_w_message_vector_coming_from_center	15x128	15x128	True	True	0.42027187
1l63A	V149S	148	neighbor_m_message_vector_coming_from_center	15x128	15x128	True	True	0.64570951
1l63A	V149S	148	neighbor_w_neighbor_embedding	15x128	15x128	True	True	1.7180341
1l63A	V149S	148	neighbor_m_neighbor_embedding	15x128	15x128	True	True	1.6216981
1l63A	T152A	151	log_prob	1x162x21	1x162x21	True	True	3.6163504
1l63A	T152A	151	top_15_attention_weights	15	15	True	True	0.55108714
1l63A	T152A	151	top_10_attention_weights	10	10	True	True	0.55108714
1l63A	T152A	151	top_5_attention_weights	5	5	True	True	0.55108714
1l63A	T152A	151	top_15_neighbor_indices	15	15	True	True	91
1l63A	T152A	151	top_10_neighbor_indices	10	10	True	True	91
1l63A	T152A	151	top_5_neighbor_indices	5	5	True	True	91
1l63A	T152A	151	top_15_closest_neighbor_indices	15	15	True	True	0
1l63A	T152A	151	top_10_closest_neighbor_indices	10	10	True	True	0
1l63A	T152A	151	w_n_log_prob	15x21	15x21	True	True	5.7064447
1l63A	T152A	151	m_n_log_prob	15x21	15x21	True	True	5.7478046
1l63A	T152A	151	neighbor_aa_identities	list[15]	list[15]	True	not_numeric	NA
1l63A	T152A	151	neighbor_w_message_vector_coming_from_center	15x128	15x128	True	True	0.15890242
1l63A	T152A	151	neighbor_m_message_vector_coming_from_center	15x128	15x128	True	True	0.25567493
1l63A	T152A	151	neighbor_w_neighbor_embedding	15x128	15x128	True	True	2.9941678
1l63A	T152A	151	neighbor_m_neighbor_embedding	15x128	15x128	True	True	3.0290823
1l63A	T152C	151	log_prob	1x162x21	1x162x21	True	True	2.5203547
1l63A	T152C	151	top_15_attention_weights	15	15	True	True	0.51831913
1l63A	T152C	151	top_10_attention_weights	10	10	True	True	0.51831913
1l63A	T152C	151	top_5_attention_weights	5	5	True	True	0.51831913
1l63A	T152C	151	top_15_neighbor_indices	15	15	True	True	155
1l63A	T152C	151	top_10_neighbor_indices	10	10	True	True	155
1l63A	T152C	151	top_5_neighbor_indices	5	5	True	True	155
1l63A	T152C	151	top_15_closest_neighbor_indices	15	15	True	True	0
1l63A	T152C	151	top_10_closest_neighbor_indices	10	10	True	True	0
1l63A	T152C	151	w_n_log_prob	15x21	15x21	True	True	5.7313261
1l63A	T152C	151	m_n_log_prob	15x21	15x21	True	True	5.7043386
1l63A	T152C	151	neighbor_aa_identities	list[15]	list[15]	True	not_numeric	NA
1l63A	T152C	151	neighbor_w_message_vector_coming_from_center	15x128	15x128	True	True	0.22719754
1l63A	T152C	151	neighbor_m_message_vector_coming_from_center	15x128	15x128	True	True	0.35662958
1l63A	T152C	151	neighbor_w_neighbor_embedding	15x128	15x128	True	True	2.351572
1l63A	T152C	151	neighbor_m_neighbor_embedding	15x128	15x128	True	True	2.366832
1l63A	T152I	151	log_prob	1x162x21	1x162x21	True	True	3.1792371
1l63A	T152I	151	top_15_attention_weights	15	15	True	True	0.41018176
1l63A	T152I	151	top_10_attention_weights	10	10	True	True	0.41018176
1l63A	T152I	151	top_5_attention_weights	5	5	True	True	0.41018176
1l63A	T152I	151	top_15_neighbor_indices	15	15	True	True	67
1l63A	T152I	151	top_10_neighbor_indices	10	10	True	True	67
1l63A	T152I	151	top_5_neighbor_indices	5	5	True	True	67
1l63A	T152I	151	top_15_closest_neighbor_indices	15	15	True	True	0
1l63A	T152I	151	top_10_closest_neighbor_indices	10	10	True	True	0
1l63A	T152I	151	w_n_log_prob	15x21	15x21	True	True	5.699594
1l63A	T152I	151	m_n_log_prob	15x21	15x21	True	True	5.7337871
1l63A	T152I	151	neighbor_aa_identities	list[15]	list[15]	True	not_numeric	NA
1l63A	T152I	151	neighbor_w_message_vector_coming_from_center	15x128	15x128	True	True	0.35321531
1l63A	T152I	151	neighbor_m_message_vector_coming_from_center	15x128	15x128	True	True	0.3740561
1l63A	T152I	151	neighbor_w_neighbor_embedding	15x128	15x128	True	True	2.3250518
1l63A	T152I	151	neighbor_m_neighbor_embedding	15x128	15x128	True	True	2.3618529
1l63A	T152S	151	log_prob	1x162x21	1x162x21	True	True	2.4404492
1l63A	T152S	151	top_15_attention_weights	15	15	True	True	0.083997071
1l63A	T152S	151	top_10_attention_weights	10	10	True	True	0.083997071
1l63A	T152S	151	top_5_attention_weights	5	5	True	True	0.041563034
1l63A	T152S	151	top_15_neighbor_indices	15	15	True	True	155
1l63A	T152S	151	top_10_neighbor_indices	10	10	True	True	155
1l63A	T152S	151	top_5_neighbor_indices	5	5	True	True	155
1l63A	T152S	151	top_15_closest_neighbor_indices	15	15	True	True	0
1l63A	T152S	151	top_10_closest_neighbor_indices	10	10	True	True	0
1l63A	T152S	151	w_n_log_prob	15x21	15x21	True	True	6.7583809
1l63A	T152S	151	m_n_log_prob	15x21	15x21	True	True	6.7270141
1l63A	T152S	151	neighbor_aa_identities	list[15]	list[15]	True	not_numeric	NA
1l63A	T152S	151	neighbor_w_message_vector_coming_from_center	15x128	15x128	True	True	0.20587464
1l63A	T152S	151	neighbor_m_message_vector_coming_from_center	15x128	15x128	True	True	0.22445554
1l63A	T152S	151	neighbor_w_neighbor_embedding	15x128	15x128	True	True	2.3120599
1l63A	T152S	151	neighbor_m_neighbor_embedding	15x128	15x128	True	True	2.4334602
1l63A	T152V	151	log_prob	1x162x21	1x162x21	True	True	3.1040812
1l63A	T152V	151	top_15_attention_weights	15	15	True	True	0.078640819
1l63A	T152V	151	top_10_attention_weights	10	10	True	True	0.077207446
1l63A	T152V	151	top_5_attention_weights	5	5	True	True	0.077207446
1l63A	T152V	151	top_15_neighbor_indices	15	15	True	True	148
1l63A	T152V	151	top_10_neighbor_indices	10	10	True	True	148
1l63A	T152V	151	top_5_neighbor_indices	5	5	True	True	139
1l63A	T152V	151	top_15_closest_neighbor_indices	15	15	True	True	0
1l63A	T152V	151	top_10_closest_neighbor_indices	10	10	True	True	0
1l63A	T152V	151	w_n_log_prob	15x21	15x21	True	True	6.9227366
1l63A	T152V	151	m_n_log_prob	15x21	15x21	True	True	7.0245495
1l63A	T152V	151	neighbor_aa_identities	list[15]	list[15]	True	not_numeric	NA
1l63A	T152V	151	neighbor_w_message_vector_coming_from_center	15x128	15x128	True	True	0.36045533
1l63A	T152V	151	neighbor_m_message_vector_coming_from_center	15x128	15x128	True	True	0.3508397
1l63A	T152V	151	neighbor_w_neighbor_embedding	15x128	15x128	True	True	2.1846213
1l63A	T152V	151	neighbor_m_neighbor_embedding	15x128	15x128	True	True	1.9469538
1l63A	F153A	152	log_prob	1x162x21	1x162x21	True	True	3.9640744
1l63A	F153A	152	top_15_attention_weights	15	15	True	True	0.091206312
1l63A	F153A	152	top_10_attention_weights	10	10	True	True	0.091206312
1l63A	F153A	152	top_5_attention_weights	5	5	True	True	0.091206312
1l63A	F153A	152	top_15_neighbor_indices	15	15	True	True	53
1l63A	F153A	152	top_10_neighbor_indices	10	10	True	True	53
1l63A	F153A	152	top_5_neighbor_indices	5	5	True	True	53
1l63A	F153A	152	top_15_closest_neighbor_indices	15	15	True	True	0
1l63A	F153A	152	top_10_closest_neighbor_indices	10	10	True	True	0
1l63A	F153A	152	w_n_log_prob	15x21	15x21	True	True	4.9298458
1l63A	F153A	152	m_n_log_prob	15x21	15x21	True	True	5.0442715
1l63A	F153A	152	neighbor_aa_identities	list[15]	list[15]	True	not_numeric	NA
1l63A	F153A	152	neighbor_w_message_vector_coming_from_center	15x128	15x128	True	True	0.37511033
1l63A	F153A	152	neighbor_m_message_vector_coming_from_center	15x128	15x128	True	True	0.27646434
1l63A	F153A	152	neighbor_w_neighbor_embedding	15x128	15x128	True	True	2.9821157
1l63A	F153A	152	neighbor_m_neighbor_embedding	15x128	15x128	True	True	2.5465066
1l63A	F153I	152	log_prob	1x162x21	1x162x21	True	True	3.847753
1l63A	F153I	152	top_15_attention_weights	15	15	True	True	0.068174124
1l63A	F153I	152	top_10_attention_weights	10	10	True	True	0.068174124
1l63A	F153I	152	top_5_attention_weights	5	5	True	True	0.068174124
1l63A	F153I	152	top_15_neighbor_indices	15	15	True	True	54
1l63A	F153I	152	top_10_neighbor_indices	10	10	True	True	54
1l63A	F153I	152	top_5_neighbor_indices	5	5	True	True	54
1l63A	F153I	152	top_15_closest_neighbor_indices	15	15	True	True	0
1l63A	F153I	152	top_10_closest_neighbor_indices	10	10	True	True	0
1l63A	F153I	152	w_n_log_prob	15x21	15x21	True	True	5.5492635
1l63A	F153I	152	m_n_log_prob	15x21	15x21	True	True	5.5342689
1l63A	F153I	152	neighbor_aa_identities	list[15]	list[15]	True	not_numeric	NA
1l63A	F153I	152	neighbor_w_message_vector_coming_from_center	15x128	15x128	True	True	0.32265916
1l63A	F153I	152	neighbor_m_message_vector_coming_from_center	15x128	15x128	True	True	0.27718827
1l63A	F153I	152	neighbor_w_neighbor_embedding	15x128	15x128	True	True	2.9297132
1l63A	F153I	152	neighbor_m_neighbor_embedding	15x128	15x128	True	True	2.6866446
1l63A	F153L	152	log_prob	1x162x21	1x162x21	True	True	3.4909172
1l63A	F153L	152	top_15_attention_weights	15	15	True	True	0.11249888
1l63A	F153L	152	top_10_attention_weights	10	10	True	True	0.11249888
1l63A	F153L	152	top_5_attention_weights	5	5	True	True	0.11249888
1l63A	F153L	152	top_15_neighbor_indices	15	15	True	True	47
1l63A	F153L	152	top_10_neighbor_indices	10	10	True	True	47
1l63A	F153L	152	top_5_neighbor_indices	5	5	True	True	47
1l63A	F153L	152	top_15_closest_neighbor_indices	15	15	True	True	0
1l63A	F153L	152	top_10_closest_neighbor_indices	10	10	True	True	0
1l63A	F153L	152	w_n_log_prob	15x21	15x21	True	True	5.2856684
1l63A	F153L	152	m_n_log_prob	15x21	15x21	True	True	5.2698617
1l63A	F153L	152	neighbor_aa_identities	list[15]	list[15]	True	not_numeric	NA
1l63A	F153L	152	neighbor_w_message_vector_coming_from_center	15x128	15x128	True	True	0.34470615
1l63A	F153L	152	neighbor_m_message_vector_coming_from_center	15x128	15x128	True	True	0.32781142
1l63A	F153L	152	neighbor_w_neighbor_embedding	15x128	15x128	True	True	2.1205769
1l63A	F153L	152	neighbor_m_neighbor_embedding	15x128	15x128	True	True	2.0196147
1l63A	F153M	152	log_prob	1x162x21	1x162x21	True	True	3.3494258
1l63A	F153M	152	top_15_attention_weights	15	15	True	True	0.051951051
1l63A	F153M	152	top_10_attention_weights	10	10	True	True	0.051951051
1l63A	F153M	152	top_5_attention_weights	5	5	True	True	0.04826802
1l63A	F153M	152	top_15_neighbor_indices	15	15	True	True	53
1l63A	F153M	152	top_10_neighbor_indices	10	10	True	True	53
1l63A	F153M	152	top_5_neighbor_indices	5	5	True	True	53
1l63A	F153M	152	top_15_closest_neighbor_indices	15	15	True	True	0
1l63A	F153M	152	top_10_closest_neighbor_indices	10	10	True	True	0
1l63A	F153M	152	w_n_log_prob	15x21	15x21	True	True	5.2343011
1l63A	F153M	152	m_n_log_prob	15x21	15x21	True	True	5.4149008
1l63A	F153M	152	neighbor_aa_identities	list[15]	list[15]	True	not_numeric	NA
1l63A	F153M	152	neighbor_w_message_vector_coming_from_center	15x128	15x128	True	True	0.38228703
1l63A	F153M	152	neighbor_m_message_vector_coming_from_center	15x128	15x128	True	True	0.27371871
1l63A	F153M	152	neighbor_w_neighbor_embedding	15x128	15x128	True	True	2.9911535
1l63A	F153M	152	neighbor_m_neighbor_embedding	15x128	15x128	True	True	2.5384386
1l63A	F153V	152	log_prob	1x162x21	1x162x21	True	True	4.0570817
1l63A	F153V	152	top_15_attention_weights	15	15	True	True	0.09416306
1l63A	F153V	152	top_10_attention_weights	10	10	True	True	0.09416306
1l63A	F153V	152	top_5_attention_weights	5	5	True	True	0.09416306
1l63A	F153V	152	top_15_neighbor_indices	15	15	True	True	54
1l63A	F153V	152	top_10_neighbor_indices	10	10	True	True	54
1l63A	F153V	152	top_5_neighbor_indices	5	5	True	True	54
1l63A	F153V	152	top_15_closest_neighbor_indices	15	15	True	True	0
1l63A	F153V	152	top_10_closest_neighbor_indices	10	10	True	True	0
1l63A	F153V	152	w_n_log_prob	15x21	15x21	True	True	5.827744
1l63A	F153V	152	m_n_log_prob	15x21	15x21	True	True	5.739943
1l63A	F153V	152	neighbor_aa_identities	list[15]	list[15]	True	not_numeric	NA
1l63A	F153V	152	neighbor_w_message_vector_coming_from_center	15x128	15x128	True	True	0.32246578
1l63A	F153V	152	neighbor_m_message_vector_coming_from_center	15x128	15x128	True	True	0.34009799
1l63A	F153V	152	neighbor_w_neighbor_embedding	15x128	15x128	True	True	2.9085937
1l63A	F153V	152	neighbor_m_neighbor_embedding	15x128	15x128	True	True	2.6872599
1lz1A	V2A	1	log_prob	1x130x21	1x130x21	True	True	3.3896422
1lz1A	V2A	1	top_15_attention_weights	15	15	True	True	0.12362015
1lz1A	V2A	1	top_10_attention_weights	10	10	True	True	0.12362015
1lz1A	V2A	1	top_5_attention_weights	5	5	True	True	0.12362015
1lz1A	V2A	1	top_15_neighbor_indices	15	15	True	True	90
1lz1A	V2A	1	top_10_neighbor_indices	10	10	True	True	90
1lz1A	V2A	1	top_5_neighbor_indices	5	5	True	True	0
1lz1A	V2A	1	top_15_closest_neighbor_indices	15	15	True	True	0
1lz1A	V2A	1	top_10_closest_neighbor_indices	10	10	True	True	0
1lz1A	V2A	1	w_n_log_prob	15x21	15x21	True	True	5.6940703
1lz1A	V2A	1	m_n_log_prob	15x21	15x21	True	True	5.8089867
1lz1A	V2A	1	neighbor_aa_identities	list[15]	list[15]	True	not_numeric	NA
1lz1A	V2A	1	neighbor_w_message_vector_coming_from_center	15x128	15x128	True	True	0.10402303
1lz1A	V2A	1	neighbor_m_message_vector_coming_from_center	15x128	15x128	True	True	0.11215059
1lz1A	V2A	1	neighbor_w_neighbor_embedding	15x128	15x128	True	True	1.4366083
1lz1A	V2A	1	neighbor_m_neighbor_embedding	15x128	15x128	True	True	1.4306622
1lz1A	V2G	1	log_prob	1x130x21	1x130x21	True	True	3.6384974
1lz1A	V2G	1	top_15_attention_weights	15	15	True	True	0.069157153
1lz1A	V2G	1	top_10_attention_weights	10	10	True	True	0.069157153
1lz1A	V2G	1	top_5_attention_weights	5	5	True	True	0.047599554
1lz1A	V2G	1	top_15_neighbor_indices	15	15	True	True	81
1lz1A	V2G	1	top_10_neighbor_indices	10	10	True	True	78
1lz1A	V2G	1	top_5_neighbor_indices	5	5	True	True	0
1lz1A	V2G	1	top_15_closest_neighbor_indices	15	15	True	True	0
1lz1A	V2G	1	top_10_closest_neighbor_indices	10	10	True	True	0
1lz1A	V2G	1	w_n_log_prob	15x21	15x21	True	True	5.3901525
1lz1A	V2G	1	m_n_log_prob	15x21	15x21	True	True	5.4396453
1lz1A	V2G	1	neighbor_aa_identities	list[15]	list[15]	True	not_numeric	NA
1lz1A	V2G	1	neighbor_w_message_vector_coming_from_center	15x128	15x128	True	True	0.16757026
1lz1A	V2G	1	neighbor_m_message_vector_coming_from_center	15x128	15x128	True	True	0.098776832
1lz1A	V2G	1	neighbor_w_neighbor_embedding	15x128	15x128	True	True	1.3927846
1lz1A	V2G	1	neighbor_m_neighbor_embedding	15x128	15x128	True	True	1.4495413
1lz1A	V2S	1	log_prob	1x130x21	1x130x21	True	True	2.6109977
1lz1A	V2S	1	top_15_attention_weights	15	15	True	True	0.073776126
1lz1A	V2S	1	top_10_attention_weights	10	10	True	True	0.073776126
1lz1A	V2S	1	top_5_attention_weights	5	5	True	True	0.073776126
1lz1A	V2S	1	top_15_neighbor_indices	15	15	True	True	79
1lz1A	V2S	1	top_10_neighbor_indices	10	10	True	True	39
1lz1A	V2S	1	top_5_neighbor_indices	5	5	True	True	0
1lz1A	V2S	1	top_15_closest_neighbor_indices	15	15	True	True	0
1lz1A	V2S	1	top_10_closest_neighbor_indices	10	10	True	True	0
1lz1A	V2S	1	w_n_log_prob	15x21	15x21	True	True	5.055697
1lz1A	V2S	1	m_n_log_prob	15x21	15x21	True	True	5.0410733
1lz1A	V2S	1	neighbor_aa_identities	list[15]	list[15]	True	not_numeric	NA
1lz1A	V2S	1	neighbor_w_message_vector_coming_from_center	15x128	15x128	True	True	0.080393722
1lz1A	V2S	1	neighbor_m_message_vector_coming_from_center	15x128	15x128	True	True	0.088389128
1lz1A	V2S	1	neighbor_w_neighbor_embedding	15x128	15x128	True	True	1.4524889
1lz1A	V2S	1	neighbor_m_neighbor_embedding	15x128	15x128	True	True	1.4327735
1lz1A	V2Y	1	log_prob	1x130x21	1x130x21	True	True	4.5220485
1lz1A	V2Y	1	top_15_attention_weights	15	15	True	True	0.13398552
1lz1A	V2Y	1	top_10_attention_weights	10	10	True	True	0.13398552
1lz1A	V2Y	1	top_5_attention_weights	5	5	True	True	0.11534327
1lz1A	V2Y	1	top_15_neighbor_indices	15	15	True	True	90
1lz1A	V2Y	1	top_10_neighbor_indices	10	10	True	True	90
1lz1A	V2Y	1	top_5_neighbor_indices	5	5	True	True	36
1lz1A	V2Y	1	top_15_closest_neighbor_indices	15	15	True	True	0
1lz1A	V2Y	1	top_10_closest_neighbor_indices	10	10	True	True	0
1lz1A	V2Y	1	w_n_log_prob	15x21	15x21	True	True	5.6723552
1lz1A	V2Y	1	m_n_log_prob	15x21	15x21	True	True	5.7440753
1lz1A	V2Y	1	neighbor_aa_identities	list[15]	list[15]	True	not_numeric	NA
1lz1A	V2Y	1	neighbor_w_message_vector_coming_from_center	15x128	15x128	True	True	0.14231907
1lz1A	V2Y	1	neighbor_m_message_vector_coming_from_center	15x128	15x128	True	True	0.35604389
1lz1A	V2Y	1	neighbor_w_neighbor_embedding	15x128	15x128	True	True	2.0503373
1lz1A	V2Y	1	neighbor_m_neighbor_embedding	15x128	15x128	True	True	1.9384701
1lz1A	V2D	1	log_prob	1x130x21	1x130x21	True	True	3.7209482
1lz1A	V2D	1	top_15_attention_weights	15	15	True	True	0.091829062
1lz1A	V2D	1	top_10_attention_weights	10	10	True	True	0.091829062
1lz1A	V2D	1	top_5_attention_weights	5	5	True	True	0.091829062
1lz1A	V2D	1	top_15_neighbor_indices	15	15	True	True	49
1lz1A	V2D	1	top_10_neighbor_indices	10	10	True	True	42
1lz1A	V2D	1	top_5_neighbor_indices	5	5	True	True	0
1lz1A	V2D	1	top_15_closest_neighbor_indices	15	15	True	True	0
1lz1A	V2D	1	top_10_closest_neighbor_indices	10	10	True	True	0
1lz1A	V2D	1	w_n_log_prob	15x21	15x21	True	True	5.0832119
1lz1A	V2D	1	m_n_log_prob	15x21	15x21	True	True	5.0713611
1lz1A	V2D	1	neighbor_aa_identities	list[15]	list[15]	True	not_numeric	NA
1lz1A	V2D	1	neighbor_w_message_vector_coming_from_center	15x128	15x128	True	True	0.10408882
1lz1A	V2D	1	neighbor_m_message_vector_coming_from_center	15x128	15x128	True	True	0.3138603
1lz1A	V2D	1	neighbor_w_neighbor_embedding	15x128	15x128	True	True	1.3196456
1lz1A	V2D	1	neighbor_m_neighbor_embedding	15x128	15x128	True	True	1.2882626
1lz1A	V2N	1	log_prob	1x130x21	1x130x21	True	True	2.6994078
1lz1A	V2N	1	top_15_attention_weights	15	15	True	True	0.12183887
1lz1A	V2N	1	top_10_attention_weights	10	10	True	True	0.12183887
1lz1A	V2N	1	top_5_attention_weights	5	5	True	True	0.12183887
1lz1A	V2N	1	top_15_neighbor_indices	15	15	True	True	98
1lz1A	V2N	1	top_10_neighbor_indices	10	10	True	True	98
1lz1A	V2N	1	top_5_neighbor_indices	5	5	True	True	0
1lz1A	V2N	1	top_15_closest_neighbor_indices	15	15	True	True	0
1lz1A	V2N	1	top_10_closest_neighbor_indices	10	10	True	True	0
1lz1A	V2N	1	w_n_log_prob	15x21	15x21	True	True	5.7525711
1lz1A	V2N	1	m_n_log_prob	15x21	15x21	True	True	5.7986932
1lz1A	V2N	1	neighbor_aa_identities	list[15]	list[15]	True	not_numeric	NA
1lz1A	V2N	1	neighbor_w_message_vector_coming_from_center	15x128	15x128	True	True	0.10489506
1lz1A	V2N	1	neighbor_m_message_vector_coming_from_center	15x128	15x128	True	True	0.28018767
1lz1A	V2N	1	neighbor_w_neighbor_embedding	15x128	15x128	True	True	1.6306424
1lz1A	V2N	1	neighbor_m_neighbor_embedding	15x128	15x128	True	True	1.5621736
1lz1A	V2R	1	log_prob	1x130x21	1x130x21	True	True	3.1907742
1lz1A	V2R	1	top_15_attention_weights	15	15	True	True	0.15755972
1lz1A	V2R	1	top_10_attention_weights	10	10	True	True	0.15755972
1lz1A	V2R	1	top_5_attention_weights	5	5	True	True	0.098057747
1lz1A	V2R	1	top_15_neighbor_indices	15	15	True	True	124
1lz1A	V2R	1	top_10_neighbor_indices	10	10	True	True	124
1lz1A	V2R	1	top_5_neighbor_indices	5	5	True	True	0
1lz1A	V2R	1	top_15_closest_neighbor_indices	15	15	True	True	0
1lz1A	V2R	1	top_10_closest_neighbor_indices	10	10	True	True	0
1lz1A	V2R	1	w_n_log_prob	15x21	15x21	True	True	5.7152529
1lz1A	V2R	1	m_n_log_prob	15x21	15x21	True	True	5.7255497
1lz1A	V2R	1	neighbor_aa_identities	list[15]	list[15]	True	not_numeric	NA
1lz1A	V2R	1	neighbor_w_message_vector_coming_from_center	15x128	15x128	True	True	0.16289404
1lz1A	V2R	1	neighbor_m_message_vector_coming_from_center	15x128	15x128	True	True	0.21975122
1lz1A	V2R	1	neighbor_w_neighbor_embedding	15x128	15x128	True	True	1.7591856
1lz1A	V2R	1	neighbor_m_neighbor_embedding	15x128	15x128	True	True	1.7693093
1lz1A	V2L	1	log_prob	1x130x21	1x130x21	True	True	3.040035
1lz1A	V2L	1	top_15_attention_weights	15	15	True	True	0.066061556
1lz1A	V2L	1	top_10_attention_weights	10	10	True	True	0.047546089
1lz1A	V2L	1	top_5_attention_weights	5	5	True	True	0.024895072
1lz1A	V2L	1	top_15_neighbor_indices	15	15	True	True	124
1lz1A	V2L	1	top_10_neighbor_indices	10	10	True	True	124
1lz1A	V2L	1	top_5_neighbor_indices	5	5	True	True	0
1lz1A	V2L	1	top_15_closest_neighbor_indices	15	15	True	True	0
1lz1A	V2L	1	top_10_closest_neighbor_indices	10	10	True	True	0
1lz1A	V2L	1	w_n_log_prob	15x21	15x21	True	True	5.7533493
1lz1A	V2L	1	m_n_log_prob	15x21	15x21	True	True	5.6850977
1lz1A	V2L	1	neighbor_aa_identities	list[15]	list[15]	True	not_numeric	NA
1lz1A	V2L	1	neighbor_w_message_vector_coming_from_center	15x128	15x128	True	True	0.17076119
1lz1A	V2L	1	neighbor_m_message_vector_coming_from_center	15x128	15x128	True	True	0.25139001
1lz1A	V2L	1	neighbor_w_neighbor_embedding	15x128	15x128	True	True	1.8068986
1lz1A	V2L	1	neighbor_m_neighbor_embedding	15x128	15x128	True	True	1.7289257
1lz1A	V2M	1	log_prob	1x130x21	1x130x21	True	True	3.8303347
1lz1A	V2M	1	top_15_attention_weights	15	15	True	True	0.04188174
1lz1A	V2M	1	top_10_attention_weights	10	10	True	True	0.04188174
1lz1A	V2M	1	top_5_attention_weights	5	5	True	True	0.04188174
1lz1A	V2M	1	top_15_neighbor_indices	15	15	True	True	98
1lz1A	V2M	1	top_10_neighbor_indices	10	10	True	True	98
1lz1A	V2M	1	top_5_neighbor_indices	5	5	True	True	0
1lz1A	V2M	1	top_15_closest_neighbor_indices	15	15	True	True	0
1lz1A	V2M	1	top_10_closest_neighbor_indices	10	10	True	True	0
1lz1A	V2M	1	w_n_log_prob	15x21	15x21	True	True	5.8183107
1lz1A	V2M	1	m_n_log_prob	15x21	15x21	True	True	5.8202457
1lz1A	V2M	1	neighbor_aa_identities	list[15]	list[15]	True	not_numeric	NA
1lz1A	V2M	1	neighbor_w_message_vector_coming_from_center	15x128	15x128	True	True	0.16281436
1lz1A	V2M	1	neighbor_m_message_vector_coming_from_center	15x128	15x128	True	True	0.17995686
1lz1A	V2M	1	neighbor_w_neighbor_embedding	15x128	15x128	True	True	1.7939246
1lz1A	V2M	1	neighbor_m_neighbor_embedding	15x128	15x128	True	True	1.747508
1lz1A	V2F	1	log_prob	1x130x21	1x130x21	True	True	3.3493865
1lz1A	V2F	1	top_15_attention_weights	15	15	True	True	0.087301791
1lz1A	V2F	1	top_10_attention_weights	10	10	True	True	0.087301791
1lz1A	V2F	1	top_5_attention_weights	5	5	True	True	0.040205956
1lz1A	V2F	1	top_15_neighbor_indices	15	15	True	True	57
1lz1A	V2F	1	top_10_neighbor_indices	10	10	True	True	36
1lz1A	V2F	1	top_5_neighbor_indices	5	5	True	True	36
1lz1A	V2F	1	top_15_closest_neighbor_indices	15	15	True	True	0
1lz1A	V2F	1	top_10_closest_neighbor_indices	10	10	True	True	0
1lz1A	V2F	1	w_n_log_prob	15x21	15x21	True	True	5.1501808
1lz1A	V2F	1	m_n_log_prob	15x21	15x21	True	True	5.1207061
1lz1A	V2F	1	neighbor_aa_identities	list[15]	list[15]	True	not_numeric	NA
1lz1A	V2F	1	neighbor_w_message_vector_coming_from_center	15x128	15x128	True	True	0.16794442
1lz1A	V2F	1	neighbor_m_message_vector_coming_from_center	15x128	15x128	True	True	0.28304359
1lz1A	V2F	1	neighbor_w_neighbor_embedding	15x128	15x128	True	True	2.0616498
1lz1A	V2F	1	neighbor_m_neighbor_embedding	15x128	15x128	True	True	1.8796265
1lz1A	Y20F	19	log_prob	1x130x21	1x130x21	True	True	4.2442589
1lz1A	Y20F	19	top_15_attention_weights	15	15	True	True	0.14264441
1lz1A	Y20F	19	top_10_attention_weights	10	10	True	True	0.14264441
1lz1A	Y20F	19	top_5_attention_weights	5	5	True	True	0.14264441
1lz1A	Y20F	19	top_15_neighbor_indices	15	15	True	True	85
1lz1A	Y20F	19	top_10_neighbor_indices	10	10	True	True	2
1lz1A	Y20F	19	top_5_neighbor_indices	5	5	True	True	0
1lz1A	Y20F	19	top_15_closest_neighbor_indices	15	15	True	True	0
1lz1A	Y20F	19	top_10_closest_neighbor_indices	10	10	True	True	0
1lz1A	Y20F	19	w_n_log_prob	15x21	15x21	True	True	5.2642193
1lz1A	Y20F	19	m_n_log_prob	15x21	15x21	True	True	5.2541151
1lz1A	Y20F	19	neighbor_aa_identities	list[15]	list[15]	True	not_numeric	NA
1lz1A	Y20F	19	neighbor_w_message_vector_coming_from_center	15x128	15x128	True	True	0.61284137
1lz1A	Y20F	19	neighbor_m_message_vector_coming_from_center	15x128	15x128	True	True	0.62014745
1lz1A	Y20F	19	neighbor_w_neighbor_embedding	15x128	15x128	True	True	2.4282382
1lz1A	Y20F	19	neighbor_m_neighbor_embedding	15x128	15x128	True	True	2.4834814
1lz1A	I23A	22	log_prob	1x130x21	1x130x21	True	True	3.4928772
1lz1A	I23A	22	top_15_attention_weights	15	15	True	True	0.069236875
1lz1A	I23A	22	top_10_attention_weights	10	10	True	True	0.06167078
1lz1A	I23A	22	top_5_attention_weights	5	5	True	True	0.06167078
1lz1A	I23A	22	top_15_neighbor_indices	15	15	True	True	94
1lz1A	I23A	22	top_10_neighbor_indices	10	10	True	True	94
1lz1A	I23A	22	top_5_neighbor_indices	5	5	True	True	1
1lz1A	I23A	22	top_15_closest_neighbor_indices	15	15	True	True	0
1lz1A	I23A	22	top_10_closest_neighbor_indices	10	10	True	True	0
1lz1A	I23A	22	w_n_log_prob	15x21	15x21	True	True	5.5316367
1lz1A	I23A	22	m_n_log_prob	15x21	15x21	True	True	5.5153532
1lz1A	I23A	22	neighbor_aa_identities	list[15]	list[15]	True	not_numeric	NA
1lz1A	I23A	22	neighbor_w_message_vector_coming_from_center	15x128	15x128	True	True	0.27074561
1lz1A	I23A	22	neighbor_m_message_vector_coming_from_center	15x128	15x128	True	True	0.32052249
1lz1A	I23A	22	neighbor_w_neighbor_embedding	15x128	15x128	True	True	2.1582534
1lz1A	I23A	22	neighbor_m_neighbor_embedding	15x128	15x128	True	True	2.146878
1lz1A	I23V	22	log_prob	1x130x21	1x130x21	True	True	2.4252982
1lz1A	I23V	22	top_15_attention_weights	15	15	True	True	0.07547313
1lz1A	I23V	22	top_10_attention_weights	10	10	True	True	0.07547313
1lz1A	I23V	22	top_5_attention_weights	5	5	True	True	0.07547313
1lz1A	I23V	22	top_15_neighbor_indices	15	15	True	True	97
1lz1A	I23V	22	top_10_neighbor_indices	10	10	True	True	16
1lz1A	I23V	22	top_5_neighbor_indices	5	5	True	True	1
1lz1A	I23V	22	top_15_closest_neighbor_indices	15	15	True	True	0
1lz1A	I23V	22	top_10_closest_neighbor_indices	10	10	True	True	0
1lz1A	I23V	22	w_n_log_prob	15x21	15x21	True	True	5.4628487
1lz1A	I23V	22	m_n_log_prob	15x21	15x21	True	True	5.4891496
1lz1A	I23V	22	neighbor_aa_identities	list[15]	list[15]	True	not_numeric	NA
1lz1A	I23V	22	neighbor_w_message_vector_coming_from_center	15x128	15x128	True	True	0.24696335
1lz1A	I23V	22	neighbor_m_message_vector_coming_from_center	15x128	15x128	True	True	0.23358685
1lz1A	I23V	22	neighbor_w_neighbor_embedding	15x128	15x128	True	True	1.9798267
1lz1A	I23V	22	neighbor_m_neighbor_embedding	15x128	15x128	True	True	1.9815917
1lz1A	Y38F	37	log_prob	1x130x21	1x130x21	True	True	3.0200987
1lz1A	Y38F	37	top_15_attention_weights	15	15	True	True	0.050646007
1lz1A	Y38F	37	top_10_attention_weights	10	10	True	True	0.033708274
1lz1A	Y38F	37	top_5_attention_weights	5	5	True	True	0.019482851
1lz1A	Y38F	37	top_15_neighbor_indices	15	15	True	True	120
1lz1A	Y38F	37	top_10_neighbor_indices	10	10	True	True	120
1lz1A	Y38F	37	top_5_neighbor_indices	5	5	True	True	2
1lz1A	Y38F	37	top_15_closest_neighbor_indices	15	15	True	True	0
1lz1A	Y38F	37	top_10_closest_neighbor_indices	10	10	True	True	0
1lz1A	Y38F	37	w_n_log_prob	15x21	15x21	True	True	5.4086275
1lz1A	Y38F	37	m_n_log_prob	15x21	15x21	True	True	5.4240031
1lz1A	Y38F	37	neighbor_aa_identities	list[15]	list[15]	True	not_numeric	NA
1lz1A	Y38F	37	neighbor_w_message_vector_coming_from_center	15x128	15x128	True	True	0.35319325
1lz1A	Y38F	37	neighbor_m_message_vector_coming_from_center	15x128	15x128	True	True	0.36621541
1lz1A	Y38F	37	neighbor_w_neighbor_embedding	15x128	15x128	True	True	1.9952395
1lz1A	Y38F	37	neighbor_m_neighbor_embedding	15x128	15x128	True	True	2.0580466
1lz1A	Y45F	44	log_prob	1x130x21	1x130x21	True	True	4.0522122
1lz1A	Y45F	44	top_15_attention_weights	15	15	True	True	0.11254126
1lz1A	Y45F	44	top_10_attention_weights	10	10	True	True	0.11254126
1lz1A	Y45F	44	top_5_attention_weights	5	5	True	True	0.11254126
1lz1A	Y45F	44	top_15_neighbor_indices	15	15	True	True	45
1lz1A	Y45F	44	top_10_neighbor_indices	10	10	True	True	38
1lz1A	Y45F	44	top_5_neighbor_indices	5	5	True	True	21
1lz1A	Y45F	44	top_15_closest_neighbor_indices	15	15	True	True	0
1lz1A	Y45F	44	top_10_closest_neighbor_indices	10	10	True	True	0
1lz1A	Y45F	44	w_n_log_prob	15x21	15x21	True	True	5.6288705
1lz1A	Y45F	44	m_n_log_prob	15x21	15x21	True	True	5.6763763
1lz1A	Y45F	44	neighbor_aa_identities	list[15]	list[15]	True	not_numeric	NA
1lz1A	Y45F	44	neighbor_w_message_vector_coming_from_center	15x128	15x128	True	True	0.20899712
1lz1A	Y45F	44	neighbor_m_message_vector_coming_from_center	15x128	15x128	True	True	0.26879522
1lz1A	Y45F	44	neighbor_w_neighbor_embedding	15x128	15x128	True	True	2.1660831
1lz1A	Y45F	44	neighbor_m_neighbor_embedding	15x128	15x128	True	True	2.1725512
1lz1A	A47P	46	log_prob	1x130x21	1x130x21	True	True	4.665463
1lz1A	A47P	46	top_15_attention_weights	15	15	True	True	0.091055304
1lz1A	A47P	46	top_10_attention_weights	10	10	True	True	0.091055304
1lz1A	A47P	46	top_5_attention_weights	5	5	True	True	0.087065101
1lz1A	A47P	46	top_15_neighbor_indices	15	15	True	True	60
1lz1A	A47P	46	top_10_neighbor_indices	10	10	True	True	60
1lz1A	A47P	46	top_5_neighbor_indices	5	5	True	True	32
1lz1A	A47P	46	top_15_closest_neighbor_indices	15	15	True	True	0
1lz1A	A47P	46	top_10_closest_neighbor_indices	10	10	True	True	0
1lz1A	A47P	46	w_n_log_prob	15x21	15x21	True	True	5.5431046
1lz1A	A47P	46	m_n_log_prob	15x21	15x21	True	True	5.7107406
1lz1A	A47P	46	neighbor_aa_identities	list[15]	list[15]	True	not_numeric	NA
1lz1A	A47P	46	neighbor_w_message_vector_coming_from_center	15x128	15x128	True	True	0.44059289
1lz1A	A47P	46	neighbor_m_message_vector_coming_from_center	15x128	15x128	True	True	0.38627042
1lz1A	A47P	46	neighbor_w_neighbor_embedding	15x128	15x128	True	True	2.0105457
1lz1A	A47P	46	neighbor_m_neighbor_embedding	15x128	15x128	True	True	1.9594293
1lz1A	Y54F	53	log_prob	1x130x21	1x130x21	True	True	2.1660056
1lz1A	Y54F	53	top_15_attention_weights	15	15	True	True	0.044011235
1lz1A	Y54F	53	top_10_attention_weights	10	10	True	True	0.044011235
1lz1A	Y54F	53	top_5_attention_weights	5	5	True	True	0.044011235
1lz1A	Y54F	53	top_15_neighbor_indices	15	15	True	True	20
1lz1A	Y54F	53	top_10_neighbor_indices	10	10	True	True	20
1lz1A	Y54F	53	top_5_neighbor_indices	5	5	True	True	14
1lz1A	Y54F	53	top_15_closest_neighbor_indices	15	15	True	True	0
1lz1A	Y54F	53	top_10_closest_neighbor_indices	10	10	True	True	0
1lz1A	Y54F	53	w_n_log_prob	15x21	15x21	True	True	5.8566885
1lz1A	Y54F	53	m_n_log_prob	15x21	15x21	True	True	5.7541409
1lz1A	Y54F	53	neighbor_aa_identities	list[15]	list[15]	True	not_numeric	NA
1lz1A	Y54F	53	neighbor_w_message_vector_coming_from_center	15x128	15x128	True	True	0.90323305
1lz1A	Y54F	53	neighbor_m_message_vector_coming_from_center	15x128	15x128	True	True	0.28507406
1lz1A	Y54F	53	neighbor_w_neighbor_embedding	15x128	15x128	True	True	2.1657104
1lz1A	Y54F	53	neighbor_m_neighbor_embedding	15x128	15x128	True	True	2.2094448
1lz1A	I56A	55	log_prob	1x130x21	1x130x21	True	True	4.3636227
1lz1A	I56A	55	top_15_attention_weights	15	15	True	True	0.097069561
1lz1A	I56A	55	top_10_attention_weights	10	10	True	True	0.097069561
1lz1A	I56A	55	top_5_attention_weights	5	5	True	True	0.05948329
1lz1A	I56A	55	top_15_neighbor_indices	15	15	True	True	59
1lz1A	I56A	55	top_10_neighbor_indices	10	10	True	True	59
1lz1A	I56A	55	top_5_neighbor_indices	5	5	True	True	59
1lz1A	I56A	55	top_15_closest_neighbor_indices	15	15	True	True	0
1lz1A	I56A	55	top_10_closest_neighbor_indices	10	10	True	True	0
1lz1A	I56A	55	w_n_log_prob	15x21	15x21	True	True	5.8729424
1lz1A	I56A	55	m_n_log_prob	15x21	15x21	True	True	5.6400337
1lz1A	I56A	55	neighbor_aa_identities	list[15]	list[15]	True	not_numeric	NA
1lz1A	I56A	55	neighbor_w_message_vector_coming_from_center	15x128	15x128	True	True	0.57759702
1lz1A	I56A	55	neighbor_m_message_vector_coming_from_center	15x128	15x128	True	True	0.68886524
1lz1A	I56A	55	neighbor_w_neighbor_embedding	15x128	15x128	True	True	2.554774
1lz1A	I56A	55	neighbor_m_neighbor_embedding	15x128	15x128	True	True	2.6154633
1lz1A	I56T	55	log_prob	1x130x21	1x130x21	True	True	4.064599
1lz1A	I56T	55	top_15_attention_weights	15	15	True	True	0.070894241
1lz1A	I56T	55	top_10_attention_weights	10	10	True	True	0.070894241
1lz1A	I56T	55	top_5_attention_weights	5	5	True	True	0.034639537
1lz1A	I56T	55	top_15_neighbor_indices	15	15	True	True	49
1lz1A	I56T	55	top_10_neighbor_indices	10	10	True	True	49
1lz1A	I56T	55	top_5_neighbor_indices	5	5	True	True	2
1lz1A	I56T	55	top_15_closest_neighbor_indices	15	15	True	True	0
1lz1A	I56T	55	top_10_closest_neighbor_indices	10	10	True	True	0
1lz1A	I56T	55	w_n_log_prob	15x21	15x21	True	True	6.136971
1lz1A	I56T	55	m_n_log_prob	15x21	15x21	True	True	6.0402126
1lz1A	I56T	55	neighbor_aa_identities	list[15]	list[15]	True	not_numeric	NA
1lz1A	I56T	55	neighbor_w_message_vector_coming_from_center	15x128	15x128	True	True	0.56492215
1lz1A	I56T	55	neighbor_m_message_vector_coming_from_center	15x128	15x128	True	True	0.73163295
1lz1A	I56T	55	neighbor_w_neighbor_embedding	15x128	15x128	True	True	2.1889224
1lz1A	I56T	55	neighbor_m_neighbor_embedding	15x128	15x128	True	True	2.1772752
1lz1A	I56V	55	log_prob	1x130x21	1x130x21	True	True	3.2898068
1lz1A	I56V	55	top_15_attention_weights	15	15	True	True	0.059158087
1lz1A	I56V	55	top_10_attention_weights	10	10	True	True	0.020178556
1lz1A	I56V	55	top_5_attention_weights	5	5	True	True	0.016634881
1lz1A	I56V	55	top_15_neighbor_indices	15	15	True	True	87
1lz1A	I56V	55	top_10_neighbor_indices	10	10	True	True	87
1lz1A	I56V	55	top_5_neighbor_indices	5	5	True	True	81
1lz1A	I56V	55	top_15_closest_neighbor_indices	15	15	True	True	0
1lz1A	I56V	55	top_10_closest_neighbor_indices	10	10	True	True	0
1lz1A	I56V	55	w_n_log_prob	15x21	15x21	True	True	6.0854383
1lz1A	I56V	55	m_n_log_prob	15x21	15x21	True	True	6.3311014
1lz1A	I56V	55	neighbor_aa_identities	list[15]	list[15]	True	not_numeric	NA
1lz1A	I56V	55	neighbor_w_message_vector_coming_from_center	15x128	15x128	True	True	0.54741985
1lz1A	I56V	55	neighbor_m_message_vector_coming_from_center	15x128	15x128	True	True	0.72252309
1lz1A	I56V	55	neighbor_w_neighbor_embedding	15x128	15x128	True	True	2.1202199
1lz1A	I56V	55	neighbor_m_neighbor_embedding	15x128	15x128	True	True	2.0976286
1lz1A	I59A	58	log_prob	1x130x21	1x130x21	True	True	3.4053197
1lz1A	I59A	58	top_15_attention_weights	15	15	True	True	0.065777421
1lz1A	I59A	58	top_10_attention_weights	10	10	True	True	0.065777421
1lz1A	I59A	58	top_5_attention_weights	5	5	True	True	0.060366094
1lz1A	I59A	58	top_15_neighbor_indices	15	15	True	True	39
1lz1A	I59A	58	top_10_neighbor_indices	10	10	True	True	32
1lz1A	I59A	58	top_5_neighbor_indices	5	5	True	True	3
1lz1A	I59A	58	top_15_closest_neighbor_indices	15	15	True	True	0
1lz1A	I59A	58	top_10_closest_neighbor_indices	10	10	True	True	0
1lz1A	I59A	58	w_n_log_prob	15x21	15x21	True	True	5.6963553
1lz1A	I59A	58	m_n_log_prob	15x21	15x21	True	True	5.9053135
1lz1A	I59A	58	neighbor_aa_identities	list[15]	list[15]	True	not_numeric	NA
1lz1A	I59A	58	neighbor_w_message_vector_coming_from_center	15x128	15x128	True	True	0.38544035
1lz1A	I59A	58	neighbor_m_message_vector_coming_from_center	15x128	15x128	True	True	0.39734882
1lz1A	I59A	58	neighbor_w_neighbor_embedding	15x128	15x128	True	True	2.399879
1lz1A	I59A	58	neighbor_m_neighbor_embedding	15x128	15x128	True	True	2.3902173
1lz1A	I59G	58	log_prob	1x130x21	1x130x21	True	True	4.22157
1lz1A	I59G	58	top_15_attention_weights	15	15	True	True	0.11243427
1lz1A	I59G	58	top_10_attention_weights	10	10	True	True	0.11243427
1lz1A	I59G	58	top_5_attention_weights	5	5	True	True	0.11243427
1lz1A	I59G	58	top_15_neighbor_indices	15	15	True	True	38
1lz1A	I59G	58	top_10_neighbor_indices	10	10	True	True	25
1lz1A	I59G	58	top_5_neighbor_indices	5	5	True	True	3
1lz1A	I59G	58	top_15_closest_neighbor_indices	15	15	True	True	0
1lz1A	I59G	58	top_10_closest_neighbor_indices	10	10	True	True	0
1lz1A	I59G	58	w_n_log_prob	15x21	15x21	True	True	5.982924
1lz1A	I59G	58	m_n_log_prob	15x21	15x21	True	True	5.7487831
1lz1A	I59G	58	neighbor_aa_identities	list[15]	list[15]	True	not_numeric	NA
1lz1A	I59G	58	neighbor_w_message_vector_coming_from_center	15x128	15x128	True	True	0.32673025
1lz1A	I59G	58	neighbor_m_message_vector_coming_from_center	15x128	15x128	True	True	0.42081541
1lz1A	I59G	58	neighbor_w_neighbor_embedding	15x128	15x128	True	True	2.3475289
1lz1A	I59G	58	neighbor_m_neighbor_embedding	15x128	15x128	True	True	2.3271856
1lz1A	I59V	58	log_prob	1x130x21	1x130x21	True	True	2.4907341
1lz1A	I59V	58	top_15_attention_weights	15	15	True	True	0.049585938
1lz1A	I59V	58	top_10_attention_weights	10	10	True	True	0.049585938
1lz1A	I59V	58	top_5_attention_weights	5	5	True	True	0.049585938
1lz1A	I59V	58	top_15_neighbor_indices	15	15	True	True	51
1lz1A	I59V	58	top_10_neighbor_indices	10	10	True	True	51
1lz1A	I59V	58	top_5_neighbor_indices	5	5	True	True	1
1lz1A	I59V	58	top_15_closest_neighbor_indices	15	15	True	True	0
1lz1A	I59V	58	top_10_closest_neighbor_indices	10	10	True	True	0
1lz1A	I59V	58	w_n_log_prob	15x21	15x21	True	True	6.4451785
1lz1A	I59V	58	m_n_log_prob	15x21	15x21	True	True	6.3013263
1lz1A	I59V	58	neighbor_aa_identities	list[15]	list[15]	True	not_numeric	NA
1lz1A	I59V	58	neighbor_w_message_vector_coming_from_center	15x128	15x128	True	True	0.35505489
1lz1A	I59V	58	neighbor_m_message_vector_coming_from_center	15x128	15x128	True	True	0.37305701
1lz1A	I59V	58	neighbor_w_neighbor_embedding	15x128	15x128	True	True	2.3441081
1lz1A	I59V	58	neighbor_m_neighbor_embedding	15x128	15x128	True	True	2.2896369
1lz1A	Y63F	62	log_prob	1x130x21	1x130x21	True	True	4.5895996
1lz1A	Y63F	62	top_15_attention_weights	15	15	True	True	0.036154091
1lz1A	Y63F	62	top_10_attention_weights	10	10	True	True	0.016656756
1lz1A	Y63F	62	top_5_attention_weights	5	5	True	True	0.016656756
1lz1A	Y63F	62	top_15_neighbor_indices	15	15	True	True	55
1lz1A	Y63F	62	top_10_neighbor_indices	10	10	True	True	42
1lz1A	Y63F	62	top_5_neighbor_indices	5	5	True	True	42
1lz1A	Y63F	62	top_15_closest_neighbor_indices	15	15	True	True	0
1lz1A	Y63F	62	top_10_closest_neighbor_indices	10	10	True	True	0
1lz1A	Y63F	62	w_n_log_prob	15x21	15x21	True	True	6.0792394
1lz1A	Y63F	62	m_n_log_prob	15x21	15x21	True	True	5.9436092
1lz1A	Y63F	62	neighbor_aa_identities	list[15]	list[15]	True	not_numeric	NA
1lz1A	Y63F	62	neighbor_w_message_vector_coming_from_center	15x128	15x128	True	True	0.53822124
1lz1A	Y63F	62	neighbor_m_message_vector_coming_from_center	15x128	15x128	True	True	0.55844343
1lz1A	Y63F	62	neighbor_w_neighbor_embedding	15x128	15x128	True	True	1.8721848
1lz1A	Y63F	62	neighbor_m_neighbor_embedding	15x128	15x128	True	True	1.9078116
1lz1A	P71G	70	log_prob	1x130x21	1x130x21	True	True	2.5326614
1lz1A	P71G	70	top_15_attention_weights	15	15	True	True	0.068209231
1lz1A	P71G	70	top_10_attention_weights	10	10	True	True	0.068209231
1lz1A	P71G	70	top_5_attention_weights	5	5	True	True	0.023420572
1lz1A	P71G	70	top_15_neighbor_indices	15	15	True	True	33
1lz1A	P71G	70	top_10_neighbor_indices	10	10	True	True	33
1lz1A	P71G	70	top_5_neighbor_indices	5	5	True	True	4
1lz1A	P71G	70	top_15_closest_neighbor_indices	15	15	True	True	0
1lz1A	P71G	70	top_10_closest_neighbor_indices	10	10	True	True	0
1lz1A	P71G	70	w_n_log_prob	15x21	15x21	True	True	6.3485622
1lz1A	P71G	70	m_n_log_prob	15x21	15x21	True	True	6.2435956
1lz1A	P71G	70	neighbor_aa_identities	list[15]	list[15]	True	not_numeric	NA
1lz1A	P71G	70	neighbor_w_message_vector_coming_from_center	15x128	15x128	True	True	0.19405389
1lz1A	P71G	70	neighbor_m_message_vector_coming_from_center	15x128	15x128	True	True	0.1352305
1lz1A	P71G	70	neighbor_w_neighbor_embedding	15x128	15x128	True	True	1.2605383
1lz1A	P71G	70	neighbor_m_neighbor_embedding	15x128	15x128	True	True	1.2576787
1lz1A	V74A	73	log_prob	1x130x21	1x130x21	True	True	3.8868756
1lz1A	V74A	73	top_15_attention_weights	15	15	True	True	0.058256209
1lz1A	V74A	73	top_10_attention_weights	10	10	True	True	0.029386222
1lz1A	V74A	73	top_5_attention_weights	5	5	True	True	0.029386222
1lz1A	V74A	73	top_15_neighbor_indices	15	15	True	True	26
1lz1A	V74A	73	top_10_neighbor_indices	10	10	True	True	20
1lz1A	V74A	73	top_5_neighbor_indices	5	5	True	True	19
1lz1A	V74A	73	top_15_closest_neighbor_indices	15	15	True	True	0
1lz1A	V74A	73	top_10_closest_neighbor_indices	10	10	True	True	0
1lz1A	V74A	73	w_n_log_prob	15x21	15x21	True	True	5.9717255
1lz1A	V74A	73	m_n_log_prob	15x21	15x21	True	True	5.9444261
1lz1A	V74A	73	neighbor_aa_identities	list[15]	list[15]	True	not_numeric	NA
1lz1A	V74A	73	neighbor_w_message_vector_coming_from_center	15x128	15x128	True	True	0.3601674
1lz1A	V74A	73	neighbor_m_message_vector_coming_from_center	15x128	15x128	True	True	0.39234327
1lz1A	V74A	73	neighbor_w_neighbor_embedding	15x128	15x128	True	True	1.5901647
1lz1A	V74A	73	neighbor_m_neighbor_embedding	15x128	15x128	True	True	1.6383554
1lz1A	V74G	73	log_prob	1x130x21	1x130x21	True	True	3.1615283
1lz1A	V74G	73	top_15_attention_weights	15	15	True	True	0.14693382
1lz1A	V74G	73	top_10_attention_weights	10	10	True	True	0.14693382
1lz1A	V74G	73	top_5_attention_weights	5	5	True	True	0.071623564
1lz1A	V74G	73	top_15_neighbor_indices	15	15	True	True	47
1lz1A	V74G	73	top_10_neighbor_indices	10	10	True	True	18
1lz1A	V74G	73	top_5_neighbor_indices	5	5	True	True	5
1lz1A	V74G	73	top_15_closest_neighbor_indices	15	15	True	True	0
1lz1A	V74G	73	top_10_closest_neighbor_indices	10	10	True	True	0
1lz1A	V74G	73	w_n_log_prob	15x21	15x21	True	True	6.0278845
1lz1A	V74G	73	m_n_log_prob	15x21	15x21	True	True	5.9599733
1lz1A	V74G	73	neighbor_aa_identities	list[15]	list[15]	True	not_numeric	NA
1lz1A	V74G	73	neighbor_w_message_vector_coming_from_center	15x128	15x128	True	True	0.33236222
1lz1A	V74G	73	neighbor_m_message_vector_coming_from_center	15x128	15x128	True	True	0.36318461
1lz1A	V74G	73	neighbor_w_neighbor_embedding	15x128	15x128	True	True	1.8094572
1lz1A	V74G	73	neighbor_m_neighbor_embedding	15x128	15x128	True	True	1.824836
1lz1A	V74I	73	log_prob	1x130x21	1x130x21	True	True	3.5735254
1lz1A	V74I	73	top_15_attention_weights	15	15	True	True	0.059574276
1lz1A	V74I	73	top_10_attention_weights	10	10	True	True	0.059574276
1lz1A	V74I	73	top_5_attention_weights	5	5	True	True	0.043868959
1lz1A	V74I	73	top_15_neighbor_indices	15	15	True	True	23
1lz1A	V74I	73	top_10_neighbor_indices	10	10	True	True	13
1lz1A	V74I	73	top_5_neighbor_indices	5	5	True	True	4
1lz1A	V74I	73	top_15_closest_neighbor_indices	15	15	True	True	0
1lz1A	V74I	73	top_10_closest_neighbor_indices	10	10	True	True	0
1lz1A	V74I	73	w_n_log_prob	15x21	15x21	True	True	5.811461
1lz1A	V74I	73	m_n_log_prob	15x21	15x21	True	True	5.7957463
1lz1A	V74I	73	neighbor_aa_identities	list[15]	list[15]	True	not_numeric	NA
1lz1A	V74I	73	neighbor_w_message_vector_coming_from_center	15x128	15x128	True	True	0.36680955
1lz1A	V74I	73	neighbor_m_message_vector_coming_from_center	15x128	15x128	True	True	0.35504786
1lz1A	V74I	73	neighbor_w_neighbor_embedding	15x128	15x128	True	True	1.4348245
1lz1A	V74I	73	neighbor_m_neighbor_embedding	15x128	15x128	True	True	1.4550447
1lz1A	V74L	73	log_prob	1x130x21	1x130x21	True	True	3.7500329
1lz1A	V74L	73	top_15_attention_weights	15	15	True	True	0.15149081
1lz1A	V74L	73	top_10_attention_weights	10	10	True	True	0.033788025
1lz1A	V74L	73	top_5_attention_weights	5	5	True	True	0.033788025
1lz1A	V74L	73	top_15_neighbor_indices	15	15	True	True	34
1lz1A	V74L	73	top_10_neighbor_indices	10	10	True	True	19
1lz1A	V74L	73	top_5_neighbor_indices	5	5	True	True	0
1lz1A	V74L	73	top_15_closest_neighbor_indices	15	15	True	True	0
1lz1A	V74L	73	top_10_closest_neighbor_indices	10	10	True	True	0
1lz1A	V74L	73	w_n_log_prob	15x21	15x21	True	True	5.992661
1lz1A	V74L	73	m_n_log_prob	15x21	15x21	True	True	5.8408952
1lz1A	V74L	73	neighbor_aa_identities	list[15]	list[15]	True	not_numeric	NA
1lz1A	V74L	73	neighbor_w_message_vector_coming_from_center	15x128	15x128	True	True	0.32896695
1lz1A	V74L	73	neighbor_m_message_vector_coming_from_center	15x128	15x128	True	True	0.28666801
1lz1A	V74L	73	neighbor_w_neighbor_embedding	15x128	15x128	True	True	1.5553849
1lz1A	V74L	73	neighbor_m_neighbor_embedding	15x128	15x128	True	True	1.5868551
1lz1A	V74M	73	log_prob	1x130x21	1x130x21	True	True	3.3781695
1lz1A	V74M	73	top_15_attention_weights	15	15	True	True	0.14228708
1lz1A	V74M	73	top_10_attention_weights	10	10	True	True	0.14228708
1lz1A	V74M	73	top_5_attention_weights	5	5	True	True	0.14228708
1lz1A	V74M	73	top_15_neighbor_indices	15	15	True	True	30
1lz1A	V74M	73	top_10_neighbor_indices	10	10	True	True	24
1lz1A	V74M	73	top_5_neighbor_indices	5	5	True	True	5
1lz1A	V74M	73	top_15_closest_neighbor_indices	15	15	True	True	0
1lz1A	V74M	73	top_10_closest_neighbor_indices	10	10	True	True	0
1lz1A	V74M	73	w_n_log_prob	15x21	15x21	True	True	5.8408718
1lz1A	V74M	73	m_n_log_prob	15x21	15x21	True	True	5.9000897
1lz1A	V74M	73	neighbor_aa_identities	list[15]	list[15]	True	not_numeric	NA
1lz1A	V74M	73	neighbor_w_message_vector_coming_from_center	15x128	15x128	True	True	0.18270298
1lz1A	V74M	73	neighbor_m_message_vector_coming_from_center	15x128	15x128	True	True	0.3110394
1lz1A	V74M	73	neighbor_w_neighbor_embedding	15x128	15x128	True	True	1.6196105
1lz1A	V74M	73	neighbor_m_neighbor_embedding	15x128	15x128	True	True	1.5849738
1lz1A	V74F	73	log_prob	1x130x21	1x130x21	True	True	2.7203302
1lz1A	V74F	73	top_15_attention_weights	15	15	True	True	0.10322928
1lz1A	V74F	73	top_10_attention_weights	10	10	True	True	0.10322928
1lz1A	V74F	73	top_5_attention_weights	5	5	True	True	0.10322928
1lz1A	V74F	73	top_15_neighbor_indices	15	15	True	True	28
1lz1A	V74F	73	top_10_neighbor_indices	10	10	True	True	20
1lz1A	V74F	73	top_5_neighbor_indices	5	5	True	True	12
1lz1A	V74F	73	top_15_closest_neighbor_indices	15	15	True	True	0
1lz1A	V74F	73	top_10_closest_neighbor_indices	10	10	True	True	0
1lz1A	V74F	73	w_n_log_prob	15x21	15x21	True	True	5.7670312
1lz1A	V74F	73	m_n_log_prob	15x21	15x21	True	True	5.4824371
1lz1A	V74F	73	neighbor_aa_identities	list[15]	list[15]	True	not_numeric	NA
1lz1A	V74F	73	neighbor_w_message_vector_coming_from_center	15x128	15x128	True	True	0.17935627
1lz1A	V74F	73	neighbor_m_message_vector_coming_from_center	15x128	15x128	True	True	0.3754173
1lz1A	V74F	73	neighbor_w_neighbor_embedding	15x128	15x128	True	True	2.0173297
1lz1A	V74F	73	neighbor_m_neighbor_embedding	15x128	15x128	True	True	2.0102224
1lz1A	V74Y	73	log_prob	1x130x21	1x130x21	True	True	2.5525675
1lz1A	V74Y	73	top_15_attention_weights	15	15	True	True	0.14446858
1lz1A	V74Y	73	top_10_attention_weights	10	10	True	True	0.14446858
1lz1A	V74Y	73	top_5_attention_weights	5	5	True	True	0.080742121
1lz1A	V74Y	73	top_15_neighbor_indices	15	15	True	True	32
1lz1A	V74Y	73	top_10_neighbor_indices	10	10	True	True	22
1lz1A	V74Y	73	top_5_neighbor_indices	5	5	True	True	0
1lz1A	V74Y	73	top_15_closest_neighbor_indices	15	15	True	True	0
1lz1A	V74Y	73	top_10_closest_neighbor_indices	10	10	True	True	0
1lz1A	V74Y	73	w_n_log_prob	15x21	15x21	True	True	5.5767822
1lz1A	V74Y	73	m_n_log_prob	15x21	15x21	True	True	5.5822806
1lz1A	V74Y	73	neighbor_aa_identities	list[15]	list[15]	True	not_numeric	NA
1lz1A	V74Y	73	neighbor_w_message_vector_coming_from_center	15x128	15x128	True	True	0.36759156
1lz1A	V74Y	73	neighbor_m_message_vector_coming_from_center	15x128	15x128	True	True	0.32396847
1lz1A	V74Y	73	neighbor_w_neighbor_embedding	15x128	15x128	True	True	1.9594111
1lz1A	V74Y	73	neighbor_m_neighbor_embedding	15x128	15x128	True	True	1.9983563
1lz1A	V74D	73	log_prob	1x130x21	1x130x21	True	True	3.4183569
1lz1A	V74D	73	top_15_attention_weights	15	15	True	True	0.073665619
1lz1A	V74D	73	top_10_attention_weights	10	10	True	True	0.073665619
1lz1A	V74D	73	top_5_attention_weights	5	5	True	True	0.071212769
1lz1A	V74D	73	top_15_neighbor_indices	15	15	True	True	39
1lz1A	V74D	73	top_10_neighbor_indices	10	10	True	True	39
1lz1A	V74D	73	top_5_neighbor_indices	5	5	True	True	3
1lz1A	V74D	73	top_15_closest_neighbor_indices	15	15	True	True	0
1lz1A	V74D	73	top_10_closest_neighbor_indices	10	10	True	True	0
1lz1A	V74D	73	w_n_log_prob	15x21	15x21	True	True	5.9744368
1lz1A	V74D	73	m_n_log_prob	15x21	15x21	True	True	6.0340958
1lz1A	V74D	73	neighbor_aa_identities	list[15]	list[15]	True	not_numeric	NA
1lz1A	V74D	73	neighbor_w_message_vector_coming_from_center	15x128	15x128	True	True	0.36612004
1lz1A	V74D	73	neighbor_m_message_vector_coming_from_center	15x128	15x128	True	True	0.46774228
1lz1A	V74D	73	neighbor_w_neighbor_embedding	15x128	15x128	True	True	2.0917158
1lz1A	V74D	73	neighbor_m_neighbor_embedding	15x128	15x128	True	True	2.1059594
1lz1A	V74N	73	log_prob	1x130x21	1x130x21	True	True	3.5126667
1lz1A	V74N	73	top_15_attention_weights	15	15	True	True	0.094050318
1lz1A	V74N	73	top_10_attention_weights	10	10	True	True	0.047737539
1lz1A	V74N	73	top_5_attention_weights	5	5	True	True	0.047737539
1lz1A	V74N	73	top_15_neighbor_indices	15	15	True	True	52
1lz1A	V74N	73	top_10_neighbor_indices	10	10	True	True	13
1lz1A	V74N	73	top_5_neighbor_indices	5	5	True	True	8
1lz1A	V74N	73	top_15_closest_neighbor_indices	15	15	True	True	0
1lz1A	V74N	73	top_10_closest_neighbor_indices	10	10	True	True	0
1lz1A	V74N	73	w_n_log_prob	15x21	15x21	True	True	5.6153102
1lz1A	V74N	73	m_n_log_prob	15x21	15x21	True	True	5.780231
1lz1A	V74N	73	neighbor_aa_identities	list[15]	list[15]	True	not_numeric	NA
1lz1A	V74N	73	neighbor_w_message_vector_coming_from_center	15x128	15x128	True	True	0.3541373
1lz1A	V74N	73	neighbor_m_message_vector_coming_from_center	15x128	15x128	True	True	0.34933794
1lz1A	V74N	73	neighbor_w_neighbor_embedding	15x128	15x128	True	True	1.6296968
1lz1A	V74N	73	neighbor_m_neighbor_embedding	15x128	15x128	True	True	1.6214901
1lz1A	V74R	73	log_prob	1x130x21	1x130x21	True	True	2.8151953
1lz1A	V74R	73	top_15_attention_weights	15	15	True	True	0.086616188
1lz1A	V74R	73	top_10_attention_weights	10	10	True	True	0.086616188
1lz1A	V74R	73	top_5_attention_weights	5	5	True	True	0.035464108
1lz1A	V74R	73	top_15_neighbor_indices	15	15	True	True	34
1lz1A	V74R	73	top_10_neighbor_indices	10	10	True	True	19
1lz1A	V74R	73	top_5_neighbor_indices	5	5	True	True	18
1lz1A	V74R	73	top_15_closest_neighbor_indices	15	15	True	True	0
1lz1A	V74R	73	top_10_closest_neighbor_indices	10	10	True	True	0
1lz1A	V74R	73	w_n_log_prob	15x21	15x21	True	True	5.8856411
1lz1A	V74R	73	m_n_log_prob	15x21	15x21	True	True	5.7813349
1lz1A	V74R	73	neighbor_aa_identities	list[15]	list[15]	True	not_numeric	NA
1lz1A	V74R	73	neighbor_w_message_vector_coming_from_center	15x128	15x128	True	True	0.35825263
1lz1A	V74R	73	neighbor_m_message_vector_coming_from_center	15x128	15x128	True	True	0.36370125
1lz1A	V74R	73	neighbor_w_neighbor_embedding	15x128	15x128	True	True	1.6482406
1lz1A	V74R	73	neighbor_m_neighbor_embedding	15x128	15x128	True	True	1.6511071
1lz1A	V74S	73	log_prob	1x130x21	1x130x21	True	True	3.2058518
1lz1A	V74S	73	top_15_attention_weights	15	15	True	True	0.10293713
1lz1A	V74S	73	top_10_attention_weights	10	10	True	True	0.042143643
1lz1A	V74S	73	top_5_attention_weights	5	5	True	True	0.038533688
1lz1A	V74S	73	top_15_neighbor_indices	15	15	True	True	48
1lz1A	V74S	73	top_10_neighbor_indices	10	10	True	True	39
1lz1A	V74S	73	top_5_neighbor_indices	5	5	True	True	14
1lz1A	V74S	73	top_15_closest_neighbor_indices	15	15	True	True	0
1lz1A	V74S	73	top_10_closest_neighbor_indices	10	10	True	True	0
1lz1A	V74S	73	w_n_log_prob	15x21	15x21	True	True	5.9974093
1lz1A	V74S	73	m_n_log_prob	15x21	15x21	True	True	6.0312266
1lz1A	V74S	73	neighbor_aa_identities	list[15]	list[15]	True	not_numeric	NA
1lz1A	V74S	73	neighbor_w_message_vector_coming_from_center	15x128	15x128	True	True	0.31693138
1lz1A	V74S	73	neighbor_m_message_vector_coming_from_center	15x128	15x128	True	True	0.38465168
1lz1A	V74S	73	neighbor_w_neighbor_embedding	15x128	15x128	True	True	1.6075794
1lz1A	V74S	73	neighbor_m_neighbor_embedding	15x128	15x128	True	True	1.593035
1lz1A	C77A	76	log_prob	1x130x21	1x130x21	True	True	4.4472351
1lz1A	C77A	76	top_15_attention_weights	15	15	True	True	0.097336471
1lz1A	C77A	76	top_10_attention_weights	10	10	True	True	0.097336471
1lz1A	C77A	76	top_5_attention_weights	5	5	True	True	0.097336471
1lz1A	C77A	76	top_15_neighbor_indices	15	15	True	True	31
1lz1A	C77A	76	top_10_neighbor_indices	10	10	True	True	31
1lz1A	C77A	76	top_5_neighbor_indices	5	5	True	True	31
1lz1A	C77A	76	top_15_closest_neighbor_indices	15	15	True	True	0
1lz1A	C77A	76	top_10_closest_neighbor_indices	10	10	True	True	0
1lz1A	C77A	76	w_n_log_prob	15x21	15x21	True	True	5.5329733
1lz1A	C77A	76	m_n_log_prob	15x21	15x21	True	True	5.1000285
1lz1A	C77A	76	neighbor_aa_identities	list[15]	list[15]	True	not_numeric	NA
1lz1A	C77A	76	neighbor_w_message_vector_coming_from_center	15x128	15x128	True	True	0.35652572
1lz1A	C77A	76	neighbor_m_message_vector_coming_from_center	15x128	15x128	True	True	0.46345246
1lz1A	C77A	76	neighbor_w_neighbor_embedding	15x128	15x128	True	True	2.1291311
1lz1A	C77A	76	neighbor_m_neighbor_embedding	15x128	15x128	True	True	1.937114
1lz1A	I89A	88	log_prob	1x130x21	1x130x21	True	True	2.1852064
1lz1A	I89A	88	top_15_attention_weights	15	15	True	True	0.053894371
1lz1A	I89A	88	top_10_attention_weights	10	10	True	True	0.053894371
1lz1A	I89A	88	top_5_attention_weights	5	5	True	True	0.052105486
1lz1A	I89A	88	top_15_neighbor_indices	15	15	True	True	84
1lz1A	I89A	88	top_10_neighbor_indices	10	10	True	True	80
1lz1A	I89A	88	top_5_neighbor_indices	5	5	True	True	80
1lz1A	I89A	88	top_15_closest_neighbor_indices	15	15	True	True	0
1lz1A	I89A	88	top_10_closest_neighbor_indices	10	10	True	True	0
1lz1A	I89A	88	w_n_log_prob	15x21	15x21	True	True	5.7647171
1lz1A	I89A	88	m_n_log_prob	15x21	15x21	True	True	5.5818429
1lz1A	I89A	88	neighbor_aa_identities	list[15]	list[15]	True	not_numeric	NA
1lz1A	I89A	88	neighbor_w_message_vector_coming_from_center	15x128	15x128	True	True	0.33430931
1lz1A	I89A	88	neighbor_m_message_vector_coming_from_center	15x128	15x128	True	True	0.52311474
1lz1A	I89A	88	neighbor_w_neighbor_embedding	15x128	15x128	True	True	2.7118311
1lz1A	I89A	88	neighbor_m_neighbor_embedding	15x128	15x128	True	True	2.6136427
1lz1A	I89V	88	log_prob	1x130x21	1x130x21	True	True	2.9004655
1lz1A	I89V	88	top_15_attention_weights	15	15	True	True	0.06474635
1lz1A	I89V	88	top_10_attention_weights	10	10	True	True	0.06474635
1lz1A	I89V	88	top_5_attention_weights	5	5	True	True	0.057310462
1lz1A	I89V	88	top_15_neighbor_indices	15	15	True	True	92
1lz1A	I89V	88	top_10_neighbor_indices	10	10	True	True	92
1lz1A	I89V	88	top_5_neighbor_indices	5	5	True	True	92
1lz1A	I89V	88	top_15_closest_neighbor_indices	15	15	True	True	0
1lz1A	I89V	88	top_10_closest_neighbor_indices	10	10	True	True	0
1lz1A	I89V	88	w_n_log_prob	15x21	15x21	True	True	5.8212256
1lz1A	I89V	88	m_n_log_prob	15x21	15x21	True	True	5.7208228
1lz1A	I89V	88	neighbor_aa_identities	list[15]	list[15]	True	not_numeric	NA
1lz1A	I89V	88	neighbor_w_message_vector_coming_from_center	15x128	15x128	True	True	0.47420102
1lz1A	I89V	88	neighbor_m_message_vector_coming_from_center	15x128	15x128	True	True	0.49351799
1lz1A	I89V	88	neighbor_w_neighbor_embedding	15x128	15x128	True	True	2.5731976
1lz1A	I89V	88	neighbor_m_neighbor_embedding	15x128	15x128	True	True	2.5624194
1lz1A	D91P	90	log_prob	1x130x21	1x130x21	True	True	3.1638305
1lz1A	D91P	90	top_15_attention_weights	15	15	True	True	0.075500607
1lz1A	D91P	90	top_10_attention_weights	10	10	True	True	0.075500607
1lz1A	D91P	90	top_5_attention_weights	5	5	True	True	0.075500607
1lz1A	D91P	90	top_15_neighbor_indices	15	15	True	True	73
1lz1A	D91P	90	top_10_neighbor_indices	10	10	True	True	23
1lz1A	D91P	90	top_5_neighbor_indices	5	5	True	True	23
1lz1A	D91P	90	top_15_closest_neighbor_indices	15	15	True	True	0
1lz1A	D91P	90	top_10_closest_neighbor_indices	10	10	True	True	0
1lz1A	D91P	90	w_n_log_prob	15x21	15x21	True	True	5.5153356
1lz1A	D91P	90	m_n_log_prob	15x21	15x21	True	True	5.4783835
1lz1A	D91P	90	neighbor_aa_identities	list[15]	list[15]	True	not_numeric	NA
1lz1A	D91P	90	neighbor_w_message_vector_coming_from_center	15x128	15x128	True	True	0.76100534
1lz1A	D91P	90	neighbor_m_message_vector_coming_from_center	15x128	15x128	True	True	0.44670707
1lz1A	D91P	90	neighbor_w_neighbor_embedding	15x128	15x128	True	True	2.1728144
1lz1A	D91P	90	neighbor_m_neighbor_embedding	15x128	15x128	True	True	2.0421169
1lz1A	V93A	92	log_prob	1x130x21	1x130x21	True	True	3.3540578
1lz1A	V93A	92	top_15_attention_weights	15	15	True	True	0.13827634
1lz1A	V93A	92	top_10_attention_weights	10	10	True	True	0.13827634
1lz1A	V93A	92	top_5_attention_weights	5	5	True	True	0.13827634
1lz1A	V93A	92	top_15_neighbor_indices	15	15	True	True	80
1lz1A	V93A	92	top_10_neighbor_indices	10	10	True	True	80
1lz1A	V93A	92	top_5_neighbor_indices	5	5	True	True	36
1lz1A	V93A	92	top_15_closest_neighbor_indices	15	15	True	True	0
1lz1A	V93A	92	top_10_closest_neighbor_indices	10	10	True	True	0
1lz1A	V93A	92	w_n_log_prob	15x21	15x21	True	True	6.1424503
1lz1A	V93A	92	m_n_log_prob	15x21	15x21	True	True	6.086669
1lz1A	V93A	92	neighbor_aa_identities	list[15]	list[15]	True	not_numeric	NA
1lz1A	V93A	92	neighbor_w_message_vector_coming_from_center	15x128	15x128	True	True	0.2784093
1lz1A	V93A	92	neighbor_m_message_vector_coming_from_center	15x128	15x128	True	True	0.47277287
1lz1A	V93A	92	neighbor_w_neighbor_embedding	15x128	15x128	True	True	1.8342632
1lz1A	V93A	92	neighbor_m_neighbor_embedding	15x128	15x128	True	True	1.8794041
1lz1A	V99A	98	log_prob	1x130x21	1x130x21	True	True	3.3931828
1lz1A	V99A	98	top_15_attention_weights	15	15	True	True	0.091968179
1lz1A	V99A	98	top_10_attention_weights	10	10	True	True	0.091968179
1lz1A	V99A	98	top_5_attention_weights	5	5	True	True	0.040980458
1lz1A	V99A	98	top_15_neighbor_indices	15	15	True	True	56
1lz1A	V99A	98	top_10_neighbor_indices	10	10	True	True	34
1lz1A	V99A	98	top_5_neighbor_indices	5	5	True	True	1
1lz1A	V99A	98	top_15_closest_neighbor_indices	15	15	True	True	0
1lz1A	V99A	98	top_10_closest_neighbor_indices	10	10	True	True	0
1lz1A	V99A	98	w_n_log_prob	15x21	15x21	True	True	5.6409521
1lz1A	V99A	98	m_n_log_prob	15x21	15x21	True	True	5.4783053
1lz1A	V99A	98	neighbor_aa_identities	list[15]	list[15]	True	not_numeric	NA
1lz1A	V99A	98	neighbor_w_message_vector_coming_from_center	15x128	15x128	True	True	0.31314212
1lz1A	V99A	98	neighbor_m_message_vector_coming_from_center	15x128	15x128	True	True	0.34732401
1lz1A	V99A	98	neighbor_w_neighbor_embedding	15x128	15x128	True	True	1.849936
1lz1A	V99A	98	neighbor_m_neighbor_embedding	15x128	15x128	True	True	1.873687
1lz1A	V100A	99	log_prob	1x130x21	1x130x21	True	True	2.2267871
1lz1A	V100A	99	top_15_attention_weights	15	15	True	True	0.073413849
1lz1A	V100A	99	top_10_attention_weights	10	10	True	True	0.073413849
1lz1A	V100A	99	top_5_attention_weights	5	5	True	True	0.073413849
1lz1A	V100A	99	top_15_neighbor_indices	15	15	True	True	81
1lz1A	V100A	99	top_10_neighbor_indices	10	10	True	True	81
1lz1A	V100A	99	top_5_neighbor_indices	5	5	True	True	40
1lz1A	V100A	99	top_15_closest_neighbor_indices	15	15	True	True	0
1lz1A	V100A	99	top_10_closest_neighbor_indices	10	10	True	True	0
1lz1A	V100A	99	w_n_log_prob	15x21	15x21	True	True	5.7379913
1lz1A	V100A	99	m_n_log_prob	15x21	15x21	True	True	5.7484636
1lz1A	V100A	99	neighbor_aa_identities	list[15]	list[15]	True	not_numeric	NA
1lz1A	V100A	99	neighbor_w_message_vector_coming_from_center	15x128	15x128	True	True	0.68598866
1lz1A	V100A	99	neighbor_m_message_vector_coming_from_center	15x128	15x128	True	True	0.74151971
1lz1A	V100A	99	neighbor_w_neighbor_embedding	15x128	15x128	True	True	1.7508492
1lz1A	V100A	99	neighbor_m_neighbor_embedding	15x128	15x128	True	True	1.6733046
1lz1A	P103G	102	log_prob	1x130x21	1x130x21	True	True	2.1370111
1lz1A	P103G	102	top_15_attention_weights	15	15	True	True	0.088432252
1lz1A	P103G	102	top_10_attention_weights	10	10	True	True	0.088432252
1lz1A	P103G	102	top_5_attention_weights	5	5	True	True	0.088432252
1lz1A	P103G	102	top_15_neighbor_indices	15	15	True	True	92
1lz1A	P103G	102	top_10_neighbor_indices	10	10	True	True	92
1lz1A	P103G	102	top_5_neighbor_indices	5	5	True	True	23
1lz1A	P103G	102	top_15_closest_neighbor_indices	15	15	True	True	0
1lz1A	P103G	102	top_10_closest_neighbor_indices	10	10	True	True	0
1lz1A	P103G	102	w_n_log_prob	15x21	15x21	True	True	5.7581172
1lz1A	P103G	102	m_n_log_prob	15x21	15x21	True	True	5.756762
1lz1A	P103G	102	neighbor_aa_identities	list[15]	list[15]	True	not_numeric	NA
1lz1A	P103G	102	neighbor_w_message_vector_coming_from_center	15x128	15x128	True	True	0.36144447
1lz1A	P103G	102	neighbor_m_message_vector_coming_from_center	15x128	15x128	True	True	0.21545885
1lz1A	P103G	102	neighbor_w_neighbor_embedding	15x128	15x128	True	True	2.4687116
1lz1A	P103G	102	neighbor_m_neighbor_embedding	15x128	15x128	True	True	2.4533906
1lz1A	I106A	105	log_prob	1x130x21	1x130x21	True	True	3.5198939
1lz1A	I106A	105	top_15_attention_weights	15	15	True	True	0.066573381
1lz1A	I106A	105	top_10_attention_weights	10	10	True	True	0.066573381
1lz1A	I106A	105	top_5_attention_weights	5	5	True	True	0.066573381
1lz1A	I106A	105	top_15_neighbor_indices	15	15	True	True	93
1lz1A	I106A	105	top_10_neighbor_indices	10	10	True	True	74
1lz1A	I106A	105	top_5_neighbor_indices	5	5	True	True	0
1lz1A	I106A	105	top_15_closest_neighbor_indices	15	15	True	True	0
1lz1A	I106A	105	top_10_closest_neighbor_indices	10	10	True	True	0
1lz1A	I106A	105	w_n_log_prob	15x21	15x21	True	True	5.2261486
1lz1A	I106A	105	m_n_log_prob	15x21	15x21	True	True	5.3627763
1lz1A	I106A	105	neighbor_aa_identities	list[15]	list[15]	True	not_numeric	NA
1lz1A	I106A	105	neighbor_w_message_vector_coming_from_center	15x128	15x128	True	True	0.69308722
1lz1A	I106A	105	neighbor_m_message_vector_coming_from_center	15x128	15x128	True	True	0.58539373
1lz1A	I106A	105	neighbor_w_neighbor_embedding	15x128	15x128	True	True	1.8067635
1lz1A	I106A	105	neighbor_m_neighbor_embedding	15x128	15x128	True	True	1.965935
1lz1A	I106V	105	log_prob	1x130x21	1x130x21	True	True	3.4633653
1lz1A	I106V	105	top_15_attention_weights	15	15	True	True	0.21599793
1lz1A	I106V	105	top_10_attention_weights	10	10	True	True	0.21599793
1lz1A	I106V	105	top_5_attention_weights	5	5	True	True	0.21599793
1lz1A	I106V	105	top_15_neighbor_indices	15	15	True	True	84
1lz1A	I106V	105	top_10_neighbor_indices	10	10	True	True	84
1lz1A	I106V	105	top_5_neighbor_indices	5	5	True	True	84
1lz1A	I106V	105	top_15_closest_neighbor_indices	15	15	True	True	0
1lz1A	I106V	105	top_10_closest_neighbor_indices	10	10	True	True	0
1lz1A	I106V	105	w_n_log_prob	15x21	15x21	True	True	5.6264305
1lz1A	I106V	105	m_n_log_prob	15x21	15x21	True	True	5.7728753
1lz1A	I106V	105	neighbor_aa_identities	list[15]	list[15]	True	not_numeric	NA
1lz1A	I106V	105	neighbor_w_message_vector_coming_from_center	15x128	15x128	True	True	0.76708788
1lz1A	I106V	105	neighbor_m_message_vector_coming_from_center	15x128	15x128	True	True	0.64445192
1lz1A	I106V	105	neighbor_w_neighbor_embedding	15x128	15x128	True	True	2.4664788
1lz1A	I106V	105	neighbor_m_neighbor_embedding	15x128	15x128	True	True	2.546243
1lz1A	V110A	109	log_prob	1x130x21	1x130x21	True	True	2.6776216
1lz1A	V110A	109	top_15_attention_weights	15	15	True	True	0.14589608
1lz1A	V110A	109	top_10_attention_weights	10	10	True	True	0.14589608
1lz1A	V110A	109	top_5_attention_weights	5	5	True	True	0.14589608
1lz1A	V110A	109	top_15_neighbor_indices	15	15	True	True	61
1lz1A	V110A	109	top_10_neighbor_indices	10	10	True	True	53
1lz1A	V110A	109	top_5_neighbor_indices	5	5	True	True	5
1lz1A	V110A	109	top_15_closest_neighbor_indices	15	15	True	True	0
1lz1A	V110A	109	top_10_closest_neighbor_indices	10	10	True	True	0
1lz1A	V110A	109	w_n_log_prob	15x21	15x21	True	True	5.0304379
1lz1A	V110A	109	m_n_log_prob	15x21	15x21	True	True	4.9553933
1lz1A	V110A	109	neighbor_aa_identities	list[15]	list[15]	True	not_numeric	NA
1lz1A	V110A	109	neighbor_w_message_vector_coming_from_center	15x128	15x128	True	True	0.23813972
1lz1A	V110A	109	neighbor_m_message_vector_coming_from_center	15x128	15x128	True	True	0.21780695
1lz1A	V110A	109	neighbor_w_neighbor_embedding	15x128	15x128	True	True	1.6465786
1lz1A	V110A	109	neighbor_m_neighbor_embedding	15x128	15x128	True	True	1.6909343
1lz1A	V110D	109	log_prob	1x130x21	1x130x21	True	True	2.7511129
1lz1A	V110D	109	top_15_attention_weights	15	15	True	True	0.18534851
1lz1A	V110D	109	top_10_attention_weights	10	10	True	True	0.18534851
1lz1A	V110D	109	top_5_attention_weights	5	5	True	True	0.18534851
1lz1A	V110D	109	top_15_neighbor_indices	15	15	True	True	86
1lz1A	V110D	109	top_10_neighbor_indices	10	10	True	True	86
1lz1A	V110D	109	top_5_neighbor_indices	5	5	True	True	86
1lz1A	V110D	109	top_15_closest_neighbor_indices	15	15	True	True	0
1lz1A	V110D	109	top_10_closest_neighbor_indices	10	10	True	True	0
1lz1A	V110D	109	w_n_log_prob	15x21	15x21	True	True	5.3234677
1lz1A	V110D	109	m_n_log_prob	15x21	15x21	True	True	5.1330838
1lz1A	V110D	109	neighbor_aa_identities	list[15]	list[15]	True	not_numeric	NA
1lz1A	V110D	109	neighbor_w_message_vector_coming_from_center	15x128	15x128	True	True	0.24596128
1lz1A	V110D	109	neighbor_m_message_vector_coming_from_center	15x128	15x128	True	True	0.32552391
1lz1A	V110D	109	neighbor_w_neighbor_embedding	15x128	15x128	True	True	1.6223454
1lz1A	V110D	109	neighbor_m_neighbor_embedding	15x128	15x128	True	True	1.7686391
1lz1A	V110G	109	log_prob	1x130x21	1x130x21	True	True	3.6032629
1lz1A	V110G	109	top_15_attention_weights	15	15	True	True	0.06348151
1lz1A	V110G	109	top_10_attention_weights	10	10	True	True	0.06348151
1lz1A	V110G	109	top_5_attention_weights	5	5	True	True	0.054348111
1lz1A	V110G	109	top_15_neighbor_indices	15	15	True	True	86
1lz1A	V110G	109	top_10_neighbor_indices	10	10	True	True	86
1lz1A	V110G	109	top_5_neighbor_indices	5	5	True	True	86
1lz1A	V110G	109	top_15_closest_neighbor_indices	15	15	True	True	0
1lz1A	V110G	109	top_10_closest_neighbor_indices	10	10	True	True	0
1lz1A	V110G	109	w_n_log_prob	15x21	15x21	True	True	5.7227802
1lz1A	V110G	109	m_n_log_prob	15x21	15x21	True	True	5.7486067
1lz1A	V110G	109	neighbor_aa_identities	list[15]	list[15]	True	not_numeric	NA
1lz1A	V110G	109	neighbor_w_message_vector_coming_from_center	15x128	15x128	True	True	0.31211918
1lz1A	V110G	109	neighbor_m_message_vector_coming_from_center	15x128	15x128	True	True	0.22169297
1lz1A	V110G	109	neighbor_w_neighbor_embedding	15x128	15x128	True	True	1.8463393
1lz1A	V110G	109	neighbor_m_neighbor_embedding	15x128	15x128	True	True	1.8546348
1lz1A	V110I	109	log_prob	1x130x21	1x130x21	True	True	3.4672434
1lz1A	V110I	109	top_15_attention_weights	15	15	True	True	0.11615449
1lz1A	V110I	109	top_10_attention_weights	10	10	True	True	0.11615449
1lz1A	V110I	109	top_5_attention_weights	5	5	True	True	0.11615449
1lz1A	V110I	109	top_15_neighbor_indices	15	15	True	True	79
1lz1A	V110I	109	top_10_neighbor_indices	10	10	True	True	79
1lz1A	V110I	109	top_5_neighbor_indices	5	5	True	True	79
1lz1A	V110I	109	top_15_closest_neighbor_indices	15	15	True	True	0
1lz1A	V110I	109	top_10_closest_neighbor_indices	10	10	True	True	0
1lz1A	V110I	109	w_n_log_prob	15x21	15x21	True	True	5.7499456
1lz1A	V110I	109	m_n_log_prob	15x21	15x21	True	True	5.7508655
1lz1A	V110I	109	neighbor_aa_identities	list[15]	list[15]	True	not_numeric	NA
1lz1A	V110I	109	neighbor_w_message_vector_coming_from_center	15x128	15x128	True	True	0.31754367
1lz1A	V110I	109	neighbor_m_message_vector_coming_from_center	15x128	15x128	True	True	0.31028813
1lz1A	V110I	109	neighbor_w_neighbor_embedding	15x128	15x128	True	True	1.8118234
1lz1A	V110I	109	neighbor_m_neighbor_embedding	15x128	15x128	True	True	1.8446075
1lz1A	V110L	109	log_prob	1x130x21	1x130x21	True	True	3.3722842
1lz1A	V110L	109	top_15_attention_weights	15	15	True	True	0.12984622
1lz1A	V110L	109	top_10_attention_weights	10	10	True	True	0.12984622
1lz1A	V110L	109	top_5_attention_weights	5	5	True	True	0.046470761
1lz1A	V110L	109	top_15_neighbor_indices	15	15	True	True	81
1lz1A	V110L	109	top_10_neighbor_indices	10	10	True	True	81
1lz1A	V110L	109	top_5_neighbor_indices	5	5	True	True	79
1lz1A	V110L	109	top_15_closest_neighbor_indices	15	15	True	True	0
1lz1A	V110L	109	top_10_closest_neighbor_indices	10	10	True	True	0
1lz1A	V110L	109	w_n_log_prob	15x21	15x21	True	True	5.6593432
1lz1A	V110L	109	m_n_log_prob	15x21	15x21	True	True	5.7232776
1lz1A	V110L	109	neighbor_aa_identities	list[15]	list[15]	True	not_numeric	NA
1lz1A	V110L	109	neighbor_w_message_vector_coming_from_center	15x128	15x128	True	True	0.25395724
1lz1A	V110L	109	neighbor_m_message_vector_coming_from_center	15x128	15x128	True	True	0.23168449
1lz1A	V110L	109	neighbor_w_neighbor_embedding	15x128	15x128	True	True	1.7123654
1lz1A	V110L	109	neighbor_m_neighbor_embedding	15x128	15x128	True	True	1.6646328
1lz1A	V110M	109	log_prob	1x130x21	1x130x21	True	True	4.3939137
1lz1A	V110M	109	top_15_attention_weights	15	15	True	True	0.062226415
1lz1A	V110M	109	top_10_attention_weights	10	10	True	True	0.062226415
1lz1A	V110M	109	top_5_attention_weights	5	5	True	True	0.062226415
1lz1A	V110M	109	top_15_neighbor_indices	15	15	True	True	86
1lz1A	V110M	109	top_10_neighbor_indices	10	10	True	True	86
1lz1A	V110M	109	top_5_neighbor_indices	5	5	True	True	86
1lz1A	V110M	109	top_15_closest_neighbor_indices	15	15	True	True	0
1lz1A	V110M	109	top_10_closest_neighbor_indices	10	10	True	True	0
1lz1A	V110M	109	w_n_log_prob	15x21	15x21	True	True	5.0205812
1lz1A	V110M	109	m_n_log_prob	15x21	15x21	True	True	5.011723
1lz1A	V110M	109	neighbor_aa_identities	list[15]	list[15]	True	not_numeric	NA
1lz1A	V110M	109	neighbor_w_message_vector_coming_from_center	15x128	15x128	True	True	0.32774837
1lz1A	V110M	109	neighbor_m_message_vector_coming_from_center	15x128	15x128	True	True	0.40177492
1lz1A	V110M	109	neighbor_w_neighbor_embedding	15x128	15x128	True	True	1.6258506
1lz1A	V110M	109	neighbor_m_neighbor_embedding	15x128	15x128	True	True	1.6774899
1lz1A	V110N	109	log_prob	1x130x21	1x130x21	True	True	2.8716092
1lz1A	V110N	109	top_15_attention_weights	15	15	True	True	0.13203567
1lz1A	V110N	109	top_10_attention_weights	10	10	True	True	0.13203567
1lz1A	V110N	109	top_5_attention_weights	5	5	True	True	0.13203567
1lz1A	V110N	109	top_15_neighbor_indices	15	15	True	True	75
1lz1A	V110N	109	top_10_neighbor_indices	10	10	True	True	13
1lz1A	V110N	109	top_5_neighbor_indices	5	5	True	True	4
1lz1A	V110N	109	top_15_closest_neighbor_indices	15	15	True	True	0
1lz1A	V110N	109	top_10_closest_neighbor_indices	10	10	True	True	0
1lz1A	V110N	109	w_n_log_prob	15x21	15x21	True	True	4.5080566
1lz1A	V110N	109	m_n_log_prob	15x21	15x21	True	True	4.5011606
1lz1A	V110N	109	neighbor_aa_identities	list[15]	list[15]	True	not_numeric	NA
1lz1A	V110N	109	neighbor_w_message_vector_coming_from_center	15x128	15x128	True	True	0.27191783
1lz1A	V110N	109	neighbor_m_message_vector_coming_from_center	15x128	15x128	True	True	0.21399751
1lz1A	V110N	109	neighbor_w_neighbor_embedding	15x128	15x128	True	True	1.6301482
1lz1A	V110N	109	neighbor_m_neighbor_embedding	15x128	15x128	True	True	1.7563674
1lz1A	V110R	109	log_prob	1x130x21	1x130x21	True	True	4.1382484
1lz1A	V110R	109	top_15_attention_weights	15	15	True	True	0.13087988
1lz1A	V110R	109	top_10_attention_weights	10	10	True	True	0.13087988
1lz1A	V110R	109	top_5_attention_weights	5	5	True	True	0.044243217
1lz1A	V110R	109	top_15_neighbor_indices	15	15	True	True	79
1lz1A	V110R	109	top_10_neighbor_indices	10	10	True	True	79
1lz1A	V110R	109	top_5_neighbor_indices	5	5	True	True	79
1lz1A	V110R	109	top_15_closest_neighbor_indices	15	15	True	True	0
1lz1A	V110R	109	top_10_closest_neighbor_indices	10	10	True	True	0
1lz1A	V110R	109	w_n_log_prob	15x21	15x21	True	True	5.675981
1lz1A	V110R	109	m_n_log_prob	15x21	15x21	True	True	5.6716137
1lz1A	V110R	109	neighbor_aa_identities	list[15]	list[15]	True	not_numeric	NA
1lz1A	V110R	109	neighbor_w_message_vector_coming_from_center	15x128	15x128	True	True	0.28233645
1lz1A	V110R	109	neighbor_m_message_vector_coming_from_center	15x128	15x128	True	True	0.32343118
1lz1A	V110R	109	neighbor_w_neighbor_embedding	15x128	15x128	True	True	1.6922276
1lz1A	V110R	109	neighbor_m_neighbor_embedding	15x128	15x128	True	True	1.7666539
1lz1A	V110F	109	log_prob	1x130x21	1x130x21	True	True	2.7565324
1lz1A	V110F	109	top_15_attention_weights	15	15	True	True	0.058573931
1lz1A	V110F	109	top_10_attention_weights	10	10	True	True	0.058573931
1lz1A	V110F	109	top_5_attention_weights	5	5	True	True	0.042647481
1lz1A	V110F	109	top_15_neighbor_indices	15	15	True	True	86
1lz1A	V110F	109	top_10_neighbor_indices	10	10	True	True	86
1lz1A	V110F	109	top_5_neighbor_indices	5	5	True	True	86
1lz1A	V110F	109	top_15_closest_neighbor_indices	15	15	True	True	0
1lz1A	V110F	109	top_10_closest_neighbor_indices	10	10	True	True	0
1lz1A	V110F	109	w_n_log_prob	15x21	15x21	True	True	4.8356981
1lz1A	V110F	109	m_n_log_prob	15x21	15x21	True	True	5.0473514
1lz1A	V110F	109	neighbor_aa_identities	list[15]	list[15]	True	not_numeric	NA
1lz1A	V110F	109	neighbor_w_message_vector_coming_from_center	15x128	15x128	True	True	0.37308434
1lz1A	V110F	109	neighbor_m_message_vector_coming_from_center	15x128	15x128	True	True	0.37805957
1lz1A	V110F	109	neighbor_w_neighbor_embedding	15x128	15x128	True	True	1.9157944
1lz1A	V110F	109	neighbor_m_neighbor_embedding	15x128	15x128	True	True	1.8709886
1lz1A	V110P	109	log_prob	1x130x21	1x130x21	True	True	2.8105636
1lz1A	V110P	109	top_15_attention_weights	15	15	True	True	0.16102356
1lz1A	V110P	109	top_10_attention_weights	10	10	True	True	0.16102356
1lz1A	V110P	109	top_5_attention_weights	5	5	True	True	0.16102356
1lz1A	V110P	109	top_15_neighbor_indices	15	15	True	True	86
1lz1A	V110P	109	top_10_neighbor_indices	10	10	True	True	86
1lz1A	V110P	109	top_5_neighbor_indices	5	5	True	True	86
1lz1A	V110P	109	top_15_closest_neighbor_indices	15	15	True	True	0
1lz1A	V110P	109	top_10_closest_neighbor_indices	10	10	True	True	0
1lz1A	V110P	109	w_n_log_prob	15x21	15x21	True	True	5.6950974
1lz1A	V110P	109	m_n_log_prob	15x21	15x21	True	True	5.8850837
1lz1A	V110P	109	neighbor_aa_identities	list[15]	list[15]	True	not_numeric	NA
1lz1A	V110P	109	neighbor_w_message_vector_coming_from_center	15x128	15x128	True	True	0.23477297
1lz1A	V110P	109	neighbor_m_message_vector_coming_from_center	15x128	15x128	True	True	0.35692167
1lz1A	V110P	109	neighbor_w_neighbor_embedding	15x128	15x128	True	True	1.8654537
1lz1A	V110P	109	neighbor_m_neighbor_embedding	15x128	15x128	True	True	1.8875259
1lz1A	V110Y	109	log_prob	1x130x21	1x130x21	True	True	2.3296413
1lz1A	V110Y	109	top_15_attention_weights	15	15	True	True	0.066186339
1lz1A	V110Y	109	top_10_attention_weights	10	10	True	True	0.059405327
1lz1A	V110Y	109	top_5_attention_weights	5	5	True	True	0.059405327
1lz1A	V110Y	109	top_15_neighbor_indices	15	15	True	True	50
1lz1A	V110Y	109	top_10_neighbor_indices	10	10	True	True	7
1lz1A	V110Y	109	top_5_neighbor_indices	5	5	True	True	7
1lz1A	V110Y	109	top_15_closest_neighbor_indices	15	15	True	True	0
1lz1A	V110Y	109	top_10_closest_neighbor_indices	10	10	True	True	0
1lz1A	V110Y	109	w_n_log_prob	15x21	15x21	True	True	5.6883965
1lz1A	V110Y	109	m_n_log_prob	15x21	15x21	True	True	5.6496673
1lz1A	V110Y	109	neighbor_aa_identities	list[15]	list[15]	True	not_numeric	NA
1lz1A	V110Y	109	neighbor_w_message_vector_coming_from_center	15x128	15x128	True	True	0.23965904
1lz1A	V110Y	109	neighbor_m_message_vector_coming_from_center	15x128	15x128	True	True	0.17537614
1lz1A	V110Y	109	neighbor_w_neighbor_embedding	15x128	15x128	True	True	2.0865939
1lz1A	V110Y	109	neighbor_m_neighbor_embedding	15x128	15x128	True	True	2.0746584
1lz1A	V121A	120	log_prob	1x130x21	1x130x21	True	True	3.1338153
1lz1A	V121A	120	top_15_attention_weights	15	15	True	True	0.16216326
1lz1A	V121A	120	top_10_attention_weights	10	10	True	True	0.16216326
1lz1A	V121A	120	top_5_attention_weights	5	5	True	True	0.16216326
1lz1A	V121A	120	top_15_neighbor_indices	15	15	True	True	114
1lz1A	V121A	120	top_10_neighbor_indices	10	10	True	True	114
1lz1A	V121A	120	top_5_neighbor_indices	5	5	True	True	8
1lz1A	V121A	120	top_15_closest_neighbor_indices	15	15	True	True	0
1lz1A	V121A	120	top_10_closest_neighbor_indices	10	10	True	True	0
1lz1A	V121A	120	w_n_log_prob	15x21	15x21	True	True	5.6383634
1lz1A	V121A	120	m_n_log_prob	15x21	15x21	True	True	5.6739573
1lz1A	V121A	120	neighbor_aa_identities	list[15]	list[15]	True	not_numeric	NA
1lz1A	V121A	120	neighbor_w_message_vector_coming_from_center	15x128	15x128	True	True	0.17499626
1lz1A	V121A	120	neighbor_m_message_vector_coming_from_center	15x128	15x128	True	True	0.18003924
1lz1A	V121A	120	neighbor_w_neighbor_embedding	15x128	15x128	True	True	1.5028415
1lz1A	V121A	120	neighbor_m_neighbor_embedding	15x128	15x128	True	True	1.4907534
1lz1A	Y124F	123	log_prob	1x130x21	1x130x21	True	True	3.0157037
1lz1A	Y124F	123	top_15_attention_weights	15	15	True	True	0.18178523
1lz1A	Y124F	123	top_10_attention_weights	10	10	True	True	0.18178523
1lz1A	Y124F	123	top_5_attention_weights	5	5	True	True	0.18178523
1lz1A	Y124F	123	top_15_neighbor_indices	15	15	True	True	123
1lz1A	Y124F	123	top_10_neighbor_indices	10	10	True	True	122
1lz1A	Y124F	123	top_5_neighbor_indices	5	5	True	True	5
1lz1A	Y124F	123	top_15_closest_neighbor_indices	15	15	True	True	0
1lz1A	Y124F	123	top_10_closest_neighbor_indices	10	10	True	True	0
1lz1A	Y124F	123	w_n_log_prob	15x21	15x21	True	True	5.8139181
1lz1A	Y124F	123	m_n_log_prob	15x21	15x21	True	True	5.7586169
1lz1A	Y124F	123	neighbor_aa_identities	list[15]	list[15]	True	not_numeric	NA
1lz1A	Y124F	123	neighbor_w_message_vector_coming_from_center	15x128	15x128	True	True	0.89979863
1lz1A	Y124F	123	neighbor_m_message_vector_coming_from_center	15x128	15x128	True	True	0.87024486
1lz1A	Y124F	123	neighbor_w_neighbor_embedding	15x128	15x128	True	True	1.9226675
1lz1A	Y124F	123	neighbor_m_neighbor_embedding	15x128	15x128	True	True	1.9670477
1lz1A	V125A	124	log_prob	1x130x21	1x130x21	True	True	2.1430228
1lz1A	V125A	124	top_15_attention_weights	15	15	True	True	0.067138255
1lz1A	V125A	124	top_10_attention_weights	10	10	True	True	0.067138255
1lz1A	V125A	124	top_5_attention_weights	5	5	True	True	0.067138255
1lz1A	V125A	124	top_15_neighbor_indices	15	15	True	True	122
1lz1A	V125A	124	top_10_neighbor_indices	10	10	True	True	122
1lz1A	V125A	124	top_5_neighbor_indices	5	5	True	True	122
1lz1A	V125A	124	top_15_closest_neighbor_indices	15	15	True	True	0
1lz1A	V125A	124	top_10_closest_neighbor_indices	10	10	True	True	0
1lz1A	V125A	124	w_n_log_prob	15x21	15x21	True	True	5.8780818
1lz1A	V125A	124	m_n_log_prob	15x21	15x21	True	True	5.609303
1lz1A	V125A	124	neighbor_aa_identities	list[15]	list[15]	True	not_numeric	NA
1lz1A	V125A	124	neighbor_w_message_vector_coming_from_center	15x128	15x128	True	True	0.26105222
1lz1A	V125A	124	neighbor_m_message_vector_coming_from_center	15x128	15x128	True	True	0.24874413
1lz1A	V125A	124	neighbor_w_neighbor_embedding	15x128	15x128	True	True	1.9524052
1lz1A	V125A	124	neighbor_m_neighbor_embedding	15x128	15x128	True	True	1.5747526
1lz1A	V130A	129	log_prob	1x130x21	1x130x21	True	True	3.348474
1lz1A	V130A	129	top_15_attention_weights	15	15	True	True	0.07256633
1lz1A	V130A	129	top_10_attention_weights	10	10	True	True	0.07256633
1lz1A	V130A	129	top_5_attention_weights	5	5	True	True	0.048708737
1lz1A	V130A	129	top_15_neighbor_indices	15	15	True	True	118
1lz1A	V130A	129	top_10_neighbor_indices	10	10	True	True	118
1lz1A	V130A	129	top_5_neighbor_indices	5	5	True	True	118
1lz1A	V130A	129	top_15_closest_neighbor_indices	15	15	True	True	0
1lz1A	V130A	129	top_10_closest_neighbor_indices	10	10	True	True	0
1lz1A	V130A	129	w_n_log_prob	15x21	15x21	True	True	5.4876723
1lz1A	V130A	129	m_n_log_prob	15x21	15x21	True	True	5.5498304
1lz1A	V130A	129	neighbor_aa_identities	list[15]	list[15]	True	not_numeric	NA
1lz1A	V130A	129	neighbor_w_message_vector_coming_from_center	15x128	15x128	True	True	0.22535634
1lz1A	V130A	129	neighbor_m_message_vector_coming_from_center	15x128	15x128	True	True	0.26303581
1lz1A	V130A	129	neighbor_w_neighbor_embedding	15x128	15x128	True	True	2.2530553
1lz1A	V130A	129	neighbor_m_neighbor_embedding	15x128	15x128	True	True	2.3074219
1oh0A	Y32F	29	log_prob	1x125x21	1x125x21	True	True	2.8864551
1oh0A	Y32F	29	top_15_attention_weights	15	15	True	True	0.062022507
1oh0A	Y32F	29	top_10_attention_weights	10	10	True	True	0.062022507
1oh0A	Y32F	29	top_5_attention_weights	5	5	True	True	0.062022507
1oh0A	Y32F	29	top_15_neighbor_indices	15	15	True	True	13
1oh0A	Y32F	29	top_10_neighbor_indices	10	10	True	True	3
1oh0A	Y32F	29	top_5_neighbor_indices	5	5	True	True	0
1oh0A	Y32F	29	top_15_closest_neighbor_indices	15	15	True	True	0
1oh0A	Y32F	29	top_10_closest_neighbor_indices	10	10	True	True	0
1oh0A	Y32F	29	w_n_log_prob	15x21	15x21	True	True	4.989419
1oh0A	Y32F	29	m_n_log_prob	15x21	15x21	True	True	4.5412807
1oh0A	Y32F	29	neighbor_aa_identities	list[15]	list[15]	True	not_numeric	NA
1oh0A	Y32F	29	neighbor_w_message_vector_coming_from_center	15x128	15x128	True	True	0.76742649
1oh0A	Y32F	29	neighbor_m_message_vector_coming_from_center	15x128	15x128	True	True	0.42188507
1oh0A	Y32F	29	neighbor_w_neighbor_embedding	15x128	15x128	True	True	2.3089519
1oh0A	Y32F	29	neighbor_m_neighbor_embedding	15x128	15x128	True	True	2.3352747
1oh0A	Y57F	54	log_prob	1x125x21	1x125x21	True	True	2.8141396
1oh0A	Y57F	54	top_15_attention_weights	15	15	True	True	0.52866077
1oh0A	Y57F	54	top_10_attention_weights	10	10	True	True	0.52866077
1oh0A	Y57F	54	top_5_attention_weights	5	5	True	True	0.52866077
1oh0A	Y57F	54	top_15_neighbor_indices	15	15	True	True	100
1oh0A	Y57F	54	top_10_neighbor_indices	10	10	True	True	44
1oh0A	Y57F	54	top_5_neighbor_indices	5	5	True	True	44
1oh0A	Y57F	54	top_15_closest_neighbor_indices	15	15	True	True	0
1oh0A	Y57F	54	top_10_closest_neighbor_indices	10	10	True	True	0
1oh0A	Y57F	54	w_n_log_prob	15x21	15x21	True	True	5.1272845
1oh0A	Y57F	54	m_n_log_prob	15x21	15x21	True	True	5.3587084
1oh0A	Y57F	54	neighbor_aa_identities	list[15]	list[15]	True	not_numeric	NA
1oh0A	Y57F	54	neighbor_w_message_vector_coming_from_center	15x128	15x128	True	True	0.51265019
1oh0A	Y57F	54	neighbor_m_message_vector_coming_from_center	15x128	15x128	True	True	0.38590598
1oh0A	Y57F	54	neighbor_w_neighbor_embedding	15x128	15x128	True	True	2.6237559
1oh0A	Y57F	54	neighbor_m_neighbor_embedding	15x128	15x128	True	True	2.7735987
1rn1C	Q25K	24	log_prob	1x104x21	1x104x21	True	True	4.3717422
1rn1C	Q25K	24	top_15_attention_weights	15	15	True	True	0.14036489
1rn1C	Q25K	24	top_10_attention_weights	10	10	True	True	0.14036489
1rn1C	Q25K	24	top_5_attention_weights	5	5	True	True	0.14036489
1rn1C	Q25K	24	top_15_neighbor_indices	15	15	True	True	62
1rn1C	Q25K	24	top_10_neighbor_indices	10	10	True	True	44
1rn1C	Q25K	24	top_5_neighbor_indices	5	5	True	True	14
1rn1C	Q25K	24	top_15_closest_neighbor_indices	15	15	True	True	0
1rn1C	Q25K	24	top_10_closest_neighbor_indices	10	10	True	True	0
1rn1C	Q25K	24	w_n_log_prob	15x21	15x21	True	True	4.6301074
1rn1C	Q25K	24	m_n_log_prob	15x21	15x21	True	True	4.8415179
1rn1C	Q25K	24	neighbor_aa_identities	list[15]	list[15]	True	not_numeric	NA
1rn1C	Q25K	24	neighbor_w_message_vector_coming_from_center	15x128	15x128	True	True	0.24945723
1rn1C	Q25K	24	neighbor_m_message_vector_coming_from_center	15x128	15x128	True	True	0.34220539
1rn1C	Q25K	24	neighbor_w_neighbor_embedding	15x128	15x128	True	True	1.9143443
1rn1C	Q25K	24	neighbor_m_neighbor_embedding	15x128	15x128	True	True	1.9502389
1vqbA	V35I	34	log_prob	1x86x21	1x86x21	True	True	3.4408851
1vqbA	V35I	34	top_15_attention_weights	15	15	True	True	0.080316067
1vqbA	V35I	34	top_10_attention_weights	10	10	True	True	0.045638025
1vqbA	V35I	34	top_5_attention_weights	5	5	True	True	0.023020804
1vqbA	V35I	34	top_15_neighbor_indices	15	15	True	True	59
1vqbA	V35I	34	top_10_neighbor_indices	10	10	True	True	59
1vqbA	V35I	34	top_5_neighbor_indices	5	5	True	True	47
1vqbA	V35I	34	top_15_closest_neighbor_indices	15	15	True	True	0
1vqbA	V35I	34	top_10_closest_neighbor_indices	10	10	True	True	0
1vqbA	V35I	34	w_n_log_prob	15x21	15x21	True	True	5.3812108
1vqbA	V35I	34	m_n_log_prob	15x21	15x21	True	True	5.305212
1vqbA	V35I	34	neighbor_aa_identities	list[15]	list[15]	True	not_numeric	NA
1vqbA	V35I	34	neighbor_w_message_vector_coming_from_center	15x128	15x128	True	True	0.52958971
1vqbA	V35I	34	neighbor_m_message_vector_coming_from_center	15x128	15x128	True	True	0.49638122
1vqbA	V35I	34	neighbor_w_neighbor_embedding	15x128	15x128	True	True	2.2213023
1vqbA	V35I	34	neighbor_m_neighbor_embedding	15x128	15x128	True	True	2.1601985
1vqbA	Y41F	40	log_prob	1x86x21	1x86x21	True	True	3.5208039
1vqbA	Y41F	40	top_15_attention_weights	15	15	True	True	0.060426295
1vqbA	Y41F	40	top_10_attention_weights	10	10	True	True	0.060426295
1vqbA	Y41F	40	top_5_attention_weights	5	5	True	True	0.060426295
1vqbA	Y41F	40	top_15_neighbor_indices	15	15	True	True	50
1vqbA	Y41F	40	top_10_neighbor_indices	10	10	True	True	34
1vqbA	Y41F	40	top_5_neighbor_indices	5	5	True	True	31
1vqbA	Y41F	40	top_15_closest_neighbor_indices	15	15	True	True	0
1vqbA	Y41F	40	top_10_closest_neighbor_indices	10	10	True	True	0
1vqbA	Y41F	40	w_n_log_prob	15x21	15x21	True	True	4.7987928
1vqbA	Y41F	40	m_n_log_prob	15x21	15x21	True	True	4.7424216
1vqbA	Y41F	40	neighbor_aa_identities	list[15]	list[15]	True	not_numeric	NA
1vqbA	Y41F	40	neighbor_w_message_vector_coming_from_center	15x128	15x128	True	True	0.30301323
1vqbA	Y41F	40	neighbor_m_message_vector_coming_from_center	15x128	15x128	True	True	0.27213718
1vqbA	Y41F	40	neighbor_w_neighbor_embedding	15x128	15x128	True	True	2.3592529
1vqbA	Y41F	40	neighbor_m_neighbor_embedding	15x128	15x128	True	True	2.3625607
1vqbA	I47L	46	log_prob	1x86x21	1x86x21	True	True	2.823293
1vqbA	I47L	46	top_15_attention_weights	15	15	True	True	0.054310262
1vqbA	I47L	46	top_10_attention_weights	10	10	True	True	0.054310262
1vqbA	I47L	46	top_5_attention_weights	5	5	True	True	0.054310262
1vqbA	I47L	46	top_15_neighbor_indices	15	15	True	True	29
1vqbA	I47L	46	top_10_neighbor_indices	10	10	True	True	27
1vqbA	I47L	46	top_5_neighbor_indices	5	5	True	True	27
1vqbA	I47L	46	top_15_closest_neighbor_indices	15	15	True	True	0
1vqbA	I47L	46	top_10_closest_neighbor_indices	10	10	True	True	0
1vqbA	I47L	46	w_n_log_prob	15x21	15x21	True	True	5.0009398
1vqbA	I47L	46	m_n_log_prob	15x21	15x21	True	True	5.2503862
1vqbA	I47L	46	neighbor_aa_identities	list[15]	list[15]	True	not_numeric	NA
1vqbA	I47L	46	neighbor_w_message_vector_coming_from_center	15x128	15x128	True	True	0.14849664
1vqbA	I47L	46	neighbor_m_message_vector_coming_from_center	15x128	15x128	True	True	0.1321163
1vqbA	I47L	46	neighbor_w_neighbor_embedding	15x128	15x128	True	True	1.2300003
1vqbA	I47L	46	neighbor_m_neighbor_embedding	15x128	15x128	True	True	1.1843433
1vqbA	I47M	46	log_prob	1x86x21	1x86x21	True	True	3.3432481
1vqbA	I47M	46	top_15_attention_weights	15	15	True	True	0.075198293
1vqbA	I47M	46	top_10_attention_weights	10	10	True	True	0.075198293
1vqbA	I47M	46	top_5_attention_weights	5	5	True	True	0.031533897
1vqbA	I47M	46	top_15_neighbor_indices	15	15	True	True	13
1vqbA	I47M	46	top_10_neighbor_indices	10	10	True	True	4
1vqbA	I47M	46	top_5_neighbor_indices	5	5	True	True	0
1vqbA	I47M	46	top_15_closest_neighbor_indices	15	15	True	True	0
1vqbA	I47M	46	top_10_closest_neighbor_indices	10	10	True	True	0
1vqbA	I47M	46	w_n_log_prob	15x21	15x21	True	True	4.4309592
1vqbA	I47M	46	m_n_log_prob	15x21	15x21	True	True	4.3648047
1vqbA	I47M	46	neighbor_aa_identities	list[15]	list[15]	True	not_numeric	NA
1vqbA	I47M	46	neighbor_w_message_vector_coming_from_center	15x128	15x128	True	True	0.37665886
1vqbA	I47M	46	neighbor_m_message_vector_coming_from_center	15x128	15x128	True	True	0.25340649
1vqbA	I47M	46	neighbor_w_neighbor_embedding	15x128	15x128	True	True	1.6436093
1vqbA	I47M	46	neighbor_m_neighbor_embedding	15x128	15x128	True	True	1.5960482
1vqbA	I47V	46	log_prob	1x86x21	1x86x21	True	True	3.3681068
1vqbA	I47V	46	top_15_attention_weights	15	15	True	True	0.072771817
1vqbA	I47V	46	top_10_attention_weights	10	10	True	True	0.072771817
1vqbA	I47V	46	top_5_attention_weights	5	5	True	True	0.033146858
1vqbA	I47V	46	top_15_neighbor_indices	15	15	True	True	52
1vqbA	I47V	46	top_10_neighbor_indices	10	10	True	True	52
1vqbA	I47V	46	top_5_neighbor_indices	5	5	True	True	0
1vqbA	I47V	46	top_15_closest_neighbor_indices	15	15	True	True	0
1vqbA	I47V	46	top_10_closest_neighbor_indices	10	10	True	True	0
1vqbA	I47V	46	w_n_log_prob	15x21	15x21	True	True	5.2158022
1vqbA	I47V	46	m_n_log_prob	15x21	15x21	True	True	5.0997481
1vqbA	I47V	46	neighbor_aa_identities	list[15]	list[15]	True	not_numeric	NA
1vqbA	I47V	46	neighbor_w_message_vector_coming_from_center	15x128	15x128	True	True	0.38417953
1vqbA	I47V	46	neighbor_m_message_vector_coming_from_center	15x128	15x128	True	True	0.35795397
1vqbA	I47V	46	neighbor_w_neighbor_embedding	15x128	15x128	True	True	2.0222626
1vqbA	I47V	46	neighbor_m_neighbor_embedding	15x128	15x128	True	True	1.9535191
2lzmA	I3L	2	log_prob	1x164x21	1x164x21	True	True	3.0524359
2lzmA	I3L	2	top_15_attention_weights	15	15	True	True	0.57275343
2lzmA	I3L	2	top_10_attention_weights	10	10	True	True	0.57275343
2lzmA	I3L	2	top_5_attention_weights	5	5	True	True	0.57275343
2lzmA	I3L	2	top_15_neighbor_indices	15	15	True	True	95
2lzmA	I3L	2	top_10_neighbor_indices	10	10	True	True	95
2lzmA	I3L	2	top_5_neighbor_indices	5	5	True	True	95
2lzmA	I3L	2	top_15_closest_neighbor_indices	15	15	True	True	0
2lzmA	I3L	2	top_10_closest_neighbor_indices	10	10	True	True	0
2lzmA	I3L	2	w_n_log_prob	15x21	15x21	True	True	5.1546345
2lzmA	I3L	2	m_n_log_prob	15x21	15x21	True	True	5.2033339
2lzmA	I3L	2	neighbor_aa_identities	list[15]	list[15]	True	not_numeric	NA
2lzmA	I3L	2	neighbor_w_message_vector_coming_from_center	15x128	15x128	True	True	0.38799524
2lzmA	I3L	2	neighbor_m_message_vector_coming_from_center	15x128	15x128	True	True	0.40998501
2lzmA	I3L	2	neighbor_w_neighbor_embedding	15x128	15x128	True	True	2.3183768
2lzmA	I3L	2	neighbor_m_neighbor_embedding	15x128	15x128	True	True	2.2617598
2lzmA	I3C	2	log_prob	1x164x21	1x164x21	True	True	2.5367782
2lzmA	I3C	2	top_15_attention_weights	15	15	True	True	0.083910763
2lzmA	I3C	2	top_10_attention_weights	10	10	True	True	0.072515786
2lzmA	I3C	2	top_5_attention_weights	5	5	True	True	0.072515786
2lzmA	I3C	2	top_15_neighbor_indices	15	15	True	True	157
2lzmA	I3C	2	top_10_neighbor_indices	10	10	True	True	96
2lzmA	I3C	2	top_5_neighbor_indices	5	5	True	True	96
2lzmA	I3C	2	top_15_closest_neighbor_indices	15	15	True	True	0
2lzmA	I3C	2	top_10_closest_neighbor_indices	10	10	True	True	0
2lzmA	I3C	2	w_n_log_prob	15x21	15x21	True	True	5.5672059
2lzmA	I3C	2	m_n_log_prob	15x21	15x21	True	True	5.510581
2lzmA	I3C	2	neighbor_aa_identities	list[15]	list[15]	True	not_numeric	NA
2lzmA	I3C	2	neighbor_w_message_vector_coming_from_center	15x128	15x128	True	True	0.43981037
2lzmA	I3C	2	neighbor_m_message_vector_coming_from_center	15x128	15x128	True	True	0.32870626
2lzmA	I3C	2	neighbor_w_neighbor_embedding	15x128	15x128	True	True	2.3223033
2lzmA	I3C	2	neighbor_m_neighbor_embedding	15x128	15x128	True	True	2.33623
2lzmA	I3P	2	log_prob	1x164x21	1x164x21	True	True	3.5748496
2lzmA	I3P	2	top_15_attention_weights	15	15	True	True	0.32325101
2lzmA	I3P	2	top_10_attention_weights	10	10	True	True	0.32325101
2lzmA	I3P	2	top_5_attention_weights	5	5	True	True	0.32325101
2lzmA	I3P	2	top_15_neighbor_indices	15	15	True	True	96
2lzmA	I3P	2	top_10_neighbor_indices	10	10	True	True	96
2lzmA	I3P	2	top_5_neighbor_indices	5	5	True	True	96
2lzmA	I3P	2	top_15_closest_neighbor_indices	15	15	True	True	0
2lzmA	I3P	2	top_10_closest_neighbor_indices	10	10	True	True	0
2lzmA	I3P	2	w_n_log_prob	15x21	15x21	True	True	5.5802784
2lzmA	I3P	2	m_n_log_prob	15x21	15x21	True	True	5.5116062
2lzmA	I3P	2	neighbor_aa_identities	list[15]	list[15]	True	not_numeric	NA
2lzmA	I3P	2	neighbor_w_message_vector_coming_from_center	15x128	15x128	True	True	0.41590682
2lzmA	I3P	2	neighbor_m_message_vector_coming_from_center	15x128	15x128	True	True	0.45634651
2lzmA	I3P	2	neighbor_w_neighbor_embedding	15x128	15x128	True	True	2.2389116
2lzmA	I3P	2	neighbor_m_neighbor_embedding	15x128	15x128	True	True	2.2509723
2lzmA	I3Y	2	log_prob	1x164x21	1x164x21	True	True	3.033293
2lzmA	I3Y	2	top_15_attention_weights	15	15	True	True	0.51865911
2lzmA	I3Y	2	top_10_attention_weights	10	10	True	True	0.51865911
2lzmA	I3Y	2	top_5_attention_weights	5	5	True	True	0.51865911
2lzmA	I3Y	2	top_15_neighbor_indices	15	15	True	True	101
2lzmA	I3Y	2	top_10_neighbor_indices	10	10	True	True	68
2lzmA	I3Y	2	top_5_neighbor_indices	5	5	True	True	67
2lzmA	I3Y	2	top_15_closest_neighbor_indices	15	15	True	True	0
2lzmA	I3Y	2	top_10_closest_neighbor_indices	10	10	True	True	0
2lzmA	I3Y	2	w_n_log_prob	15x21	15x21	True	True	5.2503881
2lzmA	I3Y	2	m_n_log_prob	15x21	15x21	True	True	4.865284
2lzmA	I3Y	2	neighbor_aa_identities	list[15]	list[15]	True	not_numeric	NA
2lzmA	I3Y	2	neighbor_w_message_vector_coming_from_center	15x128	15x128	True	True	0.51767433
2lzmA	I3Y	2	neighbor_m_message_vector_coming_from_center	15x128	15x128	True	True	0.54354477
2lzmA	I3Y	2	neighbor_w_neighbor_embedding	15x128	15x128	True	True	2.640702
2lzmA	I3Y	2	neighbor_m_neighbor_embedding	15x128	15x128	True	True	2.6241331
2lzmA	I3V	2	log_prob	1x164x21	1x164x21	True	True	3.0114319
2lzmA	I3V	2	top_15_attention_weights	15	15	True	True	0.60168755
2lzmA	I3V	2	top_10_attention_weights	10	10	True	True	0.60168755
2lzmA	I3V	2	top_5_attention_weights	5	5	True	True	0.60168755
2lzmA	I3V	2	top_15_neighbor_indices	15	15	True	True	67
2lzmA	I3V	2	top_10_neighbor_indices	10	10	True	True	67
2lzmA	I3V	2	top_5_neighbor_indices	5	5	True	True	67
2lzmA	I3V	2	top_15_closest_neighbor_indices	15	15	True	True	0
2lzmA	I3V	2	top_10_closest_neighbor_indices	10	10	True	True	0
2lzmA	I3V	2	w_n_log_prob	15x21	15x21	True	True	5.1619048
2lzmA	I3V	2	m_n_log_prob	15x21	15x21	True	True	5.2539706
2lzmA	I3V	2	neighbor_aa_identities	list[15]	list[15]	True	not_numeric	NA
2lzmA	I3V	2	neighbor_w_message_vector_coming_from_center	15x128	15x128	True	True	0.39684564
2lzmA	I3V	2	neighbor_m_message_vector_coming_from_center	15x128	15x128	True	True	0.39049599
2lzmA	I3V	2	neighbor_w_neighbor_embedding	15x128	15x128	True	True	2.3432169
2lzmA	I3V	2	neighbor_m_neighbor_embedding	15x128	15x128	True	True	2.3830657
2lzmA	M6I	5	log_prob	1x164x21	1x164x21	True	True	3.0207267
2lzmA	M6I	5	top_15_attention_weights	15	15	True	True	0.4871608
2lzmA	M6I	5	top_10_attention_weights	10	10	True	True	0.4871608
2lzmA	M6I	5	top_5_attention_weights	5	5	True	True	0.4871608
2lzmA	M6I	5	top_15_neighbor_indices	15	15	True	True	155
2lzmA	M6I	5	top_10_neighbor_indices	10	10	True	True	155
2lzmA	M6I	5	top_5_neighbor_indices	5	5	True	True	60
2lzmA	M6I	5	top_15_closest_neighbor_indices	15	15	True	True	0
2lzmA	M6I	5	top_10_closest_neighbor_indices	10	10	True	True	0
2lzmA	M6I	5	w_n_log_prob	15x21	15x21	True	True	5.5193973
2lzmA	M6I	5	m_n_log_prob	15x21	15x21	True	True	5.3999004
2lzmA	M6I	5	neighbor_aa_identities	list[15]	list[15]	True	not_numeric	NA
2lzmA	M6I	5	neighbor_w_message_vector_coming_from_center	15x128	15x128	True	True	0.2686761
2lzmA	M6I	5	neighbor_m_message_vector_coming_from_center	15x128	15x128	True	True	0.31624717
2lzmA	M6I	5	neighbor_w_neighbor_embedding	15x128	15x128	True	True	2.7379043
2lzmA	M6I	5	neighbor_m_neighbor_embedding	15x128	15x128	True	True	2.7641129
2lzmA	K16E	15	log_prob	1x164x21	1x164x21	True	True	2.4395657
2lzmA	K16E	15	top_15_attention_weights	15	15	True	True	0.07150647
2lzmA	K16E	15	top_10_attention_weights	10	10	True	True	0.07150647
2lzmA	K16E	15	top_5_attention_weights	5	5	True	True	0.036178589
2lzmA	K16E	15	top_15_neighbor_indices	15	15	True	True	42
2lzmA	K16E	15	top_10_neighbor_indices	10	10	True	True	42
2lzmA	K16E	15	top_5_neighbor_indices	5	5	True	True	42
2lzmA	K16E	15	top_15_closest_neighbor_indices	15	15	True	True	0
2lzmA	K16E	15	top_10_closest_neighbor_indices	10	10	True	True	0
2lzmA	K16E	15	w_n_log_prob	15x21	15x21	True	True	5.6556029
2lzmA	K16E	15	m_n_log_prob	15x21	15x21	True	True	5.7928309
2lzmA	K16E	15	neighbor_aa_identities	list[15]	list[15]	True	not_numeric	NA
2lzmA	K16E	15	neighbor_w_message_vector_coming_from_center	15x128	15x128	True	True	0.47107798
2lzmA	K16E	15	neighbor_m_message_vector_coming_from_center	15x128	15x128	True	True	0.38910124
2lzmA	K16E	15	neighbor_w_neighbor_embedding	15x128	15x128	True	True	1.895354
2lzmA	K16E	15	neighbor_m_neighbor_embedding	15x128	15x128	True	True	1.8574979
2lzmA	S38D	37	log_prob	1x164x21	1x164x21	True	True	4.5140162
2lzmA	S38D	37	top_15_attention_weights	15	15	True	True	0.13165477
2lzmA	S38D	37	top_10_attention_weights	10	10	True	True	0.13165477
2lzmA	S38D	37	top_5_attention_weights	5	5	True	True	0.056464672
2lzmA	S38D	37	top_15_neighbor_indices	15	15	True	True	21
2lzmA	S38D	37	top_10_neighbor_indices	10	10	True	True	9
2lzmA	S38D	37	top_5_neighbor_indices	5	5	True	True	0
2lzmA	S38D	37	top_15_closest_neighbor_indices	15	15	True	True	0
2lzmA	S38D	37	top_10_closest_neighbor_indices	10	10	True	True	0
2lzmA	S38D	37	w_n_log_prob	15x21	15x21	True	True	7.7687054
2lzmA	S38D	37	m_n_log_prob	15x21	15x21	True	True	7.6580529
2lzmA	S38D	37	neighbor_aa_identities	list[15]	list[15]	True	not_numeric	NA
2lzmA	S38D	37	neighbor_w_message_vector_coming_from_center	15x128	15x128	True	True	0.076436517
2lzmA	S38D	37	neighbor_m_message_vector_coming_from_center	15x128	15x128	True	True	0.055996932
2lzmA	S38D	37	neighbor_w_neighbor_embedding	15x128	15x128	True	True	1.8583474
2lzmA	S38D	37	neighbor_m_neighbor_embedding	15x128	15x128	True	True	1.9244568
2lzmA	N55G	54	log_prob	1x164x21	1x164x21	True	True	3.344811
2lzmA	N55G	54	top_15_attention_weights	15	15	True	True	0.27617419
2lzmA	N55G	54	top_10_attention_weights	10	10	True	True	0.27617419
2lzmA	N55G	54	top_5_attention_weights	5	5	True	True	0.27617419
2lzmA	N55G	54	top_15_neighbor_indices	15	15	True	True	28
2lzmA	N55G	54	top_10_neighbor_indices	10	10	True	True	12
2lzmA	N55G	54	top_5_neighbor_indices	5	5	True	True	0
2lzmA	N55G	54	top_15_closest_neighbor_indices	15	15	True	True	0
2lzmA	N55G	54	top_10_closest_neighbor_indices	10	10	True	True	0
2lzmA	N55G	54	w_n_log_prob	15x21	15x21	True	True	5.6841927
2lzmA	N55G	54	m_n_log_prob	15x21	15x21	True	True	5.6966009
2lzmA	N55G	54	neighbor_aa_identities	list[15]	list[15]	True	not_numeric	NA
2lzmA	N55G	54	neighbor_w_message_vector_coming_from_center	15x128	15x128	True	True	0.62096983
2lzmA	N55G	54	neighbor_m_message_vector_coming_from_center	15x128	15x128	True	True	0.66201031
2lzmA	N55G	54	neighbor_w_neighbor_embedding	15x128	15x128	True	True	1.7820607
2lzmA	N55G	54	neighbor_m_neighbor_embedding	15x128	15x128	True	True	1.7398065
2lzmA	K60P	59	log_prob	1x164x21	1x164x21	True	True	3.51689
2lzmA	K60P	59	top_15_attention_weights	15	15	True	True	0.29594249
2lzmA	K60P	59	top_10_attention_weights	10	10	True	True	0.29594249
2lzmA	K60P	59	top_5_attention_weights	5	5	True	True	0.29594249
2lzmA	K60P	59	top_15_neighbor_indices	15	15	True	True	53
2lzmA	K60P	59	top_10_neighbor_indices	10	10	True	True	53
2lzmA	K60P	59	top_5_neighbor_indices	5	5	True	True	53
2lzmA	K60P	59	top_15_closest_neighbor_indices	15	15	True	True	0
2lzmA	K60P	59	top_10_closest_neighbor_indices	10	10	True	True	0
2lzmA	K60P	59	w_n_log_prob	15x21	15x21	True	True	5.8703547
2lzmA	K60P	59	m_n_log_prob	15x21	15x21	True	True	5.8034134
2lzmA	K60P	59	neighbor_aa_identities	list[15]	list[15]	True	not_numeric	NA
2lzmA	K60P	59	neighbor_w_message_vector_coming_from_center	15x128	15x128	True	True	0.50801717
2lzmA	K60P	59	neighbor_m_message_vector_coming_from_center	15x128	15x128	True	True	0.53078973
2lzmA	K60P	59	neighbor_w_neighbor_embedding	15x128	15x128	True	True	2.2186418
2lzmA	K60P	59	neighbor_m_neighbor_embedding	15x128	15x128	True	True	2.2102811
2lzmA	G77A	76	log_prob	1x164x21	1x164x21	True	True	3.0268414
2lzmA	G77A	76	top_15_attention_weights	15	15	True	True	0.089855731
2lzmA	G77A	76	top_10_attention_weights	10	10	True	True	0.089855731
2lzmA	G77A	76	top_5_attention_weights	5	5	True	True	0.089855731
2lzmA	G77A	76	top_15_neighbor_indices	15	15	True	True	43
2lzmA	G77A	76	top_10_neighbor_indices	10	10	True	True	43
2lzmA	G77A	76	top_5_neighbor_indices	5	5	True	True	34
2lzmA	G77A	76	top_15_closest_neighbor_indices	15	15	True	True	0
2lzmA	G77A	76	top_10_closest_neighbor_indices	10	10	True	True	0
2lzmA	G77A	76	w_n_log_prob	15x21	15x21	True	True	5.9237018
2lzmA	G77A	76	m_n_log_prob	15x21	15x21	True	True	6.0137978
2lzmA	G77A	76	neighbor_aa_identities	list[15]	list[15]	True	not_numeric	NA
2lzmA	G77A	76	neighbor_w_message_vector_coming_from_center	15x128	15x128	True	True	0.28198605
2lzmA	G77A	76	neighbor_m_message_vector_coming_from_center	15x128	15x128	True	True	0.27343018
2lzmA	G77A	76	neighbor_w_neighbor_embedding	15x128	15x128	True	True	2.029784
2lzmA	G77A	76	neighbor_m_neighbor_embedding	15x128	15x128	True	True	2.0747366
2lzmA	A82P	81	log_prob	1x164x21	1x164x21	True	True	2.858988
2lzmA	A82P	81	top_15_attention_weights	15	15	True	True	0.086468607
2lzmA	A82P	81	top_10_attention_weights	10	10	True	True	0.086468607
2lzmA	A82P	81	top_5_attention_weights	5	5	True	True	0.038421631
2lzmA	A82P	81	top_15_neighbor_indices	15	15	True	True	33
2lzmA	A82P	81	top_10_neighbor_indices	10	10	True	True	6
2lzmA	A82P	81	top_5_neighbor_indices	5	5	True	True	6
2lzmA	A82P	81	top_15_closest_neighbor_indices	15	15	True	True	0
2lzmA	A82P	81	top_10_closest_neighbor_indices	10	10	True	True	0
2lzmA	A82P	81	w_n_log_prob	15x21	15x21	True	True	5.5636969
2lzmA	A82P	81	m_n_log_prob	15x21	15x21	True	True	5.4972658
2lzmA	A82P	81	neighbor_aa_identities	list[15]	list[15]	True	not_numeric	NA
2lzmA	A82P	81	neighbor_w_message_vector_coming_from_center	15x128	15x128	True	True	0.59998426
2lzmA	A82P	81	neighbor_m_message_vector_coming_from_center	15x128	15x128	True	True	0.62632924
2lzmA	A82P	81	neighbor_w_neighbor_embedding	15x128	15x128	True	True	1.6453463
2lzmA	A82P	81	neighbor_m_neighbor_embedding	15x128	15x128	True	True	1.6313517
2lzmA	K85A	84	log_prob	1x164x21	1x164x21	True	True	3.6966789
2lzmA	K85A	84	top_15_attention_weights	15	15	True	True	0.043946862
2lzmA	K85A	84	top_10_attention_weights	10	10	True	True	0.016761124
2lzmA	K85A	84	top_5_attention_weights	5	5	True	True	0.014037132
2lzmA	K85A	84	top_15_neighbor_indices	15	15	True	True	45
2lzmA	K85A	84	top_10_neighbor_indices	10	10	True	True	45
2lzmA	K85A	84	top_5_neighbor_indices	5	5	True	True	0
2lzmA	K85A	84	top_15_closest_neighbor_indices	15	15	True	True	0
2lzmA	K85A	84	top_10_closest_neighbor_indices	10	10	True	True	0
2lzmA	K85A	84	w_n_log_prob	15x21	15x21	True	True	5.4112234
2lzmA	K85A	84	m_n_log_prob	15x21	15x21	True	True	5.366127
2lzmA	K85A	84	neighbor_aa_identities	list[15]	list[15]	True	not_numeric	NA
2lzmA	K85A	84	neighbor_w_message_vector_coming_from_center	15x128	15x128	True	True	0.14196137
2lzmA	K85A	84	neighbor_m_message_vector_coming_from_center	15x128	15x128	True	True	0.12188437
2lzmA	K85A	84	neighbor_w_neighbor_embedding	15x128	15x128	True	True	2.5228248
2lzmA	K85A	84	neighbor_m_neighbor_embedding	15x128	15x128	True	True	2.5306811
2lzmA	D89A	88	log_prob	1x164x21	1x164x21	True	True	3.3216558
2lzmA	D89A	88	top_15_attention_weights	15	15	True	True	0.037503019
2lzmA	D89A	88	top_10_attention_weights	10	10	True	True	0.033748195
2lzmA	D89A	88	top_5_attention_weights	5	5	True	True	0.019334078
2lzmA	D89A	88	top_15_neighbor_indices	15	15	True	True	51
2lzmA	D89A	88	top_10_neighbor_indices	10	10	True	True	21
2lzmA	D89A	88	top_5_neighbor_indices	5	5	True	True	0
2lzmA	D89A	88	top_15_closest_neighbor_indices	15	15	True	True	0
2lzmA	D89A	88	top_10_closest_neighbor_indices	10	10	True	True	0
2lzmA	D89A	88	w_n_log_prob	15x21	15x21	True	True	4.859611
2lzmA	D89A	88	m_n_log_prob	15x21	15x21	True	True	4.8921704
2lzmA	D89A	88	neighbor_aa_identities	list[15]	list[15]	True	not_numeric	NA
2lzmA	D89A	88	neighbor_w_message_vector_coming_from_center	15x128	15x128	True	True	0.25217294
2lzmA	D89A	88	neighbor_m_message_vector_coming_from_center	15x128	15x128	True	True	0.091951665
2lzmA	D89A	88	neighbor_w_neighbor_embedding	15x128	15x128	True	True	2.3567693
2lzmA	D89A	88	neighbor_m_neighbor_embedding	15x128	15x128	True	True	2.3229413
2lzmA	R96A	95	log_prob	1x164x21	1x164x21	True	True	3.5257921
2lzmA	R96A	95	top_15_attention_weights	15	15	True	True	0.12042284
2lzmA	R96A	95	top_10_attention_weights	10	10	True	True	0.12042284
2lzmA	R96A	95	top_5_attention_weights	5	5	True	True	0.12042284
2lzmA	R96A	95	top_15_neighbor_indices	15	15	True	True	120
2lzmA	R96A	95	top_10_neighbor_indices	10	10	True	True	0
2lzmA	R96A	95	top_5_neighbor_indices	5	5	True	True	0
2lzmA	R96A	95	top_15_closest_neighbor_indices	15	15	True	True	0
2lzmA	R96A	95	top_10_closest_neighbor_indices	10	10	True	True	0
2lzmA	R96A	95	w_n_log_prob	15x21	15x21	True	True	4.6292529
2lzmA	R96A	95	m_n_log_prob	15x21	15x21	True	True	4.4412012
2lzmA	R96A	95	neighbor_aa_identities	list[15]	list[15]	True	not_numeric	NA
2lzmA	R96A	95	neighbor_w_message_vector_coming_from_center	15x128	15x128	True	True	0.041292481
2lzmA	R96A	95	neighbor_m_message_vector_coming_from_center	15x128	15x128	True	True	0.080373198
2lzmA	R96A	95	neighbor_w_neighbor_embedding	15x128	15x128	True	True	2.5778778
2lzmA	R96A	95	neighbor_m_neighbor_embedding	15x128	15x128	True	True	2.5618966
2lzmA	R96D	95	log_prob	1x164x21	1x164x21	True	True	3.525631
2lzmA	R96D	95	top_15_attention_weights	15	15	True	True	0.052055478
2lzmA	R96D	95	top_10_attention_weights	10	10	True	True	0.052055478
2lzmA	R96D	95	top_5_attention_weights	5	5	True	True	0.052055478
2lzmA	R96D	95	top_15_neighbor_indices	15	15	True	True	150
2lzmA	R96D	95	top_10_neighbor_indices	10	10	True	True	0
2lzmA	R96D	95	top_5_neighbor_indices	5	5	True	True	0
2lzmA	R96D	95	top_15_closest_neighbor_indices	15	15	True	True	0
2lzmA	R96D	95	top_10_closest_neighbor_indices	10	10	True	True	0
2lzmA	R96D	95	w_n_log_prob	15x21	15x21	True	True	3.2620893
2lzmA	R96D	95	m_n_log_prob	15x21	15x21	True	True	3.1498213
2lzmA	R96D	95	neighbor_aa_identities	list[15]	list[15]	True	not_numeric	NA
2lzmA	R96D	95	neighbor_w_message_vector_coming_from_center	15x128	15x128	True	True	0.069959961
2lzmA	R96D	95	neighbor_m_message_vector_coming_from_center	15x128	15x128	True	True	0.18809061
2lzmA	R96D	95	neighbor_w_neighbor_embedding	15x128	15x128	True	True	2.7791557
2lzmA	R96D	95	neighbor_m_neighbor_embedding	15x128	15x128	True	True	2.6682875
2lzmA	R96M	95	log_prob	1x164x21	1x164x21	True	True	2.6460898
2lzmA	R96M	95	top_15_attention_weights	15	15	True	True	0.05469203
2lzmA	R96M	95	top_10_attention_weights	10	10	True	True	0.05469203
2lzmA	R96M	95	top_5_attention_weights	5	5	True	True	0.05469203
2lzmA	R96M	95	top_15_neighbor_indices	15	15	True	True	98
2lzmA	R96M	95	top_10_neighbor_indices	10	10	True	True	2
2lzmA	R96M	95	top_5_neighbor_indices	5	5	True	True	2
2lzmA	R96M	95	top_15_closest_neighbor_indices	15	15	True	True	0
2lzmA	R96M	95	top_10_closest_neighbor_indices	10	10	True	True	0
2lzmA	R96M	95	w_n_log_prob	15x21	15x21	True	True	4.8694973
2lzmA	R96M	95	m_n_log_prob	15x21	15x21	True	True	4.9511452
2lzmA	R96M	95	neighbor_aa_identities	list[15]	list[15]	True	not_numeric	NA
2lzmA	R96M	95	neighbor_w_message_vector_coming_from_center	15x128	15x128	True	True	0.1119708
2lzmA	R96M	95	neighbor_m_message_vector_coming_from_center	15x128	15x128	True	True	0.15134989
2lzmA	R96M	95	neighbor_w_neighbor_embedding	15x128	15x128	True	True	2.5614583
2lzmA	R96M	95	neighbor_m_neighbor_embedding	15x128	15x128	True	True	2.5693188
2lzmA	R96E	95	log_prob	1x164x21	1x164x21	True	True	2.5065122
2lzmA	R96E	95	top_15_attention_weights	15	15	True	True	0.11907005
2lzmA	R96E	95	top_10_attention_weights	10	10	True	True	0.11907005
2lzmA	R96E	95	top_5_attention_weights	5	5	True	True	0.11907005
2lzmA	R96E	95	top_15_neighbor_indices	15	15	True	True	79
2lzmA	R96E	95	top_10_neighbor_indices	10	10	True	True	24
2lzmA	R96E	95	top_5_neighbor_indices	5	5	True	True	0
2lzmA	R96E	95	top_15_closest_neighbor_indices	15	15	True	True	0
2lzmA	R96E	95	top_10_closest_neighbor_indices	10	10	True	True	0
2lzmA	R96E	95	w_n_log_prob	15x21	15x21	True	True	4.6483049
2lzmA	R96E	95	m_n_log_prob	15x21	15x21	True	True	4.7810402
2lzmA	R96E	95	neighbor_aa_identities	list[15]	list[15]	True	not_numeric	NA
2lzmA	R96E	95	neighbor_w_message_vector_coming_from_center	15x128	15x128	True	True	0.14680785
2lzmA	R96E	95	neighbor_m_message_vector_coming_from_center	15x128	15x128	True	True	0.26437601
2lzmA	R96E	95	neighbor_w_neighbor_embedding	15x128	15x128	True	True	2.1046793
2lzmA	R96E	95	neighbor_m_neighbor_embedding	15x128	15x128	True	True	2.0639052
2lzmA	R96G	95	log_prob	1x164x21	1x164x21	True	True	2.9087214
2lzmA	R96G	95	top_15_attention_weights	15	15	True	True	0.12233973
2lzmA	R96G	95	top_10_attention_weights	10	10	True	True	0.12233973
2lzmA	R96G	95	top_5_attention_weights	5	5	True	True	0.12233973
2lzmA	R96G	95	top_15_neighbor_indices	15	15	True	True	48
2lzmA	R96G	95	top_10_neighbor_indices	10	10	True	True	0
2lzmA	R96G	95	top_5_neighbor_indices	5	5	True	True	0
2lzmA	R96G	95	top_15_closest_neighbor_indices	15	15	True	True	0
2lzmA	R96G	95	top_10_closest_neighbor_indices	10	10	True	True	0
2lzmA	R96G	95	w_n_log_prob	15x21	15x21	True	True	2.9593449
2lzmA	R96G	95	m_n_log_prob	15x21	15x21	True	True	2.7789397
2lzmA	R96G	95	neighbor_aa_identities	list[15]	list[15]	True	not_numeric	NA
2lzmA	R96G	95	neighbor_w_message_vector_coming_from_center	15x128	15x128	True	True	0.046223655
2lzmA	R96G	95	neighbor_m_message_vector_coming_from_center	15x128	15x128	True	True	0.071922444
2lzmA	R96G	95	neighbor_w_neighbor_embedding	15x128	15x128	True	True	0.87608773
2lzmA	R96G	95	neighbor_m_neighbor_embedding	15x128	15x128	True	True	0.86694539
2lzmA	R96Q	95	log_prob	1x164x21	1x164x21	True	True	3.421607
2lzmA	R96Q	95	top_15_attention_weights	15	15	True	True	0.11078167
2lzmA	R96Q	95	top_10_attention_weights	10	10	True	True	0.11078167
2lzmA	R96Q	95	top_5_attention_weights	5	5	True	True	0.11078167
2lzmA	R96Q	95	top_15_neighbor_indices	15	15	True	True	86
2lzmA	R96Q	95	top_10_neighbor_indices	10	10	True	True	0
2lzmA	R96Q	95	top_5_neighbor_indices	5	5	True	True	0
2lzmA	R96Q	95	top_15_closest_neighbor_indices	15	15	True	True	0
2lzmA	R96Q	95	top_10_closest_neighbor_indices	10	10	True	True	0
2lzmA	R96Q	95	w_n_log_prob	15x21	15x21	True	True	4.4685097
2lzmA	R96Q	95	m_n_log_prob	15x21	15x21	True	True	4.6293297
2lzmA	R96Q	95	neighbor_aa_identities	list[15]	list[15]	True	not_numeric	NA
2lzmA	R96Q	95	neighbor_w_message_vector_coming_from_center	15x128	15x128	True	True	0.081228212
2lzmA	R96Q	95	neighbor_m_message_vector_coming_from_center	15x128	15x128	True	True	0.093341663
2lzmA	R96Q	95	neighbor_w_neighbor_embedding	15x128	15x128	True	True	2.6163657
2lzmA	R96Q	95	neighbor_m_neighbor_embedding	15x128	15x128	True	True	2.6598558
2lzmA	R96H	95	log_prob	1x164x21	1x164x21	True	True	2.832969
2lzmA	R96H	95	top_15_attention_weights	15	15	True	True	0.077614665
2lzmA	R96H	95	top_10_attention_weights	10	10	True	True	0.077614665
2lzmA	R96H	95	top_5_attention_weights	5	5	True	True	0.077614665
2lzmA	R96H	95	top_15_neighbor_indices	15	15	True	True	152
2lzmA	R96H	95	top_10_neighbor_indices	10	10	True	True	0
2lzmA	R96H	95	top_5_neighbor_indices	5	5	True	True	0
2lzmA	R96H	95	top_15_closest_neighbor_indices	15	15	True	True	0
2lzmA	R96H	95	top_10_closest_neighbor_indices	10	10	True	True	0
2lzmA	R96H	95	w_n_log_prob	15x21	15x21	True	True	4.0311518
2lzmA	R96H	95	m_n_log_prob	15x21	15x21	True	True	3.9256506
2lzmA	R96H	95	neighbor_aa_identities	list[15]	list[15]	True	not_numeric	NA
2lzmA	R96H	95	neighbor_w_message_vector_coming_from_center	15x128	15x128	True	True	0.074541114
2lzmA	R96H	95	neighbor_m_message_vector_coming_from_center	15x128	15x128	True	True	0.1147044
2lzmA	R96H	95	neighbor_w_neighbor_embedding	15x128	15x128	True	True	2.0127223
2lzmA	R96H	95	neighbor_m_neighbor_embedding	15x128	15x128	True	True	2.0428276
2lzmA	R96N	95	log_prob	1x164x21	1x164x21	True	True	3.9167502
2lzmA	R96N	95	top_15_attention_weights	15	15	True	True	0.078757226
2lzmA	R96N	95	top_10_attention_weights	10	10	True	True	0.078757226
2lzmA	R96N	95	top_5_attention_weights	5	5	True	True	0.041648448
2lzmA	R96N	95	top_15_neighbor_indices	15	15	True	True	120
2lzmA	R96N	95	top_10_neighbor_indices	10	10	True	True	24
2lzmA	R96N	95	top_5_neighbor_indices	5	5	True	True	0
2lzmA	R96N	95	top_15_closest_neighbor_indices	15	15	True	True	0
2lzmA	R96N	95	top_10_closest_neighbor_indices	10	10	True	True	0
2lzmA	R96N	95	w_n_log_prob	15x21	15x21	True	True	4.4812431
2lzmA	R96N	95	m_n_log_prob	15x21	15x21	True	True	4.4104896
2lzmA	R96N	95	neighbor_aa_identities	list[15]	list[15]	True	not_numeric	NA
2lzmA	R96N	95	neighbor_w_message_vector_coming_from_center	15x128	15x128	True	True	0.13760108
2lzmA	R96N	95	neighbor_m_message_vector_coming_from_center	15x128	15x128	True	True	0.20246488
2lzmA	R96N	95	neighbor_w_neighbor_embedding	15x128	15x128	True	True	2.5596476
2lzmA	R96N	95	neighbor_m_neighbor_embedding	15x128	15x128	True	True	2.5516527
2lzmA	R96K	95	log_prob	1x164x21	1x164x21	True	True	2.7534561
2lzmA	R96K	95	top_15_attention_weights	15	15	True	True	0.10218143
2lzmA	R96K	95	top_10_attention_weights	10	10	True	True	0.10218143
2lzmA	R96K	95	top_5_attention_weights	5	5	True	True	0.10218143
2lzmA	R96K	95	top_15_neighbor_indices	15	15	True	True	154
2lzmA	R96K	95	top_10_neighbor_indices	10	10	True	True	0
2lzmA	R96K	95	top_5_neighbor_indices	5	5	True	True	0
2lzmA	R96K	95	top_15_closest_neighbor_indices	15	15	True	True	0
2lzmA	R96K	95	top_10_closest_neighbor_indices	10	10	True	True	0
2lzmA	R96K	95	w_n_log_prob	15x21	15x21	True	True	4.402153
2lzmA	R96K	95	m_n_log_prob	15x21	15x21	True	True	4.4548521
2lzmA	R96K	95	neighbor_aa_identities	list[15]	list[15]	True	not_numeric	NA
2lzmA	R96K	95	neighbor_w_message_vector_coming_from_center	15x128	15x128	True	True	0.065136559
2lzmA	R96K	95	neighbor_m_message_vector_coming_from_center	15x128	15x128	True	True	0.043843027
2lzmA	R96K	95	neighbor_w_neighbor_embedding	15x128	15x128	True	True	1.4643621
2lzmA	R96K	95	neighbor_m_neighbor_embedding	15x128	15x128	True	True	1.4273741
2lzmA	R96S	95	log_prob	1x164x21	1x164x21	True	True	3.1282828
2lzmA	R96S	95	top_15_attention_weights	15	15	True	True	0.091305882
2lzmA	R96S	95	top_10_attention_weights	10	10	True	True	0.091305882
2lzmA	R96S	95	top_5_attention_weights	5	5	True	True	0.076618195
2lzmA	R96S	95	top_15_neighbor_indices	15	15	True	True	98
2lzmA	R96S	95	top_10_neighbor_indices	10	10	True	True	5
2lzmA	R96S	95	top_5_neighbor_indices	5	5	True	True	0
2lzmA	R96S	95	top_15_closest_neighbor_indices	15	15	True	True	0
2lzmA	R96S	95	top_10_closest_neighbor_indices	10	10	True	True	0
2lzmA	R96S	95	w_n_log_prob	15x21	15x21	True	True	5.24684
2lzmA	R96S	95	m_n_log_prob	15x21	15x21	True	True	5.3218989
2lzmA	R96S	95	neighbor_aa_identities	list[15]	list[15]	True	not_numeric	NA
2lzmA	R96S	95	neighbor_w_message_vector_coming_from_center	15x128	15x128	True	True	0.15842804
2lzmA	R96S	95	neighbor_m_message_vector_coming_from_center	15x128	15x128	True	True	0.16416572
2lzmA	R96S	95	neighbor_w_neighbor_embedding	15x128	15x128	True	True	2.5064697
2lzmA	R96S	95	neighbor_m_neighbor_embedding	15x128	15x128	True	True	2.5084853
2lzmA	R96Y	95	log_prob	1x164x21	1x164x21	True	True	3.0171037
2lzmA	R96Y	95	top_15_attention_weights	15	15	True	True	0.11257911
2lzmA	R96Y	95	top_10_attention_weights	10	10	True	True	0.11257911
2lzmA	R96Y	95	top_5_attention_weights	5	5	True	True	0.11257911
2lzmA	R96Y	95	top_15_neighbor_indices	15	15	True	True	57
2lzmA	R96Y	95	top_10_neighbor_indices	10	10	True	True	2
2lzmA	R96Y	95	top_5_neighbor_indices	5	5	True	True	2
2lzmA	R96Y	95	top_15_closest_neighbor_indices	15	15	True	True	0
2lzmA	R96Y	95	top_10_closest_neighbor_indices	10	10	True	True	0
2lzmA	R96Y	95	w_n_log_prob	15x21	15x21	True	True	4.2397017
2lzmA	R96Y	95	m_n_log_prob	15x21	15x21	True	True	4.2547193
2lzmA	R96Y	95	neighbor_aa_identities	list[15]	list[15]	True	not_numeric	NA
2lzmA	R96Y	95	neighbor_w_message_vector_coming_from_center	15x128	15x128	True	True	0.12194056
2lzmA	R96Y	95	neighbor_m_message_vector_coming_from_center	15x128	15x128	True	True	0.14151354
2lzmA	R96Y	95	neighbor_w_neighbor_embedding	15x128	15x128	True	True	1.5668495
2lzmA	R96Y	95	neighbor_m_neighbor_embedding	15x128	15x128	True	True	1.5355383
2lzmA	R96V	95	log_prob	1x164x21	1x164x21	True	True	3.496057
2lzmA	R96V	95	top_15_attention_weights	15	15	True	True	0.048689902
2lzmA	R96V	95	top_10_attention_weights	10	10	True	True	0.048689902
2lzmA	R96V	95	top_5_attention_weights	5	5	True	True	0.044097662
2lzmA	R96V	95	top_15_neighbor_indices	15	15	True	True	96
2lzmA	R96V	95	top_10_neighbor_indices	10	10	True	True	2
2lzmA	R96V	95	top_5_neighbor_indices	5	5	True	True	0
2lzmA	R96V	95	top_15_closest_neighbor_indices	15	15	True	True	0
2lzmA	R96V	95	top_10_closest_neighbor_indices	10	10	True	True	0
2lzmA	R96V	95	w_n_log_prob	15x21	15x21	True	True	5.6424522
2lzmA	R96V	95	m_n_log_prob	15x21	15x21	True	True	5.6328278
2lzmA	R96V	95	neighbor_aa_identities	list[15]	list[15]	True	not_numeric	NA
2lzmA	R96V	95	neighbor_w_message_vector_coming_from_center	15x128	15x128	True	True	0.16988197
2lzmA	R96V	95	neighbor_m_message_vector_coming_from_center	15x128	15x128	True	True	0.16798165
2lzmA	R96V	95	neighbor_w_neighbor_embedding	15x128	15x128	True	True	1.5973079
2lzmA	R96V	95	neighbor_m_neighbor_embedding	15x128	15x128	True	True	1.6269039
2lzmA	R96W	95	log_prob	1x164x21	1x164x21	True	True	2.8157411
2lzmA	R96W	95	top_15_attention_weights	15	15	True	True	0.12766886
2lzmA	R96W	95	top_10_attention_weights	10	10	True	True	0.12766886
2lzmA	R96W	95	top_5_attention_weights	5	5	True	True	0.12766886
2lzmA	R96W	95	top_15_neighbor_indices	15	15	True	True	147
2lzmA	R96W	95	top_10_neighbor_indices	10	10	True	True	0
2lzmA	R96W	95	top_5_neighbor_indices	5	5	True	True	0
2lzmA	R96W	95	top_15_closest_neighbor_indices	15	15	True	True	0
2lzmA	R96W	95	top_10_closest_neighbor_indices	10	10	True	True	0
2lzmA	R96W	95	w_n_log_prob	15x21	15x21	True	True	4.3006158
2lzmA	R96W	95	m_n_log_prob	15x21	15x21	True	True	4.255271
2lzmA	R96W	95	neighbor_aa_identities	list[15]	list[15]	True	not_numeric	NA
2lzmA	R96W	95	neighbor_w_message_vector_coming_from_center	15x128	15x128	True	True	0.067649089
2lzmA	R96W	95	neighbor_m_message_vector_coming_from_center	15x128	15x128	True	True	0.12129226
2lzmA	R96W	95	neighbor_w_neighbor_embedding	15x128	15x128	True	True	2.7931275
2lzmA	R96W	95	neighbor_m_neighbor_embedding	15x128	15x128	True	True	2.823606
2lzmA	A98V	97	log_prob	1x164x21	1x164x21	True	True	3.6515322
2lzmA	A98V	97	top_15_attention_weights	15	15	True	True	0.083143771
2lzmA	A98V	97	top_10_attention_weights	10	10	True	True	0.083143771
2lzmA	A98V	97	top_5_attention_weights	5	5	True	True	0.083143771
2lzmA	A98V	97	top_15_neighbor_indices	15	15	True	True	93
2lzmA	A98V	97	top_10_neighbor_indices	10	10	True	True	59
2lzmA	A98V	97	top_5_neighbor_indices	5	5	True	True	59
2lzmA	A98V	97	top_15_closest_neighbor_indices	15	15	True	True	0
2lzmA	A98V	97	top_10_closest_neighbor_indices	10	10	True	True	0
2lzmA	A98V	97	w_n_log_prob	15x21	15x21	True	True	5.2758245
2lzmA	A98V	97	m_n_log_prob	15x21	15x21	True	True	5.1341715
2lzmA	A98V	97	neighbor_aa_identities	list[15]	list[15]	True	not_numeric	NA
2lzmA	A98V	97	neighbor_w_message_vector_coming_from_center	15x128	15x128	True	True	0.25422728
2lzmA	A98V	97	neighbor_m_message_vector_coming_from_center	15x128	15x128	True	True	0.33540094
2lzmA	A98V	97	neighbor_w_neighbor_embedding	15x128	15x128	True	True	2.9040427
2lzmA	A98V	97	neighbor_m_neighbor_embedding	15x128	15x128	True	True	2.8016925
2lzmA	Q105A	104	log_prob	1x164x21	1x164x21	True	True	3.4252958
2lzmA	Q105A	104	top_15_attention_weights	15	15	True	True	0.2257787
2lzmA	Q105A	104	top_10_attention_weights	10	10	True	True	0.2257787
2lzmA	Q105A	104	top_5_attention_weights	5	5	True	True	0.2257787
2lzmA	Q105A	104	top_15_neighbor_indices	15	15	True	True	134
2lzmA	Q105A	104	top_10_neighbor_indices	10	10	True	True	46
2lzmA	Q105A	104	top_5_neighbor_indices	5	5	True	True	1
2lzmA	Q105A	104	top_15_closest_neighbor_indices	15	15	True	True	0
2lzmA	Q105A	104	top_10_closest_neighbor_indices	10	10	True	True	0
2lzmA	Q105A	104	w_n_log_prob	15x21	15x21	True	True	5.4948421
2lzmA	Q105A	104	m_n_log_prob	15x21	15x21	True	True	5.4969726
2lzmA	Q105A	104	neighbor_aa_identities	list[15]	list[15]	True	not_numeric	NA
2lzmA	Q105A	104	neighbor_w_message_vector_coming_from_center	15x128	15x128	True	True	0.41300708
2lzmA	Q105A	104	neighbor_m_message_vector_coming_from_center	15x128	15x128	True	True	0.30336627
2lzmA	Q105A	104	neighbor_w_neighbor_embedding	15x128	15x128	True	True	2.1902289
2lzmA	Q105A	104	neighbor_m_neighbor_embedding	15x128	15x128	True	True	2.2243371
2lzmA	Q105E	104	log_prob	1x164x21	1x164x21	True	True	3.1156988
2lzmA	Q105E	104	top_15_attention_weights	15	15	True	True	0.2062006
2lzmA	Q105E	104	top_10_attention_weights	10	10	True	True	0.2062006
2lzmA	Q105E	104	top_5_attention_weights	5	5	True	True	0.2062006
2lzmA	Q105E	104	top_15_neighbor_indices	15	15	True	True	135
2lzmA	Q105E	104	top_10_neighbor_indices	10	10	True	True	135
2lzmA	Q105E	104	top_5_neighbor_indices	5	5	True	True	135
2lzmA	Q105E	104	top_15_closest_neighbor_indices	15	15	True	True	0
2lzmA	Q105E	104	top_10_closest_neighbor_indices	10	10	True	True	0
2lzmA	Q105E	104	w_n_log_prob	15x21	15x21	True	True	5.1282344
2lzmA	Q105E	104	m_n_log_prob	15x21	15x21	True	True	5.154974
2lzmA	Q105E	104	neighbor_aa_identities	list[15]	list[15]	True	not_numeric	NA
2lzmA	Q105E	104	neighbor_w_message_vector_coming_from_center	15x128	15x128	True	True	0.38185632
2lzmA	Q105E	104	neighbor_m_message_vector_coming_from_center	15x128	15x128	True	True	0.4201082
2lzmA	Q105E	104	neighbor_w_neighbor_embedding	15x128	15x128	True	True	2.1878414
2lzmA	Q105E	104	neighbor_m_neighbor_embedding	15x128	15x128	True	True	2.2155371
2lzmA	Q105G	104	log_prob	1x164x21	1x164x21	True	True	3.0564609
2lzmA	Q105G	104	top_15_attention_weights	15	15	True	True	0.10435855
2lzmA	Q105G	104	top_10_attention_weights	10	10	True	True	0.10435855
2lzmA	Q105G	104	top_5_attention_weights	5	5	True	True	0.10435855
2lzmA	Q105G	104	top_15_neighbor_indices	15	15	True	True	61
2lzmA	Q105G	104	top_10_neighbor_indices	10	10	True	True	47
2lzmA	Q105G	104	top_5_neighbor_indices	5	5	True	True	0
2lzmA	Q105G	104	top_15_closest_neighbor_indices	15	15	True	True	0
2lzmA	Q105G	104	top_10_closest_neighbor_indices	10	10	True	True	0
2lzmA	Q105G	104	w_n_log_prob	15x21	15x21	True	True	5.4466052
2lzmA	Q105G	104	m_n_log_prob	15x21	15x21	True	True	5.427145
2lzmA	Q105G	104	neighbor_aa_identities	list[15]	list[15]	True	not_numeric	NA
2lzmA	Q105G	104	neighbor_w_message_vector_coming_from_center	15x128	15x128	True	True	0.39506209
2lzmA	Q105G	104	neighbor_m_message_vector_coming_from_center	15x128	15x128	True	True	0.31654632
2lzmA	Q105G	104	neighbor_w_neighbor_embedding	15x128	15x128	True	True	2.1556487
2lzmA	Q105G	104	neighbor_m_neighbor_embedding	15x128	15x128	True	True	2.1434298
2lzmA	G113A	112	log_prob	1x164x21	1x164x21	True	True	3.6359403
2lzmA	G113A	112	top_15_attention_weights	15	15	True	True	0.21430182
2lzmA	G113A	112	top_10_attention_weights	10	10	True	True	0.21430182
2lzmA	G113A	112	top_5_attention_weights	5	5	True	True	0.21430182
2lzmA	G113A	112	top_15_neighbor_indices	15	15	True	True	57
2lzmA	G113A	112	top_10_neighbor_indices	10	10	True	True	57
2lzmA	G113A	112	top_5_neighbor_indices	5	5	True	True	31
2lzmA	G113A	112	top_15_closest_neighbor_indices	15	15	True	True	0
2lzmA	G113A	112	top_10_closest_neighbor_indices	10	10	True	True	0
2lzmA	G113A	112	w_n_log_prob	15x21	15x21	True	True	5.5650601
2lzmA	G113A	112	m_n_log_prob	15x21	15x21	True	True	5.6036625
2lzmA	G113A	112	neighbor_aa_identities	list[15]	list[15]	True	not_numeric	NA
2lzmA	G113A	112	neighbor_w_message_vector_coming_from_center	15x128	15x128	True	True	0.36699697
2lzmA	G113A	112	neighbor_m_message_vector_coming_from_center	15x128	15x128	True	True	0.31686646
2lzmA	G113A	112	neighbor_w_neighbor_embedding	15x128	15x128	True	True	2.6192193
2lzmA	G113A	112	neighbor_m_neighbor_embedding	15x128	15x128	True	True	2.6589704
2lzmA	T115E	114	log_prob	1x164x21	1x164x21	True	True	4.1360636
2lzmA	T115E	114	top_15_attention_weights	15	15	True	True	0.073908091
2lzmA	T115E	114	top_10_attention_weights	10	10	True	True	0.073908091
2lzmA	T115E	114	top_5_attention_weights	5	5	True	True	0.073908091
2lzmA	T115E	114	top_15_neighbor_indices	15	15	True	True	40
2lzmA	T115E	114	top_10_neighbor_indices	10	10	True	True	30
2lzmA	T115E	114	top_5_neighbor_indices	5	5	True	True	0
2lzmA	T115E	114	top_15_closest_neighbor_indices	15	15	True	True	0
2lzmA	T115E	114	top_10_closest_neighbor_indices	10	10	True	True	0
2lzmA	T115E	114	w_n_log_prob	15x21	15x21	True	True	5.3752532
2lzmA	T115E	114	m_n_log_prob	15x21	15x21	True	True	5.4083772
2lzmA	T115E	114	neighbor_aa_identities	list[15]	list[15]	True	not_numeric	NA
2lzmA	T115E	114	neighbor_w_message_vector_coming_from_center	15x128	15x128	True	True	0.32654634
2lzmA	T115E	114	neighbor_m_message_vector_coming_from_center	15x128	15x128	True	True	0.38205352
2lzmA	T115E	114	neighbor_w_neighbor_embedding	15x128	15x128	True	True	1.8598919
2lzmA	T115E	114	neighbor_m_neighbor_embedding	15x128	15x128	True	True	1.8163817
2lzmA	N116D	115	log_prob	1x164x21	1x164x21	True	True	2.6880643
2lzmA	N116D	115	top_15_attention_weights	15	15	True	True	0.052256286
2lzmA	N116D	115	top_10_attention_weights	10	10	True	True	0.052256286
2lzmA	N116D	115	top_5_attention_weights	5	5	True	True	0.052256286
2lzmA	N116D	115	top_15_neighbor_indices	15	15	True	True	29
2lzmA	N116D	115	top_10_neighbor_indices	10	10	True	True	21
2lzmA	N116D	115	top_5_neighbor_indices	5	5	True	True	19
2lzmA	N116D	115	top_15_closest_neighbor_indices	15	15	True	True	0
2lzmA	N116D	115	top_10_closest_neighbor_indices	10	10	True	True	0
2lzmA	N116D	115	w_n_log_prob	15x21	15x21	True	True	5.4290786
2lzmA	N116D	115	m_n_log_prob	15x21	15x21	True	True	5.5247135
2lzmA	N116D	115	neighbor_aa_identities	list[15]	list[15]	True	not_numeric	NA
2lzmA	N116D	115	neighbor_w_message_vector_coming_from_center	15x128	15x128	True	True	0.26863462
2lzmA	N116D	115	neighbor_m_message_vector_coming_from_center	15x128	15x128	True	True	0.50027651
2lzmA	N116D	115	neighbor_w_neighbor_embedding	15x128	15x128	True	True	2.3285067
2lzmA	N116D	115	neighbor_m_neighbor_embedding	15x128	15x128	True	True	2.3368115
2lzmA	R119E	118	log_prob	1x164x21	1x164x21	True	True	3.7671914
2lzmA	R119E	118	top_15_attention_weights	15	15	True	True	0.11290973
2lzmA	R119E	118	top_10_attention_weights	10	10	True	True	0.11290973
2lzmA	R119E	118	top_5_attention_weights	5	5	True	True	0.11290973
2lzmA	R119E	118	top_15_neighbor_indices	15	15	True	True	49
2lzmA	R119E	118	top_10_neighbor_indices	10	10	True	True	35
2lzmA	R119E	118	top_5_neighbor_indices	5	5	True	True	1
2lzmA	R119E	118	top_15_closest_neighbor_indices	15	15	True	True	0
2lzmA	R119E	118	top_10_closest_neighbor_indices	10	10	True	True	0
2lzmA	R119E	118	w_n_log_prob	15x21	15x21	True	True	5.8263545
2lzmA	R119E	118	m_n_log_prob	15x21	15x21	True	True	5.8390913
2lzmA	R119E	118	neighbor_aa_identities	list[15]	list[15]	True	not_numeric	NA
2lzmA	R119E	118	neighbor_w_message_vector_coming_from_center	15x128	15x128	True	True	0.39976468
2lzmA	R119E	118	neighbor_m_message_vector_coming_from_center	15x128	15x128	True	True	0.35480854
2lzmA	R119E	118	neighbor_w_neighbor_embedding	15x128	15x128	True	True	2.5993659
2lzmA	R119E	118	neighbor_m_neighbor_embedding	15x128	15x128	True	True	2.592159
2lzmA	Q123E	122	log_prob	1x164x21	1x164x21	True	True	3.2780859
2lzmA	Q123E	122	top_15_attention_weights	15	15	True	True	0.070939004
2lzmA	Q123E	122	top_10_attention_weights	10	10	True	True	0.070939004
2lzmA	Q123E	122	top_5_attention_weights	5	5	True	True	0.070939004
2lzmA	Q123E	122	top_15_neighbor_indices	15	15	True	True	68
2lzmA	Q123E	122	top_10_neighbor_indices	10	10	True	True	24
2lzmA	Q123E	122	top_5_neighbor_indices	5	5	True	True	0
2lzmA	Q123E	122	top_15_closest_neighbor_indices	15	15	True	True	0
2lzmA	Q123E	122	top_10_closest_neighbor_indices	10	10	True	True	0
2lzmA	Q123E	122	w_n_log_prob	15x21	15x21	True	True	4.9738741
2lzmA	Q123E	122	m_n_log_prob	15x21	15x21	True	True	5.016932
2lzmA	Q123E	122	neighbor_aa_identities	list[15]	list[15]	True	not_numeric	NA
2lzmA	Q123E	122	neighbor_w_message_vector_coming_from_center	15x128	15x128	True	True	0.14270931
2lzmA	Q123E	122	neighbor_m_message_vector_coming_from_center	15x128	15x128	True	True	0.096666486
2lzmA	Q123E	122	neighbor_w_neighbor_embedding	15x128	15x128	True	True	1.8971131
2lzmA	Q123E	122	neighbor_m_neighbor_embedding	15x128	15x128	True	True	1.8607996
2lzmA	K124G	123	log_prob	1x164x21	1x164x21	True	True	3.1832705
2lzmA	K124G	123	top_15_attention_weights	15	15	True	True	0.080654085
2lzmA	K124G	123	top_10_attention_weights	10	10	True	True	0.080654085
2lzmA	K124G	123	top_5_attention_weights	5	5	True	True	0.080654085
2lzmA	K124G	123	top_15_neighbor_indices	15	15	True	True	4
2lzmA	K124G	123	top_10_neighbor_indices	10	10	True	True	0
2lzmA	K124G	123	top_5_neighbor_indices	5	5	True	True	0
2lzmA	K124G	123	top_15_closest_neighbor_indices	15	15	True	True	0
2lzmA	K124G	123	top_10_closest_neighbor_indices	10	10	True	True	0
2lzmA	K124G	123	w_n_log_prob	15x21	15x21	True	True	1.7106566
2lzmA	K124G	123	m_n_log_prob	15x21	15x21	True	True	1.895925
2lzmA	K124G	123	neighbor_aa_identities	list[15]	list[15]	True	not_numeric	NA
2lzmA	K124G	123	neighbor_w_message_vector_coming_from_center	15x128	15x128	True	True	0.052698269
2lzmA	K124G	123	neighbor_m_message_vector_coming_from_center	15x128	15x128	True	True	0.068179369
2lzmA	K124G	123	neighbor_w_neighbor_embedding	15x128	15x128	True	True	0.72932804
2lzmA	K124G	123	neighbor_m_neighbor_embedding	15x128	15x128	True	True	0.78787732
2lzmA	V131A	130	log_prob	1x164x21	1x164x21	True	True	3.5469079
2lzmA	V131A	130	top_15_attention_weights	15	15	True	True	0.058039129
2lzmA	V131A	130	top_10_attention_weights	10	10	True	True	0.058039129
2lzmA	V131A	130	top_5_attention_weights	5	5	True	True	0.052164555
2lzmA	V131A	130	top_15_neighbor_indices	15	15	True	True	28
2lzmA	V131A	130	top_10_neighbor_indices	10	10	True	True	28
2lzmA	V131A	130	top_5_neighbor_indices	5	5	True	True	17
2lzmA	V131A	130	top_15_closest_neighbor_indices	15	15	True	True	0
2lzmA	V131A	130	top_10_closest_neighbor_indices	10	10	True	True	0
2lzmA	V131A	130	w_n_log_prob	15x21	15x21	True	True	4.4578762
2lzmA	V131A	130	m_n_log_prob	15x21	15x21	True	True	4.5098705
2lzmA	V131A	130	neighbor_aa_identities	list[15]	list[15]	True	not_numeric	NA
2lzmA	V131A	130	neighbor_w_message_vector_coming_from_center	15x128	15x128	True	True	0.31786078
2lzmA	V131A	130	neighbor_m_message_vector_coming_from_center	15x128	15x128	True	True	0.23226224
2lzmA	V131A	130	neighbor_w_neighbor_embedding	15x128	15x128	True	True	1.6876183
2lzmA	V131A	130	neighbor_m_neighbor_embedding	15x128	15x128	True	True	1.7037346
2lzmA	V131D	130	log_prob	1x164x21	1x164x21	True	True	2.7099118
2lzmA	V131D	130	top_15_attention_weights	15	15	True	True	0.094226897
2lzmA	V131D	130	top_10_attention_weights	10	10	True	True	0.094226897
2lzmA	V131D	130	top_5_attention_weights	5	5	True	True	0.094226897
2lzmA	V131D	130	top_15_neighbor_indices	15	15	True	True	32
2lzmA	V131D	130	top_10_neighbor_indices	10	10	True	True	32
2lzmA	V131D	130	top_5_neighbor_indices	5	5	True	True	17
2lzmA	V131D	130	top_15_closest_neighbor_indices	15	15	True	True	0
2lzmA	V131D	130	top_10_closest_neighbor_indices	10	10	True	True	0
2lzmA	V131D	130	w_n_log_prob	15x21	15x21	True	True	5.148653
2lzmA	V131D	130	m_n_log_prob	15x21	15x21	True	True	5.1071744
2lzmA	V131D	130	neighbor_aa_identities	list[15]	list[15]	True	not_numeric	NA
2lzmA	V131D	130	neighbor_w_message_vector_coming_from_center	15x128	15x128	True	True	0.28028885
2lzmA	V131D	130	neighbor_m_message_vector_coming_from_center	15x128	15x128	True	True	0.47959393
2lzmA	V131D	130	neighbor_w_neighbor_embedding	15x128	15x128	True	True	1.7338973
2lzmA	V131D	130	neighbor_m_neighbor_embedding	15x128	15x128	True	True	1.728997
2lzmA	V131G	130	log_prob	1x164x21	1x164x21	True	True	4.6110649
2lzmA	V131G	130	top_15_attention_weights	15	15	True	True	0.12867448
2lzmA	V131G	130	top_10_attention_weights	10	10	True	True	0.12867448
2lzmA	V131G	130	top_5_attention_weights	5	5	True	True	0.12867448
2lzmA	V131G	130	top_15_neighbor_indices	15	15	True	True	32
2lzmA	V131G	130	top_10_neighbor_indices	10	10	True	True	32
2lzmA	V131G	130	top_5_neighbor_indices	5	5	True	True	15
2lzmA	V131G	130	top_15_closest_neighbor_indices	15	15	True	True	0
2lzmA	V131G	130	top_10_closest_neighbor_indices	10	10	True	True	0
2lzmA	V131G	130	w_n_log_prob	15x21	15x21	True	True	4.9968929
2lzmA	V131G	130	m_n_log_prob	15x21	15x21	True	True	4.9846101
2lzmA	V131G	130	neighbor_aa_identities	list[15]	list[15]	True	not_numeric	NA
2lzmA	V131G	130	neighbor_w_message_vector_coming_from_center	15x128	15x128	True	True	0.26045737
2lzmA	V131G	130	neighbor_m_message_vector_coming_from_center	15x128	15x128	True	True	0.17810921
2lzmA	V131G	130	neighbor_w_neighbor_embedding	15x128	15x128	True	True	1.4590498
2lzmA	V131G	130	neighbor_m_neighbor_embedding	15x128	15x128	True	True	1.4724932
2lzmA	V131I	130	log_prob	1x164x21	1x164x21	True	True	3.5265617
2lzmA	V131I	130	top_15_attention_weights	15	15	True	True	0.063262939
2lzmA	V131I	130	top_10_attention_weights	10	10	True	True	0.063262939
2lzmA	V131I	130	top_5_attention_weights	5	5	True	True	0.049659431
2lzmA	V131I	130	top_15_neighbor_indices	15	15	True	True	23
2lzmA	V131I	130	top_10_neighbor_indices	10	10	True	True	21
2lzmA	V131I	130	top_5_neighbor_indices	5	5	True	True	17
2lzmA	V131I	130	top_15_closest_neighbor_indices	15	15	True	True	0
2lzmA	V131I	130	top_10_closest_neighbor_indices	10	10	True	True	0
2lzmA	V131I	130	w_n_log_prob	15x21	15x21	True	True	5.055089
2lzmA	V131I	130	m_n_log_prob	15x21	15x21	True	True	5.1468401
2lzmA	V131I	130	neighbor_aa_identities	list[15]	list[15]	True	not_numeric	NA
2lzmA	V131I	130	neighbor_w_message_vector_coming_from_center	15x128	15x128	True	True	0.13262868
2lzmA	V131I	130	neighbor_m_message_vector_coming_from_center	15x128	15x128	True	True	0.31068879
2lzmA	V131I	130	neighbor_w_neighbor_embedding	15x128	15x128	True	True	1.5229955
2lzmA	V131I	130	neighbor_m_neighbor_embedding	15x128	15x128	True	True	1.5736914
2lzmA	V131L	130	log_prob	1x164x21	1x164x21	True	True	3.551455
2lzmA	V131L	130	top_15_attention_weights	15	15	True	True	0.062904209
2lzmA	V131L	130	top_10_attention_weights	10	10	True	True	0.062904209
2lzmA	V131L	130	top_5_attention_weights	5	5	True	True	0.042453349
2lzmA	V131L	130	top_15_neighbor_indices	15	15	True	True	28
2lzmA	V131L	130	top_10_neighbor_indices	10	10	True	True	28
2lzmA	V131L	130	top_5_neighbor_indices	5	5	True	True	7
2lzmA	V131L	130	top_15_closest_neighbor_indices	15	15	True	True	0
2lzmA	V131L	130	top_10_closest_neighbor_indices	10	10	True	True	0
2lzmA	V131L	130	w_n_log_prob	15x21	15x21	True	True	4.2602096
2lzmA	V131L	130	m_n_log_prob	15x21	15x21	True	True	4.1962247
2lzmA	V131L	130	neighbor_aa_identities	list[15]	list[15]	True	not_numeric	NA
2lzmA	V131L	130	neighbor_w_message_vector_coming_from_center	15x128	15x128	True	True	0.28822559
2lzmA	V131L	130	neighbor_m_message_vector_coming_from_center	15x128	15x128	True	True	0.35140213
2lzmA	V131L	130	neighbor_w_neighbor_embedding	15x128	15x128	True	True	1.9340811
2lzmA	V131L	130	neighbor_m_neighbor_embedding	15x128	15x128	True	True	1.8874128
2lzmA	V131S	130	log_prob	1x164x21	1x164x21	True	True	2.9379206
2lzmA	V131S	130	top_15_attention_weights	15	15	True	True	0.048759878
2lzmA	V131S	130	top_10_attention_weights	10	10	True	True	0.048759878
2lzmA	V131S	130	top_5_attention_weights	5	5	True	True	0.048759878
2lzmA	V131S	130	top_15_neighbor_indices	15	15	True	True	28
2lzmA	V131S	130	top_10_neighbor_indices	10	10	True	True	28
2lzmA	V131S	130	top_5_neighbor_indices	5	5	True	True	11
2lzmA	V131S	130	top_15_closest_neighbor_indices	15	15	True	True	0
2lzmA	V131S	130	top_10_closest_neighbor_indices	10	10	True	True	0
2lzmA	V131S	130	w_n_log_prob	15x21	15x21	True	True	4.2556834
2lzmA	V131S	130	m_n_log_prob	15x21	15x21	True	True	4.3471408
2lzmA	V131S	130	neighbor_aa_identities	list[15]	list[15]	True	not_numeric	NA
2lzmA	V131S	130	neighbor_w_message_vector_coming_from_center	15x128	15x128	True	True	0.28799585
2lzmA	V131S	130	neighbor_m_message_vector_coming_from_center	15x128	15x128	True	True	0.21358677
2lzmA	V131S	130	neighbor_w_neighbor_embedding	15x128	15x128	True	True	2.5117435
2lzmA	V131S	130	neighbor_m_neighbor_embedding	15x128	15x128	True	True	2.5047293
2lzmA	V131M	130	log_prob	1x164x21	1x164x21	True	True	3.1777821
2lzmA	V131M	130	top_15_attention_weights	15	15	True	True	0.061197817
2lzmA	V131M	130	top_10_attention_weights	10	10	True	True	0.061197817
2lzmA	V131M	130	top_5_attention_weights	5	5	True	True	0.061197817
2lzmA	V131M	130	top_15_neighbor_indices	15	15	True	True	25
2lzmA	V131M	130	top_10_neighbor_indices	10	10	True	True	25
2lzmA	V131M	130	top_5_neighbor_indices	5	5	True	True	15
2lzmA	V131M	130	top_15_closest_neighbor_indices	15	15	True	True	0
2lzmA	V131M	130	top_10_closest_neighbor_indices	10	10	True	True	0
2lzmA	V131M	130	w_n_log_prob	15x21	15x21	True	True	5.1160173
2lzmA	V131M	130	m_n_log_prob	15x21	15x21	True	True	5.1683059
2lzmA	V131M	130	neighbor_aa_identities	list[15]	list[15]	True	not_numeric	NA
2lzmA	V131M	130	neighbor_w_message_vector_coming_from_center	15x128	15x128	True	True	0.2841658
2lzmA	V131M	130	neighbor_m_message_vector_coming_from_center	15x128	15x128	True	True	0.29106885
2lzmA	V131M	130	neighbor_w_neighbor_embedding	15x128	15x128	True	True	1.7332132
2lzmA	V131M	130	neighbor_m_neighbor_embedding	15x128	15x128	True	True	1.7070796
2lzmA	V131E	130	log_prob	1x164x21	1x164x21	True	True	2.7083435
2lzmA	V131E	130	top_15_attention_weights	15	15	True	True	0.047355071
2lzmA	V131E	130	top_10_attention_weights	10	10	True	True	0.046990365
2lzmA	V131E	130	top_5_attention_weights	5	5	True	True	0.032743871
2lzmA	V131E	130	top_15_neighbor_indices	15	15	True	True	19
2lzmA	V131E	130	top_10_neighbor_indices	10	10	True	True	19
2lzmA	V131E	130	top_5_neighbor_indices	5	5	True	True	0
2lzmA	V131E	130	top_15_closest_neighbor_indices	15	15	True	True	0
2lzmA	V131E	130	top_10_closest_neighbor_indices	10	10	True	True	0
2lzmA	V131E	130	w_n_log_prob	15x21	15x21	True	True	2.7826085
2lzmA	V131E	130	m_n_log_prob	15x21	15x21	True	True	2.7993202
2lzmA	V131E	130	neighbor_aa_identities	list[15]	list[15]	True	not_numeric	NA
2lzmA	V131E	130	neighbor_w_message_vector_coming_from_center	15x128	15x128	True	True	0.062124531
2lzmA	V131E	130	neighbor_m_message_vector_coming_from_center	15x128	15x128	True	True	0.073803723
2lzmA	V131E	130	neighbor_w_neighbor_embedding	15x128	15x128	True	True	1.0884764
2lzmA	V131E	130	neighbor_m_neighbor_embedding	15x128	15x128	True	True	1.1072789
2lzmA	L133A	132	log_prob	1x164x21	1x164x21	True	True	3.56813
2lzmA	L133A	132	top_15_attention_weights	15	15	True	True	0.13429594
2lzmA	L133A	132	top_10_attention_weights	10	10	True	True	0.13429594
2lzmA	L133A	132	top_5_attention_weights	5	5	True	True	0.13429594
2lzmA	L133A	132	top_15_neighbor_indices	15	15	True	True	48
2lzmA	L133A	132	top_10_neighbor_indices	10	10	True	True	48
2lzmA	L133A	132	top_5_neighbor_indices	5	5	True	True	48
2lzmA	L133A	132	top_15_closest_neighbor_indices	15	15	True	True	0
2lzmA	L133A	132	top_10_closest_neighbor_indices	10	10	True	True	0
2lzmA	L133A	132	w_n_log_prob	15x21	15x21	True	True	5.5405159
2lzmA	L133A	132	m_n_log_prob	15x21	15x21	True	True	5.4358377
2lzmA	L133A	132	neighbor_aa_identities	list[15]	list[15]	True	not_numeric	NA
2lzmA	L133A	132	neighbor_w_message_vector_coming_from_center	15x128	15x128	True	True	0.32292885
2lzmA	L133A	132	neighbor_m_message_vector_coming_from_center	15x128	15x128	True	True	0.38770872
2lzmA	L133A	132	neighbor_w_neighbor_embedding	15x128	15x128	True	True	2.7194982
2lzmA	L133A	132	neighbor_m_neighbor_embedding	15x128	15x128	True	True	2.7571182
2lzmA	K135E	134	log_prob	1x164x21	1x164x21	True	True	3.6071887
2lzmA	K135E	134	top_15_attention_weights	15	15	True	True	0.13833448
2lzmA	K135E	134	top_10_attention_weights	10	10	True	True	0.13833448
2lzmA	K135E	134	top_5_attention_weights	5	5	True	True	0.061801612
2lzmA	K135E	134	top_15_neighbor_indices	15	15	True	True	26
2lzmA	K135E	134	top_10_neighbor_indices	10	10	True	True	25
2lzmA	K135E	134	top_5_neighbor_indices	5	5	True	True	3
2lzmA	K135E	134	top_15_closest_neighbor_indices	15	15	True	True	0
2lzmA	K135E	134	top_10_closest_neighbor_indices	10	10	True	True	0
2lzmA	K135E	134	w_n_log_prob	15x21	15x21	True	True	4.9567771
2lzmA	K135E	134	m_n_log_prob	15x21	15x21	True	True	4.9170008
2lzmA	K135E	134	neighbor_aa_identities	list[15]	list[15]	True	not_numeric	NA
2lzmA	K135E	134	neighbor_w_message_vector_coming_from_center	15x128	15x128	True	True	0.21380195
2lzmA	K135E	134	neighbor_m_message_vector_coming_from_center	15x128	15x128	True	True	0.15165341
2lzmA	K135E	134	neighbor_w_neighbor_embedding	15x128	15x128	True	True	1.3522946
2lzmA	K135E	134	neighbor_m_neighbor_embedding	15x128	15x128	True	True	1.3230445
2lzmA	N144D	143	log_prob	1x164x21	1x164x21	True	True	2.8382311
2lzmA	N144D	143	top_15_attention_weights	15	15	True	True	0.040765524
2lzmA	N144D	143	top_10_attention_weights	10	10	True	True	0.036037773
2lzmA	N144D	143	top_5_attention_weights	5	5	True	True	0.01257813
2lzmA	N144D	143	top_15_neighbor_indices	15	15	True	True	154
2lzmA	N144D	143	top_10_neighbor_indices	10	10	True	True	154
2lzmA	N144D	143	top_5_neighbor_indices	5	5	True	True	19
2lzmA	N144D	143	top_15_closest_neighbor_indices	15	15	True	True	0
2lzmA	N144D	143	top_10_closest_neighbor_indices	10	10	True	True	0
2lzmA	N144D	143	w_n_log_prob	15x21	15x21	True	True	4.2732687
2lzmA	N144D	143	m_n_log_prob	15x21	15x21	True	True	4.424655
2lzmA	N144D	143	neighbor_aa_identities	list[15]	list[15]	True	not_numeric	NA
2lzmA	N144D	143	neighbor_w_message_vector_coming_from_center	15x128	15x128	True	True	0.3952774
2lzmA	N144D	143	neighbor_m_message_vector_coming_from_center	15x128	15x128	True	True	0.4270819
2lzmA	N144D	143	neighbor_w_neighbor_embedding	15x128	15x128	True	True	1.6394012
2lzmA	N144D	143	neighbor_m_neighbor_embedding	15x128	15x128	True	True	1.6231211
2lzmA	K147E	146	log_prob	1x164x21	1x164x21	True	True	2.7800298
2lzmA	K147E	146	top_15_attention_weights	15	15	True	True	0.07643497
2lzmA	K147E	146	top_10_attention_weights	10	10	True	True	0.07643497
2lzmA	K147E	146	top_5_attention_weights	5	5	True	True	0.07643497
2lzmA	K147E	146	top_15_neighbor_indices	15	15	True	True	56
2lzmA	K147E	146	top_10_neighbor_indices	10	10	True	True	27
2lzmA	K147E	146	top_5_neighbor_indices	5	5	True	True	6
2lzmA	K147E	146	top_15_closest_neighbor_indices	15	15	True	True	0
2lzmA	K147E	146	top_10_closest_neighbor_indices	10	10	True	True	0
2lzmA	K147E	146	w_n_log_prob	15x21	15x21	True	True	4.6458998
2lzmA	K147E	146	m_n_log_prob	15x21	15x21	True	True	4.4840183
2lzmA	K147E	146	neighbor_aa_identities	list[15]	list[15]	True	not_numeric	NA
2lzmA	K147E	146	neighbor_w_message_vector_coming_from_center	15x128	15x128	True	True	0.4259533
2lzmA	K147E	146	neighbor_m_message_vector_coming_from_center	15x128	15x128	True	True	0.39781713
2lzmA	K147E	146	neighbor_w_neighbor_embedding	15x128	15x128	True	True	1.5836829
2lzmA	K147E	146	neighbor_m_neighbor_embedding	15x128	15x128	True	True	1.6428061
2lzmA	V149C	148	log_prob	1x164x21	1x164x21	True	True	3.4675164
2lzmA	V149C	148	top_15_attention_weights	15	15	True	True	0.39630818
2lzmA	V149C	148	top_10_attention_weights	10	10	True	True	0.39630818
2lzmA	V149C	148	top_5_attention_weights	5	5	True	True	0.39630818
2lzmA	V149C	148	top_15_neighbor_indices	15	15	True	True	120
2lzmA	V149C	148	top_10_neighbor_indices	10	10	True	True	43
2lzmA	V149C	148	top_5_neighbor_indices	5	5	True	True	0
2lzmA	V149C	148	top_15_closest_neighbor_indices	15	15	True	True	0
2lzmA	V149C	148	top_10_closest_neighbor_indices	10	10	True	True	0
2lzmA	V149C	148	w_n_log_prob	15x21	15x21	True	True	6.4209871
2lzmA	V149C	148	m_n_log_prob	15x21	15x21	True	True	6.3165822
2lzmA	V149C	148	neighbor_aa_identities	list[15]	list[15]	True	not_numeric	NA
2lzmA	V149C	148	neighbor_w_message_vector_coming_from_center	15x128	15x128	True	True	0.44948292
2lzmA	V149C	148	neighbor_m_message_vector_coming_from_center	15x128	15x128	True	True	0.28951308
2lzmA	V149C	148	neighbor_w_neighbor_embedding	15x128	15x128	True	True	2.5085499
2lzmA	V149C	148	neighbor_m_neighbor_embedding	15x128	15x128	True	True	2.6440284
2lzmA	T152S	151	log_prob	1x164x21	1x164x21	True	True	3.1474221
2lzmA	T152S	151	top_15_attention_weights	15	15	True	True	0.049179167
2lzmA	T152S	151	top_10_attention_weights	10	10	True	True	0.038452387
2lzmA	T152S	151	top_5_attention_weights	5	5	True	True	0.038452387
2lzmA	T152S	151	top_15_neighbor_indices	15	15	True	True	150
2lzmA	T152S	151	top_10_neighbor_indices	10	10	True	True	150
2lzmA	T152S	151	top_5_neighbor_indices	5	5	True	True	150
2lzmA	T152S	151	top_15_closest_neighbor_indices	15	15	True	True	0
2lzmA	T152S	151	top_10_closest_neighbor_indices	10	10	True	True	0
2lzmA	T152S	151	w_n_log_prob	15x21	15x21	True	True	5.4362254
2lzmA	T152S	151	m_n_log_prob	15x21	15x21	True	True	5.4582367
2lzmA	T152S	151	neighbor_aa_identities	list[15]	list[15]	True	not_numeric	NA
2lzmA	T152S	151	neighbor_w_message_vector_coming_from_center	15x128	15x128	True	True	0.31766188
2lzmA	T152S	151	neighbor_m_message_vector_coming_from_center	15x128	15x128	True	True	0.37157252
2lzmA	T152S	151	neighbor_w_neighbor_embedding	15x128	15x128	True	True	2.0709944
2lzmA	T152S	151	neighbor_m_neighbor_embedding	15x128	15x128	True	True	2.1536655
2lzmA	R154E	153	log_prob	1x164x21	1x164x21	True	True	2.1969054
2lzmA	R154E	153	top_15_attention_weights	15	15	True	True	0.17213333
2lzmA	R154E	153	top_10_attention_weights	10	10	True	True	0.17213333
2lzmA	R154E	153	top_5_attention_weights	5	5	True	True	0.17213333
2lzmA	R154E	153	top_15_neighbor_indices	15	15	True	True	58
2lzmA	R154E	153	top_10_neighbor_indices	10	10	True	True	58
2lzmA	R154E	153	top_5_neighbor_indices	5	5	True	True	21
2lzmA	R154E	153	top_15_closest_neighbor_indices	15	15	True	True	0
2lzmA	R154E	153	top_10_closest_neighbor_indices	10	10	True	True	0
2lzmA	R154E	153	w_n_log_prob	15x21	15x21	True	True	5.5367875
2lzmA	R154E	153	m_n_log_prob	15x21	15x21	True	True	5.5124912
2lzmA	R154E	153	neighbor_aa_identities	list[15]	list[15]	True	not_numeric	NA
2lzmA	R154E	153	neighbor_w_message_vector_coming_from_center	15x128	15x128	True	True	0.49967641
2lzmA	R154E	153	neighbor_m_message_vector_coming_from_center	15x128	15x128	True	True	0.48961127
2lzmA	R154E	153	neighbor_w_neighbor_embedding	15x128	15x128	True	True	2.2458539
2lzmA	R154E	153	neighbor_m_neighbor_embedding	15x128	15x128	True	True	2.2095876
2lzmA	G156D	155	log_prob	1x164x21	1x164x21	True	True	3.5460873
2lzmA	G156D	155	top_15_attention_weights	15	15	True	True	0.18420112
2lzmA	G156D	155	top_10_attention_weights	10	10	True	True	0.18420112
2lzmA	G156D	155	top_5_attention_weights	5	5	True	True	0.18420112
2lzmA	G156D	155	top_15_neighbor_indices	15	15	True	True	59
2lzmA	G156D	155	top_10_neighbor_indices	10	10	True	True	59
2lzmA	G156D	155	top_5_neighbor_indices	5	5	True	True	59
2lzmA	G156D	155	top_15_closest_neighbor_indices	15	15	True	True	0
2lzmA	G156D	155	top_10_closest_neighbor_indices	10	10	True	True	0
2lzmA	G156D	155	w_n_log_prob	15x21	15x21	True	True	5.2758112
2lzmA	G156D	155	m_n_log_prob	15x21	15x21	True	True	5.3700509
2lzmA	G156D	155	neighbor_aa_identities	list[15]	list[15]	True	not_numeric	NA
2lzmA	G156D	155	neighbor_w_message_vector_coming_from_center	15x128	15x128	True	True	1.1808648
2lzmA	G156D	155	neighbor_m_message_vector_coming_from_center	15x128	15x128	True	True	1.3270684
2lzmA	G156D	155	neighbor_w_neighbor_embedding	15x128	15x128	True	True	1.3428894
2lzmA	G156D	155	neighbor_m_neighbor_embedding	15x128	15x128	True	True	1.3991126
2lzmA	T157A	156	log_prob	1x164x21	1x164x21	True	True	4.6946025
2lzmA	T157A	156	top_15_attention_weights	15	15	True	True	0.057047084
2lzmA	T157A	156	top_10_attention_weights	10	10	True	True	0.054999828
2lzmA	T157A	156	top_5_attention_weights	5	5	True	True	0.054999828
2lzmA	T157A	156	top_15_neighbor_indices	15	15	True	True	157
2lzmA	T157A	156	top_10_neighbor_indices	10	10	True	True	3
2lzmA	T157A	156	top_5_neighbor_indices	5	5	True	True	0
2lzmA	T157A	156	top_15_closest_neighbor_indices	15	15	True	True	0
2lzmA	T157A	156	top_10_closest_neighbor_indices	10	10	True	True	0
2lzmA	T157A	156	w_n_log_prob	15x21	15x21	True	True	4.6955881
2lzmA	T157A	156	m_n_log_prob	15x21	15x21	True	True	4.7881608
2lzmA	T157A	156	neighbor_aa_identities	list[15]	list[15]	True	not_numeric	NA
2lzmA	T157A	156	neighbor_w_message_vector_coming_from_center	15x128	15x128	True	True	0.11198181
2lzmA	T157A	156	neighbor_m_message_vector_coming_from_center	15x128	15x128	True	True	0.12175247
2lzmA	T157A	156	neighbor_w_neighbor_embedding	15x128	15x128	True	True	1.8207206
2lzmA	T157A	156	neighbor_m_neighbor_embedding	15x128	15x128	True	True	1.7889376
2lzmA	T157C	156	log_prob	1x164x21	1x164x21	True	True	2.5696361
2lzmA	T157C	156	top_15_attention_weights	15	15	True	True	0.067852974
2lzmA	T157C	156	top_10_attention_weights	10	10	True	True	0.067852974
2lzmA	T157C	156	top_5_attention_weights	5	5	True	True	0.067852974
2lzmA	T157C	156	top_15_neighbor_indices	15	15	True	True	143
2lzmA	T157C	156	top_10_neighbor_indices	10	10	True	True	63
2lzmA	T157C	156	top_5_neighbor_indices	5	5	True	True	0
2lzmA	T157C	156	top_15_closest_neighbor_indices	15	15	True	True	0
2lzmA	T157C	156	top_10_closest_neighbor_indices	10	10	True	True	0
2lzmA	T157C	156	w_n_log_prob	15x21	15x21	True	True	4.4430819
2lzmA	T157C	156	m_n_log_prob	15x21	15x21	True	True	4.346199
2lzmA	T157C	156	neighbor_aa_identities	list[15]	list[15]	True	not_numeric	NA
2lzmA	T157C	156	neighbor_w_message_vector_coming_from_center	15x128	15x128	True	True	0.14101586
2lzmA	T157C	156	neighbor_m_message_vector_coming_from_center	15x128	15x128	True	True	0.21361564
2lzmA	T157C	156	neighbor_w_neighbor_embedding	15x128	15x128	True	True	1.7771978
2lzmA	T157C	156	neighbor_m_neighbor_embedding	15x128	15x128	True	True	1.7815664
2lzmA	T157D	156	log_prob	1x164x21	1x164x21	True	True	2.9978061
2lzmA	T157D	156	top_15_attention_weights	15	15	True	True	0.10897374
2lzmA	T157D	156	top_10_attention_weights	10	10	True	True	0.10897374
2lzmA	T157D	156	top_5_attention_weights	5	5	True	True	0.10897374
2lzmA	T157D	156	top_15_neighbor_indices	15	15	True	True	150
2lzmA	T157D	156	top_10_neighbor_indices	10	10	True	True	0
2lzmA	T157D	156	top_5_neighbor_indices	5	5	True	True	0
2lzmA	T157D	156	top_15_closest_neighbor_indices	15	15	True	True	0
2lzmA	T157D	156	top_10_closest_neighbor_indices	10	10	True	True	0
2lzmA	T157D	156	w_n_log_prob	15x21	15x21	True	True	5.5578527
2lzmA	T157D	156	m_n_log_prob	15x21	15x21	True	True	5.5553312
2lzmA	T157D	156	neighbor_aa_identities	list[15]	list[15]	True	not_numeric	NA
2lzmA	T157D	156	neighbor_w_message_vector_coming_from_center	15x128	15x128	True	True	0.099414229
2lzmA	T157D	156	neighbor_m_message_vector_coming_from_center	15x128	15x128	True	True	0.12367657
2lzmA	T157D	156	neighbor_w_neighbor_embedding	15x128	15x128	True	True	1.9874591
2lzmA	T157D	156	neighbor_m_neighbor_embedding	15x128	15x128	True	True	1.9824128
2lzmA	T157E	156	log_prob	1x164x21	1x164x21	True	True	2.5596721
2lzmA	T157E	156	top_15_attention_weights	15	15	True	True	0.073191911
2lzmA	T157E	156	top_10_attention_weights	10	10	True	True	0.064353824
2lzmA	T157E	156	top_5_attention_weights	5	5	True	True	0.064353824
2lzmA	T157E	156	top_15_neighbor_indices	15	15	True	True	158
2lzmA	T157E	156	top_10_neighbor_indices	10	10	True	True	158
2lzmA	T157E	156	top_5_neighbor_indices	5	5	True	True	0
2lzmA	T157E	156	top_15_closest_neighbor_indices	15	15	True	True	0
2lzmA	T157E	156	top_10_closest_neighbor_indices	10	10	True	True	0
2lzmA	T157E	156	w_n_log_prob	15x21	15x21	True	True	5.3501697
2lzmA	T157E	156	m_n_log_prob	15x21	15x21	True	True	5.3625674
2lzmA	T157E	156	neighbor_aa_identities	list[15]	list[15]	True	not_numeric	NA
2lzmA	T157E	156	neighbor_w_message_vector_coming_from_center	15x128	15x128	True	True	0.24156923
2lzmA	T157E	156	neighbor_m_message_vector_coming_from_center	15x128	15x128	True	True	0.15515935
2lzmA	T157E	156	neighbor_w_neighbor_embedding	15x128	15x128	True	True	2.0988908
2lzmA	T157E	156	neighbor_m_neighbor_embedding	15x128	15x128	True	True	2.0756831
2lzmA	T157F	156	log_prob	1x164x21	1x164x21	True	True	3.3115425
2lzmA	T157F	156	top_15_attention_weights	15	15	True	True	0.049269199
2lzmA	T157F	156	top_10_attention_weights	10	10	True	True	0.049269199
2lzmA	T157F	156	top_5_attention_weights	5	5	True	True	0.036957443
2lzmA	T157F	156	top_15_neighbor_indices	15	15	True	True	158
2lzmA	T157F	156	top_10_neighbor_indices	10	10	True	True	158
2lzmA	T157F	156	top_5_neighbor_indices	5	5	True	True	0
2lzmA	T157F	156	top_15_closest_neighbor_indices	15	15	True	True	0
2lzmA	T157F	156	top_10_closest_neighbor_indices	10	10	True	True	0
2lzmA	T157F	156	w_n_log_prob	15x21	15x21	True	True	5.4453411
2lzmA	T157F	156	m_n_log_prob	15x21	15x21	True	True	5.3198867
2lzmA	T157F	156	neighbor_aa_identities	list[15]	list[15]	True	not_numeric	NA
2lzmA	T157F	156	neighbor_w_message_vector_coming_from_center	15x128	15x128	True	True	0.27171744
2lzmA	T157F	156	neighbor_m_message_vector_coming_from_center	15x128	15x128	True	True	0.27038337
2lzmA	T157F	156	neighbor_w_neighbor_embedding	15x128	15x128	True	True	2.1315591
2lzmA	T157F	156	neighbor_m_neighbor_embedding	15x128	15x128	True	True	2.1634204
2lzmA	T157G	156	log_prob	1x164x21	1x164x21	True	True	2.3933156
2lzmA	T157G	156	top_15_attention_weights	15	15	True	True	0.081617922
2lzmA	T157G	156	top_10_attention_weights	10	10	True	True	0.081617922
2lzmA	T157G	156	top_5_attention_weights	5	5	True	True	0.023481369
2lzmA	T157G	156	top_15_neighbor_indices	15	15	True	True	150
2lzmA	T157G	156	top_10_neighbor_indices	10	10	True	True	95
2lzmA	T157G	156	top_5_neighbor_indices	5	5	True	True	0
2lzmA	T157G	156	top_15_closest_neighbor_indices	15	15	True	True	0
2lzmA	T157G	156	top_10_closest_neighbor_indices	10	10	True	True	0
2lzmA	T157G	156	w_n_log_prob	15x21	15x21	True	True	5.6884813
2lzmA	T157G	156	m_n_log_prob	15x21	15x21	True	True	5.6145272
2lzmA	T157G	156	neighbor_aa_identities	list[15]	list[15]	True	not_numeric	NA
2lzmA	T157G	156	neighbor_w_message_vector_coming_from_center	15x128	15x128	True	True	0.17227095
2lzmA	T157G	156	neighbor_m_message_vector_coming_from_center	15x128	15x128	True	True	0.089282139
2lzmA	T157G	156	neighbor_w_neighbor_embedding	15x128	15x128	True	True	2.2464309
2lzmA	T157G	156	neighbor_m_neighbor_embedding	15x128	15x128	True	True	2.252326
2lzmA	T157H	156	log_prob	1x164x21	1x164x21	True	True	2.7909534
2lzmA	T157H	156	top_15_attention_weights	15	15	True	True	0.058608353
2lzmA	T157H	156	top_10_attention_weights	10	10	True	True	0.058608353
2lzmA	T157H	156	top_5_attention_weights	5	5	True	True	0.058608353
2lzmA	T157H	156	top_15_neighbor_indices	15	15	True	True	159
2lzmA	T157H	156	top_10_neighbor_indices	10	10	True	True	158
2lzmA	T157H	156	top_5_neighbor_indices	5	5	True	True	6
2lzmA	T157H	156	top_15_closest_neighbor_indices	15	15	True	True	0
2lzmA	T157H	156	top_10_closest_neighbor_indices	10	10	True	True	0
2lzmA	T157H	156	w_n_log_prob	15x21	15x21	True	True	5.878396
2lzmA	T157H	156	m_n_log_prob	15x21	15x21	True	True	5.8901191
2lzmA	T157H	156	neighbor_aa_identities	list[15]	list[15]	True	not_numeric	NA
2lzmA	T157H	156	neighbor_w_message_vector_coming_from_center	15x128	15x128	True	True	0.22713061
2lzmA	T157H	156	neighbor_m_message_vector_coming_from_center	15x128	15x128	True	True	0.30881324
2lzmA	T157H	156	neighbor_w_neighbor_embedding	15x128	15x128	True	True	3.2658877
2lzmA	T157H	156	neighbor_m_neighbor_embedding	15x128	15x128	True	True	3.2591505
2lzmA	T157I	156	log_prob	1x164x21	1x164x21	True	True	2.512114
2lzmA	T157I	156	top_15_attention_weights	15	15	True	True	0.081916392
2lzmA	T157I	156	top_10_attention_weights	10	10	True	True	0.080969334
2lzmA	T157I	156	top_5_attention_weights	5	5	True	True	0.080969334
2lzmA	T157I	156	top_15_neighbor_indices	15	15	True	True	158
2lzmA	T157I	156	top_10_neighbor_indices	10	10	True	True	158
2lzmA	T157I	156	top_5_neighbor_indices	5	5	True	True	0
2lzmA	T157I	156	top_15_closest_neighbor_indices	15	15	True	True	0
2lzmA	T157I	156	top_10_closest_neighbor_indices	10	10	True	True	0
2lzmA	T157I	156	w_n_log_prob	15x21	15x21	True	True	5.3961859
2lzmA	T157I	156	m_n_log_prob	15x21	15x21	True	True	5.4740272
2lzmA	T157I	156	neighbor_aa_identities	list[15]	list[15]	True	not_numeric	NA
2lzmA	T157I	156	neighbor_w_message_vector_coming_from_center	15x128	15x128	True	True	0.18201068
2lzmA	T157I	156	neighbor_m_message_vector_coming_from_center	15x128	15x128	True	True	0.15750979
2lzmA	T157I	156	neighbor_w_neighbor_embedding	15x128	15x128	True	True	2.1440248
2lzmA	T157I	156	neighbor_m_neighbor_embedding	15x128	15x128	True	True	2.1621373
2lzmA	T157L	156	log_prob	1x164x21	1x164x21	True	True	3.1880941
2lzmA	T157L	156	top_15_attention_weights	15	15	True	True	0.040260553
2lzmA	T157L	156	top_10_attention_weights	10	10	True	True	0.040260553
2lzmA	T157L	156	top_5_attention_weights	5	5	True	True	0.040260553
2lzmA	T157L	156	top_15_neighbor_indices	15	15	True	True	154
2lzmA	T157L	156	top_10_neighbor_indices	10	10	True	True	63
2lzmA	T157L	156	top_5_neighbor_indices	5	5	True	True	0
2lzmA	T157L	156	top_15_closest_neighbor_indices	15	15	True	True	0
2lzmA	T157L	156	top_10_closest_neighbor_indices	10	10	True	True	0
2lzmA	T157L	156	w_n_log_prob	15x21	15x21	True	True	5.0632944
2lzmA	T157L	156	m_n_log_prob	15x21	15x21	True	True	5.0569148
2lzmA	T157L	156	neighbor_aa_identities	list[15]	list[15]	True	not_numeric	NA
2lzmA	T157L	156	neighbor_w_message_vector_coming_from_center	15x128	15x128	True	True	0.17224649
2lzmA	T157L	156	neighbor_m_message_vector_coming_from_center	15x128	15x128	True	True	0.22715745
2lzmA	T157L	156	neighbor_w_neighbor_embedding	15x128	15x128	True	True	1.7689536
2lzmA	T157L	156	neighbor_m_neighbor_embedding	15x128	15x128	True	True	1.7483327
2lzmA	T157N	156	log_prob	1x164x21	1x164x21	True	True	3.276691
2lzmA	T157N	156	top_15_attention_weights	15	15	True	True	0.062496662
2lzmA	T157N	156	top_10_attention_weights	10	10	True	True	0.062496662
2lzmA	T157N	156	top_5_attention_weights	5	5	True	True	0.062496662
2lzmA	T157N	156	top_15_neighbor_indices	15	15	True	True	147
2lzmA	T157N	156	top_10_neighbor_indices	10	10	True	True	63
2lzmA	T157N	156	top_5_neighbor_indices	5	5	True	True	0
2lzmA	T157N	156	top_15_closest_neighbor_indices	15	15	True	True	0
2lzmA	T157N	156	top_10_closest_neighbor_indices	10	10	True	True	0
2lzmA	T157N	156	w_n_log_prob	15x21	15x21	True	True	4.4336452
2lzmA	T157N	156	m_n_log_prob	15x21	15x21	True	True	4.348505
2lzmA	T157N	156	neighbor_aa_identities	list[15]	list[15]	True	not_numeric	NA
2lzmA	T157N	156	neighbor_w_message_vector_coming_from_center	15x128	15x128	True	True	0.12366436
2lzmA	T157N	156	neighbor_m_message_vector_coming_from_center	15x128	15x128	True	True	0.13348887
2lzmA	T157N	156	neighbor_w_neighbor_embedding	15x128	15x128	True	True	1.7482719
2lzmA	T157N	156	neighbor_m_neighbor_embedding	15x128	15x128	True	True	1.7549939
2lzmA	T157R	156	log_prob	1x164x21	1x164x21	True	True	2.6955433
2lzmA	T157R	156	top_15_attention_weights	15	15	True	True	0.089752197
2lzmA	T157R	156	top_10_attention_weights	10	10	True	True	0.089752197
2lzmA	T157R	156	top_5_attention_weights	5	5	True	True	0.089752197
2lzmA	T157R	156	top_15_neighbor_indices	15	15	True	True	158
2lzmA	T157R	156	top_10_neighbor_indices	10	10	True	True	158
2lzmA	T157R	156	top_5_neighbor_indices	5	5	True	True	0
2lzmA	T157R	156	top_15_closest_neighbor_indices	15	15	True	True	0
2lzmA	T157R	156	top_10_closest_neighbor_indices	10	10	True	True	0
2lzmA	T157R	156	w_n_log_prob	15x21	15x21	True	True	5.3816276
2lzmA	T157R	156	m_n_log_prob	15x21	15x21	True	True	5.3906193
2lzmA	T157R	156	neighbor_aa_identities	list[15]	list[15]	True	not_numeric	NA
2lzmA	T157R	156	neighbor_w_message_vector_coming_from_center	15x128	15x128	True	True	0.24458706
2lzmA	T157R	156	neighbor_m_message_vector_coming_from_center	15x128	15x128	True	True	0.32179654
2lzmA	T157R	156	neighbor_w_neighbor_embedding	15x128	15x128	True	True	2.1188452
2lzmA	T157R	156	neighbor_m_neighbor_embedding	15x128	15x128	True	True	2.1017628
2lzmA	T157S	156	log_prob	1x164x21	1x164x21	True	True	3.0456591
2lzmA	T157S	156	top_15_attention_weights	15	15	True	True	0.1237793
2lzmA	T157S	156	top_10_attention_weights	10	10	True	True	0.1237793
2lzmA	T157S	156	top_5_attention_weights	5	5	True	True	0.1237793
2lzmA	T157S	156	top_15_neighbor_indices	15	15	True	True	122
2lzmA	T157S	156	top_10_neighbor_indices	10	10	True	True	13
2lzmA	T157S	156	top_5_neighbor_indices	5	5	True	True	3
2lzmA	T157S	156	top_15_closest_neighbor_indices	15	15	True	True	0
2lzmA	T157S	156	top_10_closest_neighbor_indices	10	10	True	True	0
2lzmA	T157S	156	w_n_log_prob	15x21	15x21	True	True	5.8885708
2lzmA	T157S	156	m_n_log_prob	15x21	15x21	True	True	5.9495983
2lzmA	T157S	156	neighbor_aa_identities	list[15]	list[15]	True	not_numeric	NA
2lzmA	T157S	156	neighbor_w_message_vector_coming_from_center	15x128	15x128	True	True	0.99121496
2lzmA	T157S	156	neighbor_m_message_vector_coming_from_center	15x128	15x128	True	True	0.96947875
2lzmA	T157S	156	neighbor_w_neighbor_embedding	15x128	15x128	True	True	3.316709
2lzmA	T157S	156	neighbor_m_neighbor_embedding	15x128	15x128	True	True	3.2230844
2lzmA	T157V	156	log_prob	1x164x21	1x164x21	True	True	2.8018079
2lzmA	T157V	156	top_15_attention_weights	15	15	True	True	0.095618188
2lzmA	T157V	156	top_10_attention_weights	10	10	True	True	0.095618188
2lzmA	T157V	156	top_5_attention_weights	5	5	True	True	0.039719224
2lzmA	T157V	156	top_15_neighbor_indices	15	15	True	True	158
2lzmA	T157V	156	top_10_neighbor_indices	10	10	True	True	158
2lzmA	T157V	156	top_5_neighbor_indices	5	5	True	True	0
2lzmA	T157V	156	top_15_closest_neighbor_indices	15	15	True	True	0
2lzmA	T157V	156	top_10_closest_neighbor_indices	10	10	True	True	0
2lzmA	T157V	156	w_n_log_prob	15x21	15x21	True	True	5.4751849
2lzmA	T157V	156	m_n_log_prob	15x21	15x21	True	True	5.4886341
2lzmA	T157V	156	neighbor_aa_identities	list[15]	list[15]	True	not_numeric	NA
2lzmA	T157V	156	neighbor_w_message_vector_coming_from_center	15x128	15x128	True	True	0.21037139
2lzmA	T157V	156	neighbor_m_message_vector_coming_from_center	15x128	15x128	True	True	0.20147305
2lzmA	T157V	156	neighbor_w_neighbor_embedding	15x128	15x128	True	True	2.1275816
2lzmA	T157V	156	neighbor_m_neighbor_embedding	15x128	15x128	True	True	2.1665616
2rn2A	D10N	9	log_prob	1x155x21	1x155x21	True	True	3.0837131
2rn2A	D10N	9	top_15_attention_weights	15	15	True	True	0.13704681
2rn2A	D10N	9	top_10_attention_weights	10	10	True	True	0.13704681
2rn2A	D10N	9	top_5_attention_weights	5	5	True	True	0.11855388
2rn2A	D10N	9	top_15_neighbor_indices	15	15	True	True	124
2rn2A	D10N	9	top_10_neighbor_indices	10	10	True	True	124
2rn2A	D10N	9	top_5_neighbor_indices	5	5	True	True	124
2rn2A	D10N	9	top_15_closest_neighbor_indices	15	15	True	True	0
2rn2A	D10N	9	top_10_closest_neighbor_indices	10	10	True	True	0
2rn2A	D10N	9	w_n_log_prob	15x21	15x21	True	True	5.5801783
2rn2A	D10N	9	m_n_log_prob	15x21	15x21	True	True	5.5560083
2rn2A	D10N	9	neighbor_aa_identities	list[15]	list[15]	True	not_numeric	NA
2rn2A	D10N	9	neighbor_w_message_vector_coming_from_center	15x128	15x128	True	True	1.186219
2rn2A	D10N	9	neighbor_m_message_vector_coming_from_center	15x128	15x128	True	True	0.93672794
2rn2A	D10N	9	neighbor_w_neighbor_embedding	15x128	15x128	True	True	1.5617511
2rn2A	D10N	9	neighbor_m_neighbor_embedding	15x128	15x128	True	True	1.6077607
2rn2A	E48Q	47	log_prob	1x155x21	1x155x21	True	True	3.2829301
2rn2A	E48Q	47	top_15_attention_weights	15	15	True	True	0.2197175
2rn2A	E48Q	47	top_10_attention_weights	10	10	True	True	0.2197175
2rn2A	E48Q	47	top_5_attention_weights	5	5	True	True	0.2197175
2rn2A	E48Q	47	top_15_neighbor_indices	15	15	True	True	89
2rn2A	E48Q	47	top_10_neighbor_indices	10	10	True	True	89
2rn2A	E48Q	47	top_5_neighbor_indices	5	5	True	True	64
2rn2A	E48Q	47	top_15_closest_neighbor_indices	15	15	True	True	0
2rn2A	E48Q	47	top_10_closest_neighbor_indices	10	10	True	True	0
2rn2A	E48Q	47	w_n_log_prob	15x21	15x21	True	True	5.5736961
2rn2A	E48Q	47	m_n_log_prob	15x21	15x21	True	True	5.5609803
2rn2A	E48Q	47	neighbor_aa_identities	list[15]	list[15]	True	not_numeric	NA
2rn2A	E48Q	47	neighbor_w_message_vector_coming_from_center	15x128	15x128	True	True	0.50417888
2rn2A	E48Q	47	neighbor_m_message_vector_coming_from_center	15x128	15x128	True	True	0.59380347
2rn2A	E48Q	47	neighbor_w_neighbor_embedding	15x128	15x128	True	True	2.3417783
2rn2A	E48Q	47	neighbor_m_neighbor_embedding	15x128	15x128	True	True	2.3247335
2rn2A	A52F	51	log_prob	1x155x21	1x155x21	True	True	3.3251865
2rn2A	A52F	51	top_15_attention_weights	15	15	True	True	0.073305905
2rn2A	A52F	51	top_10_attention_weights	10	10	True	True	0.073305905
2rn2A	A52F	51	top_5_attention_weights	5	5	True	True	0.041801095
2rn2A	A52F	51	top_15_neighbor_indices	15	15	True	True	77
2rn2A	A52F	51	top_10_neighbor_indices	10	10	True	True	54
2rn2A	A52F	51	top_5_neighbor_indices	5	5	True	True	26
2rn2A	A52F	51	top_15_closest_neighbor_indices	15	15	True	True	0
2rn2A	A52F	51	top_10_closest_neighbor_indices	10	10	True	True	0
2rn2A	A52F	51	w_n_log_prob	15x21	15x21	True	True	5.5485749
2rn2A	A52F	51	m_n_log_prob	15x21	15x21	True	True	5.3679137
2rn2A	A52F	51	neighbor_aa_identities	list[15]	list[15]	True	not_numeric	NA
2rn2A	A52F	51	neighbor_w_message_vector_coming_from_center	15x128	15x128	True	True	0.54133701
2rn2A	A52F	51	neighbor_m_message_vector_coming_from_center	15x128	15x128	True	True	0.47258013
2rn2A	A52F	51	neighbor_w_neighbor_embedding	15x128	15x128	True	True	3.3220737
2rn2A	A52F	51	neighbor_m_neighbor_embedding	15x128	15x128	True	True	3.3389673
2rn2A	A52I	51	log_prob	1x155x21	1x155x21	True	True	4.2732792
2rn2A	A52I	51	top_15_attention_weights	15	15	True	True	0.042678952
2rn2A	A52I	51	top_10_attention_weights	10	10	True	True	0.042678952
2rn2A	A52I	51	top_5_attention_weights	5	5	True	True	0.035247147
2rn2A	A52I	51	top_15_neighbor_indices	15	15	True	True	61
2rn2A	A52I	51	top_10_neighbor_indices	10	10	True	True	33
2rn2A	A52I	51	top_5_neighbor_indices	5	5	True	True	18
2rn2A	A52I	51	top_15_closest_neighbor_indices	15	15	True	True	0
2rn2A	A52I	51	top_10_closest_neighbor_indices	10	10	True	True	0
2rn2A	A52I	51	w_n_log_prob	15x21	15x21	True	True	5.4762263
2rn2A	A52I	51	m_n_log_prob	15x21	15x21	True	True	5.433857
2rn2A	A52I	51	neighbor_aa_identities	list[15]	list[15]	True	not_numeric	NA
2rn2A	A52I	51	neighbor_w_message_vector_coming_from_center	15x128	15x128	True	True	0.35983583
2rn2A	A52I	51	neighbor_m_message_vector_coming_from_center	15x128	15x128	True	True	0.5163033
2rn2A	A52I	51	neighbor_w_neighbor_embedding	15x128	15x128	True	True	2.2654448
2rn2A	A52I	51	neighbor_m_neighbor_embedding	15x128	15x128	True	True	2.5120261
2rn2A	A52L	51	log_prob	1x155x21	1x155x21	True	True	2.7517741
2rn2A	A52L	51	top_15_attention_weights	15	15	True	True	0.078914881
2rn2A	A52L	51	top_10_attention_weights	10	10	True	True	0.078914881
2rn2A	A52L	51	top_5_attention_weights	5	5	True	True	0.078914881
2rn2A	A52L	51	top_15_neighbor_indices	15	15	True	True	58
2rn2A	A52L	51	top_10_neighbor_indices	10	10	True	True	58
2rn2A	A52L	51	top_5_neighbor_indices	5	5	True	True	26
2rn2A	A52L	51	top_15_closest_neighbor_indices	15	15	True	True	0
2rn2A	A52L	51	top_10_closest_neighbor_indices	10	10	True	True	0
2rn2A	A52L	51	w_n_log_prob	15x21	15x21	True	True	5.5955601
2rn2A	A52L	51	m_n_log_prob	15x21	15x21	True	True	5.1241474
2rn2A	A52L	51	neighbor_aa_identities	list[15]	list[15]	True	not_numeric	NA
2rn2A	A52L	51	neighbor_w_message_vector_coming_from_center	15x128	15x128	True	True	0.44019538
2rn2A	A52L	51	neighbor_m_message_vector_coming_from_center	15x128	15x128	True	True	0.53543615
2rn2A	A52L	51	neighbor_w_neighbor_embedding	15x128	15x128	True	True	2.3865261
2rn2A	A52L	51	neighbor_m_neighbor_embedding	15x128	15x128	True	True	2.4345136
2rn2A	A52V	51	log_prob	1x155x21	1x155x21	True	True	3.4845383
2rn2A	A52V	51	top_15_attention_weights	15	15	True	True	0.10193551
2rn2A	A52V	51	top_10_attention_weights	10	10	True	True	0.10193551
2rn2A	A52V	51	top_5_attention_weights	5	5	True	True	0.10193551
2rn2A	A52V	51	top_15_neighbor_indices	15	15	True	True	65
2rn2A	A52V	51	top_10_neighbor_indices	10	10	True	True	65
2rn2A	A52V	51	top_5_neighbor_indices	5	5	True	True	20
2rn2A	A52V	51	top_15_closest_neighbor_indices	15	15	True	True	0
2rn2A	A52V	51	top_10_closest_neighbor_indices	10	10	True	True	0
2rn2A	A52V	51	w_n_log_prob	15x21	15x21	True	True	5.0835805
2rn2A	A52V	51	m_n_log_prob	15x21	15x21	True	True	5.1679277
2rn2A	A52V	51	neighbor_aa_identities	list[15]	list[15]	True	not_numeric	NA
2rn2A	A52V	51	neighbor_w_message_vector_coming_from_center	15x128	15x128	True	True	0.35806775
2rn2A	A52V	51	neighbor_m_message_vector_coming_from_center	15x128	15x128	True	True	0.60735083
2rn2A	A52V	51	neighbor_w_neighbor_embedding	15x128	15x128	True	True	3.3431115
2rn2A	A52V	51	neighbor_m_neighbor_embedding	15x128	15x128	True	True	3.32022
2rn2A	H62A	61	log_prob	1x155x21	1x155x21	True	True	2.5823936
2rn2A	H62A	61	top_15_attention_weights	15	15	True	True	0.057725221
2rn2A	H62A	61	top_10_attention_weights	10	10	True	True	0.039752483
2rn2A	H62A	61	top_5_attention_weights	5	5	True	True	0.024111867
2rn2A	H62A	61	top_15_neighbor_indices	15	15	True	True	115
2rn2A	H62A	61	top_10_neighbor_indices	10	10	True	True	50
2rn2A	H62A	61	top_5_neighbor_indices	5	5	True	True	0
2rn2A	H62A	61	top_15_closest_neighbor_indices	15	15	True	True	0
2rn2A	H62A	61	top_10_closest_neighbor_indices	10	10	True	True	0
2rn2A	H62A	61	w_n_log_prob	15x21	15x21	True	True	4.3364844
2rn2A	H62A	61	m_n_log_prob	15x21	15x21	True	True	4.3149872
2rn2A	H62A	61	neighbor_aa_identities	list[15]	list[15]	True	not_numeric	NA
2rn2A	H62A	61	neighbor_w_message_vector_coming_from_center	15x128	15x128	True	True	0.34381139
2rn2A	H62A	61	neighbor_m_message_vector_coming_from_center	15x128	15x128	True	True	0.10393035
2rn2A	H62A	61	neighbor_w_neighbor_embedding	15x128	15x128	True	True	2.3107953
2rn2A	H62A	61	neighbor_m_neighbor_embedding	15x128	15x128	True	True	2.3746057
2rn2A	H62P	61	log_prob	1x155x21	1x155x21	True	True	3.444483
2rn2A	H62P	61	top_15_attention_weights	15	15	True	True	0.039880335
2rn2A	H62P	61	top_10_attention_weights	10	10	True	True	0.039880335
2rn2A	H62P	61	top_5_attention_weights	5	5	True	True	0.039880335
2rn2A	H62P	61	top_15_neighbor_indices	15	15	True	True	61
2rn2A	H62P	61	top_10_neighbor_indices	10	10	True	True	55
2rn2A	H62P	61	top_5_neighbor_indices	5	5	True	True	0
2rn2A	H62P	61	top_15_closest_neighbor_indices	15	15	True	True	0
2rn2A	H62P	61	top_10_closest_neighbor_indices	10	10	True	True	0
2rn2A	H62P	61	w_n_log_prob	15x21	15x21	True	True	6.1398616
2rn2A	H62P	61	m_n_log_prob	15x21	15x21	True	True	6.250865
2rn2A	H62P	61	neighbor_aa_identities	list[15]	list[15]	True	not_numeric	NA
2rn2A	H62P	61	neighbor_w_message_vector_coming_from_center	15x128	15x128	True	True	0.67573649
2rn2A	H62P	61	neighbor_m_message_vector_coming_from_center	15x128	15x128	True	True	0.58189487
2rn2A	H62P	61	neighbor_w_neighbor_embedding	15x128	15x128	True	True	1.6792929
2rn2A	H62P	61	neighbor_m_neighbor_embedding	15x128	15x128	True	True	1.7086339
2rn2A	D70N	69	log_prob	1x155x21	1x155x21	True	True	4.2026262
2rn2A	D70N	69	top_15_attention_weights	15	15	True	True	0.19575596
2rn2A	D70N	69	top_10_attention_weights	10	10	True	True	0.19575596
2rn2A	D70N	69	top_5_attention_weights	5	5	True	True	0.19575596
2rn2A	D70N	69	top_15_neighbor_indices	15	15	True	True	87
2rn2A	D70N	69	top_10_neighbor_indices	10	10	True	True	87
2rn2A	D70N	69	top_5_neighbor_indices	5	5	True	True	61
2rn2A	D70N	69	top_15_closest_neighbor_indices	15	15	True	True	0
2rn2A	D70N	69	top_10_closest_neighbor_indices	10	10	True	True	0
2rn2A	D70N	69	w_n_log_prob	15x21	15x21	True	True	5.2495561
2rn2A	D70N	69	m_n_log_prob	15x21	15x21	True	True	5.2184067
2rn2A	D70N	69	neighbor_aa_identities	list[15]	list[15]	True	not_numeric	NA
2rn2A	D70N	69	neighbor_w_message_vector_coming_from_center	15x128	15x128	True	True	0.45597985
2rn2A	D70N	69	neighbor_m_message_vector_coming_from_center	15x128	15x128	True	True	0.41248178
2rn2A	D70N	69	neighbor_w_neighbor_embedding	15x128	15x128	True	True	2.2606571
2rn2A	D70N	69	neighbor_m_neighbor_embedding	15x128	15x128	True	True	2.2279239
2rn2A	V74L	73	log_prob	1x155x21	1x155x21	True	True	2.2259173
2rn2A	V74L	73	top_15_attention_weights	15	15	True	True	0.071385384
2rn2A	V74L	73	top_10_attention_weights	10	10	True	True	0.071385384
2rn2A	V74L	73	top_5_attention_weights	5	5	True	True	0.071385384
2rn2A	V74L	73	top_15_neighbor_indices	15	15	True	True	108
2rn2A	V74L	73	top_10_neighbor_indices	10	10	True	True	108
2rn2A	V74L	73	top_5_neighbor_indices	5	5	True	True	60
2rn2A	V74L	73	top_15_closest_neighbor_indices	15	15	True	True	0
2rn2A	V74L	73	top_10_closest_neighbor_indices	10	10	True	True	0
2rn2A	V74L	73	w_n_log_prob	15x21	15x21	True	True	5.7813125
2rn2A	V74L	73	m_n_log_prob	15x21	15x21	True	True	5.8306451
2rn2A	V74L	73	neighbor_aa_identities	list[15]	list[15]	True	not_numeric	NA
2rn2A	V74L	73	neighbor_w_message_vector_coming_from_center	15x128	15x128	True	True	0.53429842
2rn2A	V74L	73	neighbor_m_message_vector_coming_from_center	15x128	15x128	True	True	0.80621558
2rn2A	V74L	73	neighbor_w_neighbor_embedding	15x128	15x128	True	True	2.4182611
2rn2A	V74L	73	neighbor_m_neighbor_embedding	15x128	15x128	True	True	2.5143006
2rn2A	V74I	73	log_prob	1x155x21	1x155x21	True	True	2.9276357
2rn2A	V74I	73	top_15_attention_weights	15	15	True	True	0.068765402
2rn2A	V74I	73	top_10_attention_weights	10	10	True	True	0.068765402
2rn2A	V74I	73	top_5_attention_weights	5	5	True	True	0.048979163
2rn2A	V74I	73	top_15_neighbor_indices	15	15	True	True	97
2rn2A	V74I	73	top_10_neighbor_indices	10	10	True	True	97
2rn2A	V74I	73	top_5_neighbor_indices	5	5	True	True	22
2rn2A	V74I	73	top_15_closest_neighbor_indices	15	15	True	True	0
2rn2A	V74I	73	top_10_closest_neighbor_indices	10	10	True	True	0
2rn2A	V74I	73	w_n_log_prob	15x21	15x21	True	True	5.6288414
2rn2A	V74I	73	m_n_log_prob	15x21	15x21	True	True	5.6584039
2rn2A	V74I	73	neighbor_aa_identities	list[15]	list[15]	True	not_numeric	NA
2rn2A	V74I	73	neighbor_w_message_vector_coming_from_center	15x128	15x128	True	True	0.56694394
2rn2A	V74I	73	neighbor_m_message_vector_coming_from_center	15x128	15x128	True	True	0.60072953
2rn2A	V74I	73	neighbor_w_neighbor_embedding	15x128	15x128	True	True	2.5948205
2rn2A	V74I	73	neighbor_m_neighbor_embedding	15x128	15x128	True	True	2.6243496
2rn2A	G77A	76	log_prob	1x155x21	1x155x21	True	True	3.2989535
2rn2A	G77A	76	top_15_attention_weights	15	15	True	True	0.10303813
2rn2A	G77A	76	top_10_attention_weights	10	10	True	True	0.10303813
2rn2A	G77A	76	top_5_attention_weights	5	5	True	True	0.066961169
2rn2A	G77A	76	top_15_neighbor_indices	15	15	True	True	28
2rn2A	G77A	76	top_10_neighbor_indices	10	10	True	True	27
2rn2A	G77A	76	top_5_neighbor_indices	5	5	True	True	0
2rn2A	G77A	76	top_15_closest_neighbor_indices	15	15	True	True	0
2rn2A	G77A	76	top_10_closest_neighbor_indices	10	10	True	True	0
2rn2A	G77A	76	w_n_log_prob	15x21	15x21	True	True	5.0683236
2rn2A	G77A	76	m_n_log_prob	15x21	15x21	True	True	5.0151453
2rn2A	G77A	76	neighbor_aa_identities	list[15]	list[15]	True	not_numeric	NA
2rn2A	G77A	76	neighbor_w_message_vector_coming_from_center	15x128	15x128	True	True	0.30237371
2rn2A	G77A	76	neighbor_m_message_vector_coming_from_center	15x128	15x128	True	True	0.45062581
2rn2A	G77A	76	neighbor_w_neighbor_embedding	15x128	15x128	True	True	2.1231804
2rn2A	G77A	76	neighbor_m_neighbor_embedding	15x128	15x128	True	True	2.2400727
2rn2A	K95A	94	log_prob	1x155x21	1x155x21	True	True	2.9490387
2rn2A	K95A	94	top_15_attention_weights	15	15	True	True	0.15859234
2rn2A	K95A	94	top_10_attention_weights	10	10	True	True	0.15859234
2rn2A	K95A	94	top_5_attention_weights	5	5	True	True	0.15859234
2rn2A	K95A	94	top_15_neighbor_indices	15	15	True	True	71
2rn2A	K95A	94	top_10_neighbor_indices	10	10	True	True	14
2rn2A	K95A	94	top_5_neighbor_indices	5	5	True	True	12
2rn2A	K95A	94	top_15_closest_neighbor_indices	15	15	True	True	0
2rn2A	K95A	94	top_10_closest_neighbor_indices	10	10	True	True	0
2rn2A	K95A	94	w_n_log_prob	15x21	15x21	True	True	4.9438515
2rn2A	K95A	94	m_n_log_prob	15x21	15x21	True	True	4.9392157
2rn2A	K95A	94	neighbor_aa_identities	list[15]	list[15]	True	not_numeric	NA
2rn2A	K95A	94	neighbor_w_message_vector_coming_from_center	15x128	15x128	True	True	0.38660261
2rn2A	K95A	94	neighbor_m_message_vector_coming_from_center	15x128	15x128	True	True	0.13416572
2rn2A	K95A	94	neighbor_w_neighbor_embedding	15x128	15x128	True	True	1.6178421
2rn2A	K95A	94	neighbor_m_neighbor_embedding	15x128	15x128	True	True	1.6896862
2rn2A	K95G	94	log_prob	1x155x21	1x155x21	True	True	3.2484841
2rn2A	K95G	94	top_15_attention_weights	15	15	True	True	0.20300317
2rn2A	K95G	94	top_10_attention_weights	10	10	True	True	0.20300317
2rn2A	K95G	94	top_5_attention_weights	5	5	True	True	0.20300317
2rn2A	K95G	94	top_15_neighbor_indices	15	15	True	True	25
2rn2A	K95G	94	top_10_neighbor_indices	10	10	True	True	14
2rn2A	K95G	94	top_5_neighbor_indices	5	5	True	True	9
2rn2A	K95G	94	top_15_closest_neighbor_indices	15	15	True	True	0
2rn2A	K95G	94	top_10_closest_neighbor_indices	10	10	True	True	0
2rn2A	K95G	94	w_n_log_prob	15x21	15x21	True	True	4.516058
2rn2A	K95G	94	m_n_log_prob	15x21	15x21	True	True	4.5555506
2rn2A	K95G	94	neighbor_aa_identities	list[15]	list[15]	True	not_numeric	NA
2rn2A	K95G	94	neighbor_w_message_vector_coming_from_center	15x128	15x128	True	True	0.45284909
2rn2A	K95G	94	neighbor_m_message_vector_coming_from_center	15x128	15x128	True	True	0.25840529
2rn2A	K95G	94	neighbor_w_neighbor_embedding	15x128	15x128	True	True	1.9335191
2rn2A	K95G	94	neighbor_m_neighbor_embedding	15x128	15x128	True	True	2.0075788
2rn2A	K95N	94	log_prob	1x155x21	1x155x21	True	True	3.9887977
2rn2A	K95N	94	top_15_attention_weights	15	15	True	True	0.083332211
2rn2A	K95N	94	top_10_attention_weights	10	10	True	True	0.083332211
2rn2A	K95N	94	top_5_attention_weights	5	5	True	True	0.057345271
2rn2A	K95N	94	top_15_neighbor_indices	15	15	True	True	44
2rn2A	K95N	94	top_10_neighbor_indices	10	10	True	True	13
2rn2A	K95N	94	top_5_neighbor_indices	5	5	True	True	12
2rn2A	K95N	94	top_15_closest_neighbor_indices	15	15	True	True	0
2rn2A	K95N	94	top_10_closest_neighbor_indices	10	10	True	True	0
2rn2A	K95N	94	w_n_log_prob	15x21	15x21	True	True	5.144897
2rn2A	K95N	94	m_n_log_prob	15x21	15x21	True	True	5.1993155
2rn2A	K95N	94	neighbor_aa_identities	list[15]	list[15]	True	not_numeric	NA
2rn2A	K95N	94	neighbor_w_message_vector_coming_from_center	15x128	15x128	True	True	0.43672753
2rn2A	K95N	94	neighbor_m_message_vector_coming_from_center	15x128	15x128	True	True	0.22269239
2rn2A	K95N	94	neighbor_w_neighbor_embedding	15x128	15x128	True	True	1.5953246
2rn2A	K95N	94	neighbor_m_neighbor_embedding	15x128	15x128	True	True	1.6135899
2rn2A	D134A	133	log_prob	1x155x21	1x155x21	True	True	3.5532722
2rn2A	D134A	133	top_15_attention_weights	15	15	True	True	0.57336092
2rn2A	D134A	133	top_10_attention_weights	10	10	True	True	0.57336092
2rn2A	D134A	133	top_5_attention_weights	5	5	True	True	0.57336092
2rn2A	D134A	133	top_15_neighbor_indices	15	15	True	True	94
2rn2A	D134A	133	top_10_neighbor_indices	10	10	True	True	94
2rn2A	D134A	133	top_5_neighbor_indices	5	5	True	True	0
2rn2A	D134A	133	top_15_closest_neighbor_indices	15	15	True	True	0
2rn2A	D134A	133	top_10_closest_neighbor_indices	10	10	True	True	0
2rn2A	D134A	133	w_n_log_prob	15x21	15x21	True	True	5.4623556
2rn2A	D134A	133	m_n_log_prob	15x21	15x21	True	True	5.3287563
2rn2A	D134A	133	neighbor_aa_identities	list[15]	list[15]	True	not_numeric	NA
2rn2A	D134A	133	neighbor_w_message_vector_coming_from_center	15x128	15x128	True	True	0.39572611
2rn2A	D134A	133	neighbor_m_message_vector_coming_from_center	15x128	15x128	True	True	0.42149714
2rn2A	D134A	133	neighbor_w_neighbor_embedding	15x128	15x128	True	True	2.2869
2rn2A	D134A	133	neighbor_m_neighbor_embedding	15x128	15x128	True	True	2.2683721
2rn2A	D134H	133	log_prob	1x155x21	1x155x21	True	True	3.587755
2rn2A	D134H	133	top_15_attention_weights	15	15	True	True	0.15766239
2rn2A	D134H	133	top_10_attention_weights	10	10	True	True	0.15766239
2rn2A	D134H	133	top_5_attention_weights	5	5	True	True	0.15766239
2rn2A	D134H	133	top_15_neighbor_indices	15	15	True	True	129
2rn2A	D134H	133	top_10_neighbor_indices	10	10	True	True	126
2rn2A	D134H	133	top_5_neighbor_indices	5	5	True	True	2
2rn2A	D134H	133	top_15_closest_neighbor_indices	15	15	True	True	0
2rn2A	D134H	133	top_10_closest_neighbor_indices	10	10	True	True	0
2rn2A	D134H	133	w_n_log_prob	15x21	15x21	True	True	4.6721873
2rn2A	D134H	133	m_n_log_prob	15x21	15x21	True	True	4.6070914
2rn2A	D134H	133	neighbor_aa_identities	list[15]	list[15]	True	not_numeric	NA
2rn2A	D134H	133	neighbor_w_message_vector_coming_from_center	15x128	15x128	True	True	0.65693927
2rn2A	D134H	133	neighbor_m_message_vector_coming_from_center	15x128	15x128	True	True	0.58917439
2rn2A	D134H	133	neighbor_w_neighbor_embedding	15x128	15x128	True	True	2.5061636
2rn2A	D134H	133	neighbor_m_neighbor_embedding	15x128	15x128	True	True	2.4645894
2rn2A	D134N	133	log_prob	1x155x21	1x155x21	True	True	3.607435
2rn2A	D134N	133	top_15_attention_weights	15	15	True	True	0.076804161
2rn2A	D134N	133	top_10_attention_weights	10	10	True	True	0.076804161
2rn2A	D134N	133	top_5_attention_weights	5	5	True	True	0.063395143
2rn2A	D134N	133	top_15_neighbor_indices	15	15	True	True	126
2rn2A	D134N	133	top_10_neighbor_indices	10	10	True	True	126
2rn2A	D134N	133	top_5_neighbor_indices	5	5	True	True	12
2rn2A	D134N	133	top_15_closest_neighbor_indices	15	15	True	True	0
2rn2A	D134N	133	top_10_closest_neighbor_indices	10	10	True	True	0
2rn2A	D134N	133	w_n_log_prob	15x21	15x21	True	True	4.7594299
2rn2A	D134N	133	m_n_log_prob	15x21	15x21	True	True	4.6742764
2rn2A	D134N	133	neighbor_aa_identities	list[15]	list[15]	True	not_numeric	NA
2rn2A	D134N	133	neighbor_w_message_vector_coming_from_center	15x128	15x128	True	True	0.71243513
2rn2A	D134N	133	neighbor_m_message_vector_coming_from_center	15x128	15x128	True	True	0.43620831
2rn2A	D134N	133	neighbor_w_neighbor_embedding	15x128	15x128	True	True	2.475529
2rn2A	D134N	133	neighbor_m_neighbor_embedding	15x128	15x128	True	True	2.4872177
4lyzA	M12F	11	log_prob	1x129x21	1x129x21	True	True	3.8657556
4lyzA	M12F	11	top_15_attention_weights	15	15	True	True	0.084363312
4lyzA	M12F	11	top_10_attention_weights	10	10	True	True	0.084363312
4lyzA	M12F	11	top_5_attention_weights	5	5	True	True	0.069666922
4lyzA	M12F	11	top_15_neighbor_indices	15	15	True	True	83
4lyzA	M12F	11	top_10_neighbor_indices	10	10	True	True	71
4lyzA	M12F	11	top_5_neighbor_indices	5	5	True	True	71
4lyzA	M12F	11	top_15_closest_neighbor_indices	15	15	True	True	0
4lyzA	M12F	11	top_10_closest_neighbor_indices	10	10	True	True	0
4lyzA	M12F	11	w_n_log_prob	15x21	15x21	True	True	6.0598226
4lyzA	M12F	11	m_n_log_prob	15x21	15x21	True	True	6.0512843
4lyzA	M12F	11	neighbor_aa_identities	list[15]	list[15]	True	not_numeric	NA
4lyzA	M12F	11	neighbor_w_message_vector_coming_from_center	15x128	15x128	True	True	0.30772755
4lyzA	M12F	11	neighbor_m_message_vector_coming_from_center	15x128	15x128	True	True	0.39312935
4lyzA	M12F	11	neighbor_w_neighbor_embedding	15x128	15x128	True	True	2.6693952
4lyzA	M12F	11	neighbor_m_neighbor_embedding	15x128	15x128	True	True	2.5755422
4lyzA	M12L	11	log_prob	1x129x21	1x129x21	True	True	2.9827197
4lyzA	M12L	11	top_15_attention_weights	15	15	True	True	0.06565845
4lyzA	M12L	11	top_10_attention_weights	10	10	True	True	0.06565845
4lyzA	M12L	11	top_5_attention_weights	5	5	True	True	0.06565845
4lyzA	M12L	11	top_15_neighbor_indices	15	15	True	True	102
4lyzA	M12L	11	top_10_neighbor_indices	10	10	True	True	46
4lyzA	M12L	11	top_5_neighbor_indices	5	5	True	True	0
4lyzA	M12L	11	top_15_closest_neighbor_indices	15	15	True	True	0
4lyzA	M12L	11	top_10_closest_neighbor_indices	10	10	True	True	0
4lyzA	M12L	11	w_n_log_prob	15x21	15x21	True	True	5.7798891
4lyzA	M12L	11	m_n_log_prob	15x21	15x21	True	True	5.7777252
4lyzA	M12L	11	neighbor_aa_identities	list[15]	list[15]	True	not_numeric	NA
4lyzA	M12L	11	neighbor_w_message_vector_coming_from_center	15x128	15x128	True	True	0.3110514
4lyzA	M12L	11	neighbor_m_message_vector_coming_from_center	15x128	15x128	True	True	0.28330499
4lyzA	M12L	11	neighbor_w_neighbor_embedding	15x128	15x128	True	True	2.6746616
4lyzA	M12L	11	neighbor_m_neighbor_embedding	15x128	15x128	True	True	2.7074132
4lyzA	T40S	39	log_prob	1x129x21	1x129x21	True	True	3.8300989
4lyzA	T40S	39	top_15_attention_weights	15	15	True	True	0.072284102
4lyzA	T40S	39	top_10_attention_weights	10	10	True	True	0.072284102
4lyzA	T40S	39	top_5_attention_weights	5	5	True	True	0.057593346
4lyzA	T40S	39	top_15_neighbor_indices	15	15	True	True	51
4lyzA	T40S	39	top_10_neighbor_indices	10	10	True	True	49
4lyzA	T40S	39	top_5_neighbor_indices	5	5	True	True	0
4lyzA	T40S	39	top_15_closest_neighbor_indices	15	15	True	True	0
4lyzA	T40S	39	top_10_closest_neighbor_indices	10	10	True	True	0
4lyzA	T40S	39	w_n_log_prob	15x21	15x21	True	True	5.9027271
4lyzA	T40S	39	m_n_log_prob	15x21	15x21	True	True	6.0534434
4lyzA	T40S	39	neighbor_aa_identities	list[15]	list[15]	True	not_numeric	NA
4lyzA	T40S	39	neighbor_w_message_vector_coming_from_center	15x128	15x128	True	True	0.33512154
4lyzA	T40S	39	neighbor_m_message_vector_coming_from_center	15x128	15x128	True	True	0.31009626
4lyzA	T40S	39	neighbor_w_neighbor_embedding	15x128	15x128	True	True	1.5044365
4lyzA	T40S	39	neighbor_m_neighbor_embedding	15x128	15x128	True	True	1.6130136
4lyzA	G49A	48	log_prob	1x129x21	1x129x21	True	True	4.0545583
4lyzA	G49A	48	top_15_attention_weights	15	15	True	True	0.079883188
4lyzA	G49A	48	top_10_attention_weights	10	10	True	True	0.074157774
4lyzA	G49A	48	top_5_attention_weights	5	5	True	True	0.055411816
4lyzA	G49A	48	top_15_neighbor_indices	15	15	True	True	35
4lyzA	G49A	48	top_10_neighbor_indices	10	10	True	True	29
4lyzA	G49A	48	top_5_neighbor_indices	5	5	True	True	29
4lyzA	G49A	48	top_15_closest_neighbor_indices	15	15	True	True	0
4lyzA	G49A	48	top_10_closest_neighbor_indices	10	10	True	True	0
4lyzA	G49A	48	w_n_log_prob	15x21	15x21	True	True	5.3037338
4lyzA	G49A	48	m_n_log_prob	15x21	15x21	True	True	5.1151814
4lyzA	G49A	48	neighbor_aa_identities	list[15]	list[15]	True	not_numeric	NA
4lyzA	G49A	48	neighbor_w_message_vector_coming_from_center	15x128	15x128	True	True	0.093546152
4lyzA	G49A	48	neighbor_m_message_vector_coming_from_center	15x128	15x128	True	True	0.088716589
4lyzA	G49A	48	neighbor_w_neighbor_embedding	15x128	15x128	True	True	1.418148
4lyzA	G49A	48	neighbor_m_neighbor_embedding	15x128	15x128	True	True	1.32777
4lyzA	I55V	54	log_prob	1x129x21	1x129x21	True	True	3.2424438
4lyzA	I55V	54	top_15_attention_weights	15	15	True	True	0.116539
4lyzA	I55V	54	top_10_attention_weights	10	10	True	True	0.116539
4lyzA	I55V	54	top_5_attention_weights	5	5	True	True	0.116539
4lyzA	I55V	54	top_15_neighbor_indices	15	15	True	True	24
4lyzA	I55V	54	top_10_neighbor_indices	10	10	True	True	24
4lyzA	I55V	54	top_5_neighbor_indices	5	5	True	True	8
4lyzA	I55V	54	top_15_closest_neighbor_indices	15	15	True	True	0
4lyzA	I55V	54	top_10_closest_neighbor_indices	10	10	True	True	0
4lyzA	I55V	54	w_n_log_prob	15x21	15x21	True	True	6.0353479
4lyzA	I55V	54	m_n_log_prob	15x21	15x21	True	True	5.7396293
4lyzA	I55V	54	neighbor_aa_identities	list[15]	list[15]	True	not_numeric	NA
4lyzA	I55V	54	neighbor_w_message_vector_coming_from_center	15x128	15x128	True	True	0.42506349
4lyzA	I55V	54	neighbor_m_message_vector_coming_from_center	15x128	15x128	True	True	0.49301612
4lyzA	I55V	54	neighbor_w_neighbor_embedding	15x128	15x128	True	True	2.264081
4lyzA	I55V	54	neighbor_m_neighbor_embedding	15x128	15x128	True	True	2.312284
4lyzA	I58M	57	log_prob	1x129x21	1x129x21	True	True	4.1681852
4lyzA	I58M	57	top_15_attention_weights	15	15	True	True	0.23867095
4lyzA	I58M	57	top_10_attention_weights	10	10	True	True	0.23867095
4lyzA	I58M	57	top_5_attention_weights	5	5	True	True	0.065298736
4lyzA	I58M	57	top_15_neighbor_indices	15	15	True	True	41
4lyzA	I58M	57	top_10_neighbor_indices	10	10	True	True	38
4lyzA	I58M	57	top_5_neighbor_indices	5	5	True	True	38
4lyzA	I58M	57	top_15_closest_neighbor_indices	15	15	True	True	0
4lyzA	I58M	57	top_10_closest_neighbor_indices	10	10	True	True	0
4lyzA	I58M	57	w_n_log_prob	15x21	15x21	True	True	5.981379
4lyzA	I58M	57	m_n_log_prob	15x21	15x21	True	True	6.1284781
4lyzA	I58M	57	neighbor_aa_identities	list[15]	list[15]	True	not_numeric	NA
4lyzA	I58M	57	neighbor_w_message_vector_coming_from_center	15x128	15x128	True	True	0.36536857
4lyzA	I58M	57	neighbor_m_message_vector_coming_from_center	15x128	15x128	True	True	0.3289648
4lyzA	I58M	57	neighbor_w_neighbor_embedding	15x128	15x128	True	True	2.0688543
4lyzA	I58M	57	neighbor_m_neighbor_embedding	15x128	15x128	True	True	1.9743509
4lyzA	G67A	66	log_prob	1x129x21	1x129x21	True	True	4.0324659
4lyzA	G67A	66	top_15_attention_weights	15	15	True	True	0.13489118
4lyzA	G67A	66	top_10_attention_weights	10	10	True	True	0.13489118
4lyzA	G67A	66	top_5_attention_weights	5	5	True	True	0.087458611
4lyzA	G67A	66	top_15_neighbor_indices	15	15	True	True	35
4lyzA	G67A	66	top_10_neighbor_indices	10	10	True	True	35
4lyzA	G67A	66	top_5_neighbor_indices	5	5	True	True	26
4lyzA	G67A	66	top_15_closest_neighbor_indices	15	15	True	True	0
4lyzA	G67A	66	top_10_closest_neighbor_indices	10	10	True	True	0
4lyzA	G67A	66	w_n_log_prob	15x21	15x21	True	True	5.9348149
4lyzA	G67A	66	m_n_log_prob	15x21	15x21	True	True	6.0336704
4lyzA	G67A	66	neighbor_aa_identities	list[15]	list[15]	True	not_numeric	NA
4lyzA	G67A	66	neighbor_w_message_vector_coming_from_center	15x128	15x128	True	True	0.75107367
4lyzA	G67A	66	neighbor_m_message_vector_coming_from_center	15x128	15x128	True	True	0.71943233
4lyzA	G67A	66	neighbor_w_neighbor_embedding	15x128	15x128	True	True	1.4943292
4lyzA	G67A	66	neighbor_m_neighbor_embedding	15x128	15x128	True	True	1.4947848
4lyzA	G71A	70	log_prob	1x129x21	1x129x21	True	True	4.0658731
4lyzA	G71A	70	top_15_attention_weights	15	15	True	True	0.17905399
4lyzA	G71A	70	top_10_attention_weights	10	10	True	True	0.17905399
4lyzA	G71A	70	top_5_attention_weights	5	5	True	True	0.027374864
4lyzA	G71A	70	top_15_neighbor_indices	15	15	True	True	47
4lyzA	G71A	70	top_10_neighbor_indices	10	10	True	True	33
4lyzA	G71A	70	top_5_neighbor_indices	5	5	True	True	12
4lyzA	G71A	70	top_15_closest_neighbor_indices	15	15	True	True	0
4lyzA	G71A	70	top_10_closest_neighbor_indices	10	10	True	True	0
4lyzA	G71A	70	w_n_log_prob	15x21	15x21	True	True	5.9506259
4lyzA	G71A	70	m_n_log_prob	15x21	15x21	True	True	5.8479648
4lyzA	G71A	70	neighbor_aa_identities	list[15]	list[15]	True	not_numeric	NA
4lyzA	G71A	70	neighbor_w_message_vector_coming_from_center	15x128	15x128	True	True	0.15434094
4lyzA	G71A	70	neighbor_m_message_vector_coming_from_center	15x128	15x128	True	True	0.1716233
4lyzA	G71A	70	neighbor_w_neighbor_embedding	15x128	15x128	True	True	1.6096854
4lyzA	G71A	70	neighbor_m_neighbor_embedding	15x128	15x128	True	True	1.671941
4lyzA	I78M	77	log_prob	1x129x21	1x129x21	True	True	2.0556328
4lyzA	I78M	77	top_15_attention_weights	15	15	True	True	0.11046407
4lyzA	I78M	77	top_10_attention_weights	10	10	True	True	0.11046407
4lyzA	I78M	77	top_5_attention_weights	5	5	True	True	0.10270333
4lyzA	I78M	77	top_15_neighbor_indices	15	15	True	True	22
4lyzA	I78M	77	top_10_neighbor_indices	10	10	True	True	19
4lyzA	I78M	77	top_5_neighbor_indices	5	5	True	True	11
4lyzA	I78M	77	top_15_closest_neighbor_indices	15	15	True	True	0
4lyzA	I78M	77	top_10_closest_neighbor_indices	10	10	True	True	0
4lyzA	I78M	77	w_n_log_prob	15x21	15x21	True	True	6.0829191
4lyzA	I78M	77	m_n_log_prob	15x21	15x21	True	True	6.0632753
4lyzA	I78M	77	neighbor_aa_identities	list[15]	list[15]	True	not_numeric	NA
4lyzA	I78M	77	neighbor_w_message_vector_coming_from_center	15x128	15x128	True	True	0.40699977
4lyzA	I78M	77	neighbor_m_message_vector_coming_from_center	15x128	15x128	True	True	0.36006966
4lyzA	I78M	77	neighbor_w_neighbor_embedding	15x128	15x128	True	True	1.6288497
4lyzA	I78M	77	neighbor_m_neighbor_embedding	15x128	15x128	True	True	1.6347641
4lyzA	S91A	90	log_prob	1x129x21	1x129x21	True	True	4.5399475
4lyzA	S91A	90	top_15_attention_weights	15	15	True	True	0.41948485
4lyzA	S91A	90	top_10_attention_weights	10	10	True	True	0.41948485
4lyzA	S91A	90	top_5_attention_weights	5	5	True	True	0.040567636
4lyzA	S91A	90	top_15_neighbor_indices	15	15	True	True	32
4lyzA	S91A	90	top_10_neighbor_indices	10	10	True	True	29
4lyzA	S91A	90	top_5_neighbor_indices	5	5	True	True	0
4lyzA	S91A	90	top_15_closest_neighbor_indices	15	15	True	True	0
4lyzA	S91A	90	top_10_closest_neighbor_indices	10	10	True	True	0
4lyzA	S91A	90	w_n_log_prob	15x21	15x21	True	True	5.6151843
4lyzA	S91A	90	m_n_log_prob	15x21	15x21	True	True	5.7548933
4lyzA	S91A	90	neighbor_aa_identities	list[15]	list[15]	True	not_numeric	NA
4lyzA	S91A	90	neighbor_w_message_vector_coming_from_center	15x128	15x128	True	True	0.43036216
4lyzA	S91A	90	neighbor_m_message_vector_coming_from_center	15x128	15x128	True	True	0.50409108
4lyzA	S91A	90	neighbor_w_neighbor_embedding	15x128	15x128	True	True	2.6688938
4lyzA	S91A	90	neighbor_m_neighbor_embedding	15x128	15x128	True	True	2.727668
4lyzA	S91T	90	log_prob	1x129x21	1x129x21	True	True	4.1701255
4lyzA	S91T	90	top_15_attention_weights	15	15	True	True	0.49669886
4lyzA	S91T	90	top_10_attention_weights	10	10	True	True	0.49669886
4lyzA	S91T	90	top_5_attention_weights	5	5	True	True	0.042263985
4lyzA	S91T	90	top_15_neighbor_indices	15	15	True	True	41
4lyzA	S91T	90	top_10_neighbor_indices	10	10	True	True	29
4lyzA	S91T	90	top_5_neighbor_indices	5	5	True	True	0
4lyzA	S91T	90	top_15_closest_neighbor_indices	15	15	True	True	0
4lyzA	S91T	90	top_10_closest_neighbor_indices	10	10	True	True	0
4lyzA	S91T	90	w_n_log_prob	15x21	15x21	True	True	5.8259478
4lyzA	S91T	90	m_n_log_prob	15x21	15x21	True	True	5.8228025
4lyzA	S91T	90	neighbor_aa_identities	list[15]	list[15]	True	not_numeric	NA
4lyzA	S91T	90	neighbor_w_message_vector_coming_from_center	15x128	15x128	True	True	0.38809651
4lyzA	S91T	90	neighbor_m_message_vector_coming_from_center	15x128	15x128	True	True	0.34418499
4lyzA	S91T	90	neighbor_w_neighbor_embedding	15x128	15x128	True	True	2.2760763
4lyzA	S91T	90	neighbor_m_neighbor_embedding	15x128	15x128	True	True	2.1396575
4lyzA	I98M	97	log_prob	1x129x21	1x129x21	True	True	4.1308422
4lyzA	I98M	97	top_15_attention_weights	15	15	True	True	0.12660861
4lyzA	I98M	97	top_10_attention_weights	10	10	True	True	0.12660861
4lyzA	I98M	97	top_5_attention_weights	5	5	True	True	0.12660861
4lyzA	I98M	97	top_15_neighbor_indices	15	15	True	True	48
4lyzA	I98M	97	top_10_neighbor_indices	10	10	True	True	31
4lyzA	I98M	97	top_5_neighbor_indices	5	5	True	True	1
4lyzA	I98M	97	top_15_closest_neighbor_indices	15	15	True	True	0
4lyzA	I98M	97	top_10_closest_neighbor_indices	10	10	True	True	0
4lyzA	I98M	97	w_n_log_prob	15x21	15x21	True	True	5.3388209
4lyzA	I98M	97	m_n_log_prob	15x21	15x21	True	True	5.1219888
4lyzA	I98M	97	neighbor_aa_identities	list[15]	list[15]	True	not_numeric	NA
4lyzA	I98M	97	neighbor_w_message_vector_coming_from_center	15x128	15x128	True	True	0.22760546
4lyzA	I98M	97	neighbor_m_message_vector_coming_from_center	15x128	15x128	True	True	0.30413732
4lyzA	I98M	97	neighbor_w_neighbor_embedding	15x128	15x128	True	True	1.782234
4lyzA	I98M	97	neighbor_m_neighbor_embedding	15x128	15x128	True	True	1.9145964
4lyzA	G102A	101	log_prob	1x129x21	1x129x21	True	True	3.6270645
4lyzA	G102A	101	top_15_attention_weights	15	15	True	True	0.04001379
4lyzA	G102A	101	top_10_attention_weights	10	10	True	True	0.039673984
4lyzA	G102A	101	top_5_attention_weights	5	5	True	True	0.039673984
4lyzA	G102A	101	top_15_neighbor_indices	15	15	True	True	85
4lyzA	G102A	101	top_10_neighbor_indices	10	10	True	True	85
4lyzA	G102A	101	top_5_neighbor_indices	5	5	True	True	85
4lyzA	G102A	101	top_15_closest_neighbor_indices	15	15	True	True	0
4lyzA	G102A	101	top_10_closest_neighbor_indices	10	10	True	True	0
4lyzA	G102A	101	w_n_log_prob	15x21	15x21	True	True	4.7486014
4lyzA	G102A	101	m_n_log_prob	15x21	15x21	True	True	4.7585988
4lyzA	G102A	101	neighbor_aa_identities	list[15]	list[15]	True	not_numeric	NA
4lyzA	G102A	101	neighbor_w_message_vector_coming_from_center	15x128	15x128	True	True	0.097568517
4lyzA	G102A	101	neighbor_m_message_vector_coming_from_center	15x128	15x128	True	True	0.14246264
4lyzA	G102A	101	neighbor_w_neighbor_embedding	15x128	15x128	True	True	2.6142104
4lyzA	G102A	101	neighbor_m_neighbor_embedding	15x128	15x128	True	True	2.6645968
4lyzA	G117A	116	log_prob	1x129x21	1x129x21	True	True	3.7145386
4lyzA	G117A	116	top_15_attention_weights	15	15	True	True	0.058679342
4lyzA	G117A	116	top_10_attention_weights	10	10	True	True	0.058679342
4lyzA	G117A	116	top_5_attention_weights	5	5	True	True	0.053148746
4lyzA	G117A	116	top_15_neighbor_indices	15	15	True	True	11
4lyzA	G117A	116	top_10_neighbor_indices	10	10	True	True	5
4lyzA	G117A	116	top_5_neighbor_indices	5	5	True	True	4
4lyzA	G117A	116	top_15_closest_neighbor_indices	15	15	True	True	0
4lyzA	G117A	116	top_10_closest_neighbor_indices	10	10	True	True	0
4lyzA	G117A	116	w_n_log_prob	15x21	15x21	True	True	5.8125567
4lyzA	G117A	116	m_n_log_prob	15x21	15x21	True	True	5.803031
4lyzA	G117A	116	neighbor_aa_identities	list[15]	list[15]	True	not_numeric	NA
4lyzA	G117A	116	neighbor_w_message_vector_coming_from_center	15x128	15x128	True	True	0.20234747
4lyzA	G117A	116	neighbor_m_message_vector_coming_from_center	15x128	15x128	True	True	0.20303899
4lyzA	G117A	116	neighbor_w_neighbor_embedding	15x128	15x128	True	True	1.3433112
4lyzA	G117A	116	neighbor_m_neighbor_embedding	15x128	15x128	True	True	1.3051361
5ptiA	F22A	21	log_prob	1x58x21	1x58x21	True	True	2.7472439
5ptiA	F22A	21	top_15_attention_weights	15	15	True	True	0.065955341
5ptiA	F22A	21	top_10_attention_weights	10	10	True	True	0.065955341
5ptiA	F22A	21	top_5_attention_weights	5	5	True	True	0.065955341
5ptiA	F22A	21	top_15_neighbor_indices	15	15	True	True	29
5ptiA	F22A	21	top_10_neighbor_indices	10	10	True	True	29
5ptiA	F22A	21	top_5_neighbor_indices	5	5	True	True	8
5ptiA	F22A	21	top_15_closest_neighbor_indices	15	15	True	True	0
5ptiA	F22A	21	top_10_closest_neighbor_indices	10	10	True	True	0
5ptiA	F22A	21	w_n_log_prob	15x21	15x21	True	True	5.4622102
5ptiA	F22A	21	m_n_log_prob	15x21	15x21	True	True	5.4788637
5ptiA	F22A	21	neighbor_aa_identities	list[15]	list[15]	True	not_numeric	NA
5ptiA	F22A	21	neighbor_w_message_vector_coming_from_center	15x128	15x128	True	True	0.25790721
5ptiA	F22A	21	neighbor_m_message_vector_coming_from_center	15x128	15x128	True	True	0.19020475
5ptiA	F22A	21	neighbor_w_neighbor_embedding	15x128	15x128	True	True	1.9759557
5ptiA	F22A	21	neighbor_m_neighbor_embedding	15x128	15x128	True	True	2.2957318
5ptiA	Y23A	22	log_prob	1x58x21	1x58x21	True	True	2.3140554
5ptiA	Y23A	22	top_15_attention_weights	15	15	True	True	0.064800501
5ptiA	Y23A	22	top_10_attention_weights	10	10	True	True	0.064800501
5ptiA	Y23A	22	top_5_attention_weights	5	5	True	True	0.057351947
5ptiA	Y23A	22	top_15_neighbor_indices	15	15	True	True	33
5ptiA	Y23A	22	top_10_neighbor_indices	10	10	True	True	33
5ptiA	Y23A	22	top_5_neighbor_indices	5	5	True	True	0
5ptiA	Y23A	22	top_15_closest_neighbor_indices	15	15	True	True	0
5ptiA	Y23A	22	top_10_closest_neighbor_indices	10	10	True	True	0
5ptiA	Y23A	22	w_n_log_prob	15x21	15x21	True	True	5.5133829
5ptiA	Y23A	22	m_n_log_prob	15x21	15x21	True	True	5.3951898
5ptiA	Y23A	22	neighbor_aa_identities	list[15]	list[15]	True	not_numeric	NA
5ptiA	Y23A	22	neighbor_w_message_vector_coming_from_center	15x128	15x128	True	True	0.25212592
5ptiA	Y23A	22	neighbor_m_message_vector_coming_from_center	15x128	15x128	True	True	0.22334504
5ptiA	Y23A	22	neighbor_w_neighbor_embedding	15x128	15x128	True	True	1.8161883
5ptiA	Y23A	22	neighbor_m_neighbor_embedding	15x128	15x128	True	True	1.794996
5ptiA	Y35G	34	log_prob	1x58x21	1x58x21	True	True	3.3583925
5ptiA	Y35G	34	top_15_attention_weights	15	15	True	True	0.060985565
5ptiA	Y35G	34	top_10_attention_weights	10	10	True	True	0.060985565
5ptiA	Y35G	34	top_5_attention_weights	5	5	True	True	0.060985565
5ptiA	Y35G	34	top_15_neighbor_indices	15	15	True	True	28
5ptiA	Y35G	34	top_10_neighbor_indices	10	10	True	True	20
5ptiA	Y35G	34	top_5_neighbor_indices	5	5	True	True	0
5ptiA	Y35G	34	top_15_closest_neighbor_indices	15	15	True	True	0
5ptiA	Y35G	34	top_10_closest_neighbor_indices	10	10	True	True	0
5ptiA	Y35G	34	w_n_log_prob	15x21	15x21	True	True	5.7155004
5ptiA	Y35G	34	m_n_log_prob	15x21	15x21	True	True	5.7643089
5ptiA	Y35G	34	neighbor_aa_identities	list[15]	list[15]	True	not_numeric	NA
5ptiA	Y35G	34	neighbor_w_message_vector_coming_from_center	15x128	15x128	True	True	0.30644217
5ptiA	Y35G	34	neighbor_m_message_vector_coming_from_center	15x128	15x128	True	True	0.27517274
5ptiA	Y35G	34	neighbor_w_neighbor_embedding	15x128	15x128	True	True	2.4587917
5ptiA	Y35G	34	neighbor_m_neighbor_embedding	15x128	15x128	True	True	2.3147976
5ptiA	N43G	42	log_prob	1x58x21	1x58x21	True	True	2.5298753
5ptiA	N43G	42	top_15_attention_weights	15	15	True	True	0.074075699
5ptiA	N43G	42	top_10_attention_weights	10	10	True	True	0.046864748
5ptiA	N43G	42	top_5_attention_weights	5	5	True	True	0.046864748
5ptiA	N43G	42	top_15_neighbor_indices	15	15	True	True	18
5ptiA	N43G	42	top_10_neighbor_indices	10	10	True	True	18
5ptiA	N43G	42	top_5_neighbor_indices	5	5	True	True	0
5ptiA	N43G	42	top_15_closest_neighbor_indices	15	15	True	True	0
5ptiA	N43G	42	top_10_closest_neighbor_indices	10	10	True	True	0
5ptiA	N43G	42	w_n_log_prob	15x21	15x21	True	True	5.0080142
5ptiA	N43G	42	m_n_log_prob	15x21	15x21	True	True	5.1194329
5ptiA	N43G	42	neighbor_aa_identities	list[15]	list[15]	True	not_numeric	NA
5ptiA	N43G	42	neighbor_w_message_vector_coming_from_center	15x128	15x128	True	True	0.46358928
5ptiA	N43G	42	neighbor_m_message_vector_coming_from_center	15x128	15x128	True	True	0.62914115
5ptiA	N43G	42	neighbor_w_neighbor_embedding	15x128	15x128	True	True	1.4651357
5ptiA	N43G	42	neighbor_m_neighbor_embedding	15x128	15x128	True	True	1.6004355
5ptiA	F45A	44	log_prob	1x58x21	1x58x21	True	True	2.1905718
5ptiA	F45A	44	top_15_attention_weights	15	15	True	True	0.080864668
5ptiA	F45A	44	top_10_attention_weights	10	10	True	True	0.080864668
5ptiA	F45A	44	top_5_attention_weights	5	5	True	True	0.080864668
5ptiA	F45A	44	top_15_neighbor_indices	15	15	True	True	45
5ptiA	F45A	44	top_10_neighbor_indices	10	10	True	True	24
5ptiA	F45A	44	top_5_neighbor_indices	5	5	True	True	13
5ptiA	F45A	44	top_15_closest_neighbor_indices	15	15	True	True	0
5ptiA	F45A	44	top_10_closest_neighbor_indices	10	10	True	True	0
5ptiA	F45A	44	w_n_log_prob	15x21	15x21	True	True	5.8596029
5ptiA	F45A	44	m_n_log_prob	15x21	15x21	True	True	5.9187946
5ptiA	F45A	44	neighbor_aa_identities	list[15]	list[15]	True	not_numeric	NA
5ptiA	F45A	44	neighbor_w_message_vector_coming_from_center	15x128	15x128	True	True	0.30116758
5ptiA	F45A	44	neighbor_m_message_vector_coming_from_center	15x128	15x128	True	True	0.25246647
5ptiA	F45A	44	neighbor_w_neighbor_embedding	15x128	15x128	True	True	2.4033551
5ptiA	F45A	44	neighbor_m_neighbor_embedding	15x128	15x128	True	True	2.4657252
