notebook	cell_index	execution_count	output_index	output_type	mime_keys	image_data_chars	text_snippet
PROVEAN_VAR_creation.ipynb	0	1	0	stream		0	Mounted at /content/drive
PROVEAN_VAR_creation.ipynb	1	2	0	stream		0	/content/drive/MyDrive/ACCRE_PyRun_Setup
PROVEAN_VAR_creation.ipynb	5	29	0	stream		0	{'T148': 1, 'S149': 2, 'I150': 3, 'L151': 4, 'D152': 5, 'I153': 6, 'R154': 7, 'Q155': 8, 'G156': 9, 'P157': 10, 'K158': 11, 'E159': 12, 'P160': 13, 'F161': 14, 'R162': 15, 'D163': 16, 'Y164': 17, 'V165': 18, 'D166': 19, 'R167': 20, 'F168': 21, 'Y169': 22, 'K170': 23, 'T171': 24, 'L172': 25, 'R173': 26, 'A174': 27, 'E175': 28, 'Q176': 29, 'A177': 30, 'S178': 31, 'Q179': 32, 'E180': 33, 'V181': 34, 'K182': 35, 'N183': 36, 'W184': 37, 'M185': 38, 'T186': 39, 'E187': 40, 'T188': 41, 'L189': 42, 'L190': 43, 'V191': 44, 'Q192': 45, 'N193': 46, 'A194': 47, 'N195': 48, 'P196': 49, 'D197': 50, 'C198': 51, 'K199': 52, 'T200': 53, 'I201': 54, 'L202': 55, 'K203': 56, 'A204': 57, 'L205': 58, 'G206': 59, 'P207': 60, 'G208': 61, 'A209': 62, 'T210': 63, 'L211': 64, 'E212': 65, 'E213': 66, 'M214': 67, 'M215': 68, 'T216': 69, 'A217': 70, 'C218': 71, 'Q219': 72}
PROVEAN_VAR_creation.ipynb	6	26	0	stream		0	['V5A', 'I7A', 'I7S', 'I20A', 'I20V', 'I20T', 'V22T', 'V22A', 'V31T', 'H46G', 'L50V', 'L50T', 'V60G', 'I81A', 'I81V', 'I81T', 'A82G', 'V95T', 'F110S', 'H117G', 'L125A'] ['G9A', 'E12D', 'R20A', 'W37A', 'C71S'] ['W15D', 'L37S', 'L121R'] ['L9K', 'T23A', 'A132K', 'T136A'] ['M6V', 'F52W', 'V57I', 'T60A', 'T67V', 'F75S', 'E77K', 'R85H', 'V87I', 'Q94R'] ['H1A', 'H1G', 'F3A', 'F3L', 'R5A', 'R5G', 'M7A', 'D8G', 'D8A', 'S12G', 'S12A', 'W13F', 'I14A', 'I14V', 'E16A', 'E16G', 'K17A', 'V21A', 'T31A', 'T31G', 'V33A', 'N35G', 'N35A', 'L36A', 'K38A', 'K38G', 'H40A', 'R42G', 'R42A', 'L43A', 'A45G', 'L47A', 'A49G', 'H50A', 'I54A', 'I54V', 'Q55A', 'Q55G', 'V57A', 'D59G', 'D59A', 'K63G', 'K63A', 'L64A', 'I75A', 'I75V', 'Q77A', 'Q77G', 'L79A', 'A80G', 'F82A', 'F82L', 'D84A', 'D84G', 'W86F', 'K87G', 'K87A', 'L89A', 'Q91A', 'Q91G', 'A93G', 'A95G', 'R96A'] ['V6I', 'Q46E', 'T75H', 'T108H', 'N167D', 'I211F'] ['H30D', 'H47N'] ['C77S', 'C77A', 'C180F', 'C180R', 'C180W', 'C180A', 'C180G', 'C180S', 'C180Y', 'C181A', 'C181S', 'C258A', 'C389S', 'C389A'] ['D84H', 'G85V', 'F86L', 'R88G'] ['I3C', 'I3W', 'I48W', 'V95C'] ['Y11I', 'Y11F', 'V13A', 'V17A', 'V20A', 'F22L', 'Y25A', 'A30G', 'V36A', 'W38F', 'V39A', 'T42A', 'G45A', 'V47A', 'V51A', 'W64A', 'I75V', 'T78S', 'E83D', 'I86V', 'L89A'] ['Q9G', 'R13G', 'R16G', 'E17G', 'L19Q', 'D20G', 'R23G', 'K24T', 'K24G', 'E27G', 'E28G', 'N34G', 'S35G', 'Q39G', 'K46G', 'K47G', 'E48G'] ['V30I'] ['R187A', 'K190A', 'E228A'] ['W19Y'] ['D146N'] ['I2V', 'I2A', 'N3A', 'T4A', 'T4E', '
Preparing_Fasta_Files_For_PROVEAN.ipynb	0	1	0	stream		0	Mounted at /content/drive
Preparing_Fasta_Files_For_PROVEAN.ipynb	1	2	0	stream		0	/content/drive/MyDrive/ACCRE_PyRun_Setup
ProteinMPNNTesting.ipynb	0	1	0	stream		0	Mounted at /content/drive
ProteinMPNNTesting.ipynb	1	2	0	stream		0	/content/drive/MyDrive/Protein_MPNN_Digging
ProteinMPNNTesting.ipynb	7		0	stream		0	odict_keys(['features.embeddings.linear.weight', 'features.embeddings.linear.bias', 'features.edge_embedding.weight', 'features.norm_edges.weight', 'features.norm_edges.bias', 'W_e.weight', 'W_e.bias', 'W_s.weight', 'encoder_layers.0.norm1.weight', 'encoder_layers.0.norm1.bias', 'encoder_layers.0.norm2.weight', 'encoder_layers.0.norm2.bias', 'encoder_layers.0.norm3.weight', 'encoder_layers.0.norm3.bias', 'encoder_layers.0.W1.weight', 'encoder_layers.0.W1.bias', 'encoder_layers.0.W2.weight', 'encoder_layers.0.W2.bias', 'encoder_layers.0.W3.weight', 'encoder_layers.0.W3.bias', 'encoder_layers.0.W11.weight', 'encoder_layers.0.W11.bias', 'encoder_layers.0.W12.weight', 'encoder_layers.0.W12.bias', 'encoder_layers.0.W13.weight', 'encoder_layers.0.W13.bias', 'encoder_layers.0.dense.W_in.weight', 'encoder_layers.0.dense.W_in.bias', 'encoder_layers.0.dense.W_out.weight', 'encoder_layers.0.dense.W_out.bias', 'encoder_layers.1.norm1.weight', 'encoder_layers.1.norm1.bias', 'encoder_layers.1.norm2.weight', 'encoder_layers.1.norm2.bias', 'encoder_layers.1.norm3.weight', 'encoder_layers.1.norm3.bias', 'encoder_layers.1.W1.weight', 'encoder_layers.1.W1.bias', 'encoder_layers.1.W2.weight', 'encoder_layers.1.W2.bias', 'encoder_layers.1.W3.weight', 'encoder_layers.1.W3.bias', 'encoder_layers.1.W11.weight', 'encoder_layers.1.W11.bias', 'encoder_layers.1.W12.weight', 'encoder_layers.1.W12.bias', 'encoder_layers.1.W13.weight', 'encoder_layers.1.W13.bias', 'encoder_layers.1.dense.W_in.weight', 'enc
ProteinMPNNTesting.ipynb	8		0	display_data	application/vnd.jupyter.widget-view+json,text/plain	0	0it [00:00, ?it/s]
ProteinMPNNTesting.ipynb	9		0	display_data	application/vnd.jupyter.widget-view+json,text/plain	0	0%| | 0/131 [00:00<?, ?it/s]
ProteinMPNNTesting.ipynb	9		1	stream		0	YOU HAVE JUST BEEN FUCKED BY ICODE 1lveA:S27 YOU HAVE JUST BEEN FUCKED BY ICODE 1lveA:S27 YOU HAVE JUST BEEN FUCKED BY ICODE 2immA:N31 YOU HAVE JUST BEEN FUCKED BY ICODE 2immA:N31
ProteinMPNNTesting.ipynb	11		0	display_data	application/vnd.jupyter.widget-view+json,text/plain	0	0it [00:00, ?it/s]
ProteinMPNNTesting.ipynb	14		0	execute_result	text/plain	0	['1lveA', '2immA']
ProteinMPNNTesting.ipynb	15		0	stream		0	129 132
ProteinMPNNTesting.ipynb	19		0	stream		0	(0.5039796931516946, 1.1540078589851597e-118) (0.47514244445972786, 7.216792853340412e-104) (0.36357299179696995, 2.1792875788131823e-58)
ProteinMPNNTesting.ipynb	21		0	execute_result	text/plain	0	{(0.0, 1.0): 0.36, (0.01, 0.99): 0.37, (0.02, 0.98): 0.38, (0.02, 0.99): 0.38, (0.03, 0.97): 0.39, (0.04, 0.96): 0.4, (0.04, 0.97): 0.4, (0.05, 0.95): 0.41, (0.06, 0.94): 0.41, (0.06, 0.95): 0.41, (0.07, 0.93): 0.42, (0.08, 0.92): 0.43, (0.08, 0.93): 0.42, (0.09, 0.91): 0.43, (0.1, 0.9): 0.44, (0.1, 0.91): 0.44, (0.11, 0.89): 0.44, (0.12, 0.88): 0.45, (0.12, 0.89): 0.45, (0.13, 0.87): 0.45, (0.14, 0.86): 0.46, (0.14, 0.87): 0.46, (0.15, 0.85): 0.46, (0.16, 0.84): 0.46, (0.16, 0.85): 0.46, (0.17, 0.83): 0.47, (0.18, 0.82): 0.47, (0.18, 0.83): 0.47, (0.19, 0.81): 0.47, (0.2, 0.8): 0.48, (0.2, 0.81): 0.48, (0.21, 0.79): 0.48, (0.22, 0.78): 0.48, (0.22, 0.79): 0.48, (0.23, 0.77): 0.48, (0.24, 0.76): 0.49, (0.24, 0.77): 0.49, (0.25, 0.75): 0.49, (0.26, 0.74): 0.49, (0.26, 0.75): 0.49, (0.27, 0.73): 0.49, (0.28, 0.72): 0.49, (0.28, 0.73): 0.49, (0.29, 0.71): 0.5, (0.29, 0.72): 0.5, (0.3, 0.7): 0.5, (0.3, 0.71): 0.5, (0.31, 0.69): 0.5, (0.32, 0.68): 0.5, (0.32, 0.69): 0.5, (0.33, 0.67): 0.5, (0.34, 0.66): 0.5, (0.34, 0.67): 0.5, (0.35, 0.65): 0.5, (0.36, 0.64): 0.5, (0.36, 0.65): 0.5, (0.37, 0.63): 0.5, (0.38, 0.62): 0.51, (0.38, 0.63): 0.5, (0.39, 0.61): 0.51, (0.4, 0.6): 0.51, (0.4, 0.61): 0.51, (0.41, 0.59): 0.51, (0.42, 0.58): 0.51, (0.42, 0.59): 0.51, (0.43, 0.57): 0.51, (0.44, 0.56): 0.51, (0.44, 0.57): 0.51, (0.45, 0.55): 0.51, (0.46, 0.54): 0.51, (0.46, 0.55): 0.51, (0.47, 0.53): 0.51, (0.48, 0.52): 0.51, (0.48, 0.53): 0.51, (0.49, 0.51): 0.51, (0.5, 0.5): 0.51, (0.5, 0.51):
ProteinMPNNTesting.ipynb	24		0	stream		0	(0.5039796931516946, 1.1540078589851597e-118) (0.36357299179696995, 2.1792875788131823e-58) (0.27925546194094136, 3.467385570005848e-34)
ProteinMPNNTesting.ipynb	25		0	display_data	image/png,text/plain	24425	<Figure size 432x288 with 1 Axes>
ProteinMPNNTesting.ipynb	26		0	execute_result	text/plain	0	<matplotlib.axes._subplots.AxesSubplot at 0x7fd388f71f10>
ProteinMPNNTesting.ipynb	26		1	display_data	image/png,text/plain	12749	<Figure size 432x288 with 2 Axes>
ProteinMPNNTesting.ipynb	28	145	0	stream		0	(0.5039796931516946, 1.1540078589851597e-118) (0.36357299179696995, 2.1792875788131823e-58) (0.27925546194094136, 3.467385570005848e-34) (-0.021617062412154463, 0.3549763585107709)
ProteinMPNNTesting.ipynb	29	147	0	stream		0	-0.685 -2.564 -2.961 -1.423 -2.053 -3.088 -2.092 -1.86 -0.842 -1.288 -0.273 -5.59 -4.582 -4.442 -2.908 -3.908 -3.912 -4.251 -2.254 -3.633 -3.673 -8.444 -3.3 -2.934 -1.682 0.173 0.117 0.336 -2.895 -3.603 -4.541 -4.653 -1.861 -1.313 -1.209 -1.411 -2.402 -0.769 -0.031 -1.54 -1.233 -5.718 -7.52 -0.741 -0.887 -4.833 -5.712 -6.63 -5.677 -4.746 -4.603 -5.677 -4.68 -3.747 -6.666 -5.776 -0.729 -1.079 -2.143 -5.186 -1.968 -6.131 -4.203 -2.3 -1.611 -3.375 -1.279 -3.196 -1.743 1.035 -1.805 -0.297 -0.029 -2.104 -2.622 -2.569 -0.195 -1.453 -2.918 -2.518 -0.844 -0.218 -1.126 -3.583 -5.516 -5.92 -7.827 -5.887 -5.92 -6.673 -7.856 -7.893 -7.86 -0.521 -0.111 -4.915 0.688 -3.777 -3.827 -4.816 -0.945 -5.975 -4.821 -7.876 -3.643 -3.771 -0.191 -1.192 -4.979 -7.967 -5.263 -1.142 0.963 -2.303 -5.844 -2.917 -5.805 -5.925 -2.962 -7.89 -7.89 -4.85 -0.931 -4.853 -7.43 -3.943 -2.454 -2.962 -3.95 -1.863 -1.186 -4.654 -0.983 -1.433 -1.051 -3.657 -2.957 -2.839 -4.897 -2.45 -2.25 -3.703 -0.843 -4.772 -4.919 -9.83 -3.947 -2.148 -4.274 -0.257 -0.616 -3.729 -3.18 -7.745 -6.778 -5.809 -3.873 -4.841 -5.089 -1.545 0.057 -5.891 -2.946 -2.947 -4.516 -4.737 -4.715 -3.733 -4.498 -2.15 -2.616 -2.85 -3.824 -3.093 -3.573 -3.608 -3.791 -2.438 -4.646 -6.818 -1.967 -3.935 -0.849 0.538 -0.61 -0.192 -3.211 0.634 -1.729 -3.433 -2.957 -7.839 -4.899 -3.913 -0.596 -3.449 -1.718 -6.172 -5.533 -5.018 -7.203 -1.443 -1.706 -4.794 -3.297 -5.014 -9.461 -0.351 -2.808 -9.43 -2.085 -9.147 -3.749 -8.448 -4.684 -5.627 -8.448 -7.499 -6.535 -9
ProteinMPNNTesting.ipynb	30		0	display_data	image/png,text/plain	189085	<Figure size 720x576 with 1 Axes>
ProteinMPNNTesting.ipynb	31		0	stream		0	(154, 154)
ProteinMPNNTesting.ipynb	32		0	stream		0	(154,)
ProteinMPNNTesting_V2.ipynb	0	1	0	stream		0	Mounted at /content/drive
ProteinMPNNTesting_V2.ipynb	1	2	0	stream		0	/content/drive/MyDrive/Protein_MPNN_Digging
ProteinMPNNTesting_V2.ipynb	7	8	0	stream		0	odict_keys(['features.embeddings.linear.weight', 'features.embeddings.linear.bias', 'features.edge_embedding.weight', 'features.norm_edges.weight', 'features.norm_edges.bias', 'W_e.weight', 'W_e.bias', 'W_s.weight', 'encoder_layers.0.norm1.weight', 'encoder_layers.0.norm1.bias', 'encoder_layers.0.norm2.weight', 'encoder_layers.0.norm2.bias', 'encoder_layers.0.norm3.weight', 'encoder_layers.0.norm3.bias', 'encoder_layers.0.W1.weight', 'encoder_layers.0.W1.bias', 'encoder_layers.0.W2.weight', 'encoder_layers.0.W2.bias', 'encoder_layers.0.W3.weight', 'encoder_layers.0.W3.bias', 'encoder_layers.0.W11.weight', 'encoder_layers.0.W11.bias', 'encoder_layers.0.W12.weight', 'encoder_layers.0.W12.bias', 'encoder_layers.0.W13.weight', 'encoder_layers.0.W13.bias', 'encoder_layers.0.dense.W_in.weight', 'encoder_layers.0.dense.W_in.bias', 'encoder_layers.0.dense.W_out.weight', 'encoder_layers.0.dense.W_out.bias', 'encoder_layers.1.norm1.weight', 'encoder_layers.1.norm1.bias', 'encoder_layers.1.norm2.weight', 'encoder_layers.1.norm2.bias', 'encoder_layers.1.norm3.weight', 'encoder_layers.1.norm3.bias', 'encoder_layers.1.W1.weight', 'encoder_layers.1.W1.bias', 'encoder_layers.1.W2.weight', 'encoder_layers.1.W2.bias', 'encoder_layers.1.W3.weight', 'encoder_layers.1.W3.bias', 'encoder_layers.1.W11.weight', 'encoder_layers.1.W11.bias', 'encoder_layers.1.W12.weight', 'encoder_layers.1.W12.bias', 'encoder_layers.1.W13.weight', 'encoder_layers.1.W13.bias', 'encoder_layers.1.dense.W_in.weight', 'enc
ProteinMPNNTesting_V2.ipynb	8	9	0	display_data	application/vnd.jupyter.widget-view+json,text/plain	0	0it [00:00, ?it/s]
ProteinMPNNTesting_V2.ipynb	9	10	0	display_data	application/vnd.jupyter.widget-view+json,text/plain	0	0%| | 0/131 [00:00<?, ?it/s]
ProteinMPNNTesting_V2.ipynb	9	10	1	stream		0	YOU HAVE JUST BEEN FUCKED BY ICODE 1lveA:S27 YOU HAVE JUST BEEN FUCKED BY ICODE 1lveA:S27 YOU HAVE JUST BEEN FUCKED BY ICODE 2immA:N31 YOU HAVE JUST BEEN FUCKED BY ICODE 2immA:N31
ProteinMPNNTesting_V2.ipynb	11	33	0	display_data	application/vnd.jupyter.widget-view+json,text/plain	0	0it [00:00, ?it/s]
ProteinMPNNTesting_V2.ipynb	11	33	1	stream		0	local_one_is_being_called dict_keys(['seq_chain_A', 'coords_chain_A', 'name', 'num_of_chains', 'seq']) 1apsA.pdb local_one_is_being_called dict_keys(['seq_chain_A', 'coords_chain_A', 'name', 'num_of_chains', 'seq']) 1akyA.pdb local_one_is_being_called dict_keys(['seq_chain_A', 'coords_chain_A', 'name', 'num_of_chains', 'seq']) 1aj3A.pdb local_one_is_being_called dict_keys(['seq_chain_U', 'coords_chain_U', 'name', 'num_of_chains', 'seq']) 1aonU.pdb local_one_is_being_called dict_keys(['seq_chain_A', 'coords_chain_A', 'name', 'num_of_chains', 'seq']) 1amqA.pdb local_one_is_being_called dict_keys(['seq_chain_A', 'coords_chain_A', 'name', 'num_of_chains', 'seq']) 1a43A.pdb local_one_is_being_called dict_keys(['seq_chain_A', 'coords_chain_A', 'name', 'num_of_chains', 'seq']) 1ankA.pdb local_one_is_being_called dict_keys(['seq_chain_A', 'coords_chain_A', 'name', 'num_of_chains', 'seq']) 1bniA.pdb local_one_is_being_called dict_keys(['seq_chain_A', 'coords_chain_A', 'name', 'num_of_chains', 'seq']) 1boyA.pdb local_one_is_being_called dict_keys(['seq_chain_A', 'coords_chain_A', 'name', 'num_of_chains', 'seq']) 1b8eA.pdb local_one_is_being_called dict_keys(['seq_chain_A', 'coords_chain_A', 'name', 'num_of_chains', 'seq']) 1aepA.pdb local_one_is_being_called dict_keys(['seq_chain_A', 'coords_chain_A', 'name', 'num_of_chains', 'seq']) 1blcA.pdb local_one_is_being_called dict_keys(['seq_chain_A', 'coords_chain_A', 'name', 'num_of_chains', 'seq']) 1ag2A.pdb local_one_is_being_called dict_
ProteinMPNNTesting_V2.ipynb	17	39	0	stream		0	(0.46688830206500825, 5.519251372106835e-142) (0.4302082225626857, 1.6167022446260857e-118) (0.3195737456953759, 2.7859757225504194e-63)
ProteinMPNNTesting_V2.ipynb	22	45	0	stream		0	(0.46688830206500825, 5.519251372106835e-142) (0.3195737456953759, 2.7859757225504194e-63) (0.2752044285125163, 9.492115203744281e-47)
ProteinMPNNTesting_V2.ipynb	25	58	0	display_data	image/png,text/plain	39965	<Figure size 432x288 with 1 Axes>
ProteinMPNNTesting_V2.ipynb	26	59	0	execute_result	text/plain	0	<matplotlib.axes._subplots.AxesSubplot at 0x7f2a8706b950>
ProteinMPNNTesting_V2.ipynb	26	59	1	display_data	image/png,text/plain	24545	<Figure size 432x288 with 2 Axes>
ProteinMPNNTesting_V3.ipynb	0	1	0	stream		0	Mounted at /content/drive
ProteinMPNNTesting_V3.ipynb	1	2	0	stream		0	/content/drive/MyDrive/Protein_MPNN_Digging
ProteinMPNNTesting_V3.ipynb	6	7	0	stream		0	48
ProteinMPNNTesting_V3.ipynb	8	9	0	stream		0	odict_keys(['features.embeddings.linear.weight', 'features.embeddings.linear.bias', 'features.edge_embedding.weight', 'features.norm_edges.weight', 'features.norm_edges.bias', 'W_e.weight', 'W_e.bias', 'W_s.weight', 'encoder_layers.0.norm1.weight', 'encoder_layers.0.norm1.bias', 'encoder_layers.0.norm2.weight', 'encoder_layers.0.norm2.bias', 'encoder_layers.0.norm3.weight', 'encoder_layers.0.norm3.bias', 'encoder_layers.0.W1.weight', 'encoder_layers.0.W1.bias', 'encoder_layers.0.W2.weight', 'encoder_layers.0.W2.bias', 'encoder_layers.0.W3.weight', 'encoder_layers.0.W3.bias', 'encoder_layers.0.W11.weight', 'encoder_layers.0.W11.bias', 'encoder_layers.0.W12.weight', 'encoder_layers.0.W12.bias', 'encoder_layers.0.W13.weight', 'encoder_layers.0.W13.bias', 'encoder_layers.0.dense.W_in.weight', 'encoder_layers.0.dense.W_in.bias', 'encoder_layers.0.dense.W_out.weight', 'encoder_layers.0.dense.W_out.bias', 'encoder_layers.1.norm1.weight', 'encoder_layers.1.norm1.bias', 'encoder_layers.1.norm2.weight', 'encoder_layers.1.norm2.bias', 'encoder_layers.1.norm3.weight', 'encoder_layers.1.norm3.bias', 'encoder_layers.1.W1.weight', 'encoder_layers.1.W1.bias', 'encoder_layers.1.W2.weight', 'encoder_layers.1.W2.bias', 'encoder_layers.1.W3.weight', 'encoder_layers.1.W3.bias', 'encoder_layers.1.W11.weight', 'encoder_layers.1.W11.bias', 'encoder_layers.1.W12.weight', 'encoder_layers.1.W12.bias', 'encoder_layers.1.W13.weight', 'encoder_layers.1.W13.bias', 'encoder_layers.1.dense.W_in.weight', 'enc
ProteinMPNNTesting_V3.ipynb	9	11	0	display_data	application/vnd.jupyter.widget-view+json,text/plain	0	0it [00:00, ?it/s]
ProteinMPNNTesting_V3.ipynb	10	13	0	display_data	application/vnd.jupyter.widget-view+json,text/plain	0	0%| | 0/131 [00:00<?, ?it/s]
ProteinMPNNTesting_V3.ipynb	10	13	1	stream		0	YOU HAVE JUST BEEN FUCKED BY ICODE 1lveA:S27 YOU HAVE JUST BEEN FUCKED BY ICODE 1lveA:S27 YOU HAVE JUST BEEN FUCKED BY ICODE 2immA:N31 YOU HAVE JUST BEEN FUCKED BY ICODE 2immA:N31
ProteinMPNNTesting_V3.ipynb	13	23	0	display_data	application/vnd.jupyter.widget-view+json,text/plain	0	0it [00:00, ?it/s]
ProteinMPNNTesting_V3.ipynb	13	23	1	stream		0	torch.Size([1, 98, 21]) torch.Size([1, 98, 48]) torch.Size([1, 98, 48]) torch.Size([1, 98, 21]) torch.Size([1, 98, 48]) torch.Size([1, 98, 48]) torch.Size([1, 98, 21]) torch.Size([1, 98, 48]) torch.Size([1, 98, 48]) torch.Size([1, 98, 21]) torch.Size([1, 98, 48]) torch.Size([1, 98, 48]) torch.Size([1, 98, 21]) torch.Size([1, 98, 48]) torch.Size([1, 98, 48]) torch.Size([1, 98, 21]) torch.Size([1, 98, 48]) torch.Size([1, 98, 48]) torch.Size([1, 98, 21]) torch.Size([1, 98, 48]) torch.Size([1, 98, 48]) torch.Size([1, 98, 21]) torch.Size([1, 98, 48]) torch.Size([1, 98, 48]) torch.Size([1, 98, 21]) torch.Size([1, 98, 48]) torch.Size([1, 98, 48]) torch.Size([1, 98, 21]) torch.Size([1, 98, 48]) torch.Size([1, 98, 48]) torch.Size([1, 98, 21]) torch.Size([1, 98, 48]) torch.Size([1, 98, 48]) torch.Size([1, 98, 21]) torch.Size([1, 98, 48]) torch.Size([1, 98, 48]) torch.Size([1, 98, 21]) torch.Size([1, 98, 48]) torch.Size([1, 98, 48]) torch.Size([1, 98, 21]) torch.Size([1, 98, 48]) torch.Size([1, 98, 48]) torch.Size([1, 98, 21]) torch.Size([1, 98, 48]) torch.Size([1, 98, 48]) torch.Size([1, 98, 21]) torch.Size([1, 98, 48]) torch.Size([1, 98, 48]) torch.Size([1, 98, 21]) torch.Size([1, 98, 48]) torch.Size([1, 98, 48]) torch.Size([1, 98, 21]) torch.Size([1, 98, 48]) torch.Size([1, 98, 48]) torch.Size([1, 98, 21]) torch.Size([1, 98, 48]) torch.Size([1, 98, 48]) torch.Size([1, 98, 21]) torch.Size([1, 98, 48]) torch.Size([1, 98, 48]) torch.Size([1, 98, 21]) torch.Size([1, 98, 48]) torch.Size([
ProteinMPNNTesting_V3.ipynb	20	90	0	stream		0	(0.641572639246113, 5.910109285977553e-108) (0.6084704994299707, 2.2762974328708658e-94) (0.25682284663543997, 2.440394179939062e-15)
ProteinMPNNTesting_V3.ipynb	25	95	0	stream		0	(0.641572639246113, 5.910109285977553e-108) (0.25682284663543997, 2.440394179939062e-15) (0.5145587134119901, 2.1316560964554222e-63)
ProteinMPNNTesting_V3.ipynb	27	97	0	execute_result	text/plain	0	{(0.0, 1.0): 0.51, (0.01, 0.99): 0.52, (0.02, 0.98): 0.52, (0.02, 0.99): 0.52, (0.03, 0.97): 0.52, (0.04, 0.96): 0.52, (0.04, 0.97): 0.52, (0.05, 0.95): 0.52, (0.06, 0.94): 0.52, (0.06, 0.95): 0.52, (0.07, 0.93): 0.53, (0.08, 0.92): 0.53, (0.08, 0.93): 0.53, (0.09, 0.91): 0.53, (0.1, 0.9): 0.53, (0.1, 0.91): 0.53, (0.11, 0.89): 0.53, (0.12, 0.88): 0.54, (0.12, 0.89): 0.54, (0.13, 0.87): 0.54, (0.14, 0.86): 0.54, (0.14, 0.87): 0.54, (0.15, 0.85): 0.54, (0.16, 0.84): 0.54, (0.16, 0.85): 0.54, (0.17, 0.83): 0.54, (0.18, 0.82): 0.55, (0.18, 0.83): 0.55, (0.19, 0.81): 0.55, (0.2, 0.8): 0.55, (0.2, 0.81): 0.55, (0.21, 0.79): 0.55, (0.22, 0.78): 0.55, (0.22, 0.79): 0.55, (0.23, 0.77): 0.56, (0.24, 0.76): 0.56, (0.24, 0.77): 0.56, (0.25, 0.75): 0.56, (0.26, 0.74): 0.56, (0.26, 0.75): 0.56, (0.27, 0.73): 0.57, (0.28, 0.72): 0.57, (0.28, 0.73): 0.57, (0.29, 0.71): 0.57, (0.29, 0.72): 0.57, (0.3, 0.7): 0.57, (0.3, 0.71): 0.57, (0.31, 0.69): 0.57, (0.32, 0.68): 0.58, (0.32, 0.69): 0.58, (0.33, 0.67): 0.58, (0.34, 0.66): 0.58, (0.34, 0.67): 0.58, (0.35, 0.65): 0.58, (0.36, 0.64): 0.59, (0.36, 0.65): 0.58, (0.37, 0.63): 0.59, (0.38, 0.62): 0.59, (0.38, 0.63): 0.59, (0.39, 0.61): 0.59, (0.4, 0.6): 0.59, (0.4, 0.61): 0.59, (0.41, 0.59): 0.6, (0.42, 0.58): 0.6, (0.42, 0.59): 0.6, (0.43, 0.57): 0.6, (0.44, 0.56): 0.6, (0.44, 0.57): 0.6, (0.45, 0.55): 0.61, (0.46, 0.54): 0.61, (0.46, 0.55): 0.61, (0.47, 0.53): 0.61, (0.48, 0.52): 0.61, (0.48, 0.53): 0.61, (0.49, 0.51): 0.62, (0.5, 0.5): 0.62, (
ProteinMPNNTesting_V3.ipynb	29	100	0	display_data	image/png,text/plain	34177	<Figure size 432x288 with 1 Axes>
ProteinMPNNTesting_V3.ipynb	30	101	0	execute_result	text/plain	0	<matplotlib.axes._subplots.AxesSubplot at 0x7ff0840fc590>
ProteinMPNNTesting_V3.ipynb	30	101	1	display_data	image/png,text/plain	23577	<Figure size 432x288 with 2 Axes>
ProteinMPNNTesting_V4.ipynb	0	1	0	stream		0	Mounted at /content/drive
ProteinMPNNTesting_V4.ipynb	1	2	0	stream		0	/content/drive/MyDrive/Protein_MPNN_Digging
ProteinMPNNTesting_V4.ipynb	6	7	0	stream		0	48
ProteinMPNNTesting_V4.ipynb	9	76	0	stream		0	odict_keys(['features.embeddings.linear.weight', 'features.embeddings.linear.bias', 'features.edge_embedding.weight', 'features.norm_edges.weight', 'features.norm_edges.bias', 'W_e.weight', 'W_e.bias', 'W_s.weight', 'encoder_layers.0.norm1.weight', 'encoder_layers.0.norm1.bias', 'encoder_layers.0.norm2.weight', 'encoder_layers.0.norm2.bias', 'encoder_layers.0.norm3.weight', 'encoder_layers.0.norm3.bias', 'encoder_layers.0.W1.weight', 'encoder_layers.0.W1.bias', 'encoder_layers.0.W2.weight', 'encoder_layers.0.W2.bias', 'encoder_layers.0.W3.weight', 'encoder_layers.0.W3.bias', 'encoder_layers.0.W11.weight', 'encoder_layers.0.W11.bias', 'encoder_layers.0.W12.weight', 'encoder_layers.0.W12.bias', 'encoder_layers.0.W13.weight', 'encoder_layers.0.W13.bias', 'encoder_layers.0.dense.W_in.weight', 'encoder_layers.0.dense.W_in.bias', 'encoder_layers.0.dense.W_out.weight', 'encoder_layers.0.dense.W_out.bias', 'encoder_layers.1.norm1.weight', 'encoder_layers.1.norm1.bias', 'encoder_layers.1.norm2.weight', 'encoder_layers.1.norm2.bias', 'encoder_layers.1.norm3.weight', 'encoder_layers.1.norm3.bias', 'encoder_layers.1.W1.weight', 'encoder_layers.1.W1.bias', 'encoder_layers.1.W2.weight', 'encoder_layers.1.W2.bias', 'encoder_layers.1.W3.weight', 'encoder_layers.1.W3.bias', 'encoder_layers.1.W11.weight', 'encoder_layers.1.W11.bias', 'encoder_layers.1.W12.weight', 'encoder_layers.1.W12.bias', 'encoder_layers.1.W13.weight', 'encoder_layers.1.W13.bias', 'encoder_layers.1.dense.W_in.weight', 'enc
ProteinMPNNTesting_V4.ipynb	10	77	0	display_data	application/vnd.jupyter.widget-view+json,text/plain	0	0it [00:00, ?it/s]
ProteinMPNNTesting_V4.ipynb	11	78	0	display_data	application/vnd.jupyter.widget-view+json,text/plain	0	0%| | 0/131 [00:00<?, ?it/s]
ProteinMPNNTesting_V4.ipynb	11	78	1	stream		0	YOU HAVE JUST BEEN FUCKED BY ICODE 1lveA:S27 YOU HAVE JUST BEEN FUCKED BY ICODE 1lveA:S27 YOU HAVE JUST BEEN FUCKED BY ICODE 2immA:N31 YOU HAVE JUST BEEN FUCKED BY ICODE 2immA:N31
ProteinMPNNTesting_V4.ipynb	14	183	0	display_data	application/vnd.jupyter.widget-view+json,text/plain	0	0it [00:00, ?it/s]
ProteinMPNNTesting_V4.ipynb	21	192	0	stream		0	(0.5046771919089189, 2.3526913210832225e-169) (0.467779599977916, 1.3649844668852213e-142) (0.3481935215017128, 1.5028622794924656e-75) (0.16041510929343308, 1.4490805510662584e-16)
ProteinMPNNTesting_V4.ipynb	26	167	0	stream		0	(0.5056522378516612, 4.157346824071062e-170) (0.3521238866550162, 2.4469229322499657e-77) (0.1305505981029473, 1.9745681890281427e-11)
ProteinMPNNTesting_V4.ipynb	32		0	display_data	image/png,text/plain	34177	<Figure size 432x288 with 1 Axes>
ProteinMPNNTesting_V4.ipynb	33	172	0	execute_result	text/plain	0	<matplotlib.axes._subplots.AxesSubplot at 0x7fcda8cc07d0>
ProteinMPNNTesting_V4.ipynb	33	172	1	display_data	image/png,text/plain	21633	<Figure size 432x288 with 2 Axes>
ProteinMPNNTesting_V5.ipynb	0	1	0	stream		0	Mounted at /content/drive
ProteinMPNNTesting_V5.ipynb	1	2	0	stream		0	/content/drive/MyDrive/Protein_MPNN_Digging
ProteinMPNNTesting_V5.ipynb	6		0	stream		0	48
ProteinMPNNTesting_V5.ipynb	9	9	0	stream		0	odict_keys(['features.embeddings.linear.weight', 'features.embeddings.linear.bias', 'features.edge_embedding.weight', 'features.norm_edges.weight', 'features.norm_edges.bias', 'W_e.weight', 'W_e.bias', 'W_s.weight', 'encoder_layers.0.norm1.weight', 'encoder_layers.0.norm1.bias', 'encoder_layers.0.norm2.weight', 'encoder_layers.0.norm2.bias', 'encoder_layers.0.norm3.weight', 'encoder_layers.0.norm3.bias', 'encoder_layers.0.W1.weight', 'encoder_layers.0.W1.bias', 'encoder_layers.0.W2.weight', 'encoder_layers.0.W2.bias', 'encoder_layers.0.W3.weight', 'encoder_layers.0.W3.bias', 'encoder_layers.0.W11.weight', 'encoder_layers.0.W11.bias', 'encoder_layers.0.W12.weight', 'encoder_layers.0.W12.bias', 'encoder_layers.0.W13.weight', 'encoder_layers.0.W13.bias', 'encoder_layers.0.dense.W_in.weight', 'encoder_layers.0.dense.W_in.bias', 'encoder_layers.0.dense.W_out.weight', 'encoder_layers.0.dense.W_out.bias', 'encoder_layers.1.norm1.weight', 'encoder_layers.1.norm1.bias', 'encoder_layers.1.norm2.weight', 'encoder_layers.1.norm2.bias', 'encoder_layers.1.norm3.weight', 'encoder_layers.1.norm3.bias', 'encoder_layers.1.W1.weight', 'encoder_layers.1.W1.bias', 'encoder_layers.1.W2.weight', 'encoder_layers.1.W2.bias', 'encoder_layers.1.W3.weight', 'encoder_layers.1.W3.bias', 'encoder_layers.1.W11.weight', 'encoder_layers.1.W11.bias', 'encoder_layers.1.W12.weight', 'encoder_layers.1.W12.bias', 'encoder_layers.1.W13.weight', 'encoder_layers.1.W13.bias', 'encoder_layers.1.dense.W_in.weight', 'enc
ProteinMPNNTesting_V5.ipynb	10	10	0	display_data	application/vnd.jupyter.widget-view+json,text/plain	0	0it [00:00, ?it/s]
ProteinMPNNTesting_V5.ipynb	11	11	0	display_data	application/vnd.jupyter.widget-view+json,text/plain	0	0%| | 0/131 [00:00<?, ?it/s]
ProteinMPNNTesting_V5.ipynb	11	11	1	stream		0	YOU HAVE JUST BEEN FUCKED BY ICODE 1lveA:S27 YOU HAVE JUST BEEN FUCKED BY ICODE 1lveA:S27 YOU HAVE JUST BEEN FUCKED BY ICODE 2immA:N31 YOU HAVE JUST BEEN FUCKED BY ICODE 2immA:N31
ProteinMPNNTesting_V5.ipynb	14	134	0	display_data	application/vnd.jupyter.widget-view+json,text/plain	0	0it [00:00, ?it/s]
ProteinMPNNTesting_V5.ipynb	21	154	0	stream		0	(0.5052074731299825, 9.17241819617691e-170) (0.4695389706963596, 8.553383762223992e-144) (0.3523492477060826, 1.9288832495780056e-77) (0.1445561004667504, 1.0473488321206227e-13) (0.28383443310576056, 9.747018728946544e-50)
ProteinMPNNTesting_V5.ipynb	26	155	0	stream		0	(0.5052074731299825, 9.17241819617691e-170) (0.3523492477060826, 1.9288832495780056e-77) (0.2752044285125163, 9.492115203744281e-47) (0.1445561004667504, 1.0473488321206227e-13) (0.28383443310576056, 9.747018728946544e-50)
ProteinMPNNTesting_V5.ipynb	28	148	0	execute_result	text/plain	0	{(0.0, 1.0): 0.28, (0.01, 0.99): 0.29, (0.02, 0.98): 0.3, (0.02, 0.99): 0.3, (0.03, 0.97): 0.31, (0.04, 0.96): 0.32, (0.04, 0.97): 0.32, (0.05, 0.95): 0.33, (0.06, 0.94): 0.34, (0.06, 0.95): 0.34, (0.07, 0.93): 0.35, (0.08, 0.92): 0.35, (0.08, 0.93): 0.35, (0.09, 0.91): 0.36, (0.1, 0.9): 0.36, (0.1, 0.91): 0.36, (0.11, 0.89): 0.37, (0.12, 0.88): 0.37, (0.12, 0.89): 0.37, (0.13, 0.87): 0.37, (0.14, 0.86): 0.38, (0.14, 0.87): 0.38, (0.15, 0.85): 0.38, (0.16, 0.84): 0.38, (0.16, 0.85): 0.38, (0.17, 0.83): 0.38, (0.18, 0.82): 0.38, (0.18, 0.83): 0.38, (0.19, 0.81): 0.38, (0.2, 0.8): 0.38, (0.2, 0.81): 0.38, (0.21, 0.79): 0.38, (0.22, 0.78): 0.38, (0.22, 0.79): 0.38, (0.23, 0.77): 0.38, (0.24, 0.76): 0.38, (0.24, 0.77): 0.38, (0.25, 0.75): 0.37, (0.26, 0.74): 0.37, (0.26, 0.75): 0.37, (0.27, 0.73): 0.37, (0.28, 0.72): 0.37, (0.28, 0.73): 0.37, (0.29, 0.71): 0.37, (0.29, 0.72): 0.37, (0.3, 0.7): 0.36, (0.3, 0.71): 0.37, (0.31, 0.69): 0.36, (0.32, 0.68): 0.36, (0.32, 0.69): 0.36, (0.33, 0.67): 0.36, (0.34, 0.66): 0.36, (0.34, 0.67): 0.36, (0.35, 0.65): 0.35, (0.36, 0.64): 0.35, (0.36, 0.65): 0.35, (0.37, 0.63): 0.35, (0.38, 0.62): 0.35, (0.38, 0.63): 0.35, (0.39, 0.61): 0.35, (0.4, 0.6): 0.34, (0.4, 0.61): 0.35, (0.41, 0.59): 0.34, (0.42, 0.58): 0.34, (0.42, 0.59): 0.34, (0.43, 0.57): 0.34, (0.44, 0.56): 0.34, (0.44, 0.57): 0.34, (0.45, 0.55): 0.33, (0.46, 0.54): 0.33, (0.46, 0.55): 0.33, (0.47, 0.53): 0.33, (0.48, 0.52): 0.33, (0.48, 0.53): 0.33, (0.49, 0.51): 0.33, (0.5, 0.5): 0.3
ProteinMPNNTesting_V5.ipynb	32		0	display_data	image/png,text/plain	34177	<Figure size 432x288 with 1 Axes>
ProteinMPNNTesting_V5.ipynb	33	156	0	execute_result	text/plain	0	<matplotlib.axes._subplots.AxesSubplot at 0x7f0a488683d0>
ProteinMPNNTesting_V5.ipynb	33	156	1	display_data	image/png,text/plain	32713	<Figure size 432x288 with 2 Axes>
ProteinMPNNTesting_V6.ipynb	0	1	0	stream		0	Mounted at /content/drive
ProteinMPNNTesting_V6.ipynb	1	2	0	stream		0	/content/drive/MyDrive/Protein_MPNN_Digging
ProteinMPNNTesting_V6.ipynb	6	7	0	stream		0	48
ProteinMPNNTesting_V6.ipynb	9	10	0	stream		0	odict_keys(['features.embeddings.linear.weight', 'features.embeddings.linear.bias', 'features.edge_embedding.weight', 'features.norm_edges.weight', 'features.norm_edges.bias', 'W_e.weight', 'W_e.bias', 'W_s.weight', 'encoder_layers.0.norm1.weight', 'encoder_layers.0.norm1.bias', 'encoder_layers.0.norm2.weight', 'encoder_layers.0.norm2.bias', 'encoder_layers.0.norm3.weight', 'encoder_layers.0.norm3.bias', 'encoder_layers.0.W1.weight', 'encoder_layers.0.W1.bias', 'encoder_layers.0.W2.weight', 'encoder_layers.0.W2.bias', 'encoder_layers.0.W3.weight', 'encoder_layers.0.W3.bias', 'encoder_layers.0.W11.weight', 'encoder_layers.0.W11.bias', 'encoder_layers.0.W12.weight', 'encoder_layers.0.W12.bias', 'encoder_layers.0.W13.weight', 'encoder_layers.0.W13.bias', 'encoder_layers.0.dense.W_in.weight', 'encoder_layers.0.dense.W_in.bias', 'encoder_layers.0.dense.W_out.weight', 'encoder_layers.0.dense.W_out.bias', 'encoder_layers.1.norm1.weight', 'encoder_layers.1.norm1.bias', 'encoder_layers.1.norm2.weight', 'encoder_layers.1.norm2.bias', 'encoder_layers.1.norm3.weight', 'encoder_layers.1.norm3.bias', 'encoder_layers.1.W1.weight', 'encoder_layers.1.W1.bias', 'encoder_layers.1.W2.weight', 'encoder_layers.1.W2.bias', 'encoder_layers.1.W3.weight', 'encoder_layers.1.W3.bias', 'encoder_layers.1.W11.weight', 'encoder_layers.1.W11.bias', 'encoder_layers.1.W12.weight', 'encoder_layers.1.W12.bias', 'encoder_layers.1.W13.weight', 'encoder_layers.1.W13.bias', 'encoder_layers.1.dense.W_in.weight', 'enc
ProteinMPNNTesting_V6.ipynb	10	11	0	display_data	application/vnd.jupyter.widget-view+json,text/plain	0	0it [00:00, ?it/s]
ProteinMPNNTesting_V6.ipynb	11	36	0	display_data	application/vnd.jupyter.widget-view+json,text/plain	0	0%| | 0/131 [00:00<?, ?it/s]
ProteinMPNNTesting_V6.ipynb	11	36	1	stream		0	YOU HAVE JUST BEEN FUCKED BY ICODE 1lveA:S27 YOU HAVE JUST BEEN FUCKED BY ICODE 1lveA:S27 YOU HAVE JUST BEEN FUCKED BY ICODE 2immA:N31 YOU HAVE JUST BEEN FUCKED BY ICODE 2immA:N31
ProteinMPNNTesting_V6.ipynb	15	35	0	display_data	application/vnd.jupyter.widget-view+json,text/plain	0	0it [00:00, ?it/s]
ProteinMPNNTesting_V6.ipynb	22	44	0	stream		0	(0.5046657755393071, 2.4008447333502928e-169) (0.46795788474141, 1.0316773834822963e-142) (0.3517800116434, 3.516441939464636e-77) (0.14251585723493587, 2.3228561421629557e-13) (0.3043019550102869, 2.9295207634888715e-57) (0.30395299805890225, 3.983402051297867e-57) (0.302149304337649, 1.9371178527136337e-56) (0.21506272445083335, 8.622733497357982e-29) (0.25324429959430783, 1.2778686799293638e-39) (0.25550710329750653, 2.5289428922488456e-40) (0.24485252938100535, 4.512076931480806e-37) (0.31528987967630334, 1.4796599856543792e-61) (0.3203662453402101, 1.326519007613084e-63) (0.3092645336746983, 3.5398896152928775e-59) (0.1446322123757663, 1.016460141638051e-13) (-0.15037668069836818, 1.0136364730276811e-14)
ProteinMPNNTesting_V6.ipynb	25	45	0	stream		0	(0.2752044285125163, 9.492115203744281e-47) (0.5046657755393071, 2.4008447333502928e-169) (0.46795788474141, 1.0316773834822963e-142) (0.3517800116434, 3.516441939464636e-77) (0.14251585723493587, 2.3228561421629557e-13) (0.3043019550102869, 2.9295207634888715e-57) (0.30395299805890225, 3.983402051297867e-57) (0.302149304337649, 1.9371178527136337e-56) (0.21506272445083335, 8.622733497357982e-29) (0.25324429959430783, 1.2778686799293638e-39) (0.25550710329750653, 2.5289428922488456e-40) (0.24485252938100535, 4.512076931480806e-37) (0.31528987967630334, 1.4796599856543792e-61) (0.3203662453402101, 1.326519007613084e-63) (0.3092645336746983, 3.5398896152928775e-59) (0.1446322123757663, 1.016460141638051e-13) (-0.15037668069836818, 1.0136364730276811e-14)
ProteinMPNNTesting_V6.ipynb	28		0	display_data	image/png,text/plain	34177	<Figure size 432x288 with 1 Axes>
ProteinMPNNTesting_V6.ipynb	29	46	0	execute_result	text/plain	0	<matplotlib.axes._subplots.AxesSubplot at 0x7f1f195abb10>
ProteinMPNNTesting_V6.ipynb	29	46	1	display_data	image/png,text/plain	163193	<Figure size 432x288 with 2 Axes>
ProteinMPNNTesting_V6_V2.ipynb	0	2	0	stream		0	Mounted at /content/drive
ProteinMPNNTesting_V6_V2.ipynb	1	3	0	stream		0	/content/drive/MyDrive/Protein_MPNN_Digging
ProteinMPNNTesting_V6_V2.ipynb	6	8	0	stream		0	48
ProteinMPNNTesting_V6_V2.ipynb	8	10	0	execute_result	text/plain	0	ProteinMPNN( (features): ProteinFeatures( (embeddings): PositionalEncodings( (linear): Linear(in_features=66, out_features=16, bias=True) ) (edge_embedding): Linear(in_features=416, out_features=128, bias=False) (norm_edges): LayerNorm((128,), eps=1e-05, elementwise_affine=True) ) (W_e): Linear(in_features=128, out_features=128, bias=True) (W_s): Embedding(21, 128) (encoder_layers): ModuleList( (0): EncLayer( (dropout1): Dropout(p=0.1, inplace=False) (dropout2): Dropout(p=0.1, inplace=False) (dropout3): Dropout(p=0.1, inplace=False) (norm1): LayerNorm((128,), eps=1e-05, elementwise_affine=True) (norm2): LayerNorm((128,), eps=1e-05, elementwise_affine=True) (norm3): LayerNorm((128,), eps=1e-05, elementwise_affine=True) (W1): Linear(in_features=384, out_features=128, bias=True) (W2): Linear(in_features=128, out_features=128, bias=True) (W3): Linear(in_features=128, out_features=128, bias=True) (W11): Linear(in_features=384, out_features=128, bias=True) (W12): Linear(in_features=128, out_features=128, bias=True) (W13): Linear(in_features=128, out_features=128, bias=True) (act): GELU() (dense): PositionWiseFeedForward( (W_in): Linear(in_features=128, out_features=512, bias=True) (W_out): Linear(in_features=512, out_features=128, bias=True) (act): GELU() ) ) (1): EncLayer( (dropout1): Dropout(p=0.1, inplace=False) (dropout2): Dropout(p=0.1, inplace=False) (dropout3): Dropout(p=0.1, inplace=False) (norm1): LayerNorm((128,), eps=1e-05, elementwise_affine=True) (norm2): LayerNorm((12
ProteinMPNNTesting_V6_V2.ipynb	9	10	0	stream		0	odict_keys(['features.embeddings.linear.weight', 'features.embeddings.linear.bias', 'features.edge_embedding.weight', 'features.norm_edges.weight', 'features.norm_edges.bias', 'W_e.weight', 'W_e.bias', 'W_s.weight', 'encoder_layers.0.norm1.weight', 'encoder_layers.0.norm1.bias', 'encoder_layers.0.norm2.weight', 'encoder_layers.0.norm2.bias', 'encoder_layers.0.norm3.weight', 'encoder_layers.0.norm3.bias', 'encoder_layers.0.W1.weight', 'encoder_layers.0.W1.bias', 'encoder_layers.0.W2.weight', 'encoder_layers.0.W2.bias', 'encoder_layers.0.W3.weight', 'encoder_layers.0.W3.bias', 'encoder_layers.0.W11.weight', 'encoder_layers.0.W11.bias', 'encoder_layers.0.W12.weight', 'encoder_layers.0.W12.bias', 'encoder_layers.0.W13.weight', 'encoder_layers.0.W13.bias', 'encoder_layers.0.dense.W_in.weight', 'encoder_layers.0.dense.W_in.bias', 'encoder_layers.0.dense.W_out.weight', 'encoder_layers.0.dense.W_out.bias', 'encoder_layers.1.norm1.weight', 'encoder_layers.1.norm1.bias', 'encoder_layers.1.norm2.weight', 'encoder_layers.1.norm2.bias', 'encoder_layers.1.norm3.weight', 'encoder_layers.1.norm3.bias', 'encoder_layers.1.W1.weight', 'encoder_layers.1.W1.bias', 'encoder_layers.1.W2.weight', 'encoder_layers.1.W2.bias', 'encoder_layers.1.W3.weight', 'encoder_layers.1.W3.bias', 'encoder_layers.1.W11.weight', 'encoder_layers.1.W11.bias', 'encoder_layers.1.W12.weight', 'encoder_layers.1.W12.bias', 'encoder_layers.1.W13.weight', 'encoder_layers.1.W13.bias', 'encoder_layers.1.dense.W_in.weight', 'enc
ProteinMPNNTesting_V6_V2.ipynb	10	11	0	display_data	application/vnd.jupyter.widget-view+json,text/plain	0	0it [00:00, ?it/s]
ProteinMPNNTesting_V6_V2.ipynb	11	12	0	display_data	application/vnd.jupyter.widget-view+json,text/plain	0	0%| | 0/131 [00:00<?, ?it/s]
ProteinMPNNTesting_V6_V2.ipynb	11	12	1	stream		0	YOU HAVE JUST BEEN FUCKED BY ICODE 1lveA:S27 YOU HAVE JUST BEEN FUCKED BY ICODE 1lveA:S27 YOU HAVE JUST BEEN FUCKED BY ICODE 2immA:N31 YOU HAVE JUST BEEN FUCKED BY ICODE 2immA:N31
ProteinMPNNTesting_V6_V2.ipynb	15	23	0	display_data	application/vnd.jupyter.widget-view+json,text/plain	0	0it [00:00, ?it/s]
ProteinMPNNTesting_V6_V2.ipynb	15	23	1	stream		0	Prot Processing:1 Processing_Mut:1, From_Prot:1 Processing_Mut:2, From_Prot:1 Processing_Mut:3, From_Prot:1 Processing_Mut:4, From_Prot:1 Processing_Mut:5, From_Prot:1 Processing_Mut:6, From_Prot:1 Took 12.100699424743652 for 1akyA.pdb with 6 forward-mutations .................... Prot Processing:2 Processing_Mut:1, From_Prot:2 Processing_Mut:2, From_Prot:2 Processing_Mut:3, From_Prot:2 Processing_Mut:4, From_Prot:2 Processing_Mut:5, From_Prot:2 Processing_Mut:6, From_Prot:2 Processing_Mut:7, From_Prot:2 Processing_Mut:8, From_Prot:2 Processing_Mut:9, From_Prot:2 Processing_Mut:10, From_Prot:2 Processing_Mut:11, From_Prot:2 Processing_Mut:12, From_Prot:2 Processing_Mut:13, From_Prot:2 Processing_Mut:14, From_Prot:2 Processing_Mut:15, From_Prot:2 Processing_Mut:16, From_Prot:2 Processing_Mut:17, From_Prot:2 Processing_Mut:18, From_Prot:2 Processing_Mut:19, From_Prot:2 Processing_Mut:20, From_Prot:2 Processing_Mut:21, From_Prot:2 Processing_Mut:22, From_Prot:2 Processing_Mut:23, From_Prot:2 Processing_Mut:24, From_Prot:2 Processing_Mut:25, From_Prot:2 Processing_Mut:26, From_Prot:2 Processing_Mut:27, From_Prot:2 Processing_Mut:28, From_Prot:2 Processing_Mut:29, From_Prot:2 Processing_Mut:30, From_Prot:2 Processing_Mut:31, From_Prot:2 Processing_Mut:32, From_Prot:2 Processing_Mut:33, From_Prot:2 Processing_Mut:34, From_Prot:2 Processing_Mut:35, From_Prot:2 Processing_Mut:36, From_Prot:2 Processing_Mut:37, From_Prot:2 Processing_Mut:38, From_Prot:2 Processing_Mut:39, From_Prot:2 
ProteinMPNNTesting_V6_V2.ipynb	18	1	0	error		0	"NameError ignored [0;31m---------------------------------------------------------------------------[0m [0;31mNameError[0m Traceback (most recent call last) [0;32m<ipython-input-1-fb04bc5c13e0>[0m in [0;36m<module>[0;34m[0m [1;32m 42[0m [0malpha_tok[0m [0;34m=[0m [0;34m""ACDEFGHIKLMNPQRSTVWYX""[0m[0;34m[0m[0;34m[0m[0m [1;32m 43[0m [0maa_1_N[0m [0;34m=[0m [0;34m{[0m[0ma[0m[0;34m:[0m[0mn[0m [0;32mfor[0m [0mn[0m[0;34m,[0m[0ma[0m [0;32min[0m [0menumerate[0m[0;34m([0m[0malpha_tok[0m[0;34m)[0m[0;34m}[0m[0;34m[0m[0;34m[0m[0m [0;32m---> 44[0;31m [0;32mfor[0m [0mi[0m[0;34m,[0m[0;34m([0m[0mprot[0m[0;34m,[0m[0mmuts[0m[0;34m)[0m [0;32min[0m [0menumerate[0m[0;34m([0m[0mtwo_level_dict[0m[0;34m.[0m[0mitems[0m[0;34m([0m[0;34m)[0m[0;34m)[0m[0;34m:[0m[0;34m[0m[0;34m[0m[0m [0m[1;32m 45[0m [0;32mif[0m [0mprot[0m [0;32mnot[0m [0;32min[0m [0mproteins_to_skip[0m[0;34m:[0m[0;34m[0m[0;34m[0m[0m [1;32m 46[0m [0;32mtry[0m[0;34m:[0m[0;34m[0m[0;34m[0m[0m [0;31mNameError[0m: name 'two_level_dict' is not defined"
ProteinMPNNTesting_V6_V2.ipynb	19	86	0	stream		0	(39300, 128) [0.01 0.01 0.01 0.01 0.01 0.01 0.01 0.01 0.01 0.01 0.01 0.01 0.01 0.01 0.01 0.01 0.01 0.01 0.01 0.01 0.01 0.01 0.01 0.01 0.01 0.01 0.01 0.01 0.01 0.01 0.01 0.01 0.01 0.01 0.01 0.01 0.01 0.01 0.01 0.01 0.01 0.01 0.01 0.01 0.01 0.01 0.01 0.01 0.01 0.01 0.01 0.01 0.01 0.01 0.01 0.01 0.01 0.01 0.01 0.01 0.01 0.01 0.01 0.01 0.01 0.01 0.01 0.01 0.01 0.01 0.01 0.01 0.01 0.01 0.01 0.01 0.01 0.01 0.01 0.01 0.01 0.01 0.01 0.01 0.01 0.01 0.01 0.01 0.01 0.01 0.01 0.01 0.01 0.01 0.01 0.01 0.01 0.01 0.01 0.01 0.01 0.01 0.01 0.01 0.01 0.01 0.01 0.01 0.01 0.01 0.01 0.01 0.01 0.01 0.01 0.01 0.01 0.01 0.01 0.01 0.01 0.01 0.01 0.01 0.01 0.01 0.01 0. ] [269.01 215.43 214.26 209.75 209.49 208.45 206.99 206.29 205.8 205.13 204.67 203.79 203.51 202.53 202.12 201.99 201.49 201.19 201.17 200.97 200.86 200.75 200.68 200.49 200.37 200.27 200.1 199.92 199.87 199.81 199.72 199.69 199.61 199.49 199.44 199.3 199.22 199.19 199.06 199.03 199.01 198.88 198.86 198.82 198.77 198.72 198.67 198.62 198.58 198.55 198.49 198.48 198.46 198.43 198.42 198.38 198.36 198.35 198.33 198.29 198.27 198.25 198.24 198.23 198.22 198.22 198.21 198.2 198.17 198.15 198.12 198.11 198.09 198.06 198.05 198.02 197.99 197.95 197.9 197.86 197.77 197.72 197.71 197.7 197.6 197.6 197.5 197.44 197.37 197.3 197.26 197.2 197.09 197. 196.93 196.86 196.84 196.67 196.62 196.58 196.49 196.44 196.25 196.09 196.02 195.86 195.7 195.61 195.5 195.24 194.92 194.81 194.44 194.19 194.09 193.27 192.47 192.16 191.17 190.76 190.36 189.09 186.91
ProteinMPNNTesting_V6_V2.ipynb	21	46	0	stream		0	2620 2620 (0.5066529736537145, 6.977318145590863e-171) (0.46967434442269873, 6.906889709666406e-144) (0.35114633273820217, 6.8516125902191846e-77) (0.2915371263387079, 1.7000350314304272e-52) (0.29272513393777927, 6.270405582888447e-53) (0.2925937578765254, 7.003240337899825e-53) (0.2906531153902918, 3.559869185977477e-52) (-0.15030436008655998, 1.0440771163770327e-14) (0.2384432079726765, 3.4350706917055645e-35) (0.030718488434884422, 0.11595630541810882)
ProteinMPNNTesting_V6_V2.ipynb	24	43	0	stream		0	2620 2620 (0.5066529736537145, 6.977318145590863e-171) (0.46967434442269873, 6.906889709666406e-144) (0.35114633273820217, 6.8516125902191846e-77) (0.2915371263387079, 1.7000350314304272e-52) (0.29272513393777927, 6.270405582888447e-53) (0.2925937578765254, 7.003240337899825e-53) (0.2906531153902918, 3.559869185977477e-52) (-0.15030436008655998, 1.0440771163770327e-14) (0.2384432079726765, 3.4350706917055645e-35) (0.2752044285125163, 9.492115203744281e-47)
ProteinMPNNTesting_V6_V2.ipynb	27		0	execute_result	text/plain	0	<matplotlib.axes._subplots.AxesSubplot at 0x7f1f195abb10>
ProteinMPNNTesting_V6_V2.ipynb	27		1	display_data	image/png,text/plain	163193	<Figure size 432x288 with 2 Axes>
ProteinMPNNTesting_V6_V2_debug.ipynb	0	1	0	stream		0	Mounted at /content/drive
ProteinMPNNTesting_V6_V2_debug.ipynb	1	2	0	stream		0	/content/drive/MyDrive/Protein_MPNN_Digging
ProteinMPNNTesting_V6_V2_debug.ipynb	6	7	0	stream		0	48
ProteinMPNNTesting_V6_V2_debug.ipynb	9	10	0	stream		0	odict_keys(['features.embeddings.linear.weight', 'features.embeddings.linear.bias', 'features.edge_embedding.weight', 'features.norm_edges.weight', 'features.norm_edges.bias', 'W_e.weight', 'W_e.bias', 'W_s.weight', 'encoder_layers.0.norm1.weight', 'encoder_layers.0.norm1.bias', 'encoder_layers.0.norm2.weight', 'encoder_layers.0.norm2.bias', 'encoder_layers.0.norm3.weight', 'encoder_layers.0.norm3.bias', 'encoder_layers.0.W1.weight', 'encoder_layers.0.W1.bias', 'encoder_layers.0.W2.weight', 'encoder_layers.0.W2.bias', 'encoder_layers.0.W3.weight', 'encoder_layers.0.W3.bias', 'encoder_layers.0.W11.weight', 'encoder_layers.0.W11.bias', 'encoder_layers.0.W12.weight', 'encoder_layers.0.W12.bias', 'encoder_layers.0.W13.weight', 'encoder_layers.0.W13.bias', 'encoder_layers.0.dense.W_in.weight', 'encoder_layers.0.dense.W_in.bias', 'encoder_layers.0.dense.W_out.weight', 'encoder_layers.0.dense.W_out.bias', 'encoder_layers.1.norm1.weight', 'encoder_layers.1.norm1.bias', 'encoder_layers.1.norm2.weight', 'encoder_layers.1.norm2.bias', 'encoder_layers.1.norm3.weight', 'encoder_layers.1.norm3.bias', 'encoder_layers.1.W1.weight', 'encoder_layers.1.W1.bias', 'encoder_layers.1.W2.weight', 'encoder_layers.1.W2.bias', 'encoder_layers.1.W3.weight', 'encoder_layers.1.W3.bias', 'encoder_layers.1.W11.weight', 'encoder_layers.1.W11.bias', 'encoder_layers.1.W12.weight', 'encoder_layers.1.W12.bias', 'encoder_layers.1.W13.weight', 'encoder_layers.1.W13.bias', 'encoder_layers.1.dense.W_in.weight', 'enc
ProteinMPNNTesting_V6_V2_debug.ipynb	10	11	0	display_data	application/json,application/vnd.jupyter.widget-view+json,text/plain	0	0it [00:00, ?it/s]
ProteinMPNNTesting_V6_V2_debug.ipynb	11	12	0	display_data	application/json,application/vnd.jupyter.widget-view+json,text/plain	0	0%| | 0/131 [00:00<?, ?it/s]
ProteinMPNNTesting_V6_V2_debug.ipynb	11	12	1	stream		0	YOU HAVE JUST BEEN FUCKED BY ICODE 1lveA:S27 YOU HAVE JUST BEEN FUCKED BY ICODE 1lveA:S27 YOU HAVE JUST BEEN FUCKED BY ICODE 2immA:N31 YOU HAVE JUST BEEN FUCKED BY ICODE 2immA:N31
ProteinMPNNTesting_V6_V2_debug.ipynb	15		0	display_data	application/json,application/vnd.jupyter.widget-view+json,text/plain	0	0it [00:00, ?it/s]
ProteinMPNNTesting_V6_V2_debug.ipynb	15		1	stream		0	Prot Processing:1 Processing_Mut:1, From_Prot:1 Processing_Mut:2, From_Prot:1 Processing_Mut:3, From_Prot:1 Processing_Mut:4, From_Prot:1 Processing_Mut:5, From_Prot:1 Processing_Mut:6, From_Prot:1 Took 11.328948259353638 for 1akyA.pdb with 6 forward-mutations .................... Prot Processing:2 Processing_Mut:1, From_Prot:2 Processing_Mut:2, From_Prot:2 Processing_Mut:3, From_Prot:2 Processing_Mut:4, From_Prot:2 Processing_Mut:5, From_Prot:2 Processing_Mut:6, From_Prot:2 Processing_Mut:7, From_Prot:2 Processing_Mut:8, From_Prot:2 Processing_Mut:9, From_Prot:2 Processing_Mut:10, From_Prot:2 Processing_Mut:11, From_Prot:2 Processing_Mut:12, From_Prot:2 Processing_Mut:13, From_Prot:2 Processing_Mut:14, From_Prot:2 Processing_Mut:15, From_Prot:2 Processing_Mut:16, From_Prot:2 Processing_Mut:17, From_Prot:2 Processing_Mut:18, From_Prot:2 Processing_Mut:19, From_Prot:2 Processing_Mut:20, From_Prot:2 Processing_Mut:21, From_Prot:2 Processing_Mut:22, From_Prot:2 Processing_Mut:23, From_Prot:2 Processing_Mut:24, From_Prot:2 Processing_Mut:25, From_Prot:2 Processing_Mut:26, From_Prot:2 Processing_Mut:27, From_Prot:2 Processing_Mut:28, From_Prot:2 Processing_Mut:29, From_Prot:2 Processing_Mut:30, From_Prot:2 Processing_Mut:31, From_Prot:2 Processing_Mut:32, From_Prot:2 Processing_Mut:33, From_Prot:2 Processing_Mut:34, From_Prot:2 Processing_Mut:35, From_Prot:2 Processing_Mut:36, From_Prot:2 Processing_Mut:37, From_Prot:2 Processing_Mut:38, From_Prot:2 Processing_Mut:39, From_Prot:2 
ProteinMPNNTesting_V6_V2_debug.ipynb	22		0	stream		0	['1lveA', '2immA']
ProteinMPNNTesting_V6_V2_debug.ipynb	23		0	stream		0	(0.5046657755393072, 2.4008447333492008e-169) (0.4679578847414099, 1.0316773834825308e-142) (0.3517800116434, 3.516441939464636e-77) (0.3092645336746983, 3.5398896152928775e-59) (0.30430195501028684, 2.9295207634882053e-57) (0.30395299805890225, 3.983402051297867e-57) (0.3021493043376491, 1.9371178527136337e-56) (-0.15037668069836824, 1.0136364730276811e-14)
ProteinMPNNTesting_V6_V2_debug.ipynb	27		0	stream		0	(0.2752044285125163, 9.492115203744281e-47) (0.5046657755393071, 2.4008447333502928e-169) (0.46795788474141, 1.0316773834822963e-142) (0.3517800116434, 3.516441939464636e-77) (0.14251585723493587, 2.3228561421629557e-13) (0.3043019550102869, 2.9295207634888715e-57) (0.30395299805890225, 3.983402051297867e-57) (0.302149304337649, 1.9371178527136337e-56) (0.21506272445083335, 8.622733497357982e-29) (0.25324429959430783, 1.2778686799293638e-39) (0.25550710329750653, 2.5289428922488456e-40) (0.24485252938100535, 4.512076931480806e-37) (0.31528987967630334, 1.4796599856543792e-61) (0.3203662453402101, 1.326519007613084e-63) (0.3092645336746983, 3.5398896152928775e-59) (0.1446322123757663, 1.016460141638051e-13) (-0.15037668069836818, 1.0136364730276811e-14)
ProteinMPNNTesting_V6_V2_debug.ipynb	30		0	execute_result	text/plain	0	<matplotlib.axes._subplots.AxesSubplot at 0x7f1f195abb10>
ProteinMPNNTesting_V6_V2_debug.ipynb	30		1	display_data	image/png,text/plain	163193	<Figure size 432x288 with 2 Axes>
ProteinMPNNTesting_V7.ipynb	0		0	stream		0	Mounted at /content/drive
ProteinMPNNTesting_V7.ipynb	1		0	stream		0	/content/drive/MyDrive/Protein_MPNN_Digging
ProteinMPNNTesting_V7.ipynb	4		0	display_data	application/vnd.jupyter.widget-view+json,text/plain	0	0%| | 0/131 [00:00<?, ?it/s]
ProteinMPNNTesting_V7.ipynb	4		1	stream		0	YOU HAVE JUST BEEN FUCKED BY ICODE 1lveA:S27 YOU HAVE JUST BEEN FUCKED BY ICODE 1lveA:S27 YOU HAVE JUST BEEN FUCKED BY ICODE 2immA:N31 YOU HAVE JUST BEEN FUCKED BY ICODE 2immA:N31
ProteinMPNNTesting_V7.ipynb	11		0	stream		0	(0.5063450006152611, 1.2092239061429858e-170) (0.47143355275134274, 4.253998216601191e-145) (0.35223899773367473, 2.1670024567479525e-77) (0.15455901241323095, 1.7867002720136317e-15) (0.2943613554832809, 1.5750985446446538e-53) (0.21396471448047497, 1.6540671719161292e-28) (0.25288807071338204, 1.6466538393286582e-39)
ProteinMPNNTesting_V7.ipynb	16		0	stream		0	(0.5063450006152611, 1.2092239061429858e-170) (0.35223899773367473, 2.1670024567479525e-77) (0.2752044285125163, 9.492115203744281e-47) (0.15455901241323095, 1.7867002720136317e-15) (0.2943613554832809, 1.5750985446446538e-53) (0.21396471448047497, 1.6540671719161292e-28) (0.25288807071338204, 1.6466538393286582e-39)
ProteinMPNNTesting_V7.ipynb	22		0	display_data	image/png,text/plain	34177	<Figure size 432x288 with 1 Axes>
ProteinMPNNTesting_V7.ipynb	23		0	execute_result	text/plain	0	<matplotlib.axes._subplots.AxesSubplot at 0x7fdf947e5b50>
ProteinMPNNTesting_V7.ipynb	23		1	display_data	image/png,text/plain	48885	<Figure size 432x288 with 2 Axes>
PyRun_Notebook_V16 (1).ipynb	0	1	0	stream		0	Mounted at /content/drive
PyRun_Notebook_V16 (1).ipynb	1	2	0	stream		0	/content/drive/MyDrive/ACCRE_PyRun_Setup
PyRun_Notebook_V16 (1).ipynb	6	7	0	stream		0	PyRosetta-4 2022 [Rosetta PyRosetta4.Release.python37.linux 2022.08+release.359cee4319825b9107d34b49c5510e321cfb9385 2022-02-24T15:12:22] retrieved from: http://www.pyrosetta.org (C) Copyright Rosetta Commons Member Institutions. Created in JHU by Sergey Lyskov and PyRosetta Team. core.init: Checking for fconfig files in pwd and ./rosetta/flags core.init: Rosetta version: PyRosetta4.Release.python37.linux r312 2022.08+release.359cee4 359cee4319825b9107d34b49c5510e321cfb9385 http://www.pyrosetta.org 2022-02-24T15:12:22 core.init: command: PyRosetta -ex1 -ex2aro -mute core.io.pose_from_sfr.PoseFromSFRBuilder core.conformation.Conformation core.pack.pack_missing_sidechains core.pack.task basic.io.database core.pack.pack_rotamers core.scoring.ScoreFunctionFactory core.scoring.etable core.pack.dunbrack.RotamerLibrary core.scoring.P_AA core.scoring.elec.util core.import_pose.import_pose core.pack.interaction_graph.interaction_graph_factory -database /content/drive/MyDrive/PyRosetta_Files/PyRosetta4.Release.python37.linux.release-312/setup/pyrosetta/database basic.random.init_random_generator: 'RNG device' seed mode, using '/dev/urandom', seed=802702375 seed_offset=0 real_seed=802702375 basic.random.init_random_generator: RandomGenerator:init: Normal mode, seed=802702375 RG_type=mt19937
PyRun_Notebook_V16 (1).ipynb	20	21	0	display_data	application/vnd.jupyter.widget-view+json,text/plain	0	0it [00:00, ?it/s]
PyRun_Notebook_V16 (1).ipynb	20	21	1	stream		0	Total time taken: 12.875 minutes
PyRun_Notebook_V16 (1).ipynb	20	21	2	display_data	application/vnd.jupyter.widget-view+json,text/plain	0	0%| | 0/131 [00:00<?, ?it/s]
PyRun_Notebook_V16 (1).ipynb	20	21	3	stream		0	Total time taken: 27.35 minutes
PyRun_Notebook_V16 (1).ipynb	20	21	4	stream		0	/content/drive/MyDrive/Colab_Installations_V2/torch_geometric/deprecation.py:12: UserWarning: 'data.DataLoader' is deprecated, use 'loader.DataLoader' instead warnings.warn(out)
PyRun_Notebook_V16 (1).ipynb	21	22	0	stream		0	13920
PyRun_Notebook_V16 (1).ipynb	26	156	0	error		0	"RuntimeError ignored [0;31m---------------------------------------------------------------------------[0m [0;31mRuntimeError[0m Traceback (most recent call last) [0;32m<ipython-input-156-f0cbb33f86a1>[0m in [0;36m<module>[0;34m()[0m [1;32m 35[0m [0;31m# device = torch.device(""cuda"" if torch.cuda.is_available() else ""cpu"")[0m[0;34m[0m[0;34m[0m[0;34m[0m[0m [1;32m 36[0m [0mmodel[0m [0;34m=[0m [0mmodel[0m[0;34m.[0m[0mto[0m[0;34m([0m[0mdevice[0m[0;34m)[0m[0;34m[0m[0;34m[0m[0m [0;32m---> 37[0;31m [0mtrain_epochs[0m[0;34m([0m[0mmodel[0m[0;34m,[0m [0mdataLoader_train_one[0m[0;34m,[0m [0mdataLoader_train_two[0m[0;34m,[0m [0mdataLoader_train_three[0m[0;34m,[0m [0mdataLoader_val_one[0m[0;34m,[0m [0mdataLoader_val_two[0m[0;34m,[0m [0mdataLoader_val_three[0m[0;34m,[0m [0mtrain_args[0m[0;34m,[0m [0mlog_dir[0m[0;34m,[0m [0mrun_name[0m[0;34m)[0m[0;34m[0m[0;34m[0m[0m [0m [0;32m<ipython-input-25-48b9ff404441>[0m in [0;36mtrain_epochs[0;34m(model, dataLoader_train_one, dataLoader_train_two, dataLoader_train_three, dataLoader_val_one, dataLoader_val_two, dataLoader_val_three, train_args, log_dir, model_name)[0m [1;32m 101[0m [0;32mfor[0m [0mepoch[0m [0;32min[0m [0mrange[0m[0;34m([0m[0mepochs[0m[0;34m)[0m[0;34m:[0m[0;34m[0m[0;34m[0m[0m [1;32m 102[0m [0;34m[0m[0m [0;32m--> 103[0;31m [0mtrain[0m[0;34m([0m[0mmodel[0m[0;34m,[0m [0moptimizer[0m[0;34m,[0m [0mdat"
PyRun_Notebook_V16.ipynb	0	1	0	stream		0	Mounted at /content/drive
PyRun_Notebook_V16.ipynb	1	3	0	stream		0	/content/drive/MyDrive/ACCRE_PyRun_Setup
PyRun_Notebook_V16.ipynb	6	8	0	stream		0	PyRosetta-4 2022 [Rosetta PyRosetta4.Release.python37.linux 2022.08+release.359cee4319825b9107d34b49c5510e321cfb9385 2022-02-24T15:12:22] retrieved from: http://www.pyrosetta.org (C) Copyright Rosetta Commons Member Institutions. Created in JHU by Sergey Lyskov and PyRosetta Team. core.init: Checking for fconfig files in pwd and ./rosetta/flags core.init: Rosetta version: PyRosetta4.Release.python37.linux r312 2022.08+release.359cee4 359cee4319825b9107d34b49c5510e321cfb9385 http://www.pyrosetta.org 2022-02-24T15:12:22 core.init: command: PyRosetta -ex1 -ex2aro -mute core.io.pose_from_sfr.PoseFromSFRBuilder core.conformation.Conformation core.pack.pack_missing_sidechains core.pack.task basic.io.database core.pack.pack_rotamers core.scoring.ScoreFunctionFactory core.scoring.etable core.pack.dunbrack.RotamerLibrary core.scoring.P_AA core.scoring.elec.util core.import_pose.import_pose core.pack.interaction_graph.interaction_graph_factory -database /content/drive/MyDrive/PyRosetta_Files/PyRosetta4.Release.python37.linux.release-312/setup/pyrosetta/database basic.random.init_random_generator: 'RNG device' seed mode, using '/dev/urandom', seed=-876678158 seed_offset=0 real_seed=-876678158 basic.random.init_random_generator: RandomGenerator:init: Normal mode, seed=-876678158 RG_type=mt19937
PyRun_Notebook_V16.ipynb	20	24	0	display_data	application/vnd.jupyter.widget-view+json,text/plain	0	0it [00:00, ?it/s]
PyRun_Notebook_V16.ipynb	20	24	1	stream		0	Total time taken: 11.061 minutes
PyRun_Notebook_V16.ipynb	20	24	2	display_data	application/vnd.jupyter.widget-view+json,text/plain	0	0%| | 0/131 [00:00<?, ?it/s]
PyRun_Notebook_V16.ipynb	20	24	3	stream		0	Total time taken: 23.991 minutes
PyRun_Notebook_V16.ipynb	20	24	4	stream		0	/content/drive/MyDrive/Colab_Installations_V2/torch_geometric/deprecation.py:12: UserWarning: 'data.DataLoader' is deprecated, use 'loader.DataLoader' instead warnings.warn(out)
PyRun_Notebook_V16.ipynb	21	25	0	stream		0	13660
PyRun_Notebook_V16.ipynb	26	47	0	error		0	"RuntimeError ignored [0;31m---------------------------------------------------------------------------[0m [0;31mRuntimeError[0m Traceback (most recent call last) [0;32m<ipython-input-47-f0cbb33f86a1>[0m in [0;36m<module>[0;34m()[0m [1;32m 35[0m [0;31m# device = torch.device(""cuda"" if torch.cuda.is_available() else ""cpu"")[0m[0;34m[0m[0;34m[0m[0;34m[0m[0m [1;32m 36[0m [0mmodel[0m [0;34m=[0m [0mmodel[0m[0;34m.[0m[0mto[0m[0;34m([0m[0mdevice[0m[0;34m)[0m[0;34m[0m[0;34m[0m[0m [0;32m---> 37[0;31m [0mtrain_epochs[0m[0;34m([0m[0mmodel[0m[0;34m,[0m [0mdataLoader_train_one[0m[0;34m,[0m [0mdataLoader_train_two[0m[0;34m,[0m [0mdataLoader_train_three[0m[0;34m,[0m [0mdataLoader_val_one[0m[0;34m,[0m [0mdataLoader_val_two[0m[0;34m,[0m [0mdataLoader_val_three[0m[0;34m,[0m [0mtrain_args[0m[0;34m,[0m [0mlog_dir[0m[0;34m,[0m [0mrun_name[0m[0;34m)[0m[0;34m[0m[0;34m[0m[0m [0m [0;32m<ipython-input-45-48b9ff404441>[0m in [0;36mtrain_epochs[0;34m(model, dataLoader_train_one, dataLoader_train_two, dataLoader_train_three, dataLoader_val_one, dataLoader_val_two, dataLoader_val_three, train_args, log_dir, model_name)[0m [1;32m 101[0m [0;32mfor[0m [0mepoch[0m [0;32min[0m [0mrange[0m[0;34m([0m[0mepochs[0m[0;34m)[0m[0;34m:[0m[0;34m[0m[0;34m[0m[0m [1;32m 102[0m [0;34m[0m[0m [0;32m--> 103[0;31m [0mtrain[0m[0;34m([0m[0mmodel[0m[0;34m,[0m [0moptimizer[0m[0;34m,[0m [0mdata"
PyRun_Notebook_V16_new_colab.ipynb	0	1	0	stream		0	Mounted at /content/drive
PyRun_Notebook_V16_new_colab.ipynb	1	2	0	stream		0	/content/drive/MyDrive/ACCRE_PyRun_Setup
PyRun_Notebook_V16_new_colab.ipynb	6	7	0	stream		0	PyRosetta-4 2022 [Rosetta PyRosetta4.Release.python37.linux 2022.08+release.359cee4319825b9107d34b49c5510e321cfb9385 2022-02-24T15:12:22] retrieved from: http://www.pyrosetta.org (C) Copyright Rosetta Commons Member Institutions. Created in JHU by Sergey Lyskov and PyRosetta Team. core.init: Checking for fconfig files in pwd and ./rosetta/flags core.init: Rosetta version: PyRosetta4.Release.python37.linux r312 2022.08+release.359cee4 359cee4319825b9107d34b49c5510e321cfb9385 http://www.pyrosetta.org 2022-02-24T15:12:22 core.init: command: PyRosetta -ex1 -ex2aro -mute core.io.pose_from_sfr.PoseFromSFRBuilder core.conformation.Conformation core.pack.pack_missing_sidechains core.pack.task basic.io.database core.pack.pack_rotamers core.scoring.ScoreFunctionFactory core.scoring.etable core.pack.dunbrack.RotamerLibrary core.scoring.P_AA core.scoring.elec.util core.import_pose.import_pose core.pack.interaction_graph.interaction_graph_factory -database /content/drive/MyDrive/PyRosetta_Files/PyRosetta4.Release.python37.linux.release-312/setup/pyrosetta/database basic.random.init_random_generator: 'RNG device' seed mode, using '/dev/urandom', seed=-1870943140 seed_offset=0 real_seed=-1870943140 basic.random.init_random_generator: RandomGenerator:init: Normal mode, seed=-1870943140 RG_type=mt19937
PyRun_Notebook_V16_new_colab.ipynb	20	21	0	display_data	application/vnd.jupyter.widget-view+json,text/plain	0	0it [00:00, ?it/s]
PyRun_Notebook_V16_new_colab.ipynb	20	21	1	stream		0	Total time taken: 15.127 minutes
PyRun_Notebook_V16_new_colab.ipynb	20	21	2	display_data	application/vnd.jupyter.widget-view+json,text/plain	0	0%| | 0/131 [00:00<?, ?it/s]
PyRun_Notebook_V16_new_colab.ipynb	20	21	3	stream		0	Total time taken: 33.853 minutes
PyRun_Notebook_V16_new_colab.ipynb	20	21	4	stream		0	/content/drive/MyDrive/Colab_Installations_V2/torch_geometric/deprecation.py:12: UserWarning: 'data.DataLoader' is deprecated, use 'loader.DataLoader' instead warnings.warn(out)
PyRun_Notebook_V16_new_colab.ipynb	21	22	0	stream		0	13840
PyRun_Notebook_V16_new_colab.ipynb	26	29	0	stream		0	Epochs: 0/100; TrainLoss_SSL: 1.9871333837509155, ValLoss_SSL: 2.7149486541748047, TrainLoss_DOWN: 2.3742263317108154, ValLoss_DOWN: 3.073357343673706 Val Loss Improved From None to 3.073357343673706 Epochs: 1/100; TrainLoss_SSL: 1.3154054880142212, ValLoss_SSL: 1.7237887382507324, TrainLoss_DOWN: 1.757509708404541, ValLoss_DOWN: 2.43174409866333 Val Loss Improved From 3.073357343673706 to 2.43174409866333 Epochs: 2/100; TrainLoss_SSL: 0.916764497756958, ValLoss_SSL: 1.1541943550109863, TrainLoss_DOWN: 1.5914708375930786, ValLoss_DOWN: 2.2221438884735107 Val Loss Improved From 2.43174409866333 to 2.2221438884735107 Epochs: 3/100; TrainLoss_SSL: 0.805199921131134, ValLoss_SSL: 1.0087182521820068, TrainLoss_DOWN: 1.5084041357040405, ValLoss_DOWN: 2.162966251373291 Val Loss Improved From 2.2221438884735107 to 2.162966251373291 Epochs: 4/100; TrainLoss_SSL: 0.7720438241958618, ValLoss_SSL: 0.9741511344909668, TrainLoss_DOWN: 1.453660011291504, ValLoss_DOWN: 2.1564884185791016 Val Loss Improved From 2.162966251373291 to 2.1564884185791016 Epochs: 5/100; TrainLoss_SSL: 0.7497537136077881, ValLoss_SSL: 0.9683799743652344, TrainLoss_DOWN: 1.4244227409362793, ValLoss_DOWN: 2.173205852508545 Val Loss Did Not Improve For 1 Epochs Epochs: 6/100; TrainLoss_SSL: 0.7237794995307922, ValLoss_SSL: 0.9263672232627869, TrainLoss_DOWN: 1.386845350265503, ValLoss_DOWN: 2.169715642929077 Val Loss Did Not Improve For 2 Epochs Epochs: 7/100; TrainLoss_SSL: 0.7114505767822266, ValLoss_SSL: 0.91244548
PyRun_Notebook_V16_new_colab.ipynb	27	27	0	stream		0	[0.0, -0.0, 3.109999895095825, -3.109999895095825, 3.440000057220459, -3.440000057220459, 1.559999942779541, -1.559999942779541] [0.3799999952316284, -0.3799999952316284, 2.390000104904175, -2.390000104904175, 0.9599999785423279, -0.9599999785423279, 1.440000057220459, -1.440000057220459] [1.0800000429153442, -1.0800000429153442, 2.5, -2.5, 0.36000001430511475, -0.36000001430511475, 2.3399999141693115, -2.3399999141693115] [3.109999895095825, -3.109999895095825, 2.390000104904175, -2.390000104904175, 0.07000000029802322, -0.07000000029802322, 2.509999990463257, -2.509999990463257] [3.109999895095825, -3.109999895095825, -0.9599999785423279, 0.9599999785423279, 3.950000047683716, -3.950000047683716, 2.180000066757202, -2.180000066757202] [0.7200000286102295, -0.7200000286102295, 2.4000000953674316, -2.4000000953674316, 4.550000190734863, -4.550000190734863, 4.550000190734863, -4.550000190734863] [0.699999988079071, -0.699999988079071, 3.700000047683716, -3.700000047683716, -0.5, 0.5, 0.5, -0.5] [3.700000047683716, -3.700000047683716, 1.2999999523162842, -1.2999999523162842, 0.30000001192092896, -0.30000001192092896, 1.899999976158142, -1.899999976158142] [2.200000047683716, -2.200000047683716, 1.2000000476837158, -1.2000000476837158, 0.20000000298023224, -0.20000000298023224, 0.5, -0.5] [-0.5, 0.5, 1.309999942779541, -1.309999942779541, 3.5999999046325684, -3.5999999046325684, 1.600000023841858, -1.600000023841858] [-0.10000000149011612, 0.10000000149011612, 1.100000023841858,
Quick_Dirty_MPNN_ML.ipynb	0		0	stream		0	Mounted at /content/drive
Quick_Dirty_MPNN_ML.ipynb	1		0	stream		0	/content/drive/MyDrive/Protein_MPNN_Digging
Quick_Dirty_MPNN_ML.ipynb	6		0	display_data	application/vnd.jupyter.widget-view+json,text/plain	0	0%| | 0/131 [00:00<?, ?it/s]
Quick_Dirty_MPNN_ML.ipynb	6		1	stream		0	YOU HAVE JUST BEEN FUCKED BY ICODE 1lveA:S27 YOU HAVE JUST BEEN FUCKED BY ICODE 1lveA:S27 YOU HAVE JUST BEEN FUCKED BY ICODE 2immA:N31 YOU HAVE JUST BEEN FUCKED BY ICODE 2immA:N31
Quick_Dirty_MPNN_ML.ipynb	6		2	display_data	application/vnd.jupyter.widget-view+json,text/plain	0	0%| | 0/195 [00:00<?, ?it/s]
Quick_Dirty_MPNN_ML.ipynb	6		3	display_data	application/vnd.jupyter.widget-view+json,text/plain	0	0%| | 0/93 [00:00<?, ?it/s]
Quick_Dirty_MPNN_ML.ipynb	6		4	display_data	application/vnd.jupyter.widget-view+json,text/plain	0	0%| | 0/357 [00:00<?, ?it/s]
Quick_Dirty_MPNN_ML.ipynb	9		0	stream		0	S_921 single-feature correlations at a glance (0.6441949275101646, 4.197628384942669e-109) (0.2558421609543604, 3.1365846164886655e-15) (0.4246158386026147, 1.3026594673519176e-41) (0.3134337286123688, 1.9228114031719706e-22) (0.3823972745976371, 1.9347320512062632e-33) (0.5145587134119901, 2.1316560964554222e-63) (0.45208768082866796, 1.369524145760863e-47) ............................................. S_669 single-feature correlations at a glance (0.33765558573837523, 1.772522028540666e-18) (0.26048284702580865, 2.3531867527057347e-11) (0.1840383857546425, 2.8761043604547314e-06) (0.33492161096653633, 3.4543143279502605e-18) (0.35931713121897724, 7.056787490196558e-21) (0.1760175004428737, 7.741516443498937e-06) (0.17517328176139838, 8.570165531743268e-06) ............................................. S_2648 single-feature correlations at a glance (0.5046657755393072, 2.4008447333492008e-169) (0.3517800116434, 3.516441939464636e-77) (0.3021493043376491, 1.9371178527136337e-56) (0.21506272445083335, 8.622733497357982e-29) (0.24485252938100538, 4.512076931480806e-37) (0.2752044285125163, 9.492115203744281e-47) (0.3092645336746983, 3.5398896152928775e-59) ............................................. Ssym single-feature correlations at a glance (0.5691505320825779, 9.470472056933177e-31) (0.37074964364691887, 1.3868840070743129e-12) (0.34623894609848127, 4.567065405698718e-11) (0.13951599035877324, 0.009785936392794304) (0.16690520503298148, 0.0019544364404150334) (0.254859924
Quick_Dirty_MPNN_ML.ipynb	11	151	0	stream		0	(0.5326576324947646, 5.836728581748048e-192) (0.7500175960777788, 0.0) (0.5994093570242581, 2.5920163633370395e-125) (0.7284501445308078, 4.03294929660826e-114)
Quick_Dirty_MPNN_ML.ipynb	11	151	1	stream		0	/usr/local/lib/python3.7/dist-packages/sklearn/linear_model/_base.py:145: FutureWarning: 'normalize' was deprecated in version 1.0 and will be removed in 1.2. If you wish to scale the data, use Pipeline with a StandardScaler in a preprocessing stage. To reproduce the previous behavior: from sklearn.pipeline import make_pipeline model = make_pipeline(StandardScaler(with_mean=False), Ridge()) If you wish to pass a sample_weight parameter, you need to pass it as a fit parameter to each step of the pipeline as follows: kwargs = {s[0] + '__sample_weight': sample_weight for s in model.steps} model.fit(X, y, **kwargs) Set parameter alpha to: original_alpha * n_samples. FutureWarning,
Quick_Dirty_MPNN_ML.ipynb	12	152	0	stream		0	[ 0.2857634 0.02814324 0.0360316 -0.00292185] 0.0
Quick_Dirty_MPNN_ML.ipynb	13		0	stream		0	(0.3435086220643936, 1.884955334183879e-73) (0.6675182348001198, 5.971255344221527e-238) (0.568828439777659, 2.800673798163286e-110) (0.5709084063370267, 2.060703864893141e-60)
Quick_Dirty_MPNN_ML.ipynb	13		1	stream		0	/usr/local/lib/python3.7/dist-packages/sklearn/linear_model/_base.py:145: FutureWarning: 'normalize' was deprecated in version 1.0 and will be removed in 1.2. If you wish to scale the data, use Pipeline with a StandardScaler in a preprocessing stage. To reproduce the previous behavior: from sklearn.pipeline import make_pipeline model = make_pipeline(StandardScaler(with_mean=False), Ridge()) If you wish to pass a sample_weight parameter, you need to pass it as a fit parameter to each step of the pipeline as follows: kwargs = {s[0] + '__sample_weight': sample_weight for s in model.steps} model.fit(X, y, **kwargs) Set parameter alpha to: original_alpha * n_samples. FutureWarning,
Quick_Dirty_MPNN_ML.ipynb	14		0	stream		0	[0.09168536 0.05558433] 0.0
Quick_Dirty_MPNN_ML.ipynb	16		0	stream		0	(0.5617663476192841, 7.572090806381024e-218) (0.723403683003062, 2.4244534849939575e-298) (0.34225586170806677, 5.681360528883409e-19) (0.5813993215534655, 2.582291235697424e-32)
Quick_Dirty_MPNN_ML.ipynb	17		0	execute_result	text/plain	0	array([0.51525749, 0.06583626, 0.41890625])
Quick_Dirty_MPNN_ML.ipynb	18	203	0	stream		0	(0.7161400323539638, 0.0) (0.7433739749604843, 1e-323) (0.6006435286285463, 5.922566661650876e-126) (0.7519449365669018, 1.547359080006437e-125)
Quick_Dirty_MPNN_ML.ipynb	18	203	1	execute_result	text/plain	0	array([0.40722982, 0.26212378, 0.13424814, 0.19639826])
Quick_Dirty_MPNN_ML.ipynb	19	204	0	stream		0	(0.73348622717218, 0.0) (0.7422652495339379, 3.16e-322) (0.5989109638350061, 4.6962561241940443e-125) (0.7526200244773713, 6.960918048150307e-126)
Quick_Dirty_MPNN_ML.ipynb	19	204	1	execute_result	text/plain	0	array([0.38762826, 0.26945818, 0.13455816, 0.20835539])
Quick_Dirty_MPNN_ML.ipynb	20	205	0	stream		0	(0.6340928111551671, 1.0526974311212367e-294) (0.742753210479038, 7e-323) (0.6018641739562014, 1.366627048631027e-126) (0.7475529957069476, 2.6275041291822285e-123)
Quick_Dirty_MPNN_ML.ipynb	20	205	1	execute_result	text/plain	0	array([0.43681747, 0.24406501, 0.11646084, 0.20265668])
Quick_Dirty_MPNN_ML.ipynb	21	206	0	stream		0	(0.6078746125879974, 1.5352957784091587e-264) (0.7423028879898476, 2.87e-322) (0.6008533290900901, 4.605155283672837e-126) (0.7453209531081643, 3.4292847968650147e-122)
Quick_Dirty_MPNN_ML.ipynb	21	206	1	execute_result	text/plain	0	array([0.47140354, 0.25581605, 0.10092435, 0.17185606])
Quick_Dirty_MPNN_ML.ipynb	22	207	0	stream		0	(0.5855195866288697, 5.786910744457681e-241) (0.7364944048547034, 1.067272232e-314) (0.5987158189218149, 5.925052036198582e-125) (0.7429542010734419, 5.075916221695996e-121)
Quick_Dirty_MPNN_ML.ipynb	22	207	1	execute_result	text/plain	0	array([0.49098081, 0.2422803 , 0.1082742 , 0.15846468])
Quick_Dirty_MPNN_ML.ipynb	23	208	0	stream		0	(0.7453378299340719, 0.0) (0.7423954267602038, 2.17e-322) (0.6018284582680674, 1.426669703557307e-126) (0.7547867558774028, 5.267039088634711e-127)
Quick_Dirty_MPNN_ML.ipynb	23	208	1	execute_result	text/plain	0	array([0.39852432, 0.24446705, 0.13311097, 0.22389767])
Quick_Dirty_MPNN_ML.ipynb	24	209	0	execute_result	text/plain	0	<matplotlib.axes._subplots.AxesSubplot at 0x7fdc5282b650>
Quick_Dirty_MPNN_ML.ipynb	24	209	1	display_data	image/png,text/plain	19569	<Figure size 432x288 with 2 Axes>
Quick_Dirty_MPNN_ML.ipynb	25	210	0	execute_result	text/plain	0	<matplotlib.axes._subplots.AxesSubplot at 0x7fdc52360d50>
Quick_Dirty_MPNN_ML.ipynb	25	210	1	display_data	image/png,text/plain	22953	<Figure size 432x288 with 2 Axes>
Quick_Dirty_MPNN_ML.ipynb	26	211	0	execute_result	text/plain	0	<matplotlib.axes._subplots.AxesSubplot at 0x7fdc52293f10>
Quick_Dirty_MPNN_ML.ipynb	26	211	1	display_data	image/png,text/plain	24401	<Figure size 432x288 with 2 Axes>
Quick_Dirty_MPNN_ML.ipynb	27	212	0	execute_result	text/plain	0	<matplotlib.axes._subplots.AxesSubplot at 0x7fdc521bfc50>
Quick_Dirty_MPNN_ML.ipynb	27	212	1	display_data	image/png,text/plain	24549	<Figure size 432x288 with 2 Axes>
Quick_Dirty_MPNN_ML.ipynb	28	213	0	stream		0	(0.7421885039927146, 4.05e-322) (0.6023302279322641, 7.794061151927554e-127) (0.7502306688381145, 1.1628740255646667e-124)
Quick_Dirty_MPNN_ML.ipynb	31	158	0	stream		0	(0.7458490825113072, 0.0) (0.6050035542966613, 3.0548951027985216e-128) (0.7376511411219245, 1.9122765221972597e-118)
Quick_Dirty_MPNN_ML.ipynb	32	159	0	stream		0	1032 (0.7284205350627649, 1.6963667647835685e-304) (0.5309072314059097, 1.0657068894737856e-93) (0.7466260649987378, 7.660932742431429e-123) [0.61863318 0.14843108 0.09932358 0.13361215] ......................................... 674 (0.7289779579135394, 3.4442479896544355e-305) (0.5818240679463105, 1.7917623625221843e-116) (0.7051324506258294, 6.431279281957485e-104) [0.5297195 0.21342067 0.16242668 0.09443315] ......................................... 438 (0.6442075728510805, 1.7425743455374946e-216) (0.5730142266189971, 3.037027201474527e-112) (0.6626416659347654, 1.082250444923534e-87) [0.23893246 0.19976294 0.27900052 0.28230409] ......................................... 1068 (0.7324502328855831, 1.529705991600633e-309) (0.6027945781131337, 4.450084853193496e-127) (0.7148264266033609, 4.9138666632861474e-108) [0.49515206 0.20032195 0.16266951 0.14185648] ......................................... 962 (0.7026156407022994, 3.1803543270180585e-274) (0.603316058287425, 2.368913313435255e-127) (0.6955952114022891, 4.985123725628203e-100) [0.40109785 0.28806057 0.16078745 0.15005413] ......................................... 854 (0.7177471302809424, 1.4556906077299088e-291) (0.5664491466825873, 3.5610990435865465e-109) (0.7193963518575338, 4.9019240741062e-110) [0.56813293 0.17427217 0.10872808 0.14886682] ......................................... 1124 (0.7306788730533799, 2.5912062339716557e-307) (0.5601409537117259, 2.7309474860519573e-106) (0.7324260097044313, 5.7437745563967
Quick_Dirty_MPNN_ML.ipynb	33		0	execute_result	text/plain	0	<matplotlib.axes._subplots.AxesSubplot at 0x7fdc5fbe8a50>
Quick_Dirty_MPNN_ML.ipynb	33		1	display_data	image/png,text/plain	56649	<Figure size 432x288 with 2 Axes>
Quick_Dirty_MPNN_ML.ipynb	34		0	execute_result	text/plain	0	<matplotlib.axes._subplots.AxesSubplot at 0x7fdc5c4076d0>
Quick_Dirty_MPNN_ML.ipynb	34		1	display_data	image/png,text/plain	56781	<Figure size 432x288 with 2 Axes>
Quick_Dirty_MPNN_ML.ipynb	35		0	execute_result	text/plain	0	<matplotlib.axes._subplots.AxesSubplot at 0x7fdc5e609b10>
Quick_Dirty_MPNN_ML.ipynb	35		1	display_data	image/png,text/plain	56621	<Figure size 432x288 with 2 Axes>
Quick_Dirty_MPNN_ML.ipynb	36		0	execute_result	text/plain	0	<matplotlib.axes._subplots.AxesSubplot at 0x7fdc5cc42cd0>
Quick_Dirty_MPNN_ML.ipynb	36		1	display_data	image/png,text/plain	56817	<Figure size 432x288 with 2 Axes>
Quick_Dirty_MPNN_ML_V2.ipynb	0		0	stream		0	Mounted at /content/drive
Quick_Dirty_MPNN_ML_V2.ipynb	2		0	stream		0	/content/drive/MyDrive/Protein_MPNN_Digging
Quick_Dirty_MPNN_ML_V2.ipynb	7		0	display_data	application/vnd.jupyter.widget-view+json,text/plain	0	0%| | 0/131 [00:00<?, ?it/s]
Quick_Dirty_MPNN_ML_V2.ipynb	7		1	stream		0	YOU HAVE JUST BEEN FUCKED BY ICODE 1lveA:S27 YOU HAVE JUST BEEN FUCKED BY ICODE 1lveA:S27 YOU HAVE JUST BEEN FUCKED BY ICODE 2immA:N31 YOU HAVE JUST BEEN FUCKED BY ICODE 2immA:N31
Quick_Dirty_MPNN_ML_V2.ipynb	7		2	display_data	application/vnd.jupyter.widget-view+json,text/plain	0	0%| | 0/195 [00:00<?, ?it/s]
Quick_Dirty_MPNN_ML_V2.ipynb	7		3	display_data	application/vnd.jupyter.widget-view+json,text/plain	0	0%| | 0/93 [00:00<?, ?it/s]
Quick_Dirty_MPNN_ML_V2.ipynb	7		4	display_data	application/vnd.jupyter.widget-view+json,text/plain	0	0%| | 0/357 [00:00<?, ?it/s]
Quick_Dirty_MPNN_ML_V2.ipynb	10	184	0	stream		0	S_921 single-feature correlations at a glance (0.6441949275101646, 4.197628384942669e-109) (0.2558421609543604, 3.1365846164886655e-15) (0.4246158386026147, 1.3026594673519176e-41) (0.3134337286123688, 1.9228114031719706e-22) (0.3823972745976371, 1.9347320512062632e-33) (0.5145587134119901, 2.1316560964554222e-63) (0.45208768082866796, 1.369524145760863e-47) (-0.117496038620017, 0.0003524985138175584) ............................................. S_669 single-feature correlations at a glance (0.33765558573837523, 1.772522028540666e-18) (0.26048284702580865, 2.3531867527057347e-11) (0.1840383857546425, 2.8761043604547314e-06) (0.33492161096653633, 3.4543143279502605e-18) (0.35931713121897724, 7.056787490196558e-21) (0.1760175004428737, 7.741516443498937e-06) (0.17517328176139838, 8.570165531743268e-06) (-0.013977688826732376, 0.724551365126908) ............................................. S_2648 single-feature correlations at a glance (0.5046657755393072, 2.4008447333492008e-169) (0.3517800116434, 3.516441939464636e-77) (0.3021493043376491, 1.9371178527136337e-56) (0.21506272445083335, 8.622733497357982e-29) (0.24485252938100538, 4.512076931480806e-37) (0.2752044285125163, 9.492115203744281e-47) (0.3092645336746983, 3.5398896152928775e-59) (-0.15037668069836824, 1.0136364730276811e-14) ............................................. Ssym single-feature correlations at a glance (0.5691505320825779, 9.470472056933177e-31) (0.37074964364691887, 1.3868840070743129e-12) (0.346238946
Quick_Dirty_MPNN_ML_V2.ipynb	12	166	0	stream		0	S_921 single-feature correlations at a glance (0.7114135041226424, 3.6107953953724694e-284) (-0.27350177750301485, 5.821378024579929e-33) (0.5067758213429064, 9.322609047108007e-121) (0.48030336788044786, 6.305986289331493e-107) (0.5240659562681848, 1.8028365862171377e-130) (0.6156235934491623, 1.345636338382816e-192) (0.5332430995193724, 7.37191376496228e-136) ............................................. S_669 single-feature correlations at a glance (0.5456054040585018, 7.117694787118454e-100) (-0.38638061377980293, 1.0744421851930066e-46) (0.34496659459123846, 5.7286162139765435e-37) (0.5524049291276631, 7.769039750328612e-103) (0.563706151754503, 6.510237487633929e-108) (0.4672168708556927, 3.5323499573278284e-70) (0.3290837042695034, 1.317571430106729e-33) ............................................. S_2648 single-feature correlations at a glance (0.6991317965087939, 0.0) (-0.4269343725077419, 3.4111328539872277e-231) (0.4479992668909575, 3.82800643148893e-257) (0.5322766875713698, 0.0) (0.5434244572185316, 0.0) (0.5949473392414685, 0.0) (0.48807331351213434, 7.44477443713e-312) ............................................. Ssym single-feature correlations at a glance (0.7266174634005912, 2.790803354785582e-113) (-0.3805090972963239, 5.472112063300358e-25) (0.4458472655023151, 1.0293837112101813e-34) (0.4409974655066855, 6.458269890780079e-34) (0.4428671265977614, 3.192844099088087e-34) (0.5325047479718353, 2.360618443711155e-51) (0.5392100662007515, 7.493673414251911e-
Quick_Dirty_MPNN_ML_V2.ipynb	13	167	0	execute_result	text/plain	0	-0.24733060335449503
Quick_Dirty_MPNN_ML_V2.ipynb	14	197	0	display_data	image/png,text/plain	21541	<Figure size 432x288 with 1 Axes>
Quick_Dirty_MPNN_ML_V2.ipynb	15		0	stream		0	(0.5326576324947646, 5.836728581748048e-192) (0.7500175960777788, 0.0) (0.5994093570242581, 2.5920163633370395e-125) (0.7284501445308078, 4.03294929660826e-114)
Quick_Dirty_MPNN_ML_V2.ipynb	15		1	stream		0	/usr/local/lib/python3.7/dist-packages/sklearn/linear_model/_base.py:145: FutureWarning: 'normalize' was deprecated in version 1.0 and will be removed in 1.2. If you wish to scale the data, use Pipeline with a StandardScaler in a preprocessing stage. To reproduce the previous behavior: from sklearn.pipeline import make_pipeline model = make_pipeline(StandardScaler(with_mean=False), Ridge()) If you wish to pass a sample_weight parameter, you need to pass it as a fit parameter to each step of the pipeline as follows: kwargs = {s[0] + '__sample_weight': sample_weight for s in model.steps} model.fit(X, y, **kwargs) Set parameter alpha to: original_alpha * n_samples. FutureWarning,
Quick_Dirty_MPNN_ML_V2.ipynb	16		0	stream		0	[ 0.2857634 0.02814324 0.0360316 -0.00292185] 0.0
Quick_Dirty_MPNN_ML_V2.ipynb	17	160	0	stream		0	(0.8131719592997405, 0.0) (0.7431047478975888, 2e-323) (0.6025256083885061, 6.157455454466751e-127) (0.7530162639375351, 4.3502833560946976e-126)
Quick_Dirty_MPNN_ML_V2.ipynb	17	160	1	execute_result	text/plain	0	array([0.40516653, 0.25495239, 0.13218457, 0.20769651])
Quick_Dirty_MPNN_ML_V2.ipynb	18	159	0	stream		0	(0.8241923094646503, 0.0) (0.7439050884466478, 0.0) (0.6016984251696524, 1.6683585723445468e-126) (0.7574674830978346, 2.080578228308255e-128)
Quick_Dirty_MPNN_ML_V2.ipynb	18	159	1	execute_result	text/plain	0	array([0.3984581 , 0.24565498, 0.13539143, 0.22049549])
Quick_Dirty_MPNN_ML_V2.ipynb	19	158	0	stream		0	(0.7704858741195095, 0.0) (0.7457098010708739, 0.0) (0.6030857658759091, 3.129923252478255e-127) (0.7467483494451822, 6.65407446161965e-123)
Quick_Dirty_MPNN_ML_V2.ipynb	19	158	1	execute_result	text/plain	0	array([0.45856132, 0.24355987, 0.11149965, 0.18637916])
Quick_Dirty_MPNN_ML_V2.ipynb	20	157	0	stream		0	(0.7565497919646782, 0.0) (0.7423220072805928, 2.67e-322) (0.6002055151263626, 1.000851325481631e-125) (0.7459534458544852, 1.6605325869286838e-122)
Quick_Dirty_MPNN_ML_V2.ipynb	20	157	1	execute_result	text/plain	0	array([0.47255185, 0.24098784, 0.11269332, 0.17376699])
Quick_Dirty_MPNN_ML_V2.ipynb	21	156	0	stream		0	(0.7446685225537832, 0.0) (0.7342401991221972, 8.205179537406e-312) (0.5989029462777395, 4.741331217748633e-125) (0.740568817709326, 7.448391199578234e-120)
Quick_Dirty_MPNN_ML_V2.ipynb	21	156	1	execute_result	text/plain	0	array([0.45997836, 0.24167998, 0.11239832, 0.18594334])
Quick_Dirty_MPNN_ML_V2.ipynb	22	146	0	stream		0	(0.8299175136446364, 0.0) (0.7415753495330848, 2.59e-321) (0.5986807216876371, 6.177875346408829e-125) (0.7586799408062275, 4.7579812210258565e-129)
Quick_Dirty_MPNN_ML_V2.ipynb	22	146	1	execute_result	text/plain	0	array([0.39748006, 0.26267886, 0.13978267, 0.20005841])
Quick_Dirty_MPNN_ML_V2.ipynb	23	154	0	execute_result	text/plain	0	<matplotlib.axes._subplots.AxesSubplot at 0x7f7ca8b56d50>
Quick_Dirty_MPNN_ML_V2.ipynb	23	154	1	display_data	image/png,text/plain	35193	<Figure size 432x288 with 2 Axes>
Quick_Dirty_MPNN_ML_V2.ipynb	24		0	execute_result	text/plain	0	<matplotlib.axes._subplots.AxesSubplot at 0x7f7cb4a4a710>
Quick_Dirty_MPNN_ML_V2.ipynb	24		1	display_data	image/png,text/plain	22985	<Figure size 432x288 with 2 Axes>
Quick_Dirty_MPNN_ML_V2.ipynb	25	161	0	execute_result	text/plain	0	<matplotlib.axes._subplots.AxesSubplot at 0x7f7cb9442a90>
Quick_Dirty_MPNN_ML_V2.ipynb	25	161	1	display_data	image/png,text/plain	37485	<Figure size 432x288 with 2 Axes>
Quick_Dirty_MPNN_ML_V2.ipynb	26	155	0	execute_result	text/plain	0	<matplotlib.axes._subplots.AxesSubplot at 0x7f7ca93fc2d0>
Quick_Dirty_MPNN_ML_V2.ipynb	26	155	1	display_data	image/png,text/plain	41153	<Figure size 432x288 with 2 Axes>
Quick_Dirty_MPNN_ML_V2.ipynb	27		0	stream		0	(0.7406963927447158, 3.7045e-320) (0.6030922154593708, 3.1056086919365657e-127) (0.7498577903697052, 1.799356764094368e-124)
Quick_Dirty_MPNN_ML_V2.ipynb	35	212	0	execute_result	text/html,text/plain	0	"PCC combo_length combo_signature A 0.688 1 A A+D 0.732 3 A+D A+E+F 0.749 5 A+E+F A+D+E+F 0.763 7 A+D+E+F A+B+D+E+F 0.757 9 A+B+D+E+F A+B+C+D+E+F 0.749 11 A+B+C+D+E+F <div id=""df-b488922b-d138-4601-85b8-5f6434a3e15a""> <div class=""colab-df-container""> <div> <style scoped> .dataframe tbody tr th:only-of-type { vertical-align: middle; } .dataframe tbody tr th { vertical-align: top; } .dataframe thead th { text-align: right; } </style> <table border=""1"" class=""dataframe""> <thead> <tr style=""text-align: right;""> <th></th> <th>PCC</th> <th>combo_length</th> <th>combo_signature</th> </tr> </thead> <tbody> <tr> <th>A</th> <td>0.688</td> <td>1</td> <td>A</td> </tr> <tr> <th>A+D</th> <td>0.732</td> <td>3</td> <td>A+D</td> </tr> <tr> <th>A+E+F</th> <td>0.749</td> <td>5</td> <td>A+E+F</td> </tr> <tr> <th>A+D+E+F</th> <td>0.763</td> <td>7</td> <td>A+D+E+F</td> </tr> <tr> <th>A+B+D+E+F</th> <td>0.757</td> <td>9</td> <td>A+B+D+E+F</td> </tr> <tr> <th>A+B+C+D+E+F</th> <td>0.749</td> <td>11</td> <td>A+B+C+D+E+F</td> </tr> </tbody> </table> </div> <button class=""colab-df-convert"" onclick=""convertToInteractive('df-b488922b-d138-4601-85b8-5f6434a3e15a')"" title=""Convert this dataframe to an interactive table."" style=""display:none;""> <svg xmlns=""http://www.w3.org/2000/svg"" height=""24px""viewBox=""0 0 24 24"" width=""24px""> <path d=""M0 0h24v24H0V0z"" fill=""none""/> <path d=""M18.56 5.44l.94 2.06.94-2.06 2.06-.94-2.06-.94-.94-2.06-.94 2.06-2.06.94zm-11 1L8.5 8.5l.94-2.06 2.06-.94-2.06-.94L8.5 2.5l-.94 2.06-"
Quick_Dirty_MPNN_ML_V2.ipynb	36		0	execute_result	text/html,text/plain	0	"PCC combo_length combo_signature A 0.542 1 A A+B 0.582 3 A+B A+B+C 0.594 5 A+B+C A+B+F 0.594 5 A+B+F A+B+C+F 0.603 7 A+B+C+F A+B+C+E+F 0.601 9 A+B+C+E+F A+B+C+D+E+F 0.596 11 A+B+C+D+E+F <div id=""df-759f8d39-4b5e-482e-92f2-1e82267bd0f3""> <div class=""colab-df-container""> <div> <style scoped> .dataframe tbody tr th:only-of-type { vertical-align: middle; } .dataframe tbody tr th { vertical-align: top; } .dataframe thead th { text-align: right; } </style> <table border=""1"" class=""dataframe""> <thead> <tr style=""text-align: right;""> <th></th> <th>PCC</th> <th>combo_length</th> <th>combo_signature</th> </tr> </thead> <tbody> <tr> <th>A</th> <td>0.542</td> <td>1</td> <td>A</td> </tr> <tr> <th>A+B</th> <td>0.582</td> <td>3</td> <td>A+B</td> </tr> <tr> <th>A+B+C</th> <td>0.594</td> <td>5</td> <td>A+B+C</td> </tr> <tr> <th>A+B+F</th> <td>0.594</td> <td>5</td> <td>A+B+F</td> </tr> <tr> <th>A+B+C+F</th> <td>0.603</td> <td>7</td> <td>A+B+C+F</td> </tr> <tr> <th>A+B+C+E+F</th> <td>0.601</td> <td>9</td> <td>A+B+C+E+F</td> </tr> <tr> <th>A+B+C+D+E+F</th> <td>0.596</td> <td>11</td> <td>A+B+C+D+E+F</td> </tr> </tbody> </table> </div> <button class=""colab-df-convert"" onclick=""convertToInteractive('df-759f8d39-4b5e-482e-92f2-1e82267bd0f3')"" title=""Convert this dataframe to an interactive table."" style=""display:none;""> <svg xmlns=""http://www.w3.org/2000/svg"" height=""24px""viewBox=""0 0 24 24"" width=""24px""> <path d=""M0 0h24v24H0V0z"" fill=""none""/> <path d=""M18.56 5.44l.94 2.06.94-2.06 2.06-.94-2.06-.94"
Quick_Dirty_MPNN_ML_V2.ipynb	37	211	0	execute_result	text/html,text/plain	0	"PCC combo_length combo_signature A 0.704 1 A A+B 0.742 3 A+B A+B+F 0.750 5 A+B+F A+C+D 0.750 5 A+C+D A+B+E+F 0.759 7 A+B+E+F A+B+D+E+F 0.761 9 A+B+D+E+F A+B+C+D+E+F 0.763 11 A+B+C+D+E+F <div id=""df-7907f3db-22f1-42ff-bdcf-43894d582c03""> <div class=""colab-df-container""> <div> <style scoped> .dataframe tbody tr th:only-of-type { vertical-align: middle; } .dataframe tbody tr th { vertical-align: top; } .dataframe thead th { text-align: right; } </style> <table border=""1"" class=""dataframe""> <thead> <tr style=""text-align: right;""> <th></th> <th>PCC</th> <th>combo_length</th> <th>combo_signature</th> </tr> </thead> <tbody> <tr> <th>A</th> <td>0.704</td> <td>1</td> <td>A</td> </tr> <tr> <th>A+B</th> <td>0.742</td> <td>3</td> <td>A+B</td> </tr> <tr> <th>A+B+F</th> <td>0.750</td> <td>5</td> <td>A+B+F</td> </tr> <tr> <th>A+C+D</th> <td>0.750</td> <td>5</td> <td>A+C+D</td> </tr> <tr> <th>A+B+E+F</th> <td>0.759</td> <td>7</td> <td>A+B+E+F</td> </tr> <tr> <th>A+B+D+E+F</th> <td>0.761</td> <td>9</td> <td>A+B+D+E+F</td> </tr> <tr> <th>A+B+C+D+E+F</th> <td>0.763</td> <td>11</td> <td>A+B+C+D+E+F</td> </tr> </tbody> </table> </div> <button class=""colab-df-convert"" onclick=""convertToInteractive('df-7907f3db-22f1-42ff-bdcf-43894d582c03')"" title=""Convert this dataframe to an interactive table."" style=""display:none;""> <svg xmlns=""http://www.w3.org/2000/svg"" height=""24px""viewBox=""0 0 24 24"" width=""24px""> <path d=""M0 0h24v24H0V0z"" fill=""none""/> <path d=""M18.56 5.44l.94 2.06.94-2.06 2.06-.94-2.06-.94"
Quick_Dirty_MPNN_ML_V2.ipynb	40		0	stream		0	(0.7458490825113072, 0.0) (0.6050035542966613, 3.0548951027985216e-128) (0.7376511411219245, 1.9122765221972597e-118)
Quick_Dirty_MPNN_ML_V2.ipynb	41		0	stream		0	1032 (0.7284205350627649, 1.6963667647835685e-304) (0.5309072314059097, 1.0657068894737856e-93) (0.7466260649987378, 7.660932742431429e-123) [0.61863318 0.14843108 0.09932358 0.13361215] ......................................... 674 (0.7289779579135394, 3.4442479896544355e-305) (0.5818240679463105, 1.7917623625221843e-116) (0.7051324506258294, 6.431279281957485e-104) [0.5297195 0.21342067 0.16242668 0.09443315] ......................................... 438 (0.6442075728510805, 1.7425743455374946e-216) (0.5730142266189971, 3.037027201474527e-112) (0.6626416659347654, 1.082250444923534e-87) [0.23893246 0.19976294 0.27900052 0.28230409] ......................................... 1068 (0.7324502328855831, 1.529705991600633e-309) (0.6027945781131337, 4.450084853193496e-127) (0.7148264266033609, 4.9138666632861474e-108) [0.49515206 0.20032195 0.16266951 0.14185648] ......................................... 962 (0.7026156407022994, 3.1803543270180585e-274) (0.603316058287425, 2.368913313435255e-127) (0.6955952114022891, 4.985123725628203e-100) [0.40109785 0.28806057 0.16078745 0.15005413] ......................................... 854 (0.7177471302809424, 1.4556906077299088e-291) (0.5664491466825873, 3.5610990435865465e-109) (0.7193963518575338, 4.9019240741062e-110) [0.56813293 0.17427217 0.10872808 0.14886682] ......................................... 1124 (0.7306788730533799, 2.5912062339716557e-307) (0.5601409537117259, 2.7309474860519573e-106) (0.7324260097044313, 5.7437745563967
Quick_Dirty_MPNN_ML_V2.ipynb	42	201	0	execute_result	text/plain	0	<matplotlib.axes._subplots.AxesSubplot at 0x7f7ca9c3b9d0>
Quick_Dirty_MPNN_ML_V2.ipynb	42	201	1	display_data	image/png,text/plain	65425	<Figure size 432x288 with 2 Axes>
Quick_Dirty_MPNN_ML_V2.ipynb	43	205	0	execute_result	text/plain	0	<matplotlib.axes._subplots.AxesSubplot at 0x7f7ca95d4850>
Quick_Dirty_MPNN_ML_V2.ipynb	43	205	1	display_data	image/png,text/plain	12449	<Figure size 432x288 with 2 Axes>
Quick_Dirty_MPNN_ML_V2.ipynb	45		0	execute_result	text/plain	0	<matplotlib.axes._subplots.AxesSubplot at 0x7fdc5c4076d0>
Quick_Dirty_MPNN_ML_V2.ipynb	45		1	display_data	image/png,text/plain	56781	<Figure size 432x288 with 2 Axes>
Quick_Dirty_MPNN_ML_V2.ipynb	46		0	execute_result	text/plain	0	<matplotlib.axes._subplots.AxesSubplot at 0x7fdc5e609b10>
Quick_Dirty_MPNN_ML_V2.ipynb	46		1	display_data	image/png,text/plain	56621	<Figure size 432x288 with 2 Axes>
Quick_Dirty_MPNN_ML_V2.ipynb	47		0	execute_result	text/plain	0	<matplotlib.axes._subplots.AxesSubplot at 0x7fdc5cc42cd0>
Quick_Dirty_MPNN_ML_V2.ipynb	47		1	display_data	image/png,text/plain	56817	<Figure size 432x288 with 2 Axes>
Quick_Dirty_MPNN_ML_V2_V2.ipynb	0	1	0	stream		0	Mounted at /content/drive
Quick_Dirty_MPNN_ML_V2_V2.ipynb	1	2	0	stream		0	/content/drive/MyDrive/Protein_MPNN_Digging
Quick_Dirty_MPNN_ML_V2_V2.ipynb	6	7	0	display_data	application/vnd.jupyter.widget-view+json,text/plain	0	0%| | 0/131 [00:00<?, ?it/s]
Quick_Dirty_MPNN_ML_V2_V2.ipynb	6	7	1	stream		0	YOU HAVE JUST BEEN FUCKED BY ICODE 1lveA:S27 YOU HAVE JUST BEEN FUCKED BY ICODE 1lveA:S27 YOU HAVE JUST BEEN FUCKED BY ICODE 2immA:N31 YOU HAVE JUST BEEN FUCKED BY ICODE 2immA:N31
Quick_Dirty_MPNN_ML_V2_V2.ipynb	6	7	2	display_data	application/vnd.jupyter.widget-view+json,text/plain	0	0%| | 0/195 [00:00<?, ?it/s]
Quick_Dirty_MPNN_ML_V2_V2.ipynb	6	7	3	display_data	application/vnd.jupyter.widget-view+json,text/plain	0	0%| | 0/93 [00:00<?, ?it/s]
Quick_Dirty_MPNN_ML_V2_V2.ipynb	6	7	4	display_data	application/vnd.jupyter.widget-view+json,text/plain	0	0%| | 0/357 [00:00<?, ?it/s]
Quick_Dirty_MPNN_ML_V2_V2.ipynb	8	155	0	stream		0	[0.07056879 0.06845499 0.0566162 0.05363993 0.04747507] [837.95294 147.1735 145.93686 130.55673 121.03177 91.252594 85.33352 72.48519 68.105675 66.14817 ] (39300, 128) <class 'numpy.ndarray'>
Quick_Dirty_MPNN_ML_V2_V2.ipynb	11	148	0	stream		0	S_921 single-feature correlations at a glance (0.6437524074179247, 6.570883810058129e-109) (0.25548445596967423, 3.436358920334565e-15) (0.44302484124449787, 1.4780958136063842e-45) (0.32038359889572743, 1.9833988041390686e-23) (0.39835140877181585, 2.1686931431259903e-36) (0.5145587134119901, 2.1316560964554222e-63) (0.46107173452888334, 1.1474016092088566e-49) (-0.12114416840426183, 0.0002286414968347316) (0.36368579871712997, 3.5053706633604764e-30) (0.39148631529001593, 4.223558731081758e-35) (-0.5228971099859087, 9.117230581658586e-66) (-0.1257047508821264, 0.00013083253858230218) (-0.1832903070189793, 2.113250973002629e-08) (0.13584997827031242, 3.5285304810558845e-05) (0.0687104073615602, 0.03708249619419897) (-0.24840304497512153, 2.033587689814099e-14) (0.2919498347622534, 1.4850189709528754e-19) (-0.12251803960810473, 0.00019363758455991198) (0.2341847612124878, 6.123499011550955e-13) (0.03885148042844307, 0.2388334839457259) (-0.28025097784009617, 4.406199170904607e-18) ............................................. S_669 single-feature correlations at a glance (0.3395853224754521, 1.1023372613588465e-18) (0.2520013958449332, 1.0663549385817708e-10) (0.2210593762767168, 1.6743496385849506e-08) (0.33455873562908256, 3.772290808414473e-18) (0.3591958280077496, 7.287374296171487e-21) (0.1760175004428737, 7.741516443498937e-06) (0.18621733575500057, 2.1812630232301117e-06) (-0.020920827570630865, 0.5978786475461585) (0.37297308523189143, 1.7289309061530068e-22) (0.10301
Quick_Dirty_MPNN_ML_V2_V2.ipynb	19	173	0	stream		0	(0.6197843171399395, 6.905160276838664e-278) (0.7886317442964345, 0.0) (0.6163670806239269, 2.2555997812519914e-134) (0.7556522994945178, 1.8639667391489042e-127)
Quick_Dirty_MPNN_ML_V2_V2.ipynb	19	173	1	stream		0	/usr/local/lib/python3.7/dist-packages/sklearn/linear_model/_base.py:145: FutureWarning: 'normalize' was deprecated in version 1.0 and will be removed in 1.2. If you wish to scale the data, use Pipeline with a StandardScaler in a preprocessing stage. To reproduce the previous behavior: from sklearn.pipeline import make_pipeline model = make_pipeline(StandardScaler(with_mean=False), Ridge()) If you wish to pass a sample_weight parameter, you need to pass it as a fit parameter to each step of the pipeline as follows: kwargs = {s[0] + '__sample_weight': sample_weight for s in model.steps} model.fit(X, y, **kwargs) Set parameter alpha to: original_alpha * n_samples. FutureWarning,
Quick_Dirty_MPNN_ML_V2_V2.ipynb	20	174	0	stream		0	[ 0.24754404 0.01383442 0.00681444 0.01215364 -0.00167111 -0.03394634 0.04243399 -0.04351697 0.31573975 0.01483479 0.06262796 0.03648898 0.15368936 -0.00234686 -0.0040388 -0.01189282 -0.00391734 -0.00837001 0.44164562 -0.01201988 0.17216726 0.01989787 -0.03513006] 0.20935863250361592
Quick_Dirty_MPNN_ML_V2_V2.ipynb	21	200	0	stream		0	(0.8604574546335987, 0.0) (0.7635881945806597, 9.066775227463004e-177) (0.458749356146882, 1.5940528920525019e-34) (0.6723140174806599, 2.5040953506709504e-46)
Quick_Dirty_MPNN_ML_V2_V2.ipynb	21	200	1	execute_result	text/plain	0	array([0.16923834, 0.04432183, 0.02785679, 0.09050343, 0.05057694, 0.09895163, 0.03933164, 0.06114741, 0.06149135, 0.04814662, 0.03071611, 0.02256307, 0.02083238, 0.02566467, 0.01966745, 0.01958515, 0.03018174, 0.01980017, 0.01972216, 0.02075587, 0.01877176, 0.02572524, 0.01677203, 0.01767621])
Quick_Dirty_MPNN_ML_V2_V2.ipynb	22	201	0	stream		0	(0.8610299326105645, 0.0) (0.7855153514050541, 0.0) (0.6332418353270893, 5.892317339124095e-144) (0.7827736389441928, 1.2642393410687582e-142)
Quick_Dirty_MPNN_ML_V2_V2.ipynb	22	201	1	execute_result	text/plain	0	array([0.17569542, 0.0442534 , 0.02738989, 0.09045006, 0.04632959, 0.09773103, 0.03880892, 0.06080809, 0.06236498, 0.04679832, 0.0300767 , 0.02177526, 0.0206375 , 0.02658031, 0.01969249, 0.01972066, 0.03147904, 0.02008497, 0.01958444, 0.02090661, 0.01850123, 0.02547159, 0.01698174, 0.01787776])
Quick_Dirty_MPNN_ML_V2_V2.ipynb	30		0	execute_result	text/html,text/plain	0	"PCC combo_length combo_signature A 0.688 1 A A+D 0.732 3 A+D A+E+F 0.749 5 A+E+F A+D+E+F 0.763 7 A+D+E+F A+B+D+E+F 0.757 9 A+B+D+E+F A+B+C+D+E+F 0.749 11 A+B+C+D+E+F <div id=""df-b488922b-d138-4601-85b8-5f6434a3e15a""> <div class=""colab-df-container""> <div> <style scoped> .dataframe tbody tr th:only-of-type { vertical-align: middle; } .dataframe tbody tr th { vertical-align: top; } .dataframe thead th { text-align: right; } </style> <table border=""1"" class=""dataframe""> <thead> <tr style=""text-align: right;""> <th></th> <th>PCC</th> <th>combo_length</th> <th>combo_signature</th> </tr> </thead> <tbody> <tr> <th>A</th> <td>0.688</td> <td>1</td> <td>A</td> </tr> <tr> <th>A+D</th> <td>0.732</td> <td>3</td> <td>A+D</td> </tr> <tr> <th>A+E+F</th> <td>0.749</td> <td>5</td> <td>A+E+F</td> </tr> <tr> <th>A+D+E+F</th> <td>0.763</td> <td>7</td> <td>A+D+E+F</td> </tr> <tr> <th>A+B+D+E+F</th> <td>0.757</td> <td>9</td> <td>A+B+D+E+F</td> </tr> <tr> <th>A+B+C+D+E+F</th> <td>0.749</td> <td>11</td> <td>A+B+C+D+E+F</td> </tr> </tbody> </table> </div> <button class=""colab-df-convert"" onclick=""convertToInteractive('df-b488922b-d138-4601-85b8-5f6434a3e15a')"" title=""Convert this dataframe to an interactive table."" style=""display:none;""> <svg xmlns=""http://www.w3.org/2000/svg"" height=""24px""viewBox=""0 0 24 24"" width=""24px""> <path d=""M0 0h24v24H0V0z"" fill=""none""/> <path d=""M18.56 5.44l.94 2.06.94-2.06 2.06-.94-2.06-.94-.94-2.06-.94 2.06-2.06.94zm-11 1L8.5 8.5l.94-2.06 2.06-.94-2.06-.94L8.5 2.5l-.94 2.06-"
Quick_Dirty_MPNN_ML_V2_V2.ipynb	31		0	execute_result	text/html,text/plain	0	"PCC combo_length combo_signature A 0.542 1 A A+B 0.582 3 A+B A+B+C 0.594 5 A+B+C A+B+F 0.594 5 A+B+F A+B+C+F 0.603 7 A+B+C+F A+B+C+E+F 0.601 9 A+B+C+E+F A+B+C+D+E+F 0.596 11 A+B+C+D+E+F <div id=""df-759f8d39-4b5e-482e-92f2-1e82267bd0f3""> <div class=""colab-df-container""> <div> <style scoped> .dataframe tbody tr th:only-of-type { vertical-align: middle; } .dataframe tbody tr th { vertical-align: top; } .dataframe thead th { text-align: right; } </style> <table border=""1"" class=""dataframe""> <thead> <tr style=""text-align: right;""> <th></th> <th>PCC</th> <th>combo_length</th> <th>combo_signature</th> </tr> </thead> <tbody> <tr> <th>A</th> <td>0.542</td> <td>1</td> <td>A</td> </tr> <tr> <th>A+B</th> <td>0.582</td> <td>3</td> <td>A+B</td> </tr> <tr> <th>A+B+C</th> <td>0.594</td> <td>5</td> <td>A+B+C</td> </tr> <tr> <th>A+B+F</th> <td>0.594</td> <td>5</td> <td>A+B+F</td> </tr> <tr> <th>A+B+C+F</th> <td>0.603</td> <td>7</td> <td>A+B+C+F</td> </tr> <tr> <th>A+B+C+E+F</th> <td>0.601</td> <td>9</td> <td>A+B+C+E+F</td> </tr> <tr> <th>A+B+C+D+E+F</th> <td>0.596</td> <td>11</td> <td>A+B+C+D+E+F</td> </tr> </tbody> </table> </div> <button class=""colab-df-convert"" onclick=""convertToInteractive('df-759f8d39-4b5e-482e-92f2-1e82267bd0f3')"" title=""Convert this dataframe to an interactive table."" style=""display:none;""> <svg xmlns=""http://www.w3.org/2000/svg"" height=""24px""viewBox=""0 0 24 24"" width=""24px""> <path d=""M0 0h24v24H0V0z"" fill=""none""/> <path d=""M18.56 5.44l.94 2.06.94-2.06 2.06-.94-2.06-.94"
Quick_Dirty_MPNN_ML_V2_V2.ipynb	32		0	execute_result	text/html,text/plain	0	"PCC combo_length combo_signature A 0.704 1 A A+B 0.742 3 A+B A+B+F 0.750 5 A+B+F A+C+D 0.750 5 A+C+D A+B+E+F 0.759 7 A+B+E+F A+B+D+E+F 0.761 9 A+B+D+E+F A+B+C+D+E+F 0.763 11 A+B+C+D+E+F <div id=""df-7907f3db-22f1-42ff-bdcf-43894d582c03""> <div class=""colab-df-container""> <div> <style scoped> .dataframe tbody tr th:only-of-type { vertical-align: middle; } .dataframe tbody tr th { vertical-align: top; } .dataframe thead th { text-align: right; } </style> <table border=""1"" class=""dataframe""> <thead> <tr style=""text-align: right;""> <th></th> <th>PCC</th> <th>combo_length</th> <th>combo_signature</th> </tr> </thead> <tbody> <tr> <th>A</th> <td>0.704</td> <td>1</td> <td>A</td> </tr> <tr> <th>A+B</th> <td>0.742</td> <td>3</td> <td>A+B</td> </tr> <tr> <th>A+B+F</th> <td>0.750</td> <td>5</td> <td>A+B+F</td> </tr> <tr> <th>A+C+D</th> <td>0.750</td> <td>5</td> <td>A+C+D</td> </tr> <tr> <th>A+B+E+F</th> <td>0.759</td> <td>7</td> <td>A+B+E+F</td> </tr> <tr> <th>A+B+D+E+F</th> <td>0.761</td> <td>9</td> <td>A+B+D+E+F</td> </tr> <tr> <th>A+B+C+D+E+F</th> <td>0.763</td> <td>11</td> <td>A+B+C+D+E+F</td> </tr> </tbody> </table> </div> <button class=""colab-df-convert"" onclick=""convertToInteractive('df-7907f3db-22f1-42ff-bdcf-43894d582c03')"" title=""Convert this dataframe to an interactive table."" style=""display:none;""> <svg xmlns=""http://www.w3.org/2000/svg"" height=""24px""viewBox=""0 0 24 24"" width=""24px""> <path d=""M0 0h24v24H0V0z"" fill=""none""/> <path d=""M18.56 5.44l.94 2.06.94-2.06 2.06-.94-2.06-.94"
Quick_Dirty_MPNN_ML_V2_V2.ipynb	35		0	stream		0	(0.7458490825113072, 0.0) (0.6050035542966613, 3.0548951027985216e-128) (0.7376511411219245, 1.9122765221972597e-118)
Quick_Dirty_MPNN_ML_V2_V2.ipynb	36		0	stream		0	1032 (0.7284205350627649, 1.6963667647835685e-304) (0.5309072314059097, 1.0657068894737856e-93) (0.7466260649987378, 7.660932742431429e-123) [0.61863318 0.14843108 0.09932358 0.13361215] ......................................... 674 (0.7289779579135394, 3.4442479896544355e-305) (0.5818240679463105, 1.7917623625221843e-116) (0.7051324506258294, 6.431279281957485e-104) [0.5297195 0.21342067 0.16242668 0.09443315] ......................................... 438 (0.6442075728510805, 1.7425743455374946e-216) (0.5730142266189971, 3.037027201474527e-112) (0.6626416659347654, 1.082250444923534e-87) [0.23893246 0.19976294 0.27900052 0.28230409] ......................................... 1068 (0.7324502328855831, 1.529705991600633e-309) (0.6027945781131337, 4.450084853193496e-127) (0.7148264266033609, 4.9138666632861474e-108) [0.49515206 0.20032195 0.16266951 0.14185648] ......................................... 962 (0.7026156407022994, 3.1803543270180585e-274) (0.603316058287425, 2.368913313435255e-127) (0.6955952114022891, 4.985123725628203e-100) [0.40109785 0.28806057 0.16078745 0.15005413] ......................................... 854 (0.7177471302809424, 1.4556906077299088e-291) (0.5664491466825873, 3.5610990435865465e-109) (0.7193963518575338, 4.9019240741062e-110) [0.56813293 0.17427217 0.10872808 0.14886682] ......................................... 1124 (0.7306788730533799, 2.5912062339716557e-307) (0.5601409537117259, 2.7309474860519573e-106) (0.7324260097044313, 5.7437745563967
Quick_Dirty_MPNN_ML_V2_V2.ipynb	37		0	execute_result	text/plain	0	<matplotlib.axes._subplots.AxesSubplot at 0x7f7ca9c3b9d0>
Quick_Dirty_MPNN_ML_V2_V2.ipynb	37		1	display_data	image/png,text/plain	65425	<Figure size 432x288 with 2 Axes>
Quick_Dirty_MPNN_ML_V2_V2.ipynb	38		0	execute_result	text/plain	0	<matplotlib.axes._subplots.AxesSubplot at 0x7f7ca95d4850>
Quick_Dirty_MPNN_ML_V2_V2.ipynb	38		1	display_data	image/png,text/plain	12449	<Figure size 432x288 with 2 Axes>
Quick_Dirty_MPNN_ML_V2_V2.ipynb	40		0	execute_result	text/plain	0	<matplotlib.axes._subplots.AxesSubplot at 0x7fdc5c4076d0>
Quick_Dirty_MPNN_ML_V2_V2.ipynb	40		1	display_data	image/png,text/plain	56781	<Figure size 432x288 with 2 Axes>
Quick_Dirty_MPNN_ML_V2_V2.ipynb	41		0	execute_result	text/plain	0	<matplotlib.axes._subplots.AxesSubplot at 0x7fdc5e609b10>
Quick_Dirty_MPNN_ML_V2_V2.ipynb	41		1	display_data	image/png,text/plain	56621	<Figure size 432x288 with 2 Axes>
Quick_Dirty_MPNN_ML_V2_V2.ipynb	42		0	execute_result	text/plain	0	<matplotlib.axes._subplots.AxesSubplot at 0x7fdc5cc42cd0>
Quick_Dirty_MPNN_ML_V2_V2.ipynb	42		1	display_data	image/png,text/plain	56817	<Figure size 432x288 with 2 Axes>
Quick_Dirty_MPNN_ML_V2_V3.ipynb	0	1	0	stream		0	Mounted at /content/drive
Quick_Dirty_MPNN_ML_V2_V3.ipynb	1	2	0	stream		0	/content/drive/MyDrive/Protein_MPNN_Digging
Quick_Dirty_MPNN_ML_V2_V3.ipynb	6	7	0	display_data	application/vnd.jupyter.widget-view+json,text/plain	0	0%| | 0/131 [00:00<?, ?it/s]
Quick_Dirty_MPNN_ML_V2_V3.ipynb	6	7	1	stream		0	YOU HAVE JUST BEEN FUCKED BY ICODE 1lveA:S27 YOU HAVE JUST BEEN FUCKED BY ICODE 1lveA:S27 YOU HAVE JUST BEEN FUCKED BY ICODE 2immA:N31 YOU HAVE JUST BEEN FUCKED BY ICODE 2immA:N31
Quick_Dirty_MPNN_ML_V2_V3.ipynb	6	7	2	display_data	application/vnd.jupyter.widget-view+json,text/plain	0	0%| | 0/195 [00:00<?, ?it/s]
Quick_Dirty_MPNN_ML_V2_V3.ipynb	6	7	3	display_data	application/vnd.jupyter.widget-view+json,text/plain	0	0%| | 0/93 [00:00<?, ?it/s]
Quick_Dirty_MPNN_ML_V2_V3.ipynb	6	7	4	display_data	application/vnd.jupyter.widget-view+json,text/plain	0	0%| | 0/357 [00:00<?, ?it/s]
Quick_Dirty_MPNN_ML_V2_V3.ipynb	8	9	0	stream		0	(2, 15, 128) (2, 15, 128)
Quick_Dirty_MPNN_ML_V2_V3.ipynb	9	10	0	stream		0	[0.07373627 0.07332963 0.0571572 0.05138711 0.04352886] [842.56244 152.98184 144.6525 130.47934 121.784744 90.89731 86.39876 75.555725 68.95203 63.713882] (39300, 128) <class 'numpy.ndarray'>
Quick_Dirty_MPNN_ML_V2_V3.ipynb	10	11	0	stream		0	[0.15965266 0.11666521 0.0804638 0.04873039 0.0437131 ] [1035.52243083 297.95548109 177.44346157 131.42008165 114.22848416 91.5638545 74.58410257 70.99016947 64.66149361 59.85715131] (39300, 128) <class 'numpy.ndarray'>
Quick_Dirty_MPNN_ML_V2_V3.ipynb	11	12	0	stream		0	(75,) (75,) (75,) (75,) (75,) (75,) (75,) (75,) (75,) (75,) (75,) (75,) (75,) (75,) (75,) (75,) (75,) (75,) (75,) (75,) (75,) (75,) (75,) (75,) (75,) (75,) (75,) (75,) (75,) (75,) (75,) (75,) (75,) (75,) (75,) (75,) (75,) (75,) (75,) (75,) (75,) (75,) (75,) (75,) (75,) (75,) (75,) (75,) (75,) (75,) (75,) (75,) (75,) (75,) (75,) (75,) (75,) (75,) (75,) (75,) (75,) (75,) (75,) (75,) (75,) (75,) (75,) (75,) (75,) (75,) (75,) (75,) (75,) (75,) (75,) (75,) (75,) (75,) (75,) (75,) (75,) (75,) (75,) (75,) (75,) (75,) (75,) (75,) (75,) (75,) (75,) (75,) (75,) (75,) (75,) (75,) (75,) (75,) (75,) (75,) (75,) (75,) (75,) (75,) (75,) (75,) (75,) (75,) (75,) (75,) (75,) (75,) (75,) (75,) (75,) (75,) (75,) (75,) (75,) (75,) (75,) (75,) (75,) (75,) (75,) (75,) (75,) (75,) (75,) (75,) (75,) (75,) (75,) (75,) (75,) (75,) (75,) (75,) (75,) (75,) (75,) (75,) (75,) (75,) (75,) (75,) (75,) (75,) (75,) (75,) (75,) (75,) (75,) (75,) (75,) (75,) (75,) (75,) (75,) (75,) (75,) (75,) (75,) (75,) (75,) (75,) (75,) (75,) (75,) (75,) (75,) (75,) (75,) (75,) (75,) (75,) (75,) (75,) (75,) (75,) (75,) (75,) (75,) (75,) (75,) (75,) (75,) (75,) (75,) (75,) (75,) (75,) (75,) (75,) (75,) (75,) (75,) (75,) (75,) (75,) (75,) (75,) (75,) (75,) (75,) (75,) (75,) (75,) (75,) (75,) (75,) (75,) (75,) (75,) (75,) (75,) (75,) (75,) (75,) (75,) (75,) (75,) (75,) (75,) (75,) (75,) (75,) (75,) (75,) (75,) (75,) (75,) (75,) (75,) (75,) (75,) (75,) (75,) (75,) (75,) (75,) (75,) (75,) (75,) (75,) (75,) (75,) (75,) (75,) (75,) 
Quick_Dirty_MPNN_ML_V2_V3.ipynb	13	14	0	stream		0	S_2648 single-feature correlations at a glance (0.5066529736537145, 6.977318145590863e-171) (-0.15030436008655998, 1.0440771163770327e-14) (0.30870099814242047, 5.870104605840723e-59) (0.25790872518638025, 4.451447521607761e-41) (0.3087009974609789, 5.870108192048068e-59) (-0.15030436046873363, 1.0440769531637886e-14) (0.028773005987116216, 0.14091957548275866) .............................................
Quick_Dirty_MPNN_ML_V2_V3.ipynb	14	15	0	stream		0	0.26 0.31
Quick_Dirty_MPNN_ML_V2_V3.ipynb	14	15	1	stream		0	/usr/local/lib/python3.7/dist-packages/ipykernel_launcher.py:21: MatplotlibDeprecationWarning: Support for uppercase single-letter colors is deprecated since Matplotlib 3.1 and will be removed in 3.3; please use lowercase instead. /usr/local/lib/python3.7/dist-packages/ipykernel_launcher.py:21: MatplotlibDeprecationWarning: Using a string of single character colors as a color sequence is deprecated. Use an explicit list instead.
Quick_Dirty_MPNN_ML_V2_V3.ipynb	14	15	2	display_data	image/png,text/plain	33345	<Figure size 700x500 with 1 Axes>
Quick_Dirty_MPNN_ML_V2_V3.ipynb	15	16	0	stream		0	0.15 0.03
Quick_Dirty_MPNN_ML_V2_V3.ipynb	15	16	1	stream		0	/usr/local/lib/python3.7/dist-packages/ipykernel_launcher.py:21: MatplotlibDeprecationWarning: Support for uppercase single-letter colors is deprecated since Matplotlib 3.1 and will be removed in 3.3; please use lowercase instead. /usr/local/lib/python3.7/dist-packages/ipykernel_launcher.py:21: MatplotlibDeprecationWarning: Using a string of single character colors as a color sequence is deprecated. Use an explicit list instead.
Quick_Dirty_MPNN_ML_V2_V3.ipynb	15	16	2	display_data	image/png,text/plain	33917	<Figure size 700x500 with 1 Axes>
Quick_Dirty_MPNN_ML_V2_V3.ipynb	16	39	0	display_data	image/png,text/plain	77977	<Figure size 1000x1000 with 2 Axes>
Quick_Dirty_MPNN_ML_V2_V3.ipynb	17	17	0	stream		0	0.25790872518638025 0.3087009974609789
Quick_Dirty_MPNN_ML_V2_V3.ipynb	19	19	0	stream		0	(0.7512324817752682, 0.0) (0.718448572428847, 4.7901178551733054e-147) (0.6136762210022004, 6.727958449289691e-133) (0.7318066928963002, 1.119410802145924e-115)
Quick_Dirty_MPNN_ML_V2_V3.ipynb	19	19	1	stream		0	/usr/local/lib/python3.7/dist-packages/sklearn/linear_model/_base.py:145: FutureWarning: 'normalize' was deprecated in version 1.0 and will be removed in 1.2. If you wish to scale the data, use Pipeline with a StandardScaler in a preprocessing stage. To reproduce the previous behavior: from sklearn.pipeline import make_pipeline model = make_pipeline(StandardScaler(with_mean=False), Ridge()) If you wish to pass a sample_weight parameter, you need to pass it as a fit parameter to each step of the pipeline as follows: kwargs = {s[0] + '__sample_weight': sample_weight for s in model.steps} model.fit(X, y, **kwargs) Set parameter alpha to: original_alpha * n_samples. FutureWarning,
Quick_Dirty_MPNN_ML_V2_V3.ipynb	20	20	0	stream		0	[ 2.74716414e-01 1.58967045e-02 3.19385328e-03 9.77207462e-04 -3.91791280e-03 2.61091230e-02 -2.62429241e-02 -3.81377598e-05 2.82324333e-01 -8.31853420e-03 1.90057887e-01 -1.38702286e-02] 0.09225211258252462
Quick_Dirty_MPNN_ML_V2_V3.ipynb	21	21	0	stream		0	(0.9352373135888851, 0.0) (0.766392806292707, 7.787628044850085e-179) (0.4781337309377257, 9.354565798557236e-38) (0.716103173027933, 4.890756236346684e-55)
Quick_Dirty_MPNN_ML_V2_V3.ipynb	21	21	1	execute_result	text/plain	0	array([0.21904493, 0.11585399, 0.05924315, 0.13119444, 0.07314495, 0.06663295, 0.06418716, 0.04382842, 0.08110217, 0.05355957, 0.05051278, 0.04169549])
Quick_Dirty_MPNN_ML_V2_V3.ipynb	22	22	0	stream		0	(0.9357897898126939, 0.0) (0.7669111056946945, 3.209306727130356e-179) (0.48004108819137126, 4.382560440363331e-38) (0.7184939362285122, 1.466746465330974e-55)
Quick_Dirty_MPNN_ML_V2_V3.ipynb	22	22	1	execute_result	text/plain	0	array([0.22907081, 0.10532384, 0.05354286, 0.13161802, 0.0732976 , 0.06603373, 0.06633836, 0.04420603, 0.08221194, 0.05552745, 0.05114696, 0.04168242])
Quick_Dirty_MPNN_ML_V2_V3.ipynb	23	23	0	display_data	image/png,text/plain	70993	<Figure size 1400x1000 with 2 Axes>
Quick_Dirty_MPNN_ML_V2_V3.ipynb	23	23	1	display_data	text/plain	0	<Figure size 432x288 with 0 Axes>
Quick_Dirty_MPNN_ML_V2_V3.ipynb	24	24	0	execute_result	text/html,text/plain	0	DDG A B C D E-1 E-2 \ DDG 1.000000 0.506653 0.291537 -0.150304 0.308701 0.071515 0.342572 A 0.506653 1.000000 0.514658 -0.340462 0.331952 0.140231 0.170491 B 0.291537 0.514658 1.000000 -0.223649 0.382440 0.211521 0.147271 C -0.150304 -0.340462 -0.223649 1.000000 -0.047038 0.067661 -0.133923 D 0.308701 0.331952 0.382440 -0.047038 1.000000 0.491047 0.181057 E-1 0.071515 0.140231 0.211521 0.067661 0.491047 1.000000 -0.081435 E-2 0.342572 0.170491 0.147271 -0.133923 0.181057 -0.081435 1.000000 E-3 0.255719 0.544799 0.395248 -0.546681 0.167607 0.117553 0.088210 E-4 0.201329 0.074722 0.094596 0.206332 0.091462 0.005553 0.195571 E-5 -0.006065 -0.053761 0.036782 0.173835 0.048214 0.038284 0.014658 F 0.275204 0.316624 0.162193 0.036147 0.239796 0.293162 0.010496 G 0.176183 0.145881 0.024139 0.042325 0.062208 0.079089 0.004637 H -0.255264 -0.349626 -0.228909 -0.014638 -0.312322 -0.378840 -0.011786 E-3 E-4 E-5 F G H DDG 0.255719 0.201329 -0.006065 0.275204 0.176183 -0.255264 A 0.544799 0.074722 -0.053761 0.316624 0.145881 -0.349626 B 0.395248 0.094596 0.036782 0.162193 0.024139 -0.228909 C -0.546681 0.206332 0.173835 0.036147 0.042325 -0.014638 D 0.167607 0.091462 0.048214 0.239796 0.062208 -0.312322 E-1 0.117553 0.005553 0.038284 0.293162 0.079089 -0.378840 E-2 0.088210 0.195571 0.014658 0.010496 0.004637 -0.011786 E-3 1.000000 -0.076096 -0.081307 0.097070 0.025382 -0.126232 E-4 -0.076096 1.000000 0.160344 0.080292 0.015207 -0.110112 E-5 -0.081307 0.160344 1.000000 0.042075 0.012709 -0
Quick_Dirty_MPNN_ML_V2_V3.ipynb	25	25	0	stream		0	(0.794812394160082, 0.0) (0.7676490111897645, 9.048166857581761e-180) (0.7664592926227518, 6.951443034067375e-179) (0.6446850135590241, 8.413240928518863e-151) (0.4828833365844248, 1.4033390089568597e-38) (0.4786043879501776, 7.761751805392831e-38) (0.8109171834749661, 7.200367829456087e-161) (0.7207685171384137, 4.609784042174552e-56) (0.7155704942190042, 6.385185286395551e-55) 1.490922463194474 1.4923570338701817 1.489486510839876 1.4512746723236831 1.4531230545935272 1.4494239329006553 1.1026531137656468 1.10551441755194 1.099784365764011
Quick_Dirty_MPNN_ML_V2_V3.ipynb	25	25	1	execute_result	text/plain	0	array([0.22818125, 0.11223613, 0.05567552, 0.12267895, 0.07335503, 0.07191122, 0.06392542, 0.04401643, 0.08118244, 0.05442354, 0.05113361, 0.04128046])
Quick_Dirty_MPNN_ML_V2_V3.ipynb	26	23	0	display_data	application/vnd.jupyter.widget-view+json,text/plain	0	0%| | 0/10 [00:00<?, ?it/s]
Quick_Dirty_MPNN_ML_V2_V3.ipynb	31	39	0	stream		0	-0.9960837257021014 -0.9939184352208846 -0.9946606797887094
Quick_Dirty_MPNN_ML_V2_V3.ipynb	32	30	0	execute_result	text/plain	0	{'A': 0.44303515121154086, 'A+B': 0.5261676283860182, 'A+B+C': 0.5508227835214721, 'A+B+C+D': 0.5996172256401551, 'A+B+C+D+E': 0.6795140275521175, 'A+B+C+D+E+F': 0.7036361066990992, 'A+B+C+D+E+F+G': 0.7140094929800476, 'A+B+C+D+E+F+G+H': 0.7219611607365225}
Quick_Dirty_MPNN_ML_V2_V3.ipynb	34	13	0	execute_result	text/plain	0	{'A': 0.5655701626935924, 'A+B': 0.6288149941804836, 'A+B+C': 0.6412590948882598, 'A+B+C+D': 0.6861844881476283, 'A+B+C+D+E': 0.7291185753781343, 'A+B+C+D+E+F': 0.7605354514204117, 'A+B+C+D+E+F+G': 0.764134835491854, 'A+B+C+D+E+F+G+H': 0.767839284168835}
Quick_Dirty_MPNN_ML_V2_V3.ipynb	35	31	0	stream		0	/usr/local/lib/python3.7/dist-packages/ipykernel_launcher.py:22: MatplotlibDeprecationWarning: Support for uppercase single-letter colors is deprecated since Matplotlib 3.1 and will be removed in 3.3; please use lowercase instead. /usr/local/lib/python3.7/dist-packages/ipykernel_launcher.py:23: UserWarning: This figure includes Axes that are not compatible with tight_layout, so results might be incorrect.
Quick_Dirty_MPNN_ML_V2_V3.ipynb	35	31	1	display_data	image/png,text/plain	53845	<Figure size 700x300 with 1 Axes>
Quick_Dirty_MPNN_ML_V2_V3.ipynb	36	32	0	stream		0	/usr/local/lib/python3.7/dist-packages/ipykernel_launcher.py:22: MatplotlibDeprecationWarning: Support for uppercase single-letter colors is deprecated since Matplotlib 3.1 and will be removed in 3.3; please use lowercase instead. /usr/local/lib/python3.7/dist-packages/ipykernel_launcher.py:23: UserWarning: This figure includes Axes that are not compatible with tight_layout, so results might be incorrect.
Quick_Dirty_MPNN_ML_V2_V3.ipynb	36	32	1	display_data	image/png,text/plain	53861	<Figure size 700x300 with 1 Axes>
Quick_Dirty_MPNN_ML_V2_V3.ipynb	37	35	0	stream		0	/usr/local/lib/python3.7/dist-packages/ipykernel_launcher.py:22: MatplotlibDeprecationWarning: Support for uppercase single-letter colors is deprecated since Matplotlib 3.1 and will be removed in 3.3; please use lowercase instead. /usr/local/lib/python3.7/dist-packages/ipykernel_launcher.py:23: UserWarning: This figure includes Axes that are not compatible with tight_layout, so results might be incorrect.
Quick_Dirty_MPNN_ML_V2_V3.ipynb	37	35	1	display_data	image/png,text/plain	53885	<Figure size 700x300 with 1 Axes>
Quick_Dirty_MPNN_ML_V2_V3.ipynb	38	14	0	display_data	image/png,text/plain	120665	<Figure size 1600x1400 with 1 Axes>
Quick_Dirty_MPNN_ML_V2_V3.ipynb	39	20	0	display_data	image/png,text/plain	137337	<Figure size 1600x1600 with 2 Axes>
Quick_Dirty_MPNN_ML_V2_VGRAPHS_V1.ipynb	0		0	stream		0	Mounted at /content/drive
Quick_Dirty_MPNN_ML_V2_VGRAPHS_V1.ipynb	1		0	stream		0	/content/drive/MyDrive/Protein_MPNN_Digging
Quick_Dirty_MPNN_ML_V2_VGRAPHS_V1.ipynb	6		0	display_data	application/vnd.jupyter.widget-view+json,text/plain	0	0%| | 0/131 [00:00<?, ?it/s]
Quick_Dirty_MPNN_ML_V2_VGRAPHS_V1.ipynb	6		1	stream		0	YOU HAVE JUST BEEN FUCKED BY ICODE 1lveA:S27 YOU HAVE JUST BEEN FUCKED BY ICODE 1lveA:S27 YOU HAVE JUST BEEN FUCKED BY ICODE 2immA:N31 YOU HAVE JUST BEEN FUCKED BY ICODE 2immA:N31
Quick_Dirty_MPNN_ML_V2_VGRAPHS_V1.ipynb	6		2	display_data	application/vnd.jupyter.widget-view+json,text/plain	0	0%| | 0/195 [00:00<?, ?it/s]
Quick_Dirty_MPNN_ML_V2_VGRAPHS_V1.ipynb	6		3	display_data	application/vnd.jupyter.widget-view+json,text/plain	0	0%| | 0/93 [00:00<?, ?it/s]
Quick_Dirty_MPNN_ML_V2_VGRAPHS_V1.ipynb	6		4	display_data	application/vnd.jupyter.widget-view+json,text/plain	0	0%| | 0/357 [00:00<?, ?it/s]
Quick_Dirty_MPNN_ML_V2_VGRAPHS_V1.ipynb	8		0	stream		0	(2, 15, 128) (2, 15, 128)
Quick_Dirty_MPNN_ML_V2_VGRAPHS_V1.ipynb	9		0	stream		0	[0.07271473 0.07146449 0.05921614 0.05526521 0.04453984] [866.41864 151.49347 145.34442 127.6717 119.26889 93.49895 86.43778 73.26194 68.86105 65.221664] (39300, 128) <class 'numpy.ndarray'>
Quick_Dirty_MPNN_ML_V2_VGRAPHS_V1.ipynb	10		0	stream		0	[0.17422627 0.11517941 0.07370054 0.04857664 0.04503066] [1039.1616888 305.61087056 177.6234568 134.92128363 120.2809296 93.41537825 73.47860786 70.44559204 64.57217117 61.18925654] (39300, 128) <class 'numpy.ndarray'>
Quick_Dirty_MPNN_ML_V2_VGRAPHS_V1.ipynb	11		0	stream		0	(75,) (75,) (75,) (75,) (75,) (75,) (75,) (75,) (75,) (75,) (75,) (75,) (75,) (75,) (75,) (75,) (75,) (75,) (75,) (75,) (75,) (75,) (75,) (75,) (75,) (75,) (75,) (75,) (75,) (75,) (75,) (75,) (75,) (75,) (75,) (75,) (75,) (75,) (75,) (75,) (75,) (75,) (75,) (75,) (75,) (75,) (75,) (75,) (75,) (75,) (75,) (75,) (75,) (75,) (75,) (75,) (75,) (75,) (75,) (75,) (75,) (75,) (75,) (75,) (75,) (75,) (75,) (75,) (75,) (75,) (75,) (75,) (75,) (75,) (75,) (75,) (75,) (75,) (75,) (75,) (75,) (75,) (75,) (75,) (75,) (75,) (75,) (75,) (75,) (75,) (75,) (75,) (75,) (75,) (75,) (75,) (75,) (75,) (75,) (75,) (75,) (75,) (75,) (75,) (75,) (75,) (75,) (75,) (75,) (75,) (75,) (75,) (75,) (75,) (75,) (75,) (75,) (75,) (75,) (75,) (75,) (75,) (75,) (75,) (75,) (75,) (75,) (75,) (75,) (75,) (75,) (75,) (75,) (75,) (75,) (75,) (75,) (75,) (75,) (75,) (75,) (75,) (75,) (75,) (75,) (75,) (75,) (75,) (75,) (75,) (75,) (75,) (75,) (75,) (75,) (75,) (75,) (75,) (75,) (75,) (75,) (75,) (75,) (75,) (75,) (75,) (75,) (75,) (75,) (75,) (75,) (75,) (75,) (75,) (75,) (75,) (75,) (75,) (75,) (75,) (75,) (75,) (75,) (75,) (75,) (75,) (75,) (75,) (75,) (75,) (75,) (75,) (75,) (75,) (75,) (75,) (75,) (75,) (75,) (75,) (75,) (75,) (75,) (75,) (75,) (75,) (75,) (75,) (75,) (75,) (75,) (75,) (75,) (75,) (75,) (75,) (75,) (75,) (75,) (75,) (75,) (75,) (75,) (75,) (75,) (75,) (75,) (75,) (75,) (75,) (75,) (75,) (75,) (75,) (75,) (75,) (75,) (75,) (75,) (75,) (75,) (75,) (75,) (75,) (75,) (75,) (75,) (75,) (75,) (75,) 
Quick_Dirty_MPNN_ML_V2_VGRAPHS_V1.ipynb	13		0	stream		0	S_2648 single-feature correlations at a glance (0.5066529736537145, 6.977318145590863e-171) (-0.15030436008655998, 1.0440771163770327e-14) (0.30870099814242047, 5.870104605840723e-59) (0.25790872518638025, 4.451447521607761e-41) (0.3087009974609789, 5.870108192048068e-59) (-0.15030436046873363, 1.0440769531637886e-14) (0.028773005987116216, 0.14091957548275866) .............................................
Quick_Dirty_MPNN_ML_V2_VGRAPHS_V1.ipynb	14		0	stream		0	0.26 0.31
Quick_Dirty_MPNN_ML_V2_VGRAPHS_V1.ipynb	14		1	stream		0	/usr/local/lib/python3.7/dist-packages/ipykernel_launcher.py:21: MatplotlibDeprecationWarning: Support for uppercase single-letter colors is deprecated since Matplotlib 3.1 and will be removed in 3.3; please use lowercase instead. /usr/local/lib/python3.7/dist-packages/ipykernel_launcher.py:21: MatplotlibDeprecationWarning: Using a string of single character colors as a color sequence is deprecated. Use an explicit list instead.
Quick_Dirty_MPNN_ML_V2_VGRAPHS_V1.ipynb	14		2	display_data	image/png,text/plain	33345	<Figure size 700x500 with 1 Axes>
Quick_Dirty_MPNN_ML_V2_VGRAPHS_V1.ipynb	15		0	stream		0	0.15 0.03
Quick_Dirty_MPNN_ML_V2_VGRAPHS_V1.ipynb	15		1	stream		0	/usr/local/lib/python3.7/dist-packages/ipykernel_launcher.py:21: MatplotlibDeprecationWarning: Support for uppercase single-letter colors is deprecated since Matplotlib 3.1 and will be removed in 3.3; please use lowercase instead. /usr/local/lib/python3.7/dist-packages/ipykernel_launcher.py:21: MatplotlibDeprecationWarning: Using a string of single character colors as a color sequence is deprecated. Use an explicit list instead.
Quick_Dirty_MPNN_ML_V2_VGRAPHS_V1.ipynb	15		2	display_data	image/png,text/plain	33917	<Figure size 700x500 with 1 Axes>
Quick_Dirty_MPNN_ML_V2_VGRAPHS_V1.ipynb	16		0	display_data	image/png,text/plain	71893	<Figure size 1000x1000 with 2 Axes>
Quick_Dirty_MPNN_ML_V2_VGRAPHS_V1.ipynb	17		0	stream		0	0.25790872518638025 0.3087009974609789
Quick_Dirty_MPNN_ML_V2_VGRAPHS_V1.ipynb	19		0	stream		0	(0.7512324817752682, 0.0) (0.718448572428847, 4.7901178551733054e-147) (0.6136762210022004, 6.727958449289691e-133) (0.7318066928963002, 1.119410802145924e-115)
Quick_Dirty_MPNN_ML_V2_VGRAPHS_V1.ipynb	19		1	stream		0	/usr/local/lib/python3.7/dist-packages/sklearn/linear_model/_base.py:145: FutureWarning: 'normalize' was deprecated in version 1.0 and will be removed in 1.2. If you wish to scale the data, use Pipeline with a StandardScaler in a preprocessing stage. To reproduce the previous behavior: from sklearn.pipeline import make_pipeline model = make_pipeline(StandardScaler(with_mean=False), Ridge()) If you wish to pass a sample_weight parameter, you need to pass it as a fit parameter to each step of the pipeline as follows: kwargs = {s[0] + '__sample_weight': sample_weight for s in model.steps} model.fit(X, y, **kwargs) Set parameter alpha to: original_alpha * n_samples. FutureWarning,
Quick_Dirty_MPNN_ML_V2_VGRAPHS_V1.ipynb	20		0	stream		0	[ 2.74716414e-01 1.58967045e-02 3.19385328e-03 9.77207462e-04 -3.91791280e-03 2.61091230e-02 -2.62429241e-02 -3.81377598e-05 2.82324333e-01 -8.31853420e-03 1.90057887e-01 -1.38702286e-02] 0.09225211258252462
Quick_Dirty_MPNN_ML_V2_VGRAPHS_V1.ipynb	21		0	stream		0	(0.9352373135888851, 0.0) (0.766392806292707, 7.787628044850085e-179) (0.4781337309377257, 9.354565798557236e-38) (0.716103173027933, 4.890756236346684e-55)
Quick_Dirty_MPNN_ML_V2_VGRAPHS_V1.ipynb	21		1	execute_result	text/plain	0	array([0.21904493, 0.11585399, 0.05924315, 0.13119444, 0.07314495, 0.06663295, 0.06418716, 0.04382842, 0.08110217, 0.05355957, 0.05051278, 0.04169549])
Quick_Dirty_MPNN_ML_V2_VGRAPHS_V1.ipynb	22		0	stream		0	(0.9357897898126939, 0.0) (0.7669111056946945, 3.209306727130356e-179) (0.48004108819137126, 4.382560440363331e-38) (0.7184939362285122, 1.466746465330974e-55)
Quick_Dirty_MPNN_ML_V2_VGRAPHS_V1.ipynb	22		1	execute_result	text/plain	0	array([0.22907081, 0.10532384, 0.05354286, 0.13161802, 0.0732976 , 0.06603373, 0.06633836, 0.04420603, 0.08221194, 0.05552745, 0.05114696, 0.04168242])
Quick_Dirty_MPNN_ML_V2_VGRAPHS_V1.ipynb	23		0	display_data	image/png,text/plain	70993	<Figure size 1400x1000 with 2 Axes>
Quick_Dirty_MPNN_ML_V2_VGRAPHS_V1.ipynb	23		1	display_data	text/plain	0	<Figure size 432x288 with 0 Axes>
Quick_Dirty_MPNN_ML_V2_VGRAPHS_V1.ipynb	24		0	execute_result	text/html,text/plain	0	DDG A B C D E-1 E-2 \ DDG 1.000000 0.506653 0.291537 -0.150304 0.308701 0.071515 0.342572 A 0.506653 1.000000 0.514658 -0.340462 0.331952 0.140231 0.170491 B 0.291537 0.514658 1.000000 -0.223649 0.382440 0.211521 0.147271 C -0.150304 -0.340462 -0.223649 1.000000 -0.047038 0.067661 -0.133923 D 0.308701 0.331952 0.382440 -0.047038 1.000000 0.491047 0.181057 E-1 0.071515 0.140231 0.211521 0.067661 0.491047 1.000000 -0.081435 E-2 0.342572 0.170491 0.147271 -0.133923 0.181057 -0.081435 1.000000 E-3 0.255719 0.544799 0.395248 -0.546681 0.167607 0.117553 0.088210 E-4 0.201329 0.074722 0.094596 0.206332 0.091462 0.005553 0.195571 E-5 -0.006065 -0.053761 0.036782 0.173835 0.048214 0.038284 0.014658 F 0.275204 0.316624 0.162193 0.036147 0.239796 0.293162 0.010496 G 0.176183 0.145881 0.024139 0.042325 0.062208 0.079089 0.004637 H -0.255264 -0.349626 -0.228909 -0.014638 -0.312322 -0.378840 -0.011786 E-3 E-4 E-5 F G H DDG 0.255719 0.201329 -0.006065 0.275204 0.176183 -0.255264 A 0.544799 0.074722 -0.053761 0.316624 0.145881 -0.349626 B 0.395248 0.094596 0.036782 0.162193 0.024139 -0.228909 C -0.546681 0.206332 0.173835 0.036147 0.042325 -0.014638 D 0.167607 0.091462 0.048214 0.239796 0.062208 -0.312322 E-1 0.117553 0.005553 0.038284 0.293162 0.079089 -0.378840 E-2 0.088210 0.195571 0.014658 0.010496 0.004637 -0.011786 E-3 1.000000 -0.076096 -0.081307 0.097070 0.025382 -0.126232 E-4 -0.076096 1.000000 0.160344 0.080292 0.015207 -0.110112 E-5 -0.081307 0.160344 1.000000 0.042075 0.012709 -0
Quick_Dirty_MPNN_ML_V2_VGRAPHS_V1.ipynb	25		0	stream		0	(0.794812394160082, 0.0) (0.7676490111897645, 9.048166857581761e-180) (0.7664592926227518, 6.951443034067375e-179) (0.6446850135590241, 8.413240928518863e-151) (0.4828833365844248, 1.4033390089568597e-38) (0.4786043879501776, 7.761751805392831e-38) (0.8109171834749661, 7.200367829456087e-161) (0.7207685171384137, 4.609784042174552e-56) (0.7155704942190042, 6.385185286395551e-55) 1.490922463194474 1.4923570338701817 1.489486510839876 1.4512746723236831 1.4531230545935272 1.4494239329006553 1.1026531137656468 1.10551441755194 1.099784365764011
Quick_Dirty_MPNN_ML_V2_VGRAPHS_V1.ipynb	25		1	execute_result	text/plain	0	array([0.22818125, 0.11223613, 0.05567552, 0.12267895, 0.07335503, 0.07191122, 0.06392542, 0.04401643, 0.08118244, 0.05442354, 0.05113361, 0.04128046])
Quick_Dirty_MPNN_ML_V2_VGRAPHS_V1.ipynb	26		0	display_data	application/vnd.jupyter.widget-view+json,text/plain	0	0%| | 0/10 [00:00<?, ?it/s]
Quick_Dirty_MPNN_ML_V2_VGRAPHS_V1.ipynb	31		0	stream		0	-0.9960837257021014 -0.9939184352208846 -0.9946606797887094
Quick_Dirty_MPNN_ML_V2_VGRAPHS_V1.ipynb	32		0	execute_result	text/plain	0	{'A': 0.44303515121154086, 'A+B': 0.5261676283860182, 'A+B+C': 0.5508227835214721, 'A+B+C+D': 0.5996172256401551, 'A+B+C+D+E': 0.6795140275521175, 'A+B+C+D+E+F': 0.7036361066990992, 'A+B+C+D+E+F+G': 0.7140094929800476, 'A+B+C+D+E+F+G+H': 0.7219611607365225}
Quick_Dirty_MPNN_ML_V2_VGRAPHS_V1.ipynb	34		0	execute_result	text/plain	0	{'A': 0.5655701626935924, 'A+B': 0.6288149941804836, 'A+B+C': 0.6412590948882598, 'A+B+C+D': 0.6861844881476283, 'A+B+C+D+E': 0.7291185753781343, 'A+B+C+D+E+F': 0.7605354514204117, 'A+B+C+D+E+F+G': 0.764134835491854, 'A+B+C+D+E+F+G+H': 0.767839284168835}
Quick_Dirty_MPNN_ML_V2_VGRAPHS_V1.ipynb	35		0	stream		0	/usr/local/lib/python3.7/dist-packages/ipykernel_launcher.py:22: MatplotlibDeprecationWarning: Support for uppercase single-letter colors is deprecated since Matplotlib 3.1 and will be removed in 3.3; please use lowercase instead. /usr/local/lib/python3.7/dist-packages/ipykernel_launcher.py:23: UserWarning: This figure includes Axes that are not compatible with tight_layout, so results might be incorrect.
Quick_Dirty_MPNN_ML_V2_VGRAPHS_V1.ipynb	35		1	display_data	image/png,text/plain	53845	<Figure size 700x300 with 1 Axes>
Quick_Dirty_MPNN_ML_V2_VGRAPHS_V1.ipynb	36		0	stream		0	/usr/local/lib/python3.7/dist-packages/ipykernel_launcher.py:22: MatplotlibDeprecationWarning: Support for uppercase single-letter colors is deprecated since Matplotlib 3.1 and will be removed in 3.3; please use lowercase instead. /usr/local/lib/python3.7/dist-packages/ipykernel_launcher.py:23: UserWarning: This figure includes Axes that are not compatible with tight_layout, so results might be incorrect.
Quick_Dirty_MPNN_ML_V2_VGRAPHS_V1.ipynb	36		1	display_data	image/png,text/plain	53861	<Figure size 700x300 with 1 Axes>
Quick_Dirty_MPNN_ML_V2_VGRAPHS_V1.ipynb	37		0	stream		0	/usr/local/lib/python3.7/dist-packages/ipykernel_launcher.py:22: MatplotlibDeprecationWarning: Support for uppercase single-letter colors is deprecated since Matplotlib 3.1 and will be removed in 3.3; please use lowercase instead. /usr/local/lib/python3.7/dist-packages/ipykernel_launcher.py:23: UserWarning: This figure includes Axes that are not compatible with tight_layout, so results might be incorrect.
Quick_Dirty_MPNN_ML_V2_VGRAPHS_V1.ipynb	37		1	display_data	image/png,text/plain	53885	<Figure size 700x300 with 1 Axes>
Quick_Dirty_MPNN_ML_V2_VGRAPHS_V1.ipynb	38		0	display_data	image/png,text/plain	120665	<Figure size 1600x1400 with 1 Axes>
Quick_Dirty_MPNN_ML_V2_VGRAPHS_V1.ipynb	39		0	display_data	image/png,text/plain	137337	<Figure size 1600x1600 with 2 Axes>
S669_ProteinMPNNTesting_V3.ipynb	0	1	0	stream		0	Mounted at /content/drive
S669_ProteinMPNNTesting_V3.ipynb	1	2	0	stream		0	/content/drive/MyDrive/Protein_MPNN_Digging
S669_ProteinMPNNTesting_V3.ipynb	7	8	0	stream		0	odict_keys(['features.embeddings.linear.weight', 'features.embeddings.linear.bias', 'features.edge_embedding.weight', 'features.norm_edges.weight', 'features.norm_edges.bias', 'W_e.weight', 'W_e.bias', 'W_s.weight', 'encoder_layers.0.norm1.weight', 'encoder_layers.0.norm1.bias', 'encoder_layers.0.norm2.weight', 'encoder_layers.0.norm2.bias', 'encoder_layers.0.norm3.weight', 'encoder_layers.0.norm3.bias', 'encoder_layers.0.W1.weight', 'encoder_layers.0.W1.bias', 'encoder_layers.0.W2.weight', 'encoder_layers.0.W2.bias', 'encoder_layers.0.W3.weight', 'encoder_layers.0.W3.bias', 'encoder_layers.0.W11.weight', 'encoder_layers.0.W11.bias', 'encoder_layers.0.W12.weight', 'encoder_layers.0.W12.bias', 'encoder_layers.0.W13.weight', 'encoder_layers.0.W13.bias', 'encoder_layers.0.dense.W_in.weight', 'encoder_layers.0.dense.W_in.bias', 'encoder_layers.0.dense.W_out.weight', 'encoder_layers.0.dense.W_out.bias', 'encoder_layers.1.norm1.weight', 'encoder_layers.1.norm1.bias', 'encoder_layers.1.norm2.weight', 'encoder_layers.1.norm2.bias', 'encoder_layers.1.norm3.weight', 'encoder_layers.1.norm3.bias', 'encoder_layers.1.W1.weight', 'encoder_layers.1.W1.bias', 'encoder_layers.1.W2.weight', 'encoder_layers.1.W2.bias', 'encoder_layers.1.W3.weight', 'encoder_layers.1.W3.bias', 'encoder_layers.1.W11.weight', 'encoder_layers.1.W11.bias', 'encoder_layers.1.W12.weight', 'encoder_layers.1.W12.bias', 'encoder_layers.1.W13.weight', 'encoder_layers.1.W13.bias', 'encoder_layers.1.dense.W_in.weight', 'enc
S669_ProteinMPNNTesting_V3.ipynb	8	10	0	display_data	application/vnd.jupyter.widget-view+json,text/plain	0	0it [00:00, ?it/s]
S669_ProteinMPNNTesting_V3.ipynb	9	11	0	display_data	application/vnd.jupyter.widget-view+json,text/plain	0	0%| | 0/93 [00:00<?, ?it/s]
S669_ProteinMPNNTesting_V3.ipynb	11	13	0	display_data	application/vnd.jupyter.widget-view+json,text/plain	0	0it [00:00, ?it/s]
S669_ProteinMPNNTesting_V3.ipynb	18	17	0	stream		0	(-0.33856786824323354, 1.4166247948339322e-18) (-0.29345482710447945, 3.8810968004429874e-14) (-0.26080450330347416, 2.2197196517655826e-11)
S669_ProteinMPNNTesting_V3.ipynb	20	19	0	execute_result	text/plain	0	{(0.0, 1.0): -0.26, (0.01, 0.99): -0.27, (0.02, 0.98): -0.27, (0.02, 0.99): -0.27, (0.03, 0.97): -0.27, (0.04, 0.96): -0.28, (0.04, 0.97): -0.28, (0.05, 0.95): -0.28, (0.06, 0.94): -0.29, (0.06, 0.95): -0.29, (0.07, 0.93): -0.29, (0.08, 0.92): -0.29, (0.08, 0.93): -0.29, (0.09, 0.91): -0.3, (0.1, 0.9): -0.3, (0.1, 0.91): -0.3, (0.11, 0.89): -0.3, (0.12, 0.88): -0.3, (0.12, 0.89): -0.3, (0.13, 0.87): -0.31, (0.14, 0.86): -0.31, (0.14, 0.87): -0.31, (0.15, 0.85): -0.31, (0.16, 0.84): -0.31, (0.16, 0.85): -0.31, (0.17, 0.83): -0.32, (0.18, 0.82): -0.32, (0.18, 0.83): -0.32, (0.19, 0.81): -0.32, (0.2, 0.8): -0.32, (0.2, 0.81): -0.32, (0.21, 0.79): -0.32, (0.22, 0.78): -0.32, (0.22, 0.79): -0.32, (0.23, 0.77): -0.32, (0.24, 0.76): -0.33, (0.24, 0.77): -0.33, (0.25, 0.75): -0.33, (0.26, 0.74): -0.33, (0.26, 0.75): -0.33, (0.27, 0.73): -0.33, (0.28, 0.72): -0.33, (0.28, 0.73): -0.33, (0.29, 0.71): -0.33, (0.29, 0.72): -0.33, (0.3, 0.7): -0.33, (0.3, 0.71): -0.33, (0.31, 0.69): -0.33, (0.32, 0.68): -0.33, (0.32, 0.69): -0.33, (0.33, 0.67): -0.33, (0.34, 0.66): -0.33, (0.34, 0.67): -0.33, (0.35, 0.65): -0.33, (0.36, 0.64): -0.33, (0.36, 0.65): -0.33, (0.37, 0.63): -0.34, (0.38, 0.62): -0.34, (0.38, 0.63): -0.34, (0.39, 0.61): -0.34, (0.4, 0.6): -0.34, (0.4, 0.61): -0.34, (0.41, 0.59): -0.34, (0.42, 0.58): -0.34, (0.42, 0.59): -0.34, (0.43, 0.57): -0.34, (0.44, 0.56): -0.34, (0.44, 0.57): -0.34, (0.45, 0.55): -0.34, (0.46, 0.54): -0.34, (0.46, 0.55): -0.34, (0.47, 0.53): -0.34, (0.48, 
S669_ProteinMPNNTesting_V3.ipynb	23	22	0	stream		0	(-0.33856786824323354, 1.4166247948339322e-18) (-0.26080450330347416, 2.2197196517655826e-11) (-0.1760175004428737, 7.741516443498937e-06)
S669_ProteinMPNNTesting_V3.ipynb	25	24	0	execute_result	text/plain	0	{(0.0, 1.0): -0.18, (0.01, 0.99): -0.18, (0.02, 0.98): -0.18, (0.02, 0.99): -0.18, (0.03, 0.97): -0.18, (0.04, 0.96): -0.18, (0.04, 0.97): -0.18, (0.05, 0.95): -0.18, (0.06, 0.94): -0.18, (0.06, 0.95): -0.18, (0.07, 0.93): -0.19, (0.08, 0.92): -0.19, (0.08, 0.93): -0.19, (0.09, 0.91): -0.19, (0.1, 0.9): -0.19, (0.1, 0.91): -0.19, (0.11, 0.89): -0.19, (0.12, 0.88): -0.19, (0.12, 0.89): -0.19, (0.13, 0.87): -0.19, (0.14, 0.86): -0.2, (0.14, 0.87): -0.2, (0.15, 0.85): -0.2, (0.16, 0.84): -0.2, (0.16, 0.85): -0.2, (0.17, 0.83): -0.2, (0.18, 0.82): -0.2, (0.18, 0.83): -0.2, (0.19, 0.81): -0.21, (0.2, 0.8): -0.21, (0.2, 0.81): -0.21, (0.21, 0.79): -0.21, (0.22, 0.78): -0.21, (0.22, 0.79): -0.21, (0.23, 0.77): -0.21, (0.24, 0.76): -0.21, (0.24, 0.77): -0.21, (0.25, 0.75): -0.22, (0.26, 0.74): -0.22, (0.26, 0.75): -0.22, (0.27, 0.73): -0.22, (0.28, 0.72): -0.22, (0.28, 0.73): -0.22, (0.29, 0.71): -0.22, (0.29, 0.72): -0.22, (0.3, 0.7): -0.23, (0.3, 0.71): -0.23, (0.31, 0.69): -0.23, (0.32, 0.68): -0.23, (0.32, 0.69): -0.23, (0.33, 0.67): -0.23, (0.34, 0.66): -0.24, (0.34, 0.67): -0.23, (0.35, 0.65): -0.24, (0.36, 0.64): -0.24, (0.36, 0.65): -0.24, (0.37, 0.63): -0.24, (0.38, 0.62): -0.24, (0.38, 0.63): -0.24, (0.39, 0.61): -0.25, (0.4, 0.6): -0.25, (0.4, 0.61): -0.25, (0.41, 0.59): -0.25, (0.42, 0.58): -0.25, (0.42, 0.59): -0.25, (0.43, 0.57): -0.26, (0.44, 0.56): -0.26, (0.44, 0.57): -0.26, (0.45, 0.55): -0.26, (0.46, 0.54): -0.27, (0.46, 0.55): -0.26, (0.47, 0.53): -0.27, (0.48, 0.
S669_ProteinMPNNTesting_V3.ipynb	27	28	0	display_data	image/png,text/plain	27125	<Figure size 432x288 with 1 Axes>
S669_ProteinMPNNTesting_V3.ipynb	28	29	0	execute_result	text/plain	0	<matplotlib.axes._subplots.AxesSubplot at 0x7f8ce1f6b2d0>
S669_ProteinMPNNTesting_V3.ipynb	28	29	1	display_data	image/png,text/plain	23433	<Figure size 432x288 with 2 Axes>
S669_ProteinMPNNTesting_V6.ipynb	0		0	stream		0	Mounted at /content/drive
S669_ProteinMPNNTesting_V6.ipynb	1		0	stream		0	/content/drive/MyDrive/Protein_MPNN_Digging
S669_ProteinMPNNTesting_V6.ipynb	8		0	stream		0	odict_keys(['features.embeddings.linear.weight', 'features.embeddings.linear.bias', 'features.edge_embedding.weight', 'features.norm_edges.weight', 'features.norm_edges.bias', 'W_e.weight', 'W_e.bias', 'W_s.weight', 'encoder_layers.0.norm1.weight', 'encoder_layers.0.norm1.bias', 'encoder_layers.0.norm2.weight', 'encoder_layers.0.norm2.bias', 'encoder_layers.0.norm3.weight', 'encoder_layers.0.norm3.bias', 'encoder_layers.0.W1.weight', 'encoder_layers.0.W1.bias', 'encoder_layers.0.W2.weight', 'encoder_layers.0.W2.bias', 'encoder_layers.0.W3.weight', 'encoder_layers.0.W3.bias', 'encoder_layers.0.W11.weight', 'encoder_layers.0.W11.bias', 'encoder_layers.0.W12.weight', 'encoder_layers.0.W12.bias', 'encoder_layers.0.W13.weight', 'encoder_layers.0.W13.bias', 'encoder_layers.0.dense.W_in.weight', 'encoder_layers.0.dense.W_in.bias', 'encoder_layers.0.dense.W_out.weight', 'encoder_layers.0.dense.W_out.bias', 'encoder_layers.1.norm1.weight', 'encoder_layers.1.norm1.bias', 'encoder_layers.1.norm2.weight', 'encoder_layers.1.norm2.bias', 'encoder_layers.1.norm3.weight', 'encoder_layers.1.norm3.bias', 'encoder_layers.1.W1.weight', 'encoder_layers.1.W1.bias', 'encoder_layers.1.W2.weight', 'encoder_layers.1.W2.bias', 'encoder_layers.1.W3.weight', 'encoder_layers.1.W3.bias', 'encoder_layers.1.W11.weight', 'encoder_layers.1.W11.bias', 'encoder_layers.1.W12.weight', 'encoder_layers.1.W12.bias', 'encoder_layers.1.W13.weight', 'encoder_layers.1.W13.bias', 'encoder_layers.1.dense.W_in.weight', 'enc
S669_ProteinMPNNTesting_V6.ipynb	9		0	display_data	application/vnd.jupyter.widget-view+json,text/plain	0	0it [00:00, ?it/s]
S669_ProteinMPNNTesting_V6.ipynb	10		0	display_data	application/vnd.jupyter.widget-view+json,text/plain	0	0%| | 0/93 [00:00<?, ?it/s]
S669_ProteinMPNNTesting_V6.ipynb	14		0	display_data	application/vnd.jupyter.widget-view+json,text/plain	0	0it [00:00, ?it/s]
S669_ProteinMPNNTesting_V6.ipynb	20		0	stream		0	(-0.33765558573837523, 1.772522028540666e-18) (-0.29317501664721657, 4.112994128510723e-14) (-0.26048284702580865, 2.3531867527057347e-11) (-0.014504872775574313, 0.7146080137973188) (-0.1833792439540543, 3.125054175155275e-06) (-0.19004139936655964, 1.3320790981757033e-06) (-0.1840383857546425, 2.8761043604547314e-06) (-0.33492161096653633, 3.4543143279502605e-18) (-0.3551878105748296, 2.092163461919371e-20) (-0.3450605404622367, 2.812661897710935e-19) (-0.35931713121897724, 7.056787490196558e-21) (-0.17579722019642097, 7.950043847335436e-06) (-0.18339558867974545, 3.118638958930013e-06) (-0.17517328176139838, 8.570165531743268e-06) (-0.02120097737456519, 0.5929830207051151) (0.013977688826732376, 0.724551365126908)
S669_ProteinMPNNTesting_V6.ipynb	23		0	stream		0	(-0.1760175004428737, 7.741516443498937e-06) (-0.33765558573837523, 1.772522028540666e-18) (-0.29317501664721657, 4.112994128510723e-14) (-0.26048284702580865, 2.3531867527057347e-11) (-0.014504872775574313, 0.7146080137973188) (-0.1833792439540543, 3.125054175155275e-06) (-0.19004139936655964, 1.3320790981757033e-06) (-0.1840383857546425, 2.8761043604547314e-06) (-0.33492161096653633, 3.4543143279502605e-18) (-0.3551878105748296, 2.092163461919371e-20) (-0.3450605404622367, 2.812661897710935e-19) (-0.35931713121897724, 7.056787490196558e-21) (-0.17579722019642097, 7.950043847335436e-06) (-0.18339558867974545, 3.118638958930013e-06) (-0.17517328176139838, 8.570165531743268e-06) (-0.02120097737456519, 0.5929830207051151) (0.013977688826732376, 0.724551365126908)
S669_ProteinMPNNTesting_V6.ipynb	25		0	execute_result	text/plain	0	{(0.0, 1.0): -0.36, (0.01, 0.99): -0.36, (0.02, 0.99): -0.36, (0.02, 0.98): -0.36, (0.03, 0.97): -0.36, (0.04, 0.97): -0.36, (0.04, 0.96): -0.36, (0.05, 0.95): -0.36, (0.06, 0.95): -0.36, (0.06, 0.94): -0.36, (0.07, 0.93): -0.36, (0.08, 0.93): -0.36, (0.08, 0.92): -0.36, (0.09, 0.91): -0.36, (0.1, 0.91): -0.36, (0.1, 0.9): -0.36, (0.11, 0.89): -0.36, (0.12, 0.89): -0.35, (0.12, 0.88): -0.35, (0.13, 0.87): -0.35, (0.14, 0.87): -0.35, (0.14, 0.86): -0.35, (0.15, 0.85): -0.35, (0.16, 0.85): -0.35, (0.16, 0.84): -0.35, (0.17, 0.83): -0.35, (0.18, 0.83): -0.35, (0.18, 0.82): -0.35, (0.19, 0.81): -0.35, (0.2, 0.81): -0.35, (0.2, 0.8): -0.35, (0.21, 0.79): -0.34, (0.22, 0.79): -0.34, (0.22, 0.78): -0.34, (0.23, 0.77): -0.34, (0.24, 0.77): -0.34, (0.24, 0.76): -0.34, (0.25, 0.75): -0.34, (0.26, 0.75): -0.34, (0.26, 0.74): -0.34, (0.27, 0.73): -0.33, (0.28, 0.73): -0.33, (0.28, 0.72): -0.33, (0.29, 0.72): -0.33, (0.29, 0.71): -0.33, (0.3, 0.71): -0.33, (0.3, 0.7): -0.33, (0.31, 0.69): -0.32, (0.32, 0.69): -0.32, (0.32, 0.68): -0.32, (0.33, 0.67): -0.32, (0.34, 0.67): -0.32, (0.34, 0.66): -0.32, (0.35, 0.65): -0.32, (0.36, 0.65): -0.31, (0.36, 0.64): -0.31, (0.37, 0.63): -0.31, (0.38, 0.63): -0.31, (0.38, 0.62): -0.31, (0.39, 0.61): -0.31, (0.4, 0.61): -0.31, (0.4, 0.6): -0.3, (0.41, 0.59): -0.3, (0.42, 0.59): -0.3, (0.42, 0.58): -0.3, (0.43, 0.57): -0.3, (0.44, 0.57): -0.3, (0.44, 0.56): -0.29, (0.45, 0.55): -0.29, (0.46, 0.55): -0.29, (0.46, 0.54): -0.29, (0.47, 0.53): -0.29, (0.48, 
S669_ProteinMPNNTesting_V6.ipynb	26		0	display_data	image/png,text/plain	27125	<Figure size 432x288 with 1 Axes>
S669_ProteinMPNNTesting_V6.ipynb	27		0	execute_result	text/plain	0	<matplotlib.axes._subplots.AxesSubplot at 0x7f70a741e950>
S669_ProteinMPNNTesting_V6.ipynb	27		1	display_data	image/png,text/plain	163349	<Figure size 432x288 with 2 Axes>
S669_ProteinMPNNTesting_V6_V2.ipynb	0	1	0	stream		0	Mounted at /content/drive
S669_ProteinMPNNTesting_V6_V2.ipynb	1	2	0	stream		0	/content/drive/MyDrive/Protein_MPNN_Digging
S669_ProteinMPNNTesting_V6_V2.ipynb	6	7	0	stream		0	48
S669_ProteinMPNNTesting_V6_V2.ipynb	9	10	0	stream		0	odict_keys(['features.embeddings.linear.weight', 'features.embeddings.linear.bias', 'features.edge_embedding.weight', 'features.norm_edges.weight', 'features.norm_edges.bias', 'W_e.weight', 'W_e.bias', 'W_s.weight', 'encoder_layers.0.norm1.weight', 'encoder_layers.0.norm1.bias', 'encoder_layers.0.norm2.weight', 'encoder_layers.0.norm2.bias', 'encoder_layers.0.norm3.weight', 'encoder_layers.0.norm3.bias', 'encoder_layers.0.W1.weight', 'encoder_layers.0.W1.bias', 'encoder_layers.0.W2.weight', 'encoder_layers.0.W2.bias', 'encoder_layers.0.W3.weight', 'encoder_layers.0.W3.bias', 'encoder_layers.0.W11.weight', 'encoder_layers.0.W11.bias', 'encoder_layers.0.W12.weight', 'encoder_layers.0.W12.bias', 'encoder_layers.0.W13.weight', 'encoder_layers.0.W13.bias', 'encoder_layers.0.dense.W_in.weight', 'encoder_layers.0.dense.W_in.bias', 'encoder_layers.0.dense.W_out.weight', 'encoder_layers.0.dense.W_out.bias', 'encoder_layers.1.norm1.weight', 'encoder_layers.1.norm1.bias', 'encoder_layers.1.norm2.weight', 'encoder_layers.1.norm2.bias', 'encoder_layers.1.norm3.weight', 'encoder_layers.1.norm3.bias', 'encoder_layers.1.W1.weight', 'encoder_layers.1.W1.bias', 'encoder_layers.1.W2.weight', 'encoder_layers.1.W2.bias', 'encoder_layers.1.W3.weight', 'encoder_layers.1.W3.bias', 'encoder_layers.1.W11.weight', 'encoder_layers.1.W11.bias', 'encoder_layers.1.W12.weight', 'encoder_layers.1.W12.bias', 'encoder_layers.1.W13.weight', 'encoder_layers.1.W13.bias', 'encoder_layers.1.dense.W_in.weight', 'enc
S669_ProteinMPNNTesting_V6_V2.ipynb	10	11	0	display_data	application/vnd.jupyter.widget-view+json,text/plain	0	0it [00:00, ?it/s]
S669_ProteinMPNNTesting_V6_V2.ipynb	11	12	0	display_data	application/vnd.jupyter.widget-view+json,text/plain	0	0%| | 0/93 [00:00<?, ?it/s]
S669_ProteinMPNNTesting_V6_V2.ipynb	22	27	0	stream		0	638 638 (-0.3395853224754521, 1.1023372613588465e-18) (-0.28758653506044757, 1.2934271538127842e-13) (-0.2520013958449332, 1.0663549385817708e-10) (-0.1868535584897753, 2.0108330840296436e-06) (-0.21952531810806736, 2.1125347283157265e-08) (0.02092082757063088, 0.5978786475461585) (-0.3591958280077496, 7.287374296171487e-21) (-0.3729730907095921, 1.7289282717790733e-22) (-0.012043164600364557, 0.7614260200690632)
S669_ProteinMPNNTesting_V6_V2.ipynb	25	29	0	stream		0	638 638 (-0.3395853224754521, 1.1023372613588465e-18) (-0.28758653506044757, 1.2934271538127842e-13) (-0.2520013958449332, 1.0663549385817708e-10) (-0.1868535584897753, 2.0108330840296436e-06) (-0.21952531810806736, 2.1125347283157265e-08) (0.02092082757063088, 0.5978786475461585) (-0.3591958280077496, 7.287374296171487e-21) (-0.3729730907095921, 1.7289282717790733e-22) (-0.012043164600364557, 0.7614260200690632) (-0.17601750044287368, 7.741516443498937e-06)
S669_ProteinMPNNTesting_V6_V2.ipynb	26	30	0	execute_result	text/plain	0	<matplotlib.axes._subplots.AxesSubplot at 0x7f9c98be2190>
S669_ProteinMPNNTesting_V6_V2.ipynb	26	30	1	display_data	image/png,text/plain	77673	<Figure size 432x288 with 2 Axes>
Ssym_ProteinMPNNTesting_V3.ipynb	0	1	0	stream		0	Mounted at /content/drive
Ssym_ProteinMPNNTesting_V3.ipynb	1	2	0	stream		0	/content/drive/MyDrive/Protein_MPNN_Digging
Ssym_ProteinMPNNTesting_V3.ipynb	7	8	0	stream		0	odict_keys(['features.embeddings.linear.weight', 'features.embeddings.linear.bias', 'features.edge_embedding.weight', 'features.norm_edges.weight', 'features.norm_edges.bias', 'W_e.weight', 'W_e.bias', 'W_s.weight', 'encoder_layers.0.norm1.weight', 'encoder_layers.0.norm1.bias', 'encoder_layers.0.norm2.weight', 'encoder_layers.0.norm2.bias', 'encoder_layers.0.norm3.weight', 'encoder_layers.0.norm3.bias', 'encoder_layers.0.W1.weight', 'encoder_layers.0.W1.bias', 'encoder_layers.0.W2.weight', 'encoder_layers.0.W2.bias', 'encoder_layers.0.W3.weight', 'encoder_layers.0.W3.bias', 'encoder_layers.0.W11.weight', 'encoder_layers.0.W11.bias', 'encoder_layers.0.W12.weight', 'encoder_layers.0.W12.bias', 'encoder_layers.0.W13.weight', 'encoder_layers.0.W13.bias', 'encoder_layers.0.dense.W_in.weight', 'encoder_layers.0.dense.W_in.bias', 'encoder_layers.0.dense.W_out.weight', 'encoder_layers.0.dense.W_out.bias', 'encoder_layers.1.norm1.weight', 'encoder_layers.1.norm1.bias', 'encoder_layers.1.norm2.weight', 'encoder_layers.1.norm2.bias', 'encoder_layers.1.norm3.weight', 'encoder_layers.1.norm3.bias', 'encoder_layers.1.W1.weight', 'encoder_layers.1.W1.bias', 'encoder_layers.1.W2.weight', 'encoder_layers.1.W2.bias', 'encoder_layers.1.W3.weight', 'encoder_layers.1.W3.bias', 'encoder_layers.1.W11.weight', 'encoder_layers.1.W11.bias', 'encoder_layers.1.W12.weight', 'encoder_layers.1.W12.bias', 'encoder_layers.1.W13.weight', 'encoder_layers.1.W13.bias', 'encoder_layers.1.dense.W_in.weight', 'enc
Ssym_ProteinMPNNTesting_V3.ipynb	8	9	0	display_data	application/vnd.jupyter.widget-view+json,text/plain	0	0it [00:00, ?it/s]
Ssym_ProteinMPNNTesting_V3.ipynb	9	14	0	display_data	application/vnd.jupyter.widget-view+json,text/plain	0	0%| | 0/357 [00:00<?, ?it/s]
Ssym_ProteinMPNNTesting_V3.ipynb	11	17	0	display_data	application/vnd.jupyter.widget-view+json,text/plain	0	0it [00:00, ?it/s]
Ssym_ProteinMPNNTesting_V3.ipynb	18	21	0	stream		0	(0.5696322051526975, 8.242995294266171e-31) (0.5833795870126726, 1.4218445311634384e-32) (0.3712844134486691, 1.2807517654124862e-12)
Ssym_ProteinMPNNTesting_V3.ipynb	20	23	0	execute_result	text/plain	0	{(0.0, 1.0): 0.37, (0.01, 0.99): 0.38, (0.02, 0.98): 0.39, (0.02, 0.99): 0.39, (0.03, 0.97): 0.4, (0.04, 0.96): 0.41, (0.04, 0.97): 0.41, (0.05, 0.95): 0.42, (0.06, 0.94): 0.43, (0.06, 0.95): 0.43, (0.07, 0.93): 0.44, (0.08, 0.92): 0.45, (0.08, 0.93): 0.45, (0.09, 0.91): 0.45, (0.1, 0.9): 0.46, (0.1, 0.91): 0.46, (0.11, 0.89): 0.47, (0.12, 0.88): 0.47, (0.12, 0.89): 0.47, (0.13, 0.87): 0.48, (0.14, 0.86): 0.48, (0.14, 0.87): 0.48, (0.15, 0.85): 0.49, (0.16, 0.84): 0.49, (0.16, 0.85): 0.49, (0.17, 0.83): 0.5, (0.18, 0.82): 0.5, (0.18, 0.83): 0.5, (0.19, 0.81): 0.51, (0.2, 0.8): 0.51, (0.2, 0.81): 0.51, (0.21, 0.79): 0.52, (0.22, 0.78): 0.52, (0.22, 0.79): 0.52, (0.23, 0.77): 0.52, (0.24, 0.76): 0.52, (0.24, 0.77): 0.52, (0.25, 0.75): 0.53, (0.26, 0.74): 0.53, (0.26, 0.75): 0.53, (0.27, 0.73): 0.53, (0.28, 0.72): 0.54, (0.28, 0.73): 0.53, (0.29, 0.71): 0.54, (0.29, 0.72): 0.54, (0.3, 0.7): 0.54, (0.3, 0.71): 0.54, (0.31, 0.69): 0.54, (0.32, 0.68): 0.54, (0.32, 0.69): 0.54, (0.33, 0.67): 0.55, (0.34, 0.66): 0.55, (0.34, 0.67): 0.55, (0.35, 0.65): 0.55, (0.36, 0.64): 0.55, (0.36, 0.65): 0.55, (0.37, 0.63): 0.55, (0.38, 0.62): 0.55, (0.38, 0.63): 0.55, (0.39, 0.61): 0.55, (0.4, 0.6): 0.55, (0.4, 0.61): 0.55, (0.41, 0.59): 0.56, (0.42, 0.58): 0.56, (0.42, 0.59): 0.56, (0.43, 0.57): 0.56, (0.44, 0.56): 0.56, (0.44, 0.57): 0.56, (0.45, 0.55): 0.56, (0.46, 0.54): 0.56, (0.46, 0.55): 0.56, (0.47, 0.53): 0.56, (0.48, 0.52): 0.56, (0.48, 0.53): 0.56, (0.49, 0.51): 0.56, (0.5, 0.5): 0.56,
Ssym_ProteinMPNNTesting_V3.ipynb	23	26	0	stream		0	(0.5696322051526975, 8.242995294266171e-31) (0.3712844134486691, 1.2807517654124862e-12) (0.25485992422573917, 1.7969755175311432e-06)
Ssym_ProteinMPNNTesting_V3.ipynb	25	28	0	execute_result	text/plain	0	{(0.0, 1.0): 0.25, (0.01, 0.99): 0.26, (0.02, 0.98): 0.26, (0.02, 0.99): 0.26, (0.03, 0.97): 0.26, (0.04, 0.96): 0.26, (0.04, 0.97): 0.26, (0.05, 0.95): 0.27, (0.06, 0.94): 0.27, (0.06, 0.95): 0.27, (0.07, 0.93): 0.27, (0.08, 0.92): 0.27, (0.08, 0.93): 0.27, (0.09, 0.91): 0.28, (0.1, 0.9): 0.28, (0.1, 0.91): 0.28, (0.11, 0.89): 0.28, (0.12, 0.88): 0.28, (0.12, 0.89): 0.28, (0.13, 0.87): 0.29, (0.14, 0.86): 0.29, (0.14, 0.87): 0.29, (0.15, 0.85): 0.29, (0.16, 0.84): 0.29, (0.16, 0.85): 0.29, (0.17, 0.83): 0.3, (0.18, 0.82): 0.3, (0.18, 0.83): 0.3, (0.19, 0.81): 0.3, (0.2, 0.8): 0.31, (0.2, 0.81): 0.3, (0.21, 0.79): 0.31, (0.22, 0.78): 0.31, (0.22, 0.79): 0.31, (0.23, 0.77): 0.31, (0.24, 0.76): 0.32, (0.24, 0.77): 0.32, (0.25, 0.75): 0.32, (0.26, 0.74): 0.32, (0.26, 0.75): 0.32, (0.27, 0.73): 0.33, (0.28, 0.72): 0.33, (0.28, 0.73): 0.33, (0.29, 0.71): 0.33, (0.29, 0.72): 0.33, (0.3, 0.7): 0.34, (0.3, 0.71): 0.34, (0.31, 0.69): 0.34, (0.32, 0.68): 0.34, (0.32, 0.69): 0.34, (0.33, 0.67): 0.35, (0.34, 0.66): 0.35, (0.34, 0.67): 0.35, (0.35, 0.65): 0.36, (0.36, 0.64): 0.36, (0.36, 0.65): 0.36, (0.37, 0.63): 0.36, (0.38, 0.62): 0.37, (0.38, 0.63): 0.37, (0.39, 0.61): 0.37, (0.4, 0.6): 0.37, (0.4, 0.61): 0.37, (0.41, 0.59): 0.38, (0.42, 0.58): 0.38, (0.42, 0.59): 0.38, (0.43, 0.57): 0.39, (0.44, 0.56): 0.39, (0.44, 0.57): 0.39, (0.45, 0.55): 0.4, (0.46, 0.54): 0.4, (0.46, 0.55): 0.4, (0.47, 0.53): 0.4, (0.48, 0.52): 0.41, (0.48, 0.53): 0.41, (0.49, 0.51): 0.41, (0.5, 0.5): 0.42, (0.5
Ssym_ProteinMPNNTesting_V3.ipynb	27	30	0	display_data	image/png,text/plain	29053	<Figure size 432x288 with 1 Axes>
Ssym_ProteinMPNNTesting_V3.ipynb	28	31	0	execute_result	text/plain	0	<matplotlib.axes._subplots.AxesSubplot at 0x7f85d161cf50>
Ssym_ProteinMPNNTesting_V3.ipynb	28	31	1	display_data	image/png,text/plain	23393	<Figure size 432x288 with 2 Axes>
Ssym_ProteinMPNNTesting_V6.ipynb	0	1	0	stream		0	Mounted at /content/drive
Ssym_ProteinMPNNTesting_V6.ipynb	1	2	0	stream		0	/content/drive/MyDrive/Protein_MPNN_Digging
Ssym_ProteinMPNNTesting_V6.ipynb	8	9	0	stream		0	odict_keys(['features.embeddings.linear.weight', 'features.embeddings.linear.bias', 'features.edge_embedding.weight', 'features.norm_edges.weight', 'features.norm_edges.bias', 'W_e.weight', 'W_e.bias', 'W_s.weight', 'encoder_layers.0.norm1.weight', 'encoder_layers.0.norm1.bias', 'encoder_layers.0.norm2.weight', 'encoder_layers.0.norm2.bias', 'encoder_layers.0.norm3.weight', 'encoder_layers.0.norm3.bias', 'encoder_layers.0.W1.weight', 'encoder_layers.0.W1.bias', 'encoder_layers.0.W2.weight', 'encoder_layers.0.W2.bias', 'encoder_layers.0.W3.weight', 'encoder_layers.0.W3.bias', 'encoder_layers.0.W11.weight', 'encoder_layers.0.W11.bias', 'encoder_layers.0.W12.weight', 'encoder_layers.0.W12.bias', 'encoder_layers.0.W13.weight', 'encoder_layers.0.W13.bias', 'encoder_layers.0.dense.W_in.weight', 'encoder_layers.0.dense.W_in.bias', 'encoder_layers.0.dense.W_out.weight', 'encoder_layers.0.dense.W_out.bias', 'encoder_layers.1.norm1.weight', 'encoder_layers.1.norm1.bias', 'encoder_layers.1.norm2.weight', 'encoder_layers.1.norm2.bias', 'encoder_layers.1.norm3.weight', 'encoder_layers.1.norm3.bias', 'encoder_layers.1.W1.weight', 'encoder_layers.1.W1.bias', 'encoder_layers.1.W2.weight', 'encoder_layers.1.W2.bias', 'encoder_layers.1.W3.weight', 'encoder_layers.1.W3.bias', 'encoder_layers.1.W11.weight', 'encoder_layers.1.W11.bias', 'encoder_layers.1.W12.weight', 'encoder_layers.1.W12.bias', 'encoder_layers.1.W13.weight', 'encoder_layers.1.W13.bias', 'encoder_layers.1.dense.W_in.weight', 'enc
Ssym_ProteinMPNNTesting_V6.ipynb	9	10	0	display_data	application/vnd.jupyter.widget-view+json,text/plain	0	0it [00:00, ?it/s]
Ssym_ProteinMPNNTesting_V6.ipynb	10	11	0	display_data	application/vnd.jupyter.widget-view+json,text/plain	0	0%| | 0/357 [00:00<?, ?it/s]
Ssym_ProteinMPNNTesting_V6.ipynb	14	19	0	display_data	application/vnd.jupyter.widget-view+json,text/plain	0	0it [00:00, ?it/s]
Ssym_ProteinMPNNTesting_V6.ipynb	20	25	0	stream		0	(0.5691505320825779, 9.470472056933177e-31) (0.5842059016922663, 1.1071054847977676e-32) (0.37074964364691887, 1.3868840070743129e-12) (0.31942205986678485, 1.4977920384136854e-09) (0.3495155718435405, 2.912324341633391e-11) (0.34597329612711003, 4.7356517528203784e-11) (0.34623894609848127, 4.567065405698718e-11) (0.13951599035877324, 0.009785936392794304) (0.17668540996563437, 0.0010330189244502834) (0.1955977361062192, 0.0002734800734902134) (0.16690520503298148, 0.0019544364404150334) (0.3868892824306394, 1.1751020946988158e-13) (0.3945137583327338, 3.489686909885878e-14) (0.37782797942192164, 4.777487252593011e-13) (0.2689880481908269, 4.4269314327993435e-07) (-0.24733060335449503, 3.6686936684837537e-06)
Ssym_ProteinMPNNTesting_V6.ipynb	24	28	0	stream		0	(0.25485992422573917, 1.7969755175311432e-06) (0.5691505320825779, 9.470472056933177e-31) (0.5842059016922663, 1.1071054847977676e-32) (0.37074964364691887, 1.3868840070743129e-12) (0.31942205986678485, 1.4977920384136854e-09) (0.3495155718435405, 2.912324341633391e-11) (0.34597329612711003, 4.7356517528203784e-11) (0.34623894609848127, 4.567065405698718e-11) (0.13951599035877324, 0.009785936392794304) (0.17668540996563437, 0.0010330189244502834) (0.1955977361062192, 0.0002734800734902134) (0.16690520503298148, 0.0019544364404150334) (0.3868892824306394, 1.1751020946988158e-13) (0.3945137583327338, 3.489686909885878e-14) (0.37782797942192164, 4.777487252593011e-13) (0.2689880481908269, 4.4269314327993435e-07) (-0.24733060335449503, 3.6686936684837537e-06)
Ssym_ProteinMPNNTesting_V6.ipynb	27		0	display_data	image/png,text/plain	29053	<Figure size 432x288 with 1 Axes>
Ssym_ProteinMPNNTesting_V6.ipynb	28	29	0	execute_result	text/plain	0	<matplotlib.axes._subplots.AxesSubplot at 0x7f3132e06f90>
Ssym_ProteinMPNNTesting_V6.ipynb	28	29	1	display_data	image/png,text/plain	163485	<Figure size 432x288 with 2 Axes>
Ssym_ProteinMPNNTesting_V6_V2.ipynb	0	1	0	stream		0	Mounted at /content/drive
Ssym_ProteinMPNNTesting_V6_V2.ipynb	1	2	0	stream		0	/content/drive/MyDrive/Protein_MPNN_Digging
Ssym_ProteinMPNNTesting_V6_V2.ipynb	6	7	0	stream		0	48
Ssym_ProteinMPNNTesting_V6_V2.ipynb	9	10	0	stream		0	odict_keys(['features.embeddings.linear.weight', 'features.embeddings.linear.bias', 'features.edge_embedding.weight', 'features.norm_edges.weight', 'features.norm_edges.bias', 'W_e.weight', 'W_e.bias', 'W_s.weight', 'encoder_layers.0.norm1.weight', 'encoder_layers.0.norm1.bias', 'encoder_layers.0.norm2.weight', 'encoder_layers.0.norm2.bias', 'encoder_layers.0.norm3.weight', 'encoder_layers.0.norm3.bias', 'encoder_layers.0.W1.weight', 'encoder_layers.0.W1.bias', 'encoder_layers.0.W2.weight', 'encoder_layers.0.W2.bias', 'encoder_layers.0.W3.weight', 'encoder_layers.0.W3.bias', 'encoder_layers.0.W11.weight', 'encoder_layers.0.W11.bias', 'encoder_layers.0.W12.weight', 'encoder_layers.0.W12.bias', 'encoder_layers.0.W13.weight', 'encoder_layers.0.W13.bias', 'encoder_layers.0.dense.W_in.weight', 'encoder_layers.0.dense.W_in.bias', 'encoder_layers.0.dense.W_out.weight', 'encoder_layers.0.dense.W_out.bias', 'encoder_layers.1.norm1.weight', 'encoder_layers.1.norm1.bias', 'encoder_layers.1.norm2.weight', 'encoder_layers.1.norm2.bias', 'encoder_layers.1.norm3.weight', 'encoder_layers.1.norm3.bias', 'encoder_layers.1.W1.weight', 'encoder_layers.1.W1.bias', 'encoder_layers.1.W2.weight', 'encoder_layers.1.W2.bias', 'encoder_layers.1.W3.weight', 'encoder_layers.1.W3.bias', 'encoder_layers.1.W11.weight', 'encoder_layers.1.W11.bias', 'encoder_layers.1.W12.weight', 'encoder_layers.1.W12.bias', 'encoder_layers.1.W13.weight', 'encoder_layers.1.W13.bias', 'encoder_layers.1.dense.W_in.weight', 'enc
Ssym_ProteinMPNNTesting_V6_V2.ipynb	10	18	0	display_data	application/vnd.jupyter.widget-view+json,text/plain	0	0it [00:00, ?it/s]
Ssym_ProteinMPNNTesting_V6_V2.ipynb	11	19	0	display_data	application/vnd.jupyter.widget-view+json,text/plain	0	0%| | 0/357 [00:00<?, ?it/s]
Ssym_ProteinMPNNTesting_V6_V2.ipynb	15	24	0	display_data	application/vnd.jupyter.widget-view+json,text/plain	0	0it [00:00, ?it/s]
Ssym_ProteinMPNNTesting_V6_V2.ipynb	15	24	1	stream		0	Prot Processing:18 Processing_Mut:1, From_Prot:18 Processing_Mut:2, From_Prot:18 Processing_Mut:3, From_Prot:18 Processing_Mut:4, From_Prot:18 Took 9.686134338378906 for 1amqA.pdb with 4 forward-mutations .................... Prot Processing:42 Processing_Mut:1, From_Prot:42 Processing_Mut:2, From_Prot:42 Processing_Mut:3, From_Prot:42 Took 3.5037262439727783 for 1ceyA.pdb with 3 forward-mutations .................... Prot Processing:69 Processing_Mut:1, From_Prot:69 Processing_Mut:2, From_Prot:69 Processing_Mut:3, From_Prot:69 Processing_Mut:4, From_Prot:69 Processing_Mut:5, From_Prot:69 Processing_Mut:6, From_Prot:69 Processing_Mut:7, From_Prot:69 Processing_Mut:8, From_Prot:69 Processing_Mut:9, From_Prot:69 Processing_Mut:10, From_Prot:69 Processing_Mut:11, From_Prot:69 Processing_Mut:12, From_Prot:69 Processing_Mut:13, From_Prot:69 Processing_Mut:14, From_Prot:69 Processing_Mut:15, From_Prot:69 Processing_Mut:16, From_Prot:69 Processing_Mut:17, From_Prot:69 Processing_Mut:18, From_Prot:69 Processing_Mut:19, From_Prot:69 Processing_Mut:20, From_Prot:69 Processing_Mut:21, From_Prot:69 Processing_Mut:22, From_Prot:69 Processing_Mut:23, From_Prot:69 Processing_Mut:24, From_Prot:69 Processing_Mut:25, From_Prot:69 Processing_Mut:26, From_Prot:69 Processing_Mut:27, From_Prot:69 Processing_Mut:28, From_Prot:69 Took 32.4776816368103 for 1ey0A.pdb with 28 forward-mutations .................... Prot Processing:102 Processing_Mut:1, From_Prot:102 Processing_Mut:2, From_Prot:102 Proce
Ssym_ProteinMPNNTesting_V6_V2.ipynb	22	37	0	stream		0	342 342 (0.567391786943631, 1.5691298971421216e-30) (0.582062409268496, 2.1155606134818152e-32) (0.36369732334720606, 3.909041388529533e-12) (0.35227849671059386, 1.984763898648971e-11) (0.31869048055079785, 1.6397158704779038e-09) (-0.25388605312756196, 1.9732813632404045e-06) (0.1680061221141445, 0.0018221078320998286) (0.27457041703947704, 2.4882302717008426e-07) (0.06692694497904732, 0.21699824260362663)
Ssym_ProteinMPNNTesting_V6_V2.ipynb	25	32	0	stream		0	342 342 (0.567391786943631, 1.5691298971421216e-30) (0.582062409268496, 2.1155606134818152e-32) (0.36369732334720606, 3.909041388529533e-12) (0.35227849671059386, 1.984763898648971e-11) (0.31869048055079785, 1.6397158704779038e-09) (-0.25388605312756196, 1.9732813632404045e-06) (0.1680061221141445, 0.0018221078320998286) (0.27457041703947704, 2.4882302717008426e-07) (0.06692694497904732, 0.21699824260362663) (0.25485992422573917, 1.7969755175311432e-06)
Ssym_ProteinMPNNTesting_V6_V2.ipynb	26	33	0	execute_result	text/plain	0	<matplotlib.axes._subplots.AxesSubplot at 0x7f1c3c0fa8d0>
Ssym_ProteinMPNNTesting_V6_V2.ipynb	26	33	1	display_data	image/png,text/plain	77693	<Figure size 432x288 with 2 Axes>
Untitled1.ipynb	2	27	0	stream		0	CEM 32 SA 27
Untitled1.ipynb	3	28	0	stream		0	Inside `__getitem__` method! CEM Inside `__getitem__` method! 32 Inside `__getitem__` method! SA Inside `__getitem__` method! 27 Inside `__getitem__` method! DEFAULT IMAGINATION
Untitled1.ipynb	4	12	0	stream		0	CEM 32 SA 27 DEFAULT_VALUE
Untitled1.ipynb	6	32	0	stream		0	5 5
proteinmpnn_quickdemo.ipynb	2		0	stream		0	Number of edges: 48 Training noise level: 0.2A Model loaded
proteinmpnn_quickdemo.ipynb	5		0	stream		0	{'1O91': (['A', 'B', 'C'], [])} Length of chain A is 131 Length of chain C is 131 Length of chain B is 131
proteinmpnn_quickdemo.ipynb	6		0	stream		0	Generating sequences... >1O91, score=1.3063, fixed_chains=[], designed_chains=['A', 'B', 'C'], model_name=v_48_020 EMPAFTAELTVPFPPVGAPVKFDKLLYNGRQNYNPQTGIFTCEVPGVYYFAYHVHCKGGNVWVALFKNNEPMMYTYDEYKKGFLDQASGSAVLLLRPGDQVFLQMPSEQAAGLYAGQYVHSSFSGYLLYPM/EMPAFTAELTVPFPPVGAPVKFDKLLYNGRQNYNPQTGIFTCEVPGVYYFAYHVHCKGGNVWVALFKNNEPMMYTYDEYKKGFLDQASGSAVLLLRPGDQVFLQMPSEQAAGLYAGQYVHSSFSGYLLYPM/EMPAFTAELTVPFPPVGAPVKFDKLLYNGRQNYNPQTGIFTCEVPGVYYFAYHVHCKGGNVWVALFKNNEPMMYTYDEYKKGFLDQASGSAVLLLRPGDQVFLQMPSEQAAGLYAGQYVHSSFSGYLLYPM >T=0.1, sample=0, score=0.6477, seq_recovery=0.4962 EKEAFTALLTTPHPAVGTPIKFNKVIYNGRNVYDPATGIFTCKTPGIYFFTWVLYVYGNDLHAVLYKNDTPILKTYLQNIPGYINQVSGAAVLELEEGDKVYVKIPSSSANGLYASPDNHSYFSGYLLYEK/EKEAFTALLTTPHPAVGTPIKFNKVIYNGRNVYDPATGIFTCKTPGIYFFTWVLYVYGNDLHAVLYKNDTPILKTYLQNIPGYINQVSGAAVLELEEGDKVYVKIPSSSANGLYASPDNHSYFSGYLLYEK/EKEAFTALLTTPHPAVGTPIKFNKVIYNGRNVYDPATGIFTCKTPGIYFFTWVLYVYGNDLHAVLYKNDTPILKTYLQNIPGYINQVSGAAVLELEEGDKVYVKIPSSSANGLYASPDNHSYFSGYLLYEK
proteinmpnn_quickdemo.ipynb	7		0	display_data	text/html	0	"<html> <head><meta charset=""utf-8"" /></head> <body> <div> <script src=""https://cdnjs.cloudflare.com/ajax/libs/mathjax/2.7.5/MathJax.js?config=TeX-AMS-MML_SVG""></script><script type=""text/javascript"">if (window.MathJax) {MathJax.Hub.Config({SVG: {font: ""STIX-Web""}});}</script> <script type=""text/javascript"">window.PlotlyConfig = {MathJaxConfig: 'local'};</script> <script src=""https://cdn.plot.ly/plotly-2.8.3.min.js""></script> <div id=""25f2fff6-0f16-4d3f-8fc2-8561b77854a1"" class=""plotly-graph-div"" style=""height:525px; width:100%;""></div> <script type=""text/javascript""> window.PLOTLYENV=window.PLOTLYENV || {}; if (document.getElementById(""25f2fff6-0f16-4d3f-8fc2-8561b77854a1"")) { Plotly.newPlot( ""25f2fff6-0f16-4d3f-8fc2-8561b77854a1"", [{""coloraxis"":""coloraxis"",""name"":""0"",""y"":[""A"",""C"",""D"",""E"",""F"",""G"",""H"",""I"",""K"",""L"",""M"",""N"",""P"",""Q"",""R"",""S"",""T"",""V"",""W"",""Y"",""X""],""z"":[[0.04870655760169029,0.028536666184663773,0.007156331092119217,0.6463671326637268,0.00340339750982821,0.00215100753121078,0.8579645156860352,0.00495566800236702,0.01866680383682251,0.005568218883126974,0.02292102575302124,0.22442908585071564,0.017964860424399376,0.004258929751813412,0.4752088785171509,0.032695651054382324,0.009953668341040611,0.18280169367790222,0.10125697404146194,0.004188688471913338,0.01874731294810772,0.004572154488414526,0.018340563401579857,0.022093437612056732,0.07248270511627197,0.009893836453557014,0.008473540656268597,0.0030897899996489286,0.017180437222123146,0.04966667294502258,0.0342270620"
proteinmpnn_quickdemo.ipynb	8		0	display_data	text/html	0	"<html> <head><meta charset=""utf-8"" /></head> <body> <div> <script src=""https://cdnjs.cloudflare.com/ajax/libs/mathjax/2.7.5/MathJax.js?config=TeX-AMS-MML_SVG""></script><script type=""text/javascript"">if (window.MathJax) {MathJax.Hub.Config({SVG: {font: ""STIX-Web""}});}</script> <script type=""text/javascript"">window.PlotlyConfig = {MathJaxConfig: 'local'};</script> <script src=""https://cdn.plot.ly/plotly-2.8.3.min.js""></script> <div id=""2deba702-adbc-4c72-a624-fbf87d5b614a"" class=""plotly-graph-div"" style=""height:525px; width:100%;""></div> <script type=""text/javascript""> window.PLOTLYENV=window.PLOTLYENV || {}; if (document.getElementById(""2deba702-adbc-4c72-a624-fbf87d5b614a"")) { Plotly.newPlot( ""2deba702-adbc-4c72-a624-fbf87d5b614a"", [{""coloraxis"":""coloraxis"",""name"":""0"",""y"":[""A"",""C"",""D"",""E"",""F"",""G"",""H"",""I"",""K"",""L"",""M"",""N"",""P"",""Q"",""R"",""S"",""T"",""V"",""W"",""Y"",""X""],""z"":[[5.110406345920637e-05,4.947512954878164e-10,6.015017701744626e-22,1.0,4.443595300618199e-25,3.716639962193055e-27,1.0,2.863335382598947e-13,1.4588115923954568e-18,2.575274291844007e-15,2.6750854136003976e-12,9.799403778742999e-05,6.227328629973203e-14,9.534291229636932e-24,0.9999384880065918,2.9306927978173247e-13,3.121496115620174e-18,0.00422726571559906,9.211682111542885e-11,2.5363730348260988e-23,1.2856477831662584e-14,5.526178269263442e-23,5.663195259963949e-11,1.8076481338256262e-13,1.2900484236411103e-08,7.27847383058533e-12,2.458462464593088e-19,1.28949163393738e-25,1.7038610054309356e-19,2.967011358823157e-10,"
