notebook	cell_index	cell_type	execution_count	has_outputs	snippet
ProteinMPNNTesting.ipynb	6	code		False	hidden_dim = 128 num_layers = 3 # Seems like, backbone_noise is set to 0 at inference path which seems logical backbone_noise=0.00 mpnn_model = ProteinMPNN(num_letters=21, node_features=hidden_dim, edge_features=hidden_dim, hidden_dim=hidden_dim, num_encoder_layers=num_layers, num_decoder_layers=num_layers, augment_eps=backbone_noise, k_neighbors=checkpoint['num_edges']) mpnn_model.to(device) mpnn_model.load_state_dict(checkpoint['model_state_dict']) mpnn_model.eval()
ProteinMPNNTesting.ipynb	8	code		True	"# Parse and create dictionaries for all the mutations in PremPS 2648 # This dictionary will be a dictionary of dictionaries, where outer-dict keys will be pdbid+mutchain and inner-dict keys will be (wild+pos+mut) and ddg # the icodes can be brought to picture later git_url = ""https://raw.githubusercontent.com/SajidAhmeduiu/PremPS/main/Datasets/S2648/S2648.txt"" dataset = pd.read_csv(git_url,delimiter=""\t"") pdbIds = list(dataset[""PDB Id""]) mutChains = list(dataset[""Mutated Chain""]) mutations = list(dataset[""Mutation_PDB""]) ddgs = list(dataset[""DDGexp""]) two_level_dict = {} for pdbId, mutChain, mutation, ddg in tqdm(zip(pdbIds,mutChains,mutations,ddgs)): pos = [int(s) for s in re.findall('-?\d+',mutation)][0] wild = mutation[0] mut = mutation[len(mutation)-1] pdbId = pdbId.lower() inner_dict = {} inner_dict[""mut""] = f""{wild}{pos}{mut}"" inner_dict[""ddg""] = float(ddg) outer_key = f""{pdbId}{mutChain}"" if outer_key not in two_level_dict: two_level_dict[f""{pdbId}{mutChain}""] = [inner_dict] else: two_level_dict[f""{pdbId}{mutChain}""].append(inner_dict)"
ProteinMPNNTesting.ipynb	11	code		True	"# read in the PDB files from the directory where the S_2648 PDB Files are stored, and set-them up one by one for featuirization, and passing through the model pdbDirectory = ""/content/drive/MyDrive/ACCRE_PyRun_Setup/S_2648_PDB_Files"" parser = PDBParser(QUIET=True) for i,filename in tqdm(enumerate(os.listdir(pdbDirectory))): #ICODE related problematic proteins will be skipped from analysis for now if filename.split(""."")[0] not in proteins_to_skip: if i > 70: break filepath = os.path.join(pdbDirectory,filename) structure = parser.get_structure(id=filename.split(""."")[0],file=filepath) model = structure[0] # Since there is only one chain, and that same chain is both fixed designable for different residues, extracting that name, and putting them in pertinent lists chain_name = list(model.child_dict.keys())[0] fixed_chain_list = [] # the trick is to put the single chain as designable chain, and then create the ""fixed_positions_dict"" dictionary designed_chain_list = [chain_name] chain_list = list(set(designed_chain_list + fixed_chain_list)) # Using the programs custome PDB parser for processing the PDB files pdb_dict_list = parse_PDB(filepath, input_chain_list=chain_list) # tacking max_length parameter value from the original colab notebook since I need to process all residues at the same time # all the PDB files can technically be processed together and put inside the dataset_valid list-like object, but right now # I am trying to keep everything consistent # Each element of dataset_valid is a dictionary dataset_valid = StructureDatasetPDB(pdb_dict_list, truncate=None, max_length="
ProteinMPNNTesting.ipynb	12	code		False	"# Save the incomplete ""two_level_dict"" as pickle file for a quick dirty comparison # import pickle # with open(""res_dict.pickle"",""wb"") as f: # pickle.dump(two_level_dict,f)"
ProteinMPNNTesting.ipynb	13	code		False	"# import pickle # with open(""res_dict.pickle"",""rb"") as f: # two_level_dict = pickle.load(f)"
ProteinMPNNTesting.ipynb	16	code		False	"from scipy.stats import entropy alpha_list = list(""ACDEFGHIKLMNPQRSTVWYX"") # The following dictionary will be used for fetching out the log-probabilities corresponding to the wild-type and mutated residues at the mutation positions aa_to_N = {a:n for n,a in enumerate(alpha_list)} # This list will contain the experimental ddg values for the mutations for which two-level dict contains information regarding log_probabilities true_vals = [] # This list will contain (wild_proba,mut_proba) tuples for the mutations for which two-level dict contains information regarding log_probabilities wild_mut_log_probabilities = [] # saving max probabilites for debugging max_log_probabilities = [] # Want to add entropy of the position with some kind of weight (maybe, just a for loop for checking weight combinations that sum to 1?) position_entropies = [] for prot,muts in two_level_dict.items(): if prot not in proteins_to_skip: try: cur_map_dict = mapping_dict[prot] except: continue for mut in muts: # only fetching those mutations that have corresponding log-probabilities calculated and saved as values of ""log_prob"" key if ""log_prob"" in mut: wild = mut[""mut""][0] alternate = mut[""mut""][-1] true_vals.append(mut[""ddg""]) sequence_index_of_mutation = cur_map_dict[mut[""mut""][0:-1]] position_log_probabilities = mut[""log_prob""][0,sequence_index_of_mutation,:] wild_mut_log_probabilities.append((position_log_probabilities[aa_to_N[wild]],position_log_probabilities[aa_to_N[alternate]])) max_log_probabilities.append(position_log_probabilities.max()) position_entropies.append(entropy(np.exp(position_log_prob"
ProteinMPNNTesting.ipynb	20	code		False	"# Now combine ""mut_wild_predictions"" and ""entropy_predictions"" using weight combinations from 0 to 1 in 0.05 increments so that they some to one # so, when one weight is x, the other weight is automatically (1-x) # The keys of this dictionary will be (term1_coeff,term2_coeff) tuples, and values will be the observed correlations coefficient_result_dictionary = {} for i in np.arange(0.0,1.000001,0.005): term1_coeff = round(i,2) term2_coeff = round((1.000001 - i),2) local_preds = (term1_coeff*mut_wild_predictions) + (term2_coeff*entropy_predictions) coefficient_result_dictionary[(term1_coeff,term2_coeff)] = round(pearsonr(experimental_energies,local_preds)[0],2)"
ProteinMPNNTesting.ipynb	22	code		False	"# let me get PSSM values and do some comparison quickly # getting the PSSM extraction functions from my custom model data processing scripts from string import ascii_uppercase # In rare cases, some PDB files number chains with 1,2,3 instead of A,B,C def convertChainFromAlphabetToNumber(alphabet): mappingDict = {ch:(idx+1) for idx,ch in enumerate(ascii_uppercase)} return str(mappingDict[alphabet]) # Before executing this function, the PSSM files with naming format ""pdbIdchain.pssm"" needs to be stored # in the pssm_dir def returnPSSMArray(pdbIdPlusChain,pssm_dir=""train_pssm_dir"",convert_upper = False): # Currently, assuming that the pssm file names contain pdbId in upper case if convert_upper: fileName = pdbIdPlusChain.upper() + "".pssm"" else: fileName = pdbIdPlusChain + "".pssm"" try: fullPath = os.path.join(pssm_dir,fileName) f = open(fullPath) except: fileName = pdbIdPlusChain[0:4].upper() + str(convertChainFromAlphabetToNumber(pdbIdPlusChain[4])) + "".pssm"" fullPath = os.path.join(pssm_dir,fileName) f = open(fullPath) # # all the target lines in the PSSM files have (2+20+20+2=44) strings after line.split() target_lines = [line.split() for line in f.readlines() if (len(line.split()))==44] number_of_residues = len(target_lines) pssm_features = np.zeros((number_of_residues,20)) for idx,line in enumerate(target_lines): pssm_features[idx,:] = line[2:22] f.close() return pssm_features # This function also seems necessary for extracting the two pssm values # Must review the three pssm feature functions (this one and the two above) later # These functions seem to be taking up a lot o"
ProteinMPNNTesting.ipynb	23	code		False	"pssm_predictions = [] for prot,muts in two_level_dict.items(): if prot not in proteins_to_skip: try: cur_map_dict = mapping_dict[prot] except: continue for mut in muts: # only fetching those mutations that have corresponding log-probabilities calculated and saved as values of ""log_prob"" key if ""log_prob"" in mut: pssm_predictions.append((mut[""wild_pssm""]-mut[""alternate_pssm""]))"
ProteinMPNNTesting.ipynb	25	code		True	"import matplotlib.pyplot as plt fig = plt.figure(figsize=(6,4)) ax = fig.add_axes([0,0,1,1]) # versions = [1,4,5,7,Run_21] methods = ['PMPNN_DEP','PMPNN_ET','PMPNN_DEP_ET','PSSM_DEC'] vals = [0.50,0.36,0.51,0.28] plt.ylabel(""Pearson Correlation"",fontsize=18) plt.xlabel(""Informative Features"",fontsize=18) plt.xticks(fontsize=18, rotation=90) plt.yticks(fontsize=18) plt.ylim(0.10,0.54) ax.bar(methods,vals,color=""maroon"",width=0.3) plt.show()"
ProteinMPNNTesting.ipynb	26	code		True	import pandas as pd import seaborn as sns mut_wild_predictions = np.array(mut_energies - wild_energies) entropy_predictions = np.array(entropy_conservations) first_second_combined = 0.5*mut_wild_predictions + 0.5*entropy_predictions pssm_predictions = np.array(pssm_predictions) df_Ssym = pd.DataFrame( {'P_DP': mut_wild_predictions, 'P_ET': entropy_predictions, 'P_DP_ET':first_second_combined, 'P_DEC': pssm_predictions }) corr = df_Ssym.corr() sns.set(font_scale=1.4) sns.heatmap(corr, xticklabels=corr.columns, yticklabels=corr.columns)
ProteinMPNNTesting.ipynb	27	code	139	False	"proveanDirectory = ""/content/drive/MyDrive/S_2648_Output_Files"" # This should correspond to the other prediction lists provean_prediction_list = [] for filename in os.listdir(proveanDirectory): filepath = os.path.join(proveanDirectory,filename) with open(filepath,""r"") as f: # put these scores quickly into the two-level dictionary and get the graphs ready prot = filename.split(""."")[0] muts = two_level_dict[prot] if prot not in proteins_to_skip: try: cur_map_dict = mapping_dict[prot] except: continue all_lines = f.readlines() all_lines = [line for line in all_lines if (not line.startswith(""#"") and not line.startswith(""[""))] # I will create a local temporary dictionary for the currently processing protein chain here, where keys will be wildposmut and value will be the provean score local_temp_provean_dict = {} for line in all_lines: line = line.rstrip(""\n"") local_temp_provean_dict[line.split(""\t"")[0]] = line.split(""\t"")[1] for mut in muts: # only fetching those mutations that have corresponding log-probabilities calculated and saved as values of ""log_prob"" key if ""log_prob"" in mut: wild = mut[""mut""][0] alternate = mut[""mut""][-1] # 1-based PDB sequence indexing used in PROVEAN for some reason sequence_index_of_mutation = cur_map_dict[mut[""mut""][0:-1]] + 1 mut[""provean_score""] = local_temp_provean_dict[f""{wild}{sequence_index_of_mutation}{alternate}""] provean_prediction_list.append(mut[""provean_score""])"
ProteinMPNNTesting.ipynb	30	code		True	"import matplotlib.pyplot as plt from mpl_toolkits.mplot3d import Axes3D x = np.array([i for (i,j) in coefficient_result_dictionary.keys()]) y = np.array([j for (i,j) in coefficient_result_dictionary.keys()]) X_g, Y_g = np.meshgrid(x, y) correlations_vals = np.array([i for i in coefficient_result_dictionary.values()]).reshape(-1,1) fig = plt.figure(figsize=(10,8)) ax = Axes3D(fig) ax.plot_surface(X_g, Y_g, correlations_vals,label=""Linear Combination Correlations"",color=""maroon"") # ax.legend() ax.set_xlabel(""(ALT-WILD) Coefficients"",fontsize=16) ax.set_ylabel(""ENTROPY Coefficients"",fontsize=16) # set z ticks and labels # ax.set_zticks([-2, 0, 2]) # change fontsize # for t in ax.zaxis.get_major_ticks(): t.label.set_fontsize(10) # disable auto rotation ax.zaxis.set_rotate_label(False) ax.set_zlabel('Correlation Values', fontsize=16, rotation = 88) # plt.zlabel(""ENTROPY Coefficients"",fontsize=16) plt.show()"
ProteinMPNNTesting.ipynb	32	code		True	print(correlations_vals.shape)
ProteinMPNNTesting.ipynb	33	code		False	"# import time # def parse_PDB_biounits_local(x, atoms=['N', 'CA', 'C'], chain=None): # ''' # input: x = PDB filename # atoms = atoms to extract (optional) # output: (length, atoms, coords=(x,y,z)), sequence # ''' # alpha_1 = list(""ARNDCQEGHILKMFPSTWYV-"") # states = len(alpha_1) # alpha_3 = ['ALA', 'ARG', 'ASN', 'ASP', 'CYS', 'GLN', 'GLU', 'GLY', 'HIS', 'ILE', # 'LEU', 'LYS', 'MET', 'PHE', 'PRO', 'SER', 'THR', 'TRP', 'TYR', 'VAL', 'GAP'] # # The following dictionaries are mapping from one-letter to 0-20 index, # # three-letter to 0-20 index, # # 0-20 index to one-letter, # # one-letter to three-letter, and vice-versa # aa_1_N = {a: n for n, a in enumerate(alpha_1)} # aa_3_N = {a: n for n, a in enumerate(alpha_3)} # aa_N_1 = {n: a for n, a in enumerate(alpha_1)} # aa_1_3 = {a: b for a, b in zip(alpha_1, alpha_3)} # aa_3_1 = {b: a for a, b in zip(alpha_1, alpha_3)} # def AA_to_N(x): # # [""ARND""] -> [[0,1,2,3]] # x = np.array(x); # if x.ndim == 0: x = x[None] # return [[aa_1_N.get(a, states - 1) for a in y] for y in x] # def N_to_AA(x): # # [[0,1,2,3]] -> [""ARND""] # x = np.array(x); # if x.ndim == 1: x = x[None] # return ["""".join([aa_N_1.get(a, ""-"") for a in y]) for y in x] # xyz, seq, min_resn, max_resn = {}, {}, 1e6, -1e6 # for line in open(x, ""rb""): # line = line.decode(""utf-8"", ""ignore"").rstrip() # if line[:6] == ""HETATM"" and line[17:17 + 3] == ""MSE"": # line = line.replace(""HETATM"", ""ATOM "") # line = line.replace(""MSE"", ""MET"") # if line[:4] == ""ATOM"": # ch = line[21:22] # # This is definitely where things are going wrong # # since {'': 'LEU'} this cannot be the correct form"
ProteinMPNNTesting.ipynb	34	code		False	"# # For these wtf_chains, compare the sequences recovered by my parsing function and MPNN parsing function\ # pdbDirectory = ""/content/drive/MyDrive/ACCRE_PyRun_Setup/S_2648_PDB_Files"" # parser = PDBParser(QUIET=True) # for chain in wtf_chains: # my_seq = """".join([key[0] for key, val in mapping_dict[chain].items()]) # filename = f""{chain}.pdb"" # filepath = os.path.join(pdbDirectory,filename) # structure = parser.get_structure(id=filename.split(""."")[0],file=filepath) # model = structure[0] # # Since there is only one chain, and that same chain is both fixed designable for different residues, extracting that name, and putting them in pertinent lists # chain_name = list(model.child_dict.keys())[0] # fixed_chain_list = [] # # the trick is to put the single chain as designable chain, and then create the ""fixed_positions_dict"" dictionary # designed_chain_list = [chain_name] # chain_list = list(set(designed_chain_list + fixed_chain_list)) # # Using the programs custome PDB parser for processing the PDB files # dataset_valid = StructureDatasetPDB(pdb_dict_list, truncate=None, max_length=20000) # protein = dataset_valid[0] # wildtype_seq = protein[f""seq_chain_{designed_chain_list[0]}""] # mpnn_seq = wildtype_seq # print(f""chain:{chain}"") # print(f""my_seq:{my_seq}"") # print(f""mpnn_seq:{mpnn_seq}"") # # Let me see if the sequences can be perfectly aligned by removing gaps from the mpnn_seq # gap_removed_mpnn_seq = """".join(ele for ele in mpnn_seq if ele!=""-"") # print(f""gap_removed_mpnn_seq:{gap_removed_mpnn_seq}"") # for i,j in zip(my_seq,gap_removed_mpnn_seq): # if i!=j: # print(""Still p"
ProteinMPNNTesting.ipynb	35	code		False	"# Now, have to trace the function protein_mpnn_utils.tied_featurize # after tracing and understanding this function in a workable way, I can run through model forward, get probabilities, play around, find simple correlation # submit batch jobs, and then move onto other ideas listed in my workbook, add those slides to the presentation to be shown to Jens in a week # seems like full-chain design vs. specific position design is the issue here # Where is the key to going from full-chain-design to specific-position-design? # Dig into the ""mask"" and ""chain_M"" variables of the forward method of ""ProteinMPNN"" for figuring out how to control ""designable"" vs. ""fixed"" residues # How to populate the ""fixed_positions_dict"" dictionary? putting the only chain as designable and populating this dictionary # seems like ""fixed_pos_list"" can be an 1-indexed integer list corresponding to positions in ""chain_seq"" # I think, ""fixed_position_mask"" and ""chain_mask"" interact with each other at some point # very possibly, there could be an element-wise product going on at some point during decoding, which prevents fixed_positions in designable chains from being masked out"
ProteinMPNNTesting_V2.ipynb	6	code		False	hidden_dim = 128 num_layers = 3 # Seems like, backbone_noise is set to 0 at inference path which seems logical backbone_noise=0.00 mpnn_model = ProteinMPNN(num_letters=21, node_features=hidden_dim, edge_features=hidden_dim, hidden_dim=hidden_dim, num_encoder_layers=num_layers, num_decoder_layers=num_layers, augment_eps=backbone_noise, k_neighbors=checkpoint['num_edges']) mpnn_model.to(device) mpnn_model.load_state_dict(checkpoint['model_state_dict']) mpnn_model.eval()
ProteinMPNNTesting_V2.ipynb	8	code	9	True	"# Parse and create dictionaries for all the mutations in PremPS 2648 # This dictionary will be a dictionary of dictionaries, where outer-dict keys will be pdbid+mutchain and inner-dict keys will be (wild+pos+mut) and ddg # the icodes can be brought to picture later # this ""two_level_dict"" is literally used everywhere throughout this code for storing all the numbers that are compared with each other under feature-specific keys git_url = ""https://raw.githubusercontent.com/SajidAhmeduiu/PremPS/main/Datasets/S2648/S2648.txt"" dataset = pd.read_csv(git_url,delimiter=""\t"") pdbIds = list(dataset[""PDB Id""]) mutChains = list(dataset[""Mutated Chain""]) mutations = list(dataset[""Mutation_PDB""]) ddgs = list(dataset[""DDGexp""]) two_level_dict = {} for pdbId, mutChain, mutation, ddg in tqdm(zip(pdbIds,mutChains,mutations,ddgs)): pos = [int(s) for s in re.findall('-?\d+',mutation)][0] wild = mutation[0] mut = mutation[len(mutation)-1] pdbId = pdbId.lower() inner_dict = {} inner_dict[""mut""] = f""{wild}{pos}{mut}"" inner_dict[""ddg""] = float(ddg) outer_key = f""{pdbId}{mutChain}"" if outer_key not in two_level_dict: two_level_dict[f""{pdbId}{mutChain}""] = [inner_dict] else: two_level_dict[f""{pdbId}{mutChain}""].append(inner_dict)"
ProteinMPNNTesting_V2.ipynb	10	code	32	False	"# changing this ""parse_PDB_biounits()"" function locally for addressing the fucked up integer named chain problem def parse_PDB_biounits(x, atoms=['N', 'CA', 'C'], chain=None): ''' input: x = PDB filename atoms = atoms to extract (optional) output: (length, atoms, coords=(x,y,z)), sequence ''' print(""local_one_is_being_called"") alpha_1 = list(""ARNDCQEGHILKMFPSTWYV-"") states = len(alpha_1) alpha_3 = ['ALA', 'ARG', 'ASN', 'ASP', 'CYS', 'GLN', 'GLU', 'GLY', 'HIS', 'ILE', 'LEU', 'LYS', 'MET', 'PHE', 'PRO', 'SER', 'THR', 'TRP', 'TYR', 'VAL', 'GAP'] # The following dictionaries are mapping from one-letter to 0-20 index, # three-letter to 0-20 index, # 0-20 index to one-letter, # one-letter to three-letter, and vice-versa aa_1_N = {a: n for n, a in enumerate(alpha_1)} aa_3_N = {a: n for n, a in enumerate(alpha_3)} aa_N_1 = {n: a for n, a in enumerate(alpha_1)} aa_1_3 = {a: b for a, b in zip(alpha_1, alpha_3)} aa_3_1 = {b: a for a, b in zip(alpha_1, alpha_3)} def AA_to_N(x): # [""ARND""] -> [[0,1,2,3]] x = np.array(x); if x.ndim == 0: x = x[None] return [[aa_1_N.get(a, states - 1) for a in y] for y in x] def N_to_AA(x): # [[0,1,2,3]] -> [""ARND""] x = np.array(x); if x.ndim == 1: x = x[None] return ["""".join([aa_N_1.get(a, ""-"") for a in y]) for y in x] xyz, seq, min_resn, max_resn = {}, {}, 1e6, -1e6 for line in open(x, ""rb""): line = line.decode(""utf-8"", ""ignore"").rstrip() if line[:6] == ""HETATM"" and line[17:17 + 3] == ""MSE"": line = line.replace(""HETATM"", ""ATOM "") line = line.replace(""MSE"", ""MET"") if line[:4] == ""ATOM"": ch = line[21:22] # If the input chain is not in the PDB file, which "
ProteinMPNNTesting_V2.ipynb	11	code	33	True	"# read in the PDB files from the directory where the S_2648 PDB Files are stored, and set-them up one by one for featuirization, and passing through the model pdbDirectory = ""/content/drive/MyDrive/ACCRE_PyRun_Setup/S_2648_PDB_Files"" parser = PDBParser(QUIET=True) for i,filename in tqdm(enumerate(os.listdir(pdbDirectory))): #ICODE related problematic proteins will be skipped from analysis for now if (filename.split(""."")[0] not in proteins_to_skip): # if i > 110: # break filepath = os.path.join(pdbDirectory,filename) structure = parser.get_structure(id=filename.split(""."")[0],file=filepath) model = structure[0] # Since there is only one chain, and that same chain is both fixed designable for different residues, extracting that name, and putting them in pertinent lists # taking chainname from filename since one of the files ""1rtpA.pdb"" has chain name with ""1"" instead of ""A"" # fuck you motherfucking fucked up PDB file submitter. Have you shoved your head into your ass? chain_name = (filename.split(""."")[0])[-1] fixed_chain_list = [] # the trick is to put the single chain as designable chain, and then create the ""fixed_positions_dict"" dictionary designed_chain_list = [chain_name] chain_list = list(set(designed_chain_list + fixed_chain_list)) # Using the programs custome PDB parser for processing the PDB files pdb_dict_list = parse_PDB(filepath, input_chain_list=chain_list) # tacking max_length parameter value from the original colab notebook since I need to process all residues at the same time # all the PDB files can technically be processed together and put inside the dataset_v"
ProteinMPNNTesting_V2.ipynb	12	code		False	"# Save the incomplete ""two_level_dict"" as pickle file for a quick dirty comparison # import pickle # with open(""res_dict.pickle"",""wb"") as f: # pickle.dump(two_level_dict,f)"
ProteinMPNNTesting_V2.ipynb	13	code		False	"# import pickle # with open(""res_dict.pickle"",""rb"") as f: # two_level_dict = pickle.load(f)"
ProteinMPNNTesting_V2.ipynb	14	code	36	False	"from scipy.stats import entropy alpha_list = list(""ACDEFGHIKLMNPQRSTVWYX"") # The following dictionary will be used for fetching out the log-probabilities corresponding to the wild-type and mutated residues at the mutation positions aa_to_N = {a:n for n,a in enumerate(alpha_list)} # This list will contain the experimental ddg values for the mutations for which two-level dict contains information regarding log_probabilities true_vals = [] # This list will contain (wild_proba,mut_proba) tuples for the mutations for which two-level dict contains information regarding log_probabilities wild_mut_log_probabilities = [] # saving max probabilites for debugging max_log_probabilities = [] # Want to add entropy of the position with some kind of weight (maybe, just a for loop for checking weight combinations that sum to 1?) position_entropies = [] for prot,muts in two_level_dict.items(): if prot not in proteins_to_skip: try: cur_map_dict = mapping_dict[prot] except: continue for mut in muts: # only fetching those mutations that have corresponding log-probabilities calculated and saved as values of ""log_prob"" key if ""log_prob"" in mut: wild = mut[""mut""][0] alternate = mut[""mut""][-1] true_vals.append(mut[""ddg""]) sequence_index_of_mutation = cur_map_dict[mut[""mut""][0:-1]] position_log_probabilities = mut[""log_prob""][0,sequence_index_of_mutation,:] wild_mut_log_probabilities.append((position_log_probabilities[aa_to_N[wild]],position_log_probabilities[aa_to_N[alternate]])) max_log_probabilities.append(position_log_probabilities.max()) position_entropies.append(entropy(np.exp(position_log_prob"
ProteinMPNNTesting_V2.ipynb	18	code	40	False	"# Now combine ""mut_wild_predictions"" and ""entropy_predictions"" using weight combinations from 0 to 1 in 0.05 increments so that they some to one # so, when one weight is x, the other weight is automatically (1-x) # The keys of this dictionary will be (term1_coeff,term2_coeff) tuples, and values will be the observed correlations coefficient_result_dictionary = {} for i in np.arange(0.0,1.000001,0.005): term1_coeff = round(i,2) term2_coeff = round((1.000001 - i),2) local_preds = (term1_coeff*mut_wild_predictions) + (term2_coeff*entropy_predictions) coefficient_result_dictionary[(term1_coeff,term2_coeff)] = round(pearsonr(experimental_energies,local_preds)[0],2)"
ProteinMPNNTesting_V2.ipynb	20	code	43	False	"# let me get PSSM values and do some comparison quickly # getting the PSSM extraction functions from my custom model data processing scripts from string import ascii_uppercase # In rare cases, some PDB files number chains with 1,2,3 instead of A,B,C def convertChainFromAlphabetToNumber(alphabet): mappingDict = {ch:(idx+1) for idx,ch in enumerate(ascii_uppercase)} return str(mappingDict[alphabet]) # Before executing this function, the PSSM files with naming format ""pdbIdchain.pssm"" needs to be stored # in the pssm_dir def returnPSSMArray(pdbIdPlusChain,pssm_dir=""train_pssm_dir"",convert_upper = False): # Currently, assuming that the pssm file names contain pdbId in upper case if convert_upper: fileName = pdbIdPlusChain.upper() + "".pssm"" else: fileName = pdbIdPlusChain + "".pssm"" try: fullPath = os.path.join(pssm_dir,fileName) f = open(fullPath) except: fileName = pdbIdPlusChain[0:4].upper() + str(convertChainFromAlphabetToNumber(pdbIdPlusChain[4])) + "".pssm"" fullPath = os.path.join(pssm_dir,fileName) f = open(fullPath) # # all the target lines in the PSSM files have (2+20+20+2=44) strings after line.split() target_lines = [line.split() for line in f.readlines() if (len(line.split()))==44] number_of_residues = len(target_lines) pssm_features = np.zeros((number_of_residues,20)) for idx,line in enumerate(target_lines): pssm_features[idx,:] = line[2:22] f.close() return pssm_features # This function also seems necessary for extracting the two pssm values # Must review the three pssm feature functions (this one and the two above) later # These functions seem to be taking up a lot o"
ProteinMPNNTesting_V2.ipynb	21	code	44	False	"pssm_predictions = [] for prot,muts in two_level_dict.items(): if prot not in proteins_to_skip: try: cur_map_dict = mapping_dict[prot] except: continue for mut in muts: # only fetching those mutations that have corresponding log-probabilities calculated and saved as values of ""log_prob"" key if ""log_prob"" in mut: pssm_predictions.append((mut[""wild_pssm""]-mut[""alternate_pssm""]))"
ProteinMPNNTesting_V2.ipynb	23	code	53	False	"# Now combine ""mut_wild_predictions"" and ""pssm_predictions"" using weight combinations from 0 to 1 in 0.05 increments so that they some to one # so, when one weight is x, the other weight is automatically (1-x) # The keys of this dictionary will be (term1_coeff,term2_coeff) tuples, and values will be the observed correlations coefficient_result_dictionary = {} for i in np.arange(0.0,1.000001,0.005): term1_coeff = round(i,2) term2_coeff = round((1.000001 - i),2) local_preds = (term1_coeff*mut_wild_predictions) + (term2_coeff*pssm_predictions) coefficient_result_dictionary[(term1_coeff,term2_coeff)] = round(pearsonr(experimental_energies,local_preds)[0],2)"
ProteinMPNNTesting_V2.ipynb	24	code	56	False	# coefficient_result_dictionary # (0.86, 0.14): 0.49, # (0.86, 0.15): 0.48, # (0.87, 0.13): 0.49, # (0.88, 0.12): 0.49, # (0.88, 0.13): 0.49, # (0.89, 0.11): 0.49, # Seems like 0.89 and 0.11 for PMPNN_DEP and PSSM_DEC works best # great thing since the decorrelation is actually interesting, and using both definitely seems to help
ProteinMPNNTesting_V2.ipynb	25	code	58	True	"import matplotlib.pyplot as plt fig = plt.figure(figsize=(6,4)) ax = fig.add_axes([0,0,1,1]) methods = ['PMPNN_DEP','PMPNN_ET','PMPNN_DEP_ET','PSSM_DEC','PMPNN_DEP_PSSM_DEC'] vals = [0.47,0.32,0.47,0.28,0.49] plt.ylabel(""Pearson Correlation"",fontsize=18) plt.xlabel(""Informative Features"",fontsize=18) plt.xticks(fontsize=18, rotation=90) plt.yticks(fontsize=18) plt.ylim(0.10,0.54) ax.bar(methods,vals,color=""maroon"",width=0.3) plt.show()"
ProteinMPNNTesting_V2.ipynb	26	code	59	True	import pandas as pd import seaborn as sns mut_wild_predictions = np.array(mut_energies - wild_energies) entropy_predictions = np.array(entropy_conservations) first_second_combined = 0.5*mut_wild_predictions + 0.5*entropy_predictions pssm_predictions = np.array(pssm_predictions) first_pssm_combined = 0.89*mut_wild_predictions + 0.11*pssm_predictions df_Ssym = pd.DataFrame( {'P_DP': mut_wild_predictions, 'P_ET': entropy_predictions, 'P_DP_ET':first_second_combined, 'P_DEC': pssm_predictions, 'PMPNN_DEP_PSSM_DEC' : first_pssm_combined }) corr = df_Ssym.corr() sns.set(font_scale=1.4) sns.heatmap(corr, xticklabels=corr.columns, yticklabels=corr.columns)
ProteinMPNNTesting_V4.ipynb	7	code	74	False	"from __future__ import print_function import json, time, os, sys, glob import shutil import numpy as np import torch from torch import optim from torch.utils.data import DataLoader from torch.utils.data.dataset import random_split, Subset import copy import torch.nn as nn import torch.nn.functional as F import random import itertools #A number of functions/classes are adopted from: https://github.com/jingraham/neurips19-graph-protein-design def _scores(S, log_probs, mask): """""" Negative log probabilities """""" criterion = torch.nn.NLLLoss(reduction='none') loss = criterion( log_probs.contiguous().view(-1,log_probs.size(-1)), S.contiguous().view(-1) ).view(S.size()) # The designable positions have mask set to 1.0, so this function seems to be returning the average score for the designable positions scores = torch.sum(loss * mask, dim=-1) / torch.sum(mask, dim=-1) return scores def _S_to_seq(S, mask): # This is the decoding order alphabet = 'ACDEFGHIKLMNPQRSTVWYX' seq = ''.join([alphabet[c] for c, m in zip(S.tolist(), mask.tolist()) if m > 0]) return seq def parse_PDB_biounits(x, atoms=['N','CA','C'], chain=None): ''' input: x = PDB filename atoms = atoms to extract (optional) output: (length, atoms, coords=(x,y,z)), sequence ''' alpha_1 = list(""ARNDCQEGHILKMFPSTWYV-"") states = len(alpha_1) alpha_3 = ['ALA','ARG','ASN','ASP','CYS','GLN','GLU','GLY','HIS','ILE', 'LEU','LYS','MET','PHE','PRO','SER','THR','TRP','TYR','VAL','GAP'] # The following dictionaries are mapping from one-letter to 0-20 index, # three-letter to 0-20 index, # 0-20 index to one-letter, # one-letter to three-le"
ProteinMPNNTesting_V4.ipynb	8	code		False	hidden_dim = 128 num_layers = 3 # Seems like, backbone_noise is set to 0 at inference path which seems logical backbone_noise=0.00 mpnn_model = ProteinMPNN(num_letters=21, node_features=hidden_dim, edge_features=hidden_dim, hidden_dim=hidden_dim, num_encoder_layers=num_layers, num_decoder_layers=num_layers, augment_eps=backbone_noise, k_neighbors=checkpoint['num_edges']) mpnn_model.to(device) mpnn_model.load_state_dict(checkpoint['model_state_dict']) mpnn_model.eval()
ProteinMPNNTesting_V4.ipynb	10	code	77	True	"# Parse and create dictionaries for all the mutations in PremPS 2648 # This dictionary will be a dictionary of dictionaries, where outer-dict keys will be pdbid+mutchain and inner-dict keys will be (wild+pos+mut) and ddg # the icodes can be brought to picture later # this ""two_level_dict"" is literally used everywhere throughout this code for storing all the numbers that are compared with each other under feature-specific keys git_url = ""https://raw.githubusercontent.com/SajidAhmeduiu/PremPS/main/Datasets/S2648/S2648.txt"" dataset = pd.read_csv(git_url,delimiter=""\t"") pdbIds = list(dataset[""PDB Id""]) mutChains = list(dataset[""Mutated Chain""]) mutations = list(dataset[""Mutation_PDB""]) ddgs = list(dataset[""DDGexp""]) two_level_dict = {} for pdbId, mutChain, mutation, ddg in tqdm(zip(pdbIds,mutChains,mutations,ddgs)): pos = [int(s) for s in re.findall('-?\d+',mutation)][0] wild = mutation[0] mut = mutation[len(mutation)-1] pdbId = pdbId.lower() inner_dict = {} inner_dict[""mut""] = f""{wild}{pos}{mut}"" inner_dict[""ddg""] = float(ddg) outer_key = f""{pdbId}{mutChain}"" if outer_key not in two_level_dict: two_level_dict[f""{pdbId}{mutChain}""] = [inner_dict] else: two_level_dict[f""{pdbId}{mutChain}""].append(inner_dict)"
ProteinMPNNTesting_V4.ipynb	12	code	79	False	"# changing this ""parse_PDB_biounits()"" function locally for addressing the fucked up integer named chain problem def parse_PDB_biounits(x, atoms=['N', 'CA', 'C'], chain=None): ''' input: x = PDB filename atoms = atoms to extract (optional) output: (length, atoms, coords=(x,y,z)), sequence ''' alpha_1 = list(""ARNDCQEGHILKMFPSTWYV-"") states = len(alpha_1) alpha_3 = ['ALA', 'ARG', 'ASN', 'ASP', 'CYS', 'GLN', 'GLU', 'GLY', 'HIS', 'ILE', 'LEU', 'LYS', 'MET', 'PHE', 'PRO', 'SER', 'THR', 'TRP', 'TYR', 'VAL', 'GAP'] # The following dictionaries are mapping from one-letter to 0-20 index, # three-letter to 0-20 index, # 0-20 index to one-letter, # one-letter to three-letter, and vice-versa aa_1_N = {a: n for n, a in enumerate(alpha_1)} aa_3_N = {a: n for n, a in enumerate(alpha_3)} aa_N_1 = {n: a for n, a in enumerate(alpha_1)} aa_1_3 = {a: b for a, b in zip(alpha_1, alpha_3)} aa_3_1 = {b: a for a, b in zip(alpha_1, alpha_3)} def AA_to_N(x): # [""ARND""] -> [[0,1,2,3]] x = np.array(x); if x.ndim == 0: x = x[None] return [[aa_1_N.get(a, states - 1) for a in y] for y in x] def N_to_AA(x): # [[0,1,2,3]] -> [""ARND""] x = np.array(x); if x.ndim == 1: x = x[None] return ["""".join([aa_N_1.get(a, ""-"") for a in y]) for y in x] xyz, seq, min_resn, max_resn = {}, {}, 1e6, -1e6 for line in open(x, ""rb""): line = line.decode(""utf-8"", ""ignore"").rstrip() if line[:6] == ""HETATM"" and line[17:17 + 3] == ""MSE"": line = line.replace(""HETATM"", ""ATOM "") line = line.replace(""MSE"", ""MET"") if line[:4] == ""ATOM"": ch = line[21:22] # If the input chain is not in the PDB file, which can be the case if the target chain"
ProteinMPNNTesting_V4.ipynb	14	code	183	True	"from scipy.special import softmax # read in the PDB files from the directory where the S_2648 PDB Files are stored, and set-them up one by one for featuirization, and passing through the model pdbDirectory = ""/content/drive/MyDrive/ACCRE_PyRun_Setup/S_2648_PDB_Files"" parser = PDBParser(QUIET=True) pdbId_info = [] pos_info = [] neighbor_pos = [] neighbor_attention = [] neighbor_attention_softmaxed = [] neighbor_distances_tracking = [] loc_count = 0 loc_proteins = [] for i,filename in tqdm(enumerate(os.listdir(pdbDirectory))): #ICODE related problematic proteins will be skipped from analysis for now if (filename.split(""."")[0] not in proteins_to_skip): # if i > 80: # break loc_proteins.append(filename.split(""."")[0]) filepath = os.path.join(pdbDirectory,filename) structure = parser.get_structure(id=filename.split(""."")[0],file=filepath) model = structure[0] # Since there is only one chain, and that same chain is both fixed designable for different residues, extracting that name, and putting them in pertinent lists # taking chainname from filename since one of the files ""1rtpA.pdb"" has chain name with ""1"" instead of ""A"" # fuck you motherfucking fucked up PDB file submitter. Have you shoved your head into your ass? chain_name = (filename.split(""."")[0])[-1] fixed_chain_list = [] # the trick is to put the single chain as designable chain, and then create the ""fixed_positions_dict"" dictionary designed_chain_list = [chain_name] chain_list = list(set(designed_chain_list + fixed_chain_list)) # Using the programs custome PDB parser for processing the PDB files pdb_dict_list = parse_PDB(f"
ProteinMPNNTesting_V4.ipynb	16	code		False	"# Save the incomplete ""two_level_dict"" as pickle file for a quick dirty comparison # import pickle # with open(""res_dict.pickle"",""wb"") as f: # pickle.dump(two_level_dict,f)"
ProteinMPNNTesting_V4.ipynb	17	code		False	"# import pickle # with open(""res_dict.pickle"",""rb"") as f: # two_level_dict = pickle.load(f)"
ProteinMPNNTesting_V4.ipynb	18	code	190	False	"from scipy.stats import entropy alpha_list = list(""ACDEFGHIKLMNPQRSTVWYX"") # The following dictionary will be used for fetching out the log-probabilities corresponding to the wild-type and mutated residues at the mutation positions aa_to_N = {a:n for n,a in enumerate(alpha_list)} # This list will contain the experimental ddg values for the mutations for which two-level dict contains information regarding log_probabilities true_vals = [] # This list will contain (wild_proba,mut_proba) tuples for the mutations for which two-level dict contains information regarding log_probabilities wild_mut_log_probabilities = [] # saving max probabilites for debugging max_log_probabilities = [] # Want to add entropy of the position with some kind of weight (maybe, just a for loop for checking weight combinations that sum to 1?) position_entropies = [] weighted_neighbor_entropies = [] for prot,muts in two_level_dict.items(): if prot not in proteins_to_skip: try: cur_map_dict = mapping_dict[prot] except: continue for mut in muts: # only fetching those mutations that have corresponding log-probabilities calculated and saved as values of ""log_prob"" key # where the fuck is ""log_prob"" coming from, but ""top_5_attention_weights"" and ""top_5_neighbor_indices"" are not there? if ""log_prob"" in mut: wild = mut[""mut""][0] alternate = mut[""mut""][-1] true_vals.append(mut[""ddg""]) sequence_index_of_mutation = cur_map_dict[mut[""mut""][0:-1]] position_log_probabilities = mut[""log_prob""][0,sequence_index_of_mutation,:] wild_mut_log_probabilities.append((position_log_probabilities[aa_to_N[wild]],position_log_probab"
ProteinMPNNTesting_V4.ipynb	22	code	119	False	"# Now combine ""mut_wild_predictions"" and ""entropy_predictions"" using weight combinations from 0 to 1 in 0.05 increments so that they some to one # so, when one weight is x, the other weight is automatically (1-x) # The keys of this dictionary will be (term1_coeff,term2_coeff) tuples, and values will be the observed correlations coefficient_result_dictionary = {} for i in np.arange(0.0,1.000001,0.005): term1_coeff = round(i,2) term2_coeff = round((1.000001 - i),2) local_preds = (term1_coeff*mut_wild_predictions) + (term2_coeff*entropy_predictions) coefficient_result_dictionary[(term1_coeff,term2_coeff)] = round(pearsonr(experimental_energies,local_preds)[0],2)"
ProteinMPNNTesting_V4.ipynb	24	code	122	False	"# let me get PSSM values and do some comparison quickly # getting the PSSM extraction functions from my custom model data processing scripts from string import ascii_uppercase # In rare cases, some PDB files number chains with 1,2,3 instead of A,B,C def convertChainFromAlphabetToNumber(alphabet): mappingDict = {ch:(idx+1) for idx,ch in enumerate(ascii_uppercase)} return str(mappingDict[alphabet]) # Before executing this function, the PSSM files with naming format ""pdbIdchain.pssm"" needs to be stored # in the pssm_dir def returnPSSMArray(pdbIdPlusChain,pssm_dir=""train_pssm_dir"",convert_upper = False): # Currently, assuming that the pssm file names contain pdbId in upper case if convert_upper: fileName = pdbIdPlusChain.upper() + "".pssm"" else: fileName = pdbIdPlusChain + "".pssm"" try: fullPath = os.path.join(pssm_dir,fileName) f = open(fullPath) except: fileName = pdbIdPlusChain[0:4].upper() + str(convertChainFromAlphabetToNumber(pdbIdPlusChain[4])) + "".pssm"" fullPath = os.path.join(pssm_dir,fileName) f = open(fullPath) # # all the target lines in the PSSM files have (2+20+20+2=44) strings after line.split() target_lines = [line.split() for line in f.readlines() if (len(line.split()))==44] number_of_residues = len(target_lines) pssm_features = np.zeros((number_of_residues,20)) for idx,line in enumerate(target_lines): pssm_features[idx,:] = line[2:22] f.close() return pssm_features # This function also seems necessary for extracting the two pssm values # Must review the three pssm feature functions (this one and the two above) later # These functions seem to be taking up a lot o"
ProteinMPNNTesting_V4.ipynb	25	code	123	False	"pssm_predictions = [] for prot,muts in two_level_dict.items(): if prot not in proteins_to_skip: try: cur_map_dict = mapping_dict[prot] except: continue for mut in muts: # only fetching those mutations that have corresponding log-probabilities calculated and saved as values of ""log_prob"" key if ""log_prob"" in mut: pssm_predictions.append((mut[""wild_pssm""]-mut[""alternate_pssm""]))"
ProteinMPNNTesting_V4.ipynb	27	code		False	"# Now combine ""mut_wild_predictions"" and ""pssm_predictions"" using weight combinations from 0 to 1 in 0.05 increments so that they some to one # so, when one weight is x, the other weight is automatically (1-x) # The keys of this dictionary will be (term1_coeff,term2_coeff) tuples, and values will be the observed correlations coefficient_result_dictionary = {} for i in np.arange(0.0,1.000001,0.005): term1_coeff = round(i,2) term2_coeff = round((1.000001 - i),2) local_preds = (term1_coeff*mut_wild_predictions) + (term2_coeff*pssm_predictions) coefficient_result_dictionary[(term1_coeff,term2_coeff)] = round(pearsonr(experimental_energies,local_preds)[0],2)"
ProteinMPNNTesting_V4.ipynb	29	code		False	# coefficient_result_dictionary # (0.82, 0.18): 0.52, # (0.82, 0.19): 0.51, # (0.83, 0.17): 0.52, # (0.84, 0.16): 0.52, # (0.84, 0.17): 0.52, # (0.85, 0.15): 0.52, # (0.86, 0.14): 0.52, # (0.86, 0.15): 0.52, # (0.87, 0.13): 0.52, # (0.88, 0.12): 0.52, # (0.88, 0.13): 0.52, # (0.89, 0.11): 0.52, # (0.9, 0.1): 0.52, # (0.9, 0.11): 0.52, # (0.91, 0.09): 0.52, # (0.92, 0.08): 0.52, # (0.92, 0.09): 0.52, # (0.93, 0.07): 0.52, # (0.94, 0.06): 0.52, # (0.94, 0.07): 0.52, # (0.95, 0.05): 0.52, # (0.96, 0.04): 0.52, # great thing since the decorrelation is actually interesting, and using both definitely seems to help
ProteinMPNNTesting_V4.ipynb	30	code	170	False	"# Now combine ""mut_wild_predictions"" and ""neighbor_entropy_predictions"" using weight combinations from 0 to 1 in 0.05 increments so that they some to one # so, when one weight is x, the other weight is automatically (1-x) # The keys of this dictionary will be (term1_coeff,term2_coeff) tuples, and values will be the observed correlations coefficient_result_dictionary = {} for i in np.arange(0.0,1.000001,0.005): term1_coeff = round(i,2) term2_coeff = round((1.000001 - i),2) local_preds = (term1_coeff*entropy_predictions) + (term2_coeff*neighbor_entropy_predictions) coefficient_result_dictionary[(term1_coeff,term2_coeff)] = round(pearsonr(experimental_energies,local_preds)[0],2)"
ProteinMPNNTesting_V4.ipynb	32	code		True	"import matplotlib.pyplot as plt fig = plt.figure(figsize=(6,4)) ax = fig.add_axes([0,0,1,1]) methods = ['PMPNN_DEP','PMPNN_ET','PMPNN_DEP_ET','PSSM_DEC','PMPNN_DEP_PSSM_DEC'] vals = [0.64,0.26,0.64,0.51,0.67] plt.ylabel(""Pearson Correlation"",fontsize=18) plt.xlabel(""Informative Features"",fontsize=18) plt.xticks(fontsize=18, rotation=90) plt.yticks(fontsize=18) plt.ylim(0.20,0.70) ax.bar(methods,vals,color=""maroon"",width=0.3) plt.show()"
ProteinMPNNTesting_V4.ipynb	33	code	172	True	import pandas as pd import seaborn as sns mut_wild_predictions = np.array(mut_energies - wild_energies) entropy_predictions = np.array(entropy_conservations) first_second_combined = 0.5*mut_wild_predictions + 0.5*entropy_predictions pssm_predictions = np.array(pssm_predictions) # first_pssm_combined = 0.89*mut_wild_predictions + 0.11*pssm_predictions df_Ssym = pd.DataFrame( {'P_DP': mut_wild_predictions, 'P_ET': entropy_predictions, 'P_DP_ET':first_second_combined, # 'P_DEC': pssm_predictions, # 'PMPNN_DP_PSSM_DEC' : first_pssm_combined, 'Neighbor_Entropy' : neighbor_entropy_predictions }) corr = df_Ssym.corr() sns.set(font_scale=1.4) sns.heatmap(corr, xticklabels=corr.columns, yticklabels=corr.columns)
ProteinMPNNTesting_V5.ipynb	7	code	7	False	"from __future__ import print_function import json, time, os, sys, glob import shutil import numpy as np import torch from torch import optim from torch.utils.data import DataLoader from torch.utils.data.dataset import random_split, Subset import copy import torch.nn as nn import torch.nn.functional as F import random import itertools #A number of functions/classes are adopted from: https://github.com/jingraham/neurips19-graph-protein-design def _scores(S, log_probs, mask): """""" Negative log probabilities """""" criterion = torch.nn.NLLLoss(reduction='none') loss = criterion( log_probs.contiguous().view(-1,log_probs.size(-1)), S.contiguous().view(-1) ).view(S.size()) # The designable positions have mask set to 1.0, so this function seems to be returning the average score for the designable positions scores = torch.sum(loss * mask, dim=-1) / torch.sum(mask, dim=-1) return scores def _S_to_seq(S, mask): # This is the decoding order alphabet = 'ACDEFGHIKLMNPQRSTVWYX' seq = ''.join([alphabet[c] for c, m in zip(S.tolist(), mask.tolist()) if m > 0]) return seq def parse_PDB_biounits(x, atoms=['N','CA','C'], chain=None): ''' input: x = PDB filename atoms = atoms to extract (optional) output: (length, atoms, coords=(x,y,z)), sequence ''' alpha_1 = list(""ARNDCQEGHILKMFPSTWYV-"") states = len(alpha_1) alpha_3 = ['ALA','ARG','ASN','ASP','CYS','GLN','GLU','GLY','HIS','ILE', 'LEU','LYS','MET','PHE','PRO','SER','THR','TRP','TYR','VAL','GAP'] # The following dictionaries are mapping from one-letter to 0-20 index, # three-letter to 0-20 index, # 0-20 index to one-letter, # one-letter to three-le"
ProteinMPNNTesting_V5.ipynb	8	code		False	hidden_dim = 128 num_layers = 3 # Seems like, backbone_noise is set to 0 at inference path which seems logical backbone_noise=0.00 mpnn_model = ProteinMPNN(num_letters=21, node_features=hidden_dim, edge_features=hidden_dim, hidden_dim=hidden_dim, num_encoder_layers=num_layers, num_decoder_layers=num_layers, augment_eps=backbone_noise, k_neighbors=checkpoint['num_edges']) mpnn_model.to(device) mpnn_model.load_state_dict(checkpoint['model_state_dict']) mpnn_model.eval()
ProteinMPNNTesting_V5.ipynb	10	code	10	True	"# Parse and create dictionaries for all the mutations in PremPS 2648 # This dictionary will be a dictionary of dictionaries, where outer-dict keys will be pdbid+mutchain and inner-dict keys will be (wild+pos+mut) and ddg # the icodes can be brought to picture later # this ""two_level_dict"" is literally used everywhere throughout this code for storing all the numbers that are compared with each other under feature-specific keys git_url = ""https://raw.githubusercontent.com/SajidAhmeduiu/PremPS/main/Datasets/S2648/S2648.txt"" dataset = pd.read_csv(git_url,delimiter=""\t"") pdbIds = list(dataset[""PDB Id""]) mutChains = list(dataset[""Mutated Chain""]) mutations = list(dataset[""Mutation_PDB""]) ddgs = list(dataset[""DDGexp""]) two_level_dict = {} for pdbId, mutChain, mutation, ddg in tqdm(zip(pdbIds,mutChains,mutations,ddgs)): pos = [int(s) for s in re.findall('-?\d+',mutation)][0] wild = mutation[0] mut = mutation[len(mutation)-1] pdbId = pdbId.lower() inner_dict = {} inner_dict[""mut""] = f""{wild}{pos}{mut}"" inner_dict[""ddg""] = float(ddg) outer_key = f""{pdbId}{mutChain}"" if outer_key not in two_level_dict: two_level_dict[f""{pdbId}{mutChain}""] = [inner_dict] else: two_level_dict[f""{pdbId}{mutChain}""].append(inner_dict)"
ProteinMPNNTesting_V5.ipynb	12	code	12	False	"# changing this ""parse_PDB_biounits()"" function locally for addressing the fucked up integer named chain problem def parse_PDB_biounits(x, atoms=['N', 'CA', 'C'], chain=None): ''' input: x = PDB filename atoms = atoms to extract (optional) output: (length, atoms, coords=(x,y,z)), sequence ''' alpha_1 = list(""ARNDCQEGHILKMFPSTWYV-"") states = len(alpha_1) alpha_3 = ['ALA', 'ARG', 'ASN', 'ASP', 'CYS', 'GLN', 'GLU', 'GLY', 'HIS', 'ILE', 'LEU', 'LYS', 'MET', 'PHE', 'PRO', 'SER', 'THR', 'TRP', 'TYR', 'VAL', 'GAP'] # The following dictionaries are mapping from one-letter to 0-20 index, # three-letter to 0-20 index, # 0-20 index to one-letter, # one-letter to three-letter, and vice-versa aa_1_N = {a: n for n, a in enumerate(alpha_1)} aa_3_N = {a: n for n, a in enumerate(alpha_3)} aa_N_1 = {n: a for n, a in enumerate(alpha_1)} aa_1_3 = {a: b for a, b in zip(alpha_1, alpha_3)} aa_3_1 = {b: a for a, b in zip(alpha_1, alpha_3)} def AA_to_N(x): # [""ARND""] -> [[0,1,2,3]] x = np.array(x); if x.ndim == 0: x = x[None] return [[aa_1_N.get(a, states - 1) for a in y] for y in x] def N_to_AA(x): # [[0,1,2,3]] -> [""ARND""] x = np.array(x); if x.ndim == 1: x = x[None] return ["""".join([aa_N_1.get(a, ""-"") for a in y]) for y in x] xyz, seq, min_resn, max_resn = {}, {}, 1e6, -1e6 for line in open(x, ""rb""): line = line.decode(""utf-8"", ""ignore"").rstrip() if line[:6] == ""HETATM"" and line[17:17 + 3] == ""MSE"": line = line.replace(""HETATM"", ""ATOM "") line = line.replace(""MSE"", ""MET"") if line[:4] == ""ATOM"": ch = line[21:22] # If the input chain is not in the PDB file, which can be the case if the target chain"
ProteinMPNNTesting_V5.ipynb	14	code	134	True	"from scipy.special import softmax from scipy.special import kl_div # read in the PDB files from the directory where the S_2648 PDB Files are stored, and set-them up one by one for featuirization, and passing through the model pdbDirectory = ""/content/drive/MyDrive/ACCRE_PyRun_Setup/S_2648_PDB_Files"" parser = PDBParser(QUIET=True) pdbId_info = [] pos_info = [] neighbor_pos = [] neighbor_attention = [] neighbor_attention_softmaxed = [] neighbor_distances_tracking = [] np.set_printoptions(suppress=True,precision=2) loc_proteins = [] for i,filename in tqdm(enumerate(os.listdir(pdbDirectory))): #ICODE related problematic proteins will be skipped from analysis for now if (filename.split(""."")[0] not in proteins_to_skip): # if i > 100: # break loc_proteins.append(filename.split(""."")[0]) filepath = os.path.join(pdbDirectory,filename) structure = parser.get_structure(id=filename.split(""."")[0],file=filepath) model = structure[0] # Since there is only one chain, and that same chain is both fixed designable for different residues, extracting that name, and putting them in pertinent lists # taking chainname from filename since one of the files ""1rtpA.pdb"" has chain name with ""1"" instead of ""A"" # fuck you motherfucking fucked up PDB file submitter. Have you shoved your head into your ass? chain_name = (filename.split(""."")[0])[-1] fixed_chain_list = [] # the trick is to put the single chain as designable chain, and then create the ""fixed_positions_dict"" dictionary designed_chain_list = [chain_name] chain_list = list(set(designed_chain_list + fixed_chain_list)) # Using the programs custome "
ProteinMPNNTesting_V5.ipynb	16	code		False	"# Save the incomplete ""two_level_dict"" as pickle file for a quick dirty comparison # import pickle # with open(""res_dict.pickle"",""wb"") as f: # pickle.dump(two_level_dict,f)"
ProteinMPNNTesting_V5.ipynb	17	code		False	"# import pickle # with open(""res_dict.pickle"",""rb"") as f: # two_level_dict = pickle.load(f)"
ProteinMPNNTesting_V5.ipynb	18	code	152	False	"from scipy.stats import entropy alpha_list = list(""ACDEFGHIKLMNPQRSTVWYX"") # The following dictionary will be used for fetching out the log-probabilities corresponding to the wild-type and mutated residues at the mutation positions aa_to_N = {a:n for n,a in enumerate(alpha_list)} # This list will contain the experimental ddg values for the mutations for which two-level dict contains information regarding log_probabilities true_vals = [] # This list will contain (wild_proba,mut_proba) tuples for the mutations for which two-level dict contains information regarding log_probabilities wild_mut_log_probabilities = [] # saving max probabilites for debugging max_log_probabilities = [] # Want to add entropy of the position with some kind of weight (maybe, just a for loop for checking weight combinations that sum to 1?) position_entropies = [] weighted_neighbor_entropies = [] # This ""weighted_neighbor_energy_changes"" will be ((-log(m))-(-log(w))) for each of the topk neighbors, weighted summed by corresponding attention weights weighted_neighbor_energy_changes = [] # putting the dictionary here since we are going to need positions corresponding to alternate amino acid 1-letter codes alpha_tok = ""ACDEFGHIKLMNPQRSTVWYX"" aa_1_N = {a:n for n,a in enumerate(alpha_tok)} for prot,muts in two_level_dict.items(): if prot not in proteins_to_skip: try: cur_map_dict = mapping_dict[prot] except: continue for mut in muts: # only fetching those mutations that have corresponding log-probabilities calculated and saved as values of ""log_prob"" key # where the fuck is ""log_prob"" coming from, but ""top_5"
ProteinMPNNTesting_V5.ipynb	22	code		False	"# Now combine ""mut_wild_predictions"" and ""entropy_predictions"" using weight combinations from 0 to 1 in 0.05 increments so that they some to one # so, when one weight is x, the other weight is automatically (1-x) # The keys of this dictionary will be (term1_coeff,term2_coeff) tuples, and values will be the observed correlations coefficient_result_dictionary = {} for i in np.arange(0.0,1.000001,0.005): term1_coeff = round(i,2) term2_coeff = round((1.000001 - i),2) local_preds = (term1_coeff*mut_wild_predictions) + (term2_coeff*entropy_predictions) coefficient_result_dictionary[(term1_coeff,term2_coeff)] = round(pearsonr(experimental_energies,local_preds)[0],2)"
ProteinMPNNTesting_V5.ipynb	24	code	138	False	"# let me get PSSM values and do some comparison quickly # getting the PSSM extraction functions from my custom model data processing scripts from string import ascii_uppercase # In rare cases, some PDB files number chains with 1,2,3 instead of A,B,C def convertChainFromAlphabetToNumber(alphabet): mappingDict = {ch:(idx+1) for idx,ch in enumerate(ascii_uppercase)} return str(mappingDict[alphabet]) # Before executing this function, the PSSM files with naming format ""pdbIdchain.pssm"" needs to be stored # in the pssm_dir def returnPSSMArray(pdbIdPlusChain,pssm_dir=""train_pssm_dir"",convert_upper = False): # Currently, assuming that the pssm file names contain pdbId in upper case if convert_upper: fileName = pdbIdPlusChain.upper() + "".pssm"" else: fileName = pdbIdPlusChain + "".pssm"" try: fullPath = os.path.join(pssm_dir,fileName) f = open(fullPath) except: fileName = pdbIdPlusChain[0:4].upper() + str(convertChainFromAlphabetToNumber(pdbIdPlusChain[4])) + "".pssm"" fullPath = os.path.join(pssm_dir,fileName) f = open(fullPath) # # all the target lines in the PSSM files have (2+20+20+2=44) strings after line.split() target_lines = [line.split() for line in f.readlines() if (len(line.split()))==44] number_of_residues = len(target_lines) pssm_features = np.zeros((number_of_residues,20)) for idx,line in enumerate(target_lines): pssm_features[idx,:] = line[2:22] f.close() return pssm_features # This function also seems necessary for extracting the two pssm values # Must review the three pssm feature functions (this one and the two above) later # These functions seem to be taking up a lot o"
ProteinMPNNTesting_V5.ipynb	25	code	139	False	"pssm_predictions = [] for prot,muts in two_level_dict.items(): if prot not in proteins_to_skip: try: cur_map_dict = mapping_dict[prot] except: continue for mut in muts: # only fetching those mutations that have corresponding log-probabilities calculated and saved as values of ""log_prob"" key if ""log_prob"" in mut: pssm_predictions.append((mut[""wild_pssm""]-mut[""alternate_pssm""]))"
ProteinMPNNTesting_V5.ipynb	27	code	147	False	"# Now combine ""mut_wild_predictions"" and ""pssm_predictions"" using weight combinations from 0 to 1 in 0.05 increments so that they some to one # so, when one weight is x, the other weight is automatically (1-x) # The keys of this dictionary will be (term1_coeff,term2_coeff) tuples, and values will be the observed correlations coefficient_result_dictionary = {} for i in np.arange(0.0,1.000001,0.005): term1_coeff = round(i,2) term2_coeff = round((1.000001 - i),2) local_preds = (term1_coeff*pssm_predictions) + (term2_coeff*neighbor_energy_change_predictions) coefficient_result_dictionary[(term1_coeff,term2_coeff)] = round(pearsonr(experimental_energies,local_preds)[0],2)"
ProteinMPNNTesting_V5.ipynb	29	code		False	# coefficient_result_dictionary # (0.82, 0.18): 0.52, # (0.82, 0.19): 0.51, # (0.83, 0.17): 0.52, # (0.84, 0.16): 0.52, # (0.84, 0.17): 0.52, # (0.85, 0.15): 0.52, # (0.86, 0.14): 0.52, # (0.86, 0.15): 0.52, # (0.87, 0.13): 0.52, # (0.88, 0.12): 0.52, # (0.88, 0.13): 0.52, # (0.89, 0.11): 0.52, # (0.9, 0.1): 0.52, # (0.9, 0.11): 0.52, # (0.91, 0.09): 0.52, # (0.92, 0.08): 0.52, # (0.92, 0.09): 0.52, # (0.93, 0.07): 0.52, # (0.94, 0.06): 0.52, # (0.94, 0.07): 0.52, # (0.95, 0.05): 0.52, # (0.96, 0.04): 0.52, # great thing since the decorrelation is actually interesting, and using both definitely seems to help
ProteinMPNNTesting_V5.ipynb	30	code		False	"# Now combine ""mut_wild_predictions"" and ""neighbor_entropy_predictions"" using weight combinations from 0 to 1 in 0.05 increments so that they some to one # so, when one weight is x, the other weight is automatically (1-x) # The keys of this dictionary will be (term1_coeff,term2_coeff) tuples, and values will be the observed correlations coefficient_result_dictionary = {} for i in np.arange(0.0,1.000001,0.005): term1_coeff = round(i,2) term2_coeff = round((1.000001 - i),2) local_preds = (term1_coeff*entropy_predictions) + (term2_coeff*neighbor_entropy_predictions) coefficient_result_dictionary[(term1_coeff,term2_coeff)] = round(pearsonr(experimental_energies,local_preds)[0],2)"
ProteinMPNNTesting_V5.ipynb	32	code		True	"import matplotlib.pyplot as plt fig = plt.figure(figsize=(6,4)) ax = fig.add_axes([0,0,1,1]) methods = ['PMPNN_DEP','PMPNN_ET','PMPNN_DEP_ET','PSSM_DEC','PMPNN_DEP_PSSM_DEC'] vals = [0.64,0.26,0.64,0.51,0.67] plt.ylabel(""Pearson Correlation"",fontsize=18) plt.xlabel(""Informative Features"",fontsize=18) plt.xticks(fontsize=18, rotation=90) plt.yticks(fontsize=18) plt.ylim(0.20,0.70) ax.bar(methods,vals,color=""maroon"",width=0.3) plt.show()"
ProteinMPNNTesting_V5.ipynb	33	code	156	True	import pandas as pd import seaborn as sns mut_wild_predictions = np.array(mut_energies - wild_energies) entropy_predictions = np.array(entropy_conservations) first_second_combined = 0.5*mut_wild_predictions + 0.5*entropy_predictions pssm_predictions = np.array(pssm_predictions) # first_pssm_combined = 0.89*mut_wild_predictions + 0.11*pssm_predictions neighbor_energy_change_predictions = np.array(neighbor_energy_change_predictions) neighbor_entropy_predictions = np.array(neighbor_entropy_predictions) df_Ssym = pd.DataFrame( {'P_DP': mut_wild_predictions, 'P_ET': entropy_predictions, 'P_DP_ET':first_second_combined, 'P_DEC': pssm_predictions, # 'PMPNN_DP_PSSM_DEC' : first_pssm_combined, 'Neighbor_Entropy' : neighbor_entropy_predictions, 'Neighbor_Energy_Change' : neighbor_energy_change_predictions }) corr = df_Ssym.corr() sns.set(font_scale=1.4) sns.heatmap(corr, xticklabels=corr.columns, yticklabels=corr.columns)
ProteinMPNNTesting_V6.ipynb	7	code	12	False	"from __future__ import print_function import json, time, os, sys, glob import shutil import numpy as np import torch from torch import optim from torch.utils.data import DataLoader from torch.utils.data.dataset import random_split, Subset import copy import torch.nn as nn import torch.nn.functional as F import random import itertools #A number of functions/classes are adopted from: https://github.com/jingraham/neurips19-graph-protein-design def _scores(S, log_probs, mask): """""" Negative log probabilities """""" criterion = torch.nn.NLLLoss(reduction='none') loss = criterion( log_probs.contiguous().view(-1,log_probs.size(-1)), S.contiguous().view(-1) ).view(S.size()) # The designable positions have mask set to 1.0, so this function seems to be returning the average score for the designable positions scores = torch.sum(loss * mask, dim=-1) / torch.sum(mask, dim=-1) return scores def _S_to_seq(S, mask): # This is the decoding order alphabet = 'ACDEFGHIKLMNPQRSTVWYX' seq = ''.join([alphabet[c] for c, m in zip(S.tolist(), mask.tolist()) if m > 0]) return seq def parse_PDB_biounits(x, atoms=['N','CA','C'], chain=None): ''' input: x = PDB filename atoms = atoms to extract (optional) output: (length, atoms, coords=(x,y,z)), sequence ''' alpha_1 = list(""ARNDCQEGHILKMFPSTWYV-"") states = len(alpha_1) alpha_3 = ['ALA','ARG','ASN','ASP','CYS','GLN','GLU','GLY','HIS','ILE', 'LEU','LYS','MET','PHE','PRO','SER','THR','TRP','TYR','VAL','GAP'] # The following dictionaries are mapping from one-letter to 0-20 index, # three-letter to 0-20 index, # 0-20 index to one-letter, # one-letter to three-le"
ProteinMPNNTesting_V6.ipynb	8	code		False	hidden_dim = 128 num_layers = 3 # Seems like, backbone_noise is set to 0 at inference path which seems logical backbone_noise=0.00 mpnn_model = ProteinMPNN(num_letters=21, node_features=hidden_dim, edge_features=hidden_dim, hidden_dim=hidden_dim, num_encoder_layers=num_layers, num_decoder_layers=num_layers, augment_eps=backbone_noise, k_neighbors=checkpoint['num_edges']) mpnn_model.to(device) mpnn_model.load_state_dict(checkpoint['model_state_dict']) mpnn_model.eval()
ProteinMPNNTesting_V6.ipynb	10	code	15	True	"# Parse and create dictionaries for all the mutations in PremPS 2648 # This dictionary will be a dictionary of dictionaries, where outer-dict keys will be pdbid+mutchain and inner-dict keys will be (wild+pos+mut) and ddg # the icodes can be brought to picture later # this ""two_level_dict"" is literally used everywhere throughout this code for storing all the numbers that are compared with each other under feature-specific keys git_url = ""https://raw.githubusercontent.com/SajidAhmeduiu/PremPS/main/Datasets/S921/S921.txt"" dataset = pd.read_csv(git_url,delimiter=""\t"") pdbIds = list(dataset[""PDB Id""]) mutChains = list(dataset[""Mutated Chain""]) mutations = list(dataset[""Mutation_PDB""]) ddgs = list(dataset[""DDGexp""]) two_level_dict = {} for pdbId, mutChain, mutation, ddg in tqdm(zip(pdbIds,mutChains,mutations,ddgs)): pos = [int(s) for s in re.findall('-?\d+',mutation)][0] wild = mutation[0] mut = mutation[len(mutation)-1] pdbId = pdbId.lower() inner_dict = {} inner_dict[""mut""] = f""{wild}{pos}{mut}"" inner_dict[""ddg""] = float(ddg) outer_key = f""{pdbId}{mutChain}"" if outer_key not in two_level_dict: two_level_dict[f""{pdbId}{mutChain}""] = [inner_dict] else: two_level_dict[f""{pdbId}{mutChain}""].append(inner_dict)"
ProteinMPNNTesting_V6.ipynb	12	code	17	False	"# changing this ""parse_PDB_biounits()"" function locally for addressing the fucked up integer named chain problem def parse_PDB_biounits(x, atoms=['N', 'CA', 'C'], chain=None): ''' input: x = PDB filename atoms = atoms to extract (optional) output: (length, atoms, coords=(x,y,z)), sequence ''' alpha_1 = list(""ARNDCQEGHILKMFPSTWYV-"") states = len(alpha_1) alpha_3 = ['ALA', 'ARG', 'ASN', 'ASP', 'CYS', 'GLN', 'GLU', 'GLY', 'HIS', 'ILE', 'LEU', 'LYS', 'MET', 'PHE', 'PRO', 'SER', 'THR', 'TRP', 'TYR', 'VAL', 'GAP'] # The following dictionaries are mapping from one-letter to 0-20 index, # three-letter to 0-20 index, # 0-20 index to one-letter, # one-letter to three-letter, and vice-versa aa_1_N = {a: n for n, a in enumerate(alpha_1)} aa_3_N = {a: n for n, a in enumerate(alpha_3)} aa_N_1 = {n: a for n, a in enumerate(alpha_1)} aa_1_3 = {a: b for a, b in zip(alpha_1, alpha_3)} aa_3_1 = {b: a for a, b in zip(alpha_1, alpha_3)} def AA_to_N(x): # [""ARND""] -> [[0,1,2,3]] x = np.array(x); if x.ndim == 0: x = x[None] return [[aa_1_N.get(a, states - 1) for a in y] for y in x] def N_to_AA(x): # [[0,1,2,3]] -> [""ARND""] x = np.array(x); if x.ndim == 1: x = x[None] return ["""".join([aa_N_1.get(a, ""-"") for a in y]) for y in x] xyz, seq, min_resn, max_resn = {}, {}, 1e6, -1e6 for line in open(x, ""rb""): line = line.decode(""utf-8"", ""ignore"").rstrip() if line[:6] == ""HETATM"" and line[17:17 + 3] == ""MSE"": line = line.replace(""HETATM"", ""ATOM "") line = line.replace(""MSE"", ""MET"") if line[:4] == ""ATOM"": ch = line[21:22] # If the input chain is not in the PDB file, which can be the case if the target chain"
ProteinMPNNTesting_V6.ipynb	15	code	16	True	"# read in the PDB files from the directory where the S_2648 PDB Files are stored, and set-them up one by one for featuirization, and passing through the model pdbDirectory = ""/content/drive/MyDrive/ACCRE_PyRun_Setup/S_921_PDB_Files"" parser = PDBParser(QUIET=True) pdbId_info = [] pos_info = [] neighbor_pos = [] neighbor_attention = [] neighbor_attention_softmaxed = [] neighbor_distances_tracking = [] np.set_printoptions(suppress=True,precision=2) loc_proteins = [] for i,filename in tqdm(enumerate(os.listdir(pdbDirectory))): #ICODE related problematic proteins will be skipped from analysis for now if (filename.split(""."")[0] not in proteins_to_skip): # if i > 3: # break loc_proteins.append(filename.split(""."")[0]) filepath = os.path.join(pdbDirectory,filename) structure = parser.get_structure(id=filename.split(""."")[0],file=filepath) model = structure[0] # Since there is only one chain, and that same chain is both fixed designable for different residues, extracting that name, and putting them in pertinent lists # taking chainname from filename since one of the files ""1rtpA.pdb"" has chain name with ""1"" instead of ""A"" # fuck you motherfucking fucked up PDB file submitter. Have you shoved your head into your ass? chain_name = (filename.split(""."")[0])[-1] fixed_chain_list = [] # the trick is to put the single chain as designable chain, and then create the ""fixed_positions_dict"" dictionary designed_chain_list = [chain_name] chain_list = list(set(designed_chain_list + fixed_chain_list)) # Using the programs custome PDB parser for processing the PDB files pdb_dict_list = parse_PDB(file"
ProteinMPNNTesting_V6.ipynb	17	code		False	"# Save the incomplete ""two_level_dict"" as pickle file for a quick dirty comparison # import pickle # with open(""S_921_pmppn_info_dict.pickle"",""wb"") as f: # pickle.dump(two_level_dict,f)"
ProteinMPNNTesting_V6.ipynb	18	code	20	False	"import pickle with open(""S_921_pmppn_info_dict.pickle"",""rb"") as f: two_level_dict = pickle.load(f)"
ProteinMPNNTesting_V6.ipynb	19	code	21	False	"from scipy.stats import entropy from scipy.special import expit alpha_list = list(""ACDEFGHIKLMNPQRSTVWYX"") # The following dictionary will be used for fetching out the log-probabilities corresponding to the wild-type and mutated residues at the mutation positions aa_to_N = {a:n for n,a in enumerate(alpha_list)} # This list will contain the experimental ddg values for the mutations for which two-level dict contains information regarding log_probabilities true_vals = [] # This list will contain (wild_proba,mut_proba) tuples for the mutations for which two-level dict contains information regarding log_probabilities wild_mut_log_probabilities = [] # saving max probabilites for debugging max_log_probabilities = [] # Want to add entropy of the position with some kind of weight (maybe, just a for loop for checking weight combinations that sum to 1?) position_entropies = [] weighted_neighbor_entropies = [] # This ""weighted_neighbor_energy_changes"" will be ((-log(m))-(-log(w))) for each of the topk neighbors, weighted summed by corresponding attention weights weighted_neighbor_energy_changes = [] # backward_weighted_neighbor_energy_changes = [] V2_backward_weighted_neighbor_energy_changes = [] # the neighbor-forward-KL will at this point treat the center-wildtype conditioned neighbor distributions as true, # and center-mutated conditioned neighbor distributions as approximation weighted_neighbor_forward_KL = [] # the neighbor-backward-KL will treat the center-mutated conditioned neighbor distributions as true, # and center-wildtype conditioned neighbor distributions as approximation"
ProteinMPNNTesting_V6.ipynb	23	code	22	False	"# let me get PSSM values and do some comparison quickly # getting the PSSM extraction functions from my custom model data processing scripts from string import ascii_uppercase # In rare cases, some PDB files number chains with 1,2,3 instead of A,B,C def convertChainFromAlphabetToNumber(alphabet): mappingDict = {ch:(idx+1) for idx,ch in enumerate(ascii_uppercase)} return str(mappingDict[alphabet]) # Before executing this function, the PSSM files with naming format ""pdbIdchain.pssm"" needs to be stored # in the pssm_dir def returnPSSMArray(pdbIdPlusChain,pssm_dir=""train_pssm_dir"",convert_upper = False): # Currently, assuming that the pssm file names contain pdbId in upper case if convert_upper: fileName = pdbIdPlusChain.upper() + "".pssm"" else: fileName = pdbIdPlusChain + "".pssm"" try: fullPath = os.path.join(pssm_dir,fileName) f = open(fullPath) except: fileName = pdbIdPlusChain[0:4].upper() + str(convertChainFromAlphabetToNumber(pdbIdPlusChain[4])) + "".pssm"" fullPath = os.path.join(pssm_dir,fileName) f = open(fullPath) # # all the target lines in the PSSM files have (2+20+20+2=44) strings after line.split() target_lines = [line.split() for line in f.readlines() if (len(line.split()))==44] number_of_residues = len(target_lines) pssm_features = np.zeros((number_of_residues,20)) for idx,line in enumerate(target_lines): pssm_features[idx,:] = line[2:22] f.close() return pssm_features # This function also seems necessary for extracting the two pssm values # Must review the three pssm feature functions (this one and the two above) later # These functions seem to be taking up a lot o"
ProteinMPNNTesting_V6.ipynb	24	code		False	"pssm_predictions = [] for prot,muts in two_level_dict.items(): if prot not in proteins_to_skip: try: cur_map_dict = mapping_dict[prot] except: continue for mut in muts: # only fetching those mutations that have corresponding log-probabilities calculated and saved as values of ""log_prob"" key if ""log_prob"" in mut: pssm_predictions.append((mut[""wild_pssm""]-mut[""alternate_pssm""]))"
ProteinMPNNTesting_V6.ipynb	25	code	23	False	"import pickle with open(""S_921_full_feature_dict.pickle"",""wb"") as f: pickle.dump(two_level_dict,f)"
ProteinMPNNTesting_V6.ipynb	27	code		False	"# Now combine ""mut_wild_predictions"" and ""pssm_predictions"" using weight combinations from 0 to 1 in 0.05 increments so that they some to one # so, when one weight is x, the other weight is automatically (1-x) # The keys of this dictionary will be (term1_coeff,term2_coeff) tuples, and values will be the observed correlations coefficient_result_dictionary = {} for i in np.arange(0.0,1.000001,0.005): term1_coeff = round(i,2) term2_coeff = round((1.000001 - i),2) local_preds = (term1_coeff*neighbor_energy_change_predictions) + (term2_coeff*neighbor_backward_KL_predictions) coefficient_result_dictionary[(term1_coeff,term2_coeff)] = round(pearsonr(experimental_energies,local_preds)[0],2)"
ProteinMPNNTesting_V6.ipynb	29	code		True	"import matplotlib.pyplot as plt fig = plt.figure(figsize=(6,4)) ax = fig.add_axes([0,0,1,1]) methods = ['PMPNN_DEP','PMPNN_ET','PMPNN_DEP_ET','PSSM_DEC','PMPNN_DEP_PSSM_DEC'] vals = [0.64,0.26,0.64,0.51,0.67] plt.ylabel(""Pearson Correlation"",fontsize=18) plt.xlabel(""Informative Features"",fontsize=18) plt.xticks(fontsize=18, rotation=90) plt.yticks(fontsize=18) plt.ylim(0.20,0.70) ax.bar(methods,vals,color=""maroon"",width=0.3) plt.show()"
ProteinMPNNTesting_V6.ipynb	30	code		True	import pandas as pd import seaborn as sns df_Ssym = pd.DataFrame( {'P_DP': mut_wild_predictions, 'P_ET': entropy_predictions, 'P_DEC': pssm_predictions, 'Neighbor_Entropy' : neighbor_entropy_predictions, 'Neighbor_Energy_Change' : neighbor_energy_change_predictions, 'Backward_Weighted_Neighbor_Energy_Change' : backward_weighted_neighbor_energy_changes, 'V2_Backward_Weighted_Neighbor_Energy_Change' : V2_backward_weighted_neighbor_energy_changes, 'Neighbor_forward_KL' : neighbor_forward_KL_predictions, 'Neighbor_backward_KL' : neighbor_backward_KL_predictions, 'Backward_Weighted_Neighbor_backward_KL' : backward_weighted_neighbor_backward_KL, 'V2_Backward_Weighted_Neighbor_backward_KL' : V2_backward_weighted_neighbor_backward_KL, 'Neighbor_Entropy_Change' : neighbor_entropy_change_predictions, 'Backward_Weighted_Neighbor_Entropy_Change' : backward_weighted_neighbor_entropy_changes, 'V2_Backward_Weighted_Neighbor_Entropy_Change' : V2_backward_weighted_neighbor_entropy_changes, 'neighbor_attention_change_m/w' : center_neighbor_weight_check_m_w, 'neighbor_attention_change_w/m' : center_neighbor_weight_check_w_m }) corr = df_Ssym.corr() sns.set(font_scale=1.4) sns.heatmap(corr, xticklabels=corr.columns, yticklabels=corr.columns)
ProteinMPNNTesting_V6_V2.ipynb	7	code	8	False	"from __future__ import print_function import json, time, os, sys, glob import shutil import numpy as np import torch from torch import optim from torch.utils.data import DataLoader from torch.utils.data.dataset import random_split, Subset import copy import torch.nn as nn import torch.nn.functional as F import random import itertools #A number of functions/classes are adopted from: https://github.com/jingraham/neurips19-graph-protein-design def _scores(S, log_probs, mask): """""" Negative log probabilities """""" criterion = torch.nn.NLLLoss(reduction='none') loss = criterion( log_probs.contiguous().view(-1,log_probs.size(-1)), S.contiguous().view(-1) ).view(S.size()) # The designable positions have mask set to 1.0, so this function seems to be returning the average score for the designable positions scores = torch.sum(loss * mask, dim=-1) / torch.sum(mask, dim=-1) return scores def _S_to_seq(S, mask): # This is the decoding order alphabet = 'ACDEFGHIKLMNPQRSTVWYX' seq = ''.join([alphabet[c] for c, m in zip(S.tolist(), mask.tolist()) if m > 0]) return seq def parse_PDB_biounits(x, atoms=['N','CA','C'], chain=None): ''' input: x = PDB filename atoms = atoms to extract (optional) output: (length, atoms, coords=(x,y,z)), sequence ''' alpha_1 = list(""ARNDCQEGHILKMFPSTWYV-"") states = len(alpha_1) alpha_3 = ['ALA','ARG','ASN','ASP','CYS','GLN','GLU','GLY','HIS','ILE', 'LEU','LYS','MET','PHE','PRO','SER','THR','TRP','TYR','VAL','GAP'] # The following dictionaries are mapping from one-letter to 0-20 index, # three-letter to 0-20 index, # 0-20 index to one-letter, # one-letter to three-le"
ProteinMPNNTesting_V6_V2.ipynb	8	code		False	hidden_dim = 128 num_layers = 3 # Seems like, backbone_noise is set to 0 at inference path which seems logical backbone_noise=0.00 mpnn_model = ProteinMPNN(num_letters=21, node_features=hidden_dim, edge_features=hidden_dim, hidden_dim=hidden_dim, num_encoder_layers=num_layers, num_decoder_layers=num_layers, augment_eps=backbone_noise, k_neighbors=checkpoint['num_edges']) mpnn_model.to(device) mpnn_model.load_state_dict(checkpoint['model_state_dict']) mpnn_model.eval()
ProteinMPNNTesting_V6_V2.ipynb	10	code	11	True	"# Parse and create dictionaries for all the mutations in PremPS 2648 # This dictionary will be a dictionary of dictionaries, where outer-dict keys will be pdbid+mutchain and inner-dict keys will be (wild+pos+mut) and ddg # the icodes can be brought to picture later # this ""two_level_dict"" is literally used everywhere throughout this code for storing all the numbers that are compared with each other under feature-specific keys git_url = ""https://raw.githubusercontent.com/SajidAhmeduiu/PremPS/main/Datasets/S2648/S2648.txt"" dataset = pd.read_csv(git_url,delimiter=""\t"") pdbIds = list(dataset[""PDB Id""]) mutChains = list(dataset[""Mutated Chain""]) mutations = list(dataset[""Mutation_PDB""]) ddgs = list(dataset[""DDGexp""]) two_level_dict = {} for pdbId, mutChain, mutation, ddg in tqdm(zip(pdbIds,mutChains,mutations,ddgs)): pos = [int(s) for s in re.findall('-?\d+',mutation)][0] wild = mutation[0] mut = mutation[len(mutation)-1] pdbId = pdbId.lower() inner_dict = {} inner_dict[""mut""] = f""{wild}{pos}{mut}"" inner_dict[""ddg""] = float(ddg) outer_key = f""{pdbId}{mutChain}"" if outer_key not in two_level_dict: two_level_dict[f""{pdbId}{mutChain}""] = [inner_dict] else: two_level_dict[f""{pdbId}{mutChain}""].append(inner_dict)"
ProteinMPNNTesting_V6_V2.ipynb	12	code	13	False	"# changing this ""parse_PDB_biounits()"" function locally for addressing the fucked up integer named chain problem def parse_PDB_biounits(x, atoms=['N', 'CA', 'C'], chain=None): ''' input: x = PDB filename atoms = atoms to extract (optional) output: (length, atoms, coords=(x,y,z)), sequence ''' alpha_1 = list(""ARNDCQEGHILKMFPSTWYV-"") states = len(alpha_1) alpha_3 = ['ALA', 'ARG', 'ASN', 'ASP', 'CYS', 'GLN', 'GLU', 'GLY', 'HIS', 'ILE', 'LEU', 'LYS', 'MET', 'PHE', 'PRO', 'SER', 'THR', 'TRP', 'TYR', 'VAL', 'GAP'] # The following dictionaries are mapping from one-letter to 0-20 index, # three-letter to 0-20 index, # 0-20 index to one-letter, # one-letter to three-letter, and vice-versa aa_1_N = {a: n for n, a in enumerate(alpha_1)} aa_3_N = {a: n for n, a in enumerate(alpha_3)} aa_N_1 = {n: a for n, a in enumerate(alpha_1)} aa_1_3 = {a: b for a, b in zip(alpha_1, alpha_3)} aa_3_1 = {b: a for a, b in zip(alpha_1, alpha_3)} def AA_to_N(x): # [""ARND""] -> [[0,1,2,3]] x = np.array(x); if x.ndim == 0: x = x[None] return [[aa_1_N.get(a, states - 1) for a in y] for y in x] def N_to_AA(x): # [[0,1,2,3]] -> [""ARND""] x = np.array(x); if x.ndim == 1: x = x[None] return ["""".join([aa_N_1.get(a, ""-"") for a in y]) for y in x] xyz, seq, min_resn, max_resn = {}, {}, 1e6, -1e6 for line in open(x, ""rb""): line = line.decode(""utf-8"", ""ignore"").rstrip() if line[:6] == ""HETATM"" and line[17:17 + 3] == ""MSE"": line = line.replace(""HETATM"", ""ATOM "") line = line.replace(""MSE"", ""MET"") if line[:4] == ""ATOM"": ch = line[21:22] # If the input chain is not in the PDB file, which can be the case if the target chain"
ProteinMPNNTesting_V6_V2.ipynb	15	code		False	"# read in the PDB files from the directory where the S_2648 PDB Files are stored, and set-them up one by one for featuirization, and passing through the model pdbDirectory = ""/content/drive/MyDrive/ACCRE_PyRun_Setup/S_2648_PDB_Files"" parser = PDBParser(QUIET=True) pdbId_info = [] pos_info = [] neighbor_pos = [] neighbor_attention = [] neighbor_attention_softmaxed = [] neighbor_distances_tracking = [] import time np.set_printoptions(suppress=True,precision=2) loc_proteins = [] for i,filename in tqdm(enumerate(os.listdir(pdbDirectory))): #ICODE related problematic proteins will be skipped from analysis for now if (filename.split(""."")[0] not in proteins_to_skip): prot_start = time.time() print(f""Prot Processing:{i+1}"") loc_proteins.append(filename.split(""."")[0]) filepath = os.path.join(pdbDirectory,filename) structure = parser.get_structure(id=filename.split(""."")[0],file=filepath) model = structure[0] # Since there is only one chain, and that same chain is both fixed designable for different residues, extracting that name, and putting them in pertinent lists # taking chainname from filename since one of the files ""1rtpA.pdb"" has chain name with ""1"" instead of ""A"" # fuck you motherfucking fucked up PDB file submitter. Have you shoved your head into your ass? chain_name = (filename.split(""."")[0])[-1] fixed_chain_list = [] # the trick is to put the single chain as designable chain, and then create the ""fixed_positions_dict"" dictionary designed_chain_list = [chain_name] chain_list = list(set(designed_chain_list + fixed_chain_list)) # Using the programs custome PDB parser for proce"
ProteinMPNNTesting_V6_V2.ipynb	16	code	23	False	"# # Save the incomplete ""two_level_dict"" as pickle file for a quick dirty comparison # import pickle # with open(""S_2648_pmppn_info_dict_V3.pickle"",""wb"") as f: # pickle.dump(two_level_dict,f)"
ProteinMPNNTesting_V6_V2.ipynb	17	code	16	False	"# import pickle # with open(""S_2648_pmppn_info_dict_V2.pickle"",""rb"") as f: # two_level_dict = pickle.load(f)"
ProteinMPNNTesting_V6_V2.ipynb	18	code	17	False	"from scipy.stats import entropy from scipy.special import expit alpha_list = list(""ACDEFGHIKLMNPQRSTVWYX"") # The following dictionary will be used for fetching out the log-probabilities corresponding to the wild-type and mutated residues at the mutation positions aa_to_N = {a:n for n,a in enumerate(alpha_list)} # This list will contain the experimental ddg values for the mutations for which two-level dict contains information regarding log_probabilities true_vals = [] # This list will contain (wild_proba,mut_proba) tuples for the mutations for which two-level dict contains information regarding log_probabilities wild_mut_log_probabilities = [] # saving max probabilites for debugging max_log_probabilities = [] # Want to add entropy of the position with some kind of weight (maybe, just a for loop for checking weight combinations that sum to 1?) position_entropies = [] weighted_neighbor_entropies = [] # This ""weighted_neighbor_energy_changes"" will be ((-log(m))-(-log(w))) for each of the topk neighbors, weighted summed by corresponding attention weights weighted_neighbor_energy_changes = [] # backward_weighted_neighbor_energy_changes = [] V2_backward_weighted_neighbor_energy_changes = [] # the neighbor-forward-KL will at this point treat the center-wildtype conditioned neighbor distributions as true, # and center-mutated conditioned neighbor distributions as approximation weighted_neighbor_forward_KL = [] # the neighbor-backward-KL will treat the center-mutated conditioned neighbor distributions as true, # and center-wildtype conditioned neighbor distributions as approximation"
ProteinMPNNTesting_V6_V2.ipynb	20	code	19	True	"experimental_energies = [] mut_wild_predictions = [] mut_min_predictions = [] entropy_predictions = [] neighbor_entropy_change_predictions = [] neighbor_energy_change_predictions = [] center_neighbor_weight_check_w_m = [] V2_backward_weighted_neighbor_backward_KL = [] sum_neighbor_embedding_change_m_w = [] neighbor_message_change_m_w = [] for prot,muts in two_level_dict.items(): if prot not in proteins_to_skip: for mut in muts: if ""center_mut_wild_energy"" in mut: experimental_energies.append(mut[""ddg""]) mut_wild_predictions.append(mut[""center_mut_wild_energy""]) mut_min_predictions.append(mut[""center_mut_max_energy""]) entropy_predictions.append(mut[""center_entropy""]) neighbor_entropy_change_predictions.append(mut[""weighted_neighbor_entropy_changes""]) neighbor_energy_change_predictions.append(mut[""weighted_neighbor_energy_changes""]) center_neighbor_weight_check_w_m.append(mut[""center_neighbor_weight_check_w_m""]) V2_backward_weighted_neighbor_backward_KL.append(mut[""V2_backward_weighted_neighbor_backward_KL""]) sum_neighbor_embedding_change_m_w.append(mut[""neighbor_embedding_change_m_w""]) neighbor_message_change_m_w.append(mut[""neighbor_message_change_m_w""]) print(len(experimental_energies),len(mut_wild_predictions)) print(pearsonr(experimental_energies,mut_wild_predictions)) print(pearsonr(experimental_energies,mut_min_predictions)) print(pearsonr(experimental_energies,entropy_predictions)) print(pearsonr(experimental_energies,neighbor_entropy_change_predictions)) print(pearsonr(experimental_energies,neighbor_energy_change_predictions)) print(pearsonr(experimental_energies,cen"
ProteinMPNNTesting_V6_V2.ipynb	21	code	20	False	"# let me get PSSM values and do some comparison quickly # getting the PSSM extraction functions from my custom model data processing scripts from string import ascii_uppercase # In rare cases, some PDB files number chains with 1,2,3 instead of A,B,C def convertChainFromAlphabetToNumber(alphabet): mappingDict = {ch:(idx+1) for idx,ch in enumerate(ascii_uppercase)} return str(mappingDict[alphabet]) # Before executing this function, the PSSM files with naming format ""pdbIdchain.pssm"" needs to be stored # in the pssm_dir def returnPSSMArray(pdbIdPlusChain,pssm_dir=""train_pssm_dir"",convert_upper = False): # Currently, assuming that the pssm file names contain pdbId in upper case if convert_upper: fileName = pdbIdPlusChain.upper() + "".pssm"" else: fileName = pdbIdPlusChain + "".pssm"" try: fullPath = os.path.join(pssm_dir,fileName) f = open(fullPath) except: fileName = pdbIdPlusChain[0:4].upper() + str(convertChainFromAlphabetToNumber(pdbIdPlusChain[4])) + "".pssm"" fullPath = os.path.join(pssm_dir,fileName) f = open(fullPath) # # all the target lines in the PSSM files have (2+20+20+2=44) strings after line.split() target_lines = [line.split() for line in f.readlines() if (len(line.split()))==44] number_of_residues = len(target_lines) pssm_features = np.zeros((number_of_residues,20)) for idx,line in enumerate(target_lines): pssm_features[idx,:] = line[2:22] f.close() return pssm_features # This function also seems necessary for extracting the two pssm values # Must review the three pssm feature functions (this one and the two above) later # These functions seem to be taking up a lot o"
ProteinMPNNTesting_V6_V2.ipynb	22	code	21	False	"pssm_predictions = [] for prot,muts in two_level_dict.items(): if prot not in proteins_to_skip: try: cur_map_dict = mapping_dict[prot] except: continue for mut in muts: # only fetching those mutations that have corresponding log-probabilities calculated and saved as values of ""log_prob"" key if ""log_prob"" in mut: pssm_predictions.append((mut[""wild_pssm""]-mut[""alternate_pssm""]))"
ProteinMPNNTesting_V6_V2.ipynb	23	code	22	True	"experimental_energies = [] mut_wild_predictions = [] mut_min_predictions = [] entropy_predictions = [] neighbor_entropy_change_predictions = [] neighbor_energy_change_predictions = [] center_neighbor_weight_check_w_m = [] V2_backward_weighted_neighbor_backward_KL = [] sum_neighbor_embedding_change_m_w = [] neighbor_message_change_m_w = [] for prot,muts in two_level_dict.items(): if prot not in proteins_to_skip: for mut in muts: if ""center_mut_wild_energy"" in mut: experimental_energies.append(mut[""ddg""]) mut_wild_predictions.append(mut[""center_mut_wild_energy""]) mut_min_predictions.append(mut[""center_mut_max_energy""]) entropy_predictions.append(mut[""center_entropy""]) neighbor_entropy_change_predictions.append(mut[""weighted_neighbor_entropy_changes""]) neighbor_energy_change_predictions.append(mut[""weighted_neighbor_energy_changes""]) center_neighbor_weight_check_w_m.append(mut[""center_neighbor_weight_check_w_m""]) V2_backward_weighted_neighbor_backward_KL.append(mut[""V2_backward_weighted_neighbor_backward_KL""]) sum_neighbor_embedding_change_m_w.append(mut[""neighbor_embedding_change_m_w""]) neighbor_message_change_m_w.append(mut[""neighbor_message_change_m_w""]) print(len(experimental_energies),len(mut_wild_predictions)) print(pearsonr(experimental_energies,mut_wild_predictions)) print(pearsonr(experimental_energies,mut_min_predictions)) print(pearsonr(experimental_energies,entropy_predictions)) print(pearsonr(experimental_energies,neighbor_entropy_change_predictions)) print(pearsonr(experimental_energies,neighbor_energy_change_predictions)) print(pearsonr(experimental_energies,cen"
ProteinMPNNTesting_V6_V2.ipynb	24	code		True	import pandas as pd import seaborn as sns df_Ssym = pd.DataFrame( {'DDG' : experimental_energies, 'P_DP': mut_wild_predictions, 'P_ET': entropy_predictions, 'P_DEC': pssm_predictions, 'Neighbor_Energy_Change' : neighbor_energy_change_predictions, 'Neighbor_backward_KL' : V2_backward_weighted_neighbor_backward_KL, 'Neighbor_Entropy_Change' : neighbor_entropy_change_predictions, 'neighbor_attention_change_w/m' : center_neighbor_weight_check_w_m, 'neighbor_embedding_change' : sum_neighbor_embedding_change_m_w, 'neighbor_message_change' : neighbor_message_change_m_w }) corr = df_Ssym.corr() sns.set(font_scale=1.4) sns.heatmap(corr, xticklabels=corr.columns, yticklabels=corr.columns)
Quick_Dirty_MPNN_ML.ipynb	2	code		False	import numpy as np import pickle import os from tqdm.notebook import tqdm from Bio.PDB.Polypeptide import * from Bio.PDB import * import random
Quick_Dirty_MPNN_ML.ipynb	3	code		False	from sklearn.linear_model import LinearRegression from sklearn.linear_model import Ridge from sklearn.linear_model import Lasso from sklearn.ensemble import RandomForestRegressor # from sklearn.linear_model import Ridge from scipy.stats import entropy from scipy.special import softmax from scipy.special import kl_div from scipy.stats import pearsonr from sklearn.svm import SVR from sklearn.preprocessing import Normalizer from sklearn.ensemble import GradientBoostingRegressor
Quick_Dirty_MPNN_ML.ipynb	4	code		False	"with open(""S_2648_full_feature_dict.pickle"",""rb"") as f: S_2648_two_level_dict = pickle.load(f) with open(""S_921_full_feature_dict.pickle"",""rb"") as f: S_921_two_level_dict = pickle.load(f) with open(""S_669_full_feature_dict.pickle"",""rb"") as f: S_669_two_level_dict = pickle.load(f) with open(""Ssym_full_feature_dict.pickle"",""rb"") as f: Ssym_two_level_dict = pickle.load(f)"
Quick_Dirty_MPNN_ML.ipynb	7	code		False	"# Create the six numpy arrays here, and then perform training on the next cell X_2648 = [] y_2648 = [] X_921 = [] y_921 = [] X_669 = [] y_669 = [] X_Ssym = [] y_Ssym = [] # This list will correspond to the ""list_mapping_dict,list_dataset_names,list_two_level_dict,list_proteins_to_skip"" lists in the above cells, # and hold (X,y) tuples corresponding to the three datasets in the same order as those lists # currently, I intend to train, and test the model on ""mut_wild_predictions"",""entropy_predictions"", ""neighbor_energy_change_predictions"", ""neighbor_forward_KL_predictions"", # and ""neighbor_backward_KL_predictions"" # fourth and fifth features can probably be reduced to one feature by (0.5*fourth_feature+0.5*fifth_feature) since both of them are extremely correlated list_X = [X_2648,X_921,X_669,X_Ssym] list_y = [y_2648,y_921,y_669,y_Ssym] ####### alpha_tok = ""ACDEFGHIKLMNPQRSTVWYX"" aa_1_N = {a:n for n,a in enumerate(alpha_tok)} for X,y,two_level_dict,mapping_dict,proteins_to_skip in zip(list_X,list_y,list_two_level_dict,list_mapping_dict,list_proteins_to_skip): for prot,muts in two_level_dict.items(): if prot not in proteins_to_skip: try: cur_map_dict = mapping_dict[prot] except: continue for mut in muts: # adding the label to ""y"" at first y.append(mut[""ddg""]) # This ""cur_X"" will hold the features for the current mutation under-processing in the current inner loop iteration cur_X = [] ### first feature addition (mutation position energy-change) center_mut_wild_energy = mut[""center_mut_wild_energy""] cur_X.append(center_mut_wild_energy) ### first feature addition ### second featu"
Quick_Dirty_MPNN_ML.ipynb	8	code		False	S_2648_X = np.array(list_X[0]) S_2648_y = np.array(list_y[0]) S_921_X = np.array(list_X[1]) S_921_y = np.array(list_y[1]) S_669_X = np.array(list_X[2]) S_669_y = np.array(list_y[2]) # Flipping the signs of the experimental DDG values in S_669_y to get coherent correlations (positive and higher is better) S_669_y = S_669_y * (-1) Ssym_X = np.array(list_X[3]) Ssym_y = np.array(list_y[3])
Quick_Dirty_MPNN_ML.ipynb	9	code		True	"print(""S_921 single-feature correlations at a glance"") print(pearsonr(S_921_y,S_921_X[:,0])) print(pearsonr(S_921_y,S_921_X[:,1])) print(pearsonr(S_921_y,S_921_X[:,2])) print(pearsonr(S_921_y,S_921_X[:,3])) print(pearsonr(S_921_y,S_921_X[:,4])) print(pearsonr(S_921_y,S_921_X[:,5])) print(pearsonr(S_921_y,S_921_X[:,6])) print(""............................................."") print(""S_669 single-feature correlations at a glance"") print(pearsonr(S_669_y,S_669_X[:,0])) print(pearsonr(S_669_y,S_669_X[:,1])) print(pearsonr(S_669_y,S_669_X[:,2])) print(pearsonr(S_669_y,S_669_X[:,3])) print(pearsonr(S_669_y,S_669_X[:,4])) print(pearsonr(S_669_y,S_669_X[:,5])) print(pearsonr(S_669_y,S_669_X[:,6])) print(""............................................."") print(""S_2648 single-feature correlations at a glance"") print(pearsonr(S_2648_y,S_2648_X[:,0])) print(pearsonr(S_2648_y,S_2648_X[:,1])) print(pearsonr(S_2648_y,S_2648_X[:,2])) print(pearsonr(S_2648_y,S_2648_X[:,3])) print(pearsonr(S_2648_y,S_2648_X[:,4])) print(pearsonr(S_2648_y,S_2648_X[:,5])) print(pearsonr(S_2648_y,S_2648_X[:,6])) print(""............................................."") print(""Ssym single-feature correlations at a glance"") print(pearsonr(Ssym_y,Ssym_X[:,0])) print(pearsonr(Ssym_y,Ssym_X[:,1])) print(pearsonr(Ssym_y,Ssym_X[:,2])) print(pearsonr(Ssym_y,Ssym_X[:,3])) print(pearsonr(Ssym_y,Ssym_X[:,4])) print(pearsonr(Ssym_y,Ssym_X[:,5])) print(pearsonr(Ssym_y,Ssym_X[:,6])) print(""............................................."")"
Quick_Dirty_MPNN_ML.ipynb	16	code		True	gbr = GradientBoostingRegressor(min_samples_split=5,validation_fraction=0.4,n_iter_no_change=2,subsample=0.8,learning_rate=0.2) gbr.fit(S_2648_X_aug[:,[0,2,7]],S_2648_y_aug) print(pearsonr(S_2648_y,gbr.predict(S_2648_X[:,[0,2,7]]))) print(pearsonr(S_921_y_aug,gbr.predict(S_921_X_aug[:,[0,2,7]]))) print(pearsonr(S_669_y,gbr.predict(S_669_X[:,[0,2,7]]))) print(pearsonr(Ssym_y,gbr.predict(Ssym_X[:,[0,2,7]])))
Quick_Dirty_MPNN_ML.ipynb	17	code		True	gbr.feature_importances_
Quick_Dirty_MPNN_ML.ipynb	18	code	203	True	"# Now, traing linear regression on S_2648, and test on S_921 and S_669 # rf = RandomForestRegressor(min_samples_split=62).fit(S_2648_X_aug[:,[0,2,4,5,7]],S_2648_y_aug) # rf = RandomForestRegressor(min_samples_split=84).fit(S_2648_X_aug[:,[0,2,4,5,7]],S_2648_y_aug) [not bad] # rf = RandomForestRegressor(min_samples_split=84).fit(S_2648_X_aug[:,[0,2,4,7]],S_2648_y_aug) [not bad] # seems like (0,2,4,5, and 7 are worth keeping with RF) # rf = RandomForestRegressor(min_samples_split=22,n_estimators=300,max_samples=0.2).fit(S_2648_X_aug[:,[0,4,5,7]],S_2648_y_aug) [great for balanced performance on everything] # rf = RandomForestRegressor(min_samples_split=22,n_estimators=300,max_samples=0.5).fit(S_2648_X_aug[:,[0,4,5,7]],S_2648_y_aug) [a bit better for Ssym, a bit worse for S_669] # rf = RandomForestRegressor(min_samples_split=22,n_estimators=300,max_samples=0.5).fit(S_2648_X_aug[:,[0,4,7]],S_2648_y_aug) [worth reporting without PSSM, only S_921 goes down significantly] # rf = RandomForestRegressor(min_samples_split=18,n_estimators=300,max_samples=0.5).fit(S_2648_X_aug[:,[0,4,7]],S_2648_y_aug) [seems good without PSSM] # ""max_samples=0.2"" seems like a great parameter for many cases, most probably, that type of diversity is needed # rf = RandomForestRegressor(min_samples_split=25,n_estimators=300,max_samples=0.2).fit(S_2648_X_aug[:,[0,4,5,7]],S_2648_y_aug) [another cool parameter setting] # rf = RandomForestRegressor(min_samples_split=84,n_estimators=300,max_samples=0.2).fit(S_2648_X_aug[:,[0,2,4,6,7]],S_2648_y_aug) # print(pearsonr(S_2648_y,rf.predict(S_2648_X[:,[0,2,4,6,7]]))) #"
Quick_Dirty_MPNN_ML.ipynb	19	code	204	True	"rf_3 = RandomForestRegressor(min_samples_split=3,n_estimators=300,max_samples=0.2,max_features=""sqrt"").fit(S_2648_X_aug[:,[0,4,5,7]],S_2648_y_aug) print(pearsonr(S_2648_y,rf_3.predict(S_2648_X[:,[0,4,5,7]]))) print(pearsonr(S_921_y_aug,rf_3.predict(S_921_X_aug[:,[0,4,5,7]]))) print(pearsonr(S_669_y_aug,rf_3.predict(S_669_X_aug[:,[0,4,5,7]]))) print(pearsonr(Ssym_y_aug,rf_3.predict(Ssym_X_aug[:,[0,4,5,7]]))) rf_3.feature_importances_"
Quick_Dirty_MPNN_ML.ipynb	20	code	205	True	"rf_25 = RandomForestRegressor(min_samples_split=25,n_estimators=300,max_samples=0.2,max_features=""sqrt"").fit(S_2648_X_aug[:,[0,4,5,7]],S_2648_y_aug) print(pearsonr(S_2648_y,rf_25.predict(S_2648_X[:,[0,4,5,7]]))) print(pearsonr(S_921_y_aug,rf_25.predict(S_921_X_aug[:,[0,4,5,7]]))) print(pearsonr(S_669_y_aug,rf_25.predict(S_669_X_aug[:,[0,4,5,7]]))) print(pearsonr(Ssym_y_aug,rf_25.predict(Ssym_X_aug[:,[0,4,5,7]]))) rf_25.feature_importances_"
Quick_Dirty_MPNN_ML.ipynb	21	code	206	True	"rf_45 = RandomForestRegressor(min_samples_split=45,n_estimators=300,max_samples=0.2,max_features=""sqrt"").fit(S_2648_X_aug[:,[0,4,5,7]],S_2648_y_aug) print(pearsonr(S_2648_y,rf_45.predict(S_2648_X[:,[0,4,5,7]]))) print(pearsonr(S_921_y_aug,rf_45.predict(S_921_X_aug[:,[0,4,5,7]]))) print(pearsonr(S_669_y_aug,rf_45.predict(S_669_X_aug[:,[0,4,5,7]]))) print(pearsonr(Ssym_y_aug,rf_45.predict(Ssym_X_aug[:,[0,4,5,7]]))) rf_45.feature_importances_"
Quick_Dirty_MPNN_ML.ipynb	22	code	207	True	"rf_75 = RandomForestRegressor(min_samples_split=75,n_estimators=300,max_samples=0.2,max_features=""sqrt"").fit(S_2648_X_aug[:,[0,4,5,7]],S_2648_y_aug) print(pearsonr(S_2648_y,rf_75.predict(S_2648_X[:,[0,4,5,7]]))) print(pearsonr(S_921_y_aug,rf_75.predict(S_921_X_aug[:,[0,4,5,7]]))) print(pearsonr(S_669_y_aug,rf_75.predict(S_669_X_aug[:,[0,4,5,7]]))) print(pearsonr(Ssym_y_aug,rf_75.predict(Ssym_X_aug[:,[0,4,5,7]]))) rf_75.feature_importances_"
Quick_Dirty_MPNN_ML.ipynb	23	code	208	True	"rf_2 = RandomForestRegressor(min_samples_split=2,n_estimators=300,max_samples=0.2,max_features=""sqrt"").fit(S_2648_X_aug[:,[0,4,5,7]],S_2648_y_aug) print(pearsonr(S_2648_y,rf_2.predict(S_2648_X[:,[0,4,5,7]]))) print(pearsonr(S_921_y_aug,rf_2.predict(S_921_X_aug[:,[0,4,5,7]]))) print(pearsonr(S_669_y_aug,rf_2.predict(S_669_X_aug[:,[0,4,5,7]]))) print(pearsonr(Ssym_y_aug,rf_2.predict(Ssym_X_aug[:,[0,4,5,7]]))) rf_2.feature_importances_"
Quick_Dirty_MPNN_ML.ipynb	24	code	209	True	# pairwise-correlation heatmaps for figuring out what is going on with the whole (no-effect-of-bias-variance-tradeoff on testing datasets) situation import pandas as pd import seaborn as sns df_S_2648 = pd.DataFrame( {'RF_75': rf_75.predict(S_2648_X_aug[:,[0,4,5,7]]), 'RF_45': rf_45.predict(S_2648_X_aug[:,[0,4,5,7]]), 'RF_25': rf_25.predict(S_2648_X_aug[:,[0,4,5,7]]), 'RF_5': rf_5.predict(S_2648_X_aug[:,[0,4,5,7]]), 'RF_3': rf_3.predict(S_2648_X_aug[:,[0,4,5,7]]), 'RF_2': rf_2.predict(S_2648_X_aug[:,[0,4,5,7]]) }) corr = df_S_2648.corr() sns.set(font_scale=1.4) sns.heatmap(corr, xticklabels=corr.columns, yticklabels=corr.columns)
Quick_Dirty_MPNN_ML.ipynb	25	code	210	True	# pairwise-correlation heatmaps for figuring out what is going on with the whole (no-effect-of-bias-variance-tradeoff on testing datasets) situation import pandas as pd import seaborn as sns df_921 = pd.DataFrame( {'RF_75': rf_75.predict(S_921_X_aug[:,[0,4,5,7]]), 'RF_45': rf_45.predict(S_921_X_aug[:,[0,4,5,7]]), 'RF_25': rf_25.predict(S_921_X_aug[:,[0,4,5,7]]), 'RF_5': rf_5.predict(S_921_X_aug[:,[0,4,5,7]]), 'RF_3': rf_3.predict(S_921_X_aug[:,[0,4,5,7]]), 'RF_2': rf_2.predict(S_921_X_aug[:,[0,4,5,7]]) }) corr = df_921.corr() sns.set(font_scale=1.4) sns.heatmap(corr, xticklabels=corr.columns, yticklabels=corr.columns)
Quick_Dirty_MPNN_ML.ipynb	26	code	211	True	# pairwise-correlation heatmaps for figuring out what is going on with the whole (no-effect-of-bias-variance-tradeoff on testing datasets) situation import pandas as pd import seaborn as sns df_Ssym = pd.DataFrame( {'RF_75': rf_75.predict(Ssym_X_aug[:,[0,4,5,7]]), 'RF_45': rf_45.predict(Ssym_X_aug[:,[0,4,5,7]]), 'RF_25': rf_25.predict(Ssym_X_aug[:,[0,4,5,7]]), 'RF_5': rf_5.predict(Ssym_X_aug[:,[0,4,5,7]]), 'RF_3': rf_3.predict(Ssym_X_aug[:,[0,4,5,7]]), 'RF_2': rf_2.predict(Ssym_X_aug[:,[0,4,5,7]]) }) corr = df_Ssym.corr() sns.set(font_scale=1.4) sns.heatmap(corr, xticklabels=corr.columns, yticklabels=corr.columns)
Quick_Dirty_MPNN_ML.ipynb	27	code	212	True	# pairwise-correlation heatmaps for figuring out what is going on with the whole (no-effect-of-bias-variance-tradeoff on testing datasets) situation import pandas as pd import seaborn as sns df_S_669 = pd.DataFrame( {'RF_75': rf_75.predict(S_669_X_aug[:,[0,4,5,7]]), 'RF_45': rf_45.predict(S_669_X_aug[:,[0,4,5,7]]), 'RF_25': rf_25.predict(S_669_X_aug[:,[0,4,5,7]]), 'RF_5': rf_5.predict(S_669_X_aug[:,[0,4,5,7]]), 'RF_3': rf_3.predict(S_669_X_aug[:,[0,4,5,7]]), 'RF_2': rf_2.predict(S_669_X_aug[:,[0,4,5,7]]) }) corr = df_S_669.corr() sns.set(font_scale=1.4) sns.heatmap(corr, xticklabels=corr.columns, yticklabels=corr.columns)
Quick_Dirty_MPNN_ML.ipynb	29	code	156	False	"# another level of de-correlation by holding out mutations from a specific number of proteins for each of the random forests, and take their ensemble prediction # as the final prediction? # for this, let us at first get the ids of all the S_2648 proteins from the corresponding two-level dict that are not in the corresponding proteins_to_skip_list pdbIds_avail = [] n_muts = [] list_feature_importances = [] for prot,muts in list_two_level_dict[0].items(): if prot not in list_proteins_to_skip[0]: for mut in muts: pdbIds_avail.append(prot) # adding second time for the reverse mutation, since we are trianing on a reverse-augmented version of S_2648 pdbIds_avail.append(prot) id_set = set(pdbIds_avail) pdbIds_avail = np.array(pdbIds_avail) number_of_proteins_in_the_validation_set = 100 # ""n_ensemble"" is the number of random forests to be trained on different protein-level mutant subsets # the subsets will contain all the forward and reverse mutations from the same protein n_ensemble = 20 # ""rf_models"" list will hold the models trained on different protein-level mutation subsets rf_models = [] for i in range(n_ensemble): cur_iteration_X = [] cur_iteration_y = [] val_proteins = random.sample(id_set, k=number_of_proteins_in_the_validation_set) val_indices = (np.where(np.isin(pdbIds_avail, val_proteins) == True))[0] for j,(X,y) in enumerate(zip(S_2648_X_aug,S_2648_y_aug)): if j not in val_indices: cur_iteration_X.append(X) cur_iteration_y.append(y) cur_iteration_X = np.array(cur_iteration_X) cur_iteration_y = np.array(cur_iteration_y) l_model = RandomForestRegressor(min_samples_split="
Quick_Dirty_MPNN_ML.ipynb	30	code	157	False	# Now, we just have to take ensemble predictions, and see how it goes.....TADAAAA # the elements of these lists are going to be numpy arrays full of predictions # for the corresponding datasets made by each of the trained and saved RF models in the above cell # S_2648_predictions = [] S_921_predictions = [] S_669_predictions = [] Ssym_predictions = [] for rf in rf_models: # S_2648_predictions.append() S_921_predictions.append(rf.predict(S_921_X_aug[:,[0,4,5,7]])) S_669_predictions.append(rf.predict(S_669_X_aug[:,[0,4,5,7]])) Ssym_predictions.append(rf.predict(Ssym_X_aug[:,[0,4,5,7]]))
Quick_Dirty_MPNN_ML.ipynb	32	code	159	True	"for i in range(n_ensemble-1): print(n_muts[i]) # print(pearsonr(S_921_predictions[i],S_921_predictions[i+1])) print(pearsonr(S_921_predictions[i],S_921_y_aug)) # print(pearsonr(S_669_predictions[i],S_669_predictions[i+1])) print(pearsonr(S_669_predictions[i],S_669_y_aug)) print(pearsonr(Ssym_predictions[i],Ssym_y_aug)) print(list_feature_importances[i]) print(""........................................."")"
Quick_Dirty_MPNN_ML.ipynb	33	code		True	# pairwise-correlation heatmaps for manuscript import pandas as pd import seaborn as sns df_Ssym = pd.DataFrame( {'P_DP': S_2648_X[:,0], 'P_DEC': S_2648_X[:,5], 'Neighbor_Reverse_KL' : S_2648_X[:,4], 'Neighbor_Attention_Change_(W/M)' : S_2648_X[:,7], 'Neighbor_Energy_Change' : S_2648_X[:,2], 'Neighbor_Entropy_Change' : S_2648_X[:,6] }) corr = df_Ssym.corr() sns.set(font_scale=1.4) sns.heatmap(corr, xticklabels=corr.columns, yticklabels=corr.columns)
Quick_Dirty_MPNN_ML.ipynb	34	code		True	# pairwise-correlation heatmaps for manuscript import pandas as pd import seaborn as sns df_Ssym = pd.DataFrame( {'P_DP': S_669_X[:,0], 'P_DEC': S_669_X[:,5], 'Neighbor_Reverse_KL' : S_669_X[:,4], 'Neighbor_Attention_Change_(W/M)' : S_669_X[:,7], 'Neighbor_Energy_Change' : S_669_X[:,2], 'Neighbor_Entropy_Change' : S_669_X[:,6] }) corr = df_Ssym.corr() sns.set(font_scale=1.4) sns.heatmap(corr, xticklabels=corr.columns, yticklabels=corr.columns)
Quick_Dirty_MPNN_ML.ipynb	35	code		True	# pairwise-correlation heatmaps for manuscript import pandas as pd import seaborn as sns df_Ssym = pd.DataFrame( {'P_DP': Ssym_X[:,0], 'P_DEC': Ssym_X[:,5], 'Neighbor_Reverse_KL' : Ssym_X[:,4], 'Neighbor_Attention_Change_(W/M)' : Ssym_X[:,7], 'Neighbor_Energy_Change' : Ssym_X[:,2], 'Neighbor_Entropy_Change' : Ssym_X[:,6] }) corr = df_Ssym.corr() sns.set(font_scale=1.4) sns.heatmap(corr, xticklabels=corr.columns, yticklabels=corr.columns)
Quick_Dirty_MPNN_ML.ipynb	36	code		True	# pairwise-correlation heatmaps for manuscript import pandas as pd import seaborn as sns df_Ssym = pd.DataFrame( {'P_DP': S_921_X[:,0], 'P_DEC': S_921_X[:,5], 'Neighbor_Reverse_KL' : S_921_X[:,4], 'Neighbor_Attention_Change_(W/M)' : S_921_X[:,7], 'Neighbor_Energy_Change' : S_921_X[:,2], 'Neighbor_Entropy_Change' : S_921_X[:,6] }) corr = df_Ssym.corr() sns.set(font_scale=1.4) sns.heatmap(corr, xticklabels=corr.columns, yticklabels=corr.columns)
Quick_Dirty_MPNN_ML.ipynb	37	code		False	"# let us now do a final analysis to see if correlations of the four features on S_2648 are good coefficients # but the problem is that, correlation changes based on subset of data chosen # let us do a quick stochastic-hill-climbing with individual correlations constituting the initial solution # out target is to see how far the co-efficients move away from correlations # this can in someway also be used for checking the underlying co-variate shift # objective-function # we are expecting ""X"" to be a numpy array of shape (number_of_samples,n_features) # and ""coefficients"" to be another numpy array of shape (1,n_features) def objective(X, y, coefficients): # generate predictions for dataset yhat = (X*coefficients).sum(axis=-1) # calculate accuracy # taking negative of correlation because the ""hillclimbing"" function written below was intended to # minimize the objective function, and I do not want to tinker around with it at that level right now score = -1*(pearsonr(y,yhat)[0]) return score # hill climbing local search algorithm def hillclimbing(X, y, solution, n_iter, step_size): # evaluate the initial point solution_eval = objective(X, y, solution) # run the hill climb for i in range(n_iter): # take a step candidate = solution + np.random.randn(len(solution)) * step_size # evaluate candidate point candidte_eval = objective(X, y, candidate) # check if we should keep the new point if candidte_eval <= solution_eval: # store the new point solution, solution_eval = candidate, candidte_eval # report progress print('>%d %.5f' % (i, solution_eval)) return [solution, solution_eval] hi"
Quick_Dirty_MPNN_ML_V2.ipynb	3	code		False	import numpy as np import pickle import os from tqdm.notebook import tqdm from Bio.PDB.Polypeptide import * from Bio.PDB import * import random
Quick_Dirty_MPNN_ML_V2.ipynb	4	code		False	from sklearn.linear_model import LinearRegression from sklearn.linear_model import Ridge from sklearn.linear_model import Lasso from sklearn.ensemble import RandomForestRegressor # from sklearn.linear_model import Ridge from scipy.stats import entropy from scipy.special import softmax from scipy.special import kl_div from scipy.stats import pearsonr from sklearn.svm import SVR from sklearn.preprocessing import Normalizer from sklearn.ensemble import GradientBoostingRegressor import pandas as pd
Quick_Dirty_MPNN_ML_V2.ipynb	5	code		False	"with open(""S_2648_full_feature_dict.pickle"",""rb"") as f: S_2648_two_level_dict = pickle.load(f) with open(""S_921_full_feature_dict.pickle"",""rb"") as f: S_921_two_level_dict = pickle.load(f) with open(""S_669_full_feature_dict.pickle"",""rb"") as f: S_669_two_level_dict = pickle.load(f) with open(""Ssym_full_feature_dict.pickle"",""rb"") as f: Ssym_two_level_dict = pickle.load(f)"
Quick_Dirty_MPNN_ML_V2.ipynb	8	code		False	"# Create the six numpy arrays here, and then perform training on the next cell X_2648 = [] y_2648 = [] X_921 = [] y_921 = [] X_669 = [] y_669 = [] X_Ssym = [] y_Ssym = [] # This list will correspond to the ""list_mapping_dict,list_dataset_names,list_two_level_dict,list_proteins_to_skip"" lists in the above cells, # and hold (X,y) tuples corresponding to the three datasets in the same order as those lists # currently, I intend to train, and test the model on ""mut_wild_predictions"",""entropy_predictions"", ""neighbor_energy_change_predictions"", ""neighbor_forward_KL_predictions"", # and ""neighbor_backward_KL_predictions"" # fourth and fifth features can probably be reduced to one feature by (0.5*fourth_feature+0.5*fifth_feature) since both of them are extremely correlated list_X = [X_2648,X_921,X_669,X_Ssym] list_y = [y_2648,y_921,y_669,y_Ssym] ####### alpha_tok = ""ACDEFGHIKLMNPQRSTVWYX"" aa_1_N = {a:n for n,a in enumerate(alpha_tok)} for X,y,two_level_dict,mapping_dict,proteins_to_skip in zip(list_X,list_y,list_two_level_dict,list_mapping_dict,list_proteins_to_skip): for prot,muts in two_level_dict.items(): if prot not in proteins_to_skip: try: cur_map_dict = mapping_dict[prot] except: continue for mut in muts: # adding the label to ""y"" at first y.append(mut[""ddg""]) # This ""cur_X"" will hold the features for the current mutation under-processing in the current inner loop iteration cur_X = [] ### first feature addition (mutation position energy-change) center_mut_wild_energy = mut[""center_mut_wild_energy""] cur_X.append(center_mut_wild_energy) ### first feature addition ### second featu"
Quick_Dirty_MPNN_ML_V2.ipynb	9	code		False	S_2648_X = np.array(list_X[0]) S_2648_y = np.array(list_y[0]) S_921_X = np.array(list_X[1]) S_921_y = np.array(list_y[1]) S_669_X = np.array(list_X[2]) S_669_y = np.array(list_y[2]) # Flipping the signs of the experimental DDG values in S_669_y to get coherent correlations (positive and higher is better) S_669_y = S_669_y * (-1) Ssym_X = np.array(list_X[3]) Ssym_y = np.array(list_y[3])
Quick_Dirty_MPNN_ML_V2.ipynb	10	code	184	True	"print(""S_921 single-feature correlations at a glance"") print(pearsonr(S_921_y,S_921_X[:,0])) print(pearsonr(S_921_y,S_921_X[:,1])) print(pearsonr(S_921_y,S_921_X[:,2])) print(pearsonr(S_921_y,S_921_X[:,3])) print(pearsonr(S_921_y,S_921_X[:,4])) print(pearsonr(S_921_y,S_921_X[:,5])) print(pearsonr(S_921_y,S_921_X[:,6])) print(pearsonr(S_921_y,S_921_X[:,7])) print(""............................................."") print(""S_669 single-feature correlations at a glance"") print(pearsonr(S_669_y,S_669_X[:,0])) print(pearsonr(S_669_y,S_669_X[:,1])) print(pearsonr(S_669_y,S_669_X[:,2])) print(pearsonr(S_669_y,S_669_X[:,3])) print(pearsonr(S_669_y,S_669_X[:,4])) print(pearsonr(S_669_y,S_669_X[:,5])) print(pearsonr(S_669_y,S_669_X[:,6])) print(pearsonr(S_669_y,S_669_X[:,7])) print(""............................................."") print(""S_2648 single-feature correlations at a glance"") print(pearsonr(S_2648_y,S_2648_X[:,0])) print(pearsonr(S_2648_y,S_2648_X[:,1])) print(pearsonr(S_2648_y,S_2648_X[:,2])) print(pearsonr(S_2648_y,S_2648_X[:,3])) print(pearsonr(S_2648_y,S_2648_X[:,4])) print(pearsonr(S_2648_y,S_2648_X[:,5])) print(pearsonr(S_2648_y,S_2648_X[:,6])) print(pearsonr(S_2648_y,S_2648_X[:,7])) print(""............................................."") print(""Ssym single-feature correlations at a glance"") print(pearsonr(Ssym_y,Ssym_X[:,0])) print(pearsonr(Ssym_y,Ssym_X[:,1])) print(pearsonr(Ssym_y,Ssym_X[:,2])) print(pearsonr(Ssym_y,Ssym_X[:,3])) print(pearsonr(Ssym_y,Ssym_X[:,4])) print(pearsonr(Ssym_y,Ssym_X[:,5])) print(pearsonr(Ssym_y,Ssym_X[:,6])) print(pearsonr(Ssym_y,Ssym_X[:,7]))"
Quick_Dirty_MPNN_ML_V2.ipynb	12	code	166	True	"print(""S_921 single-feature correlations at a glance"") print(pearsonr(S_921_y_aug,S_921_X_aug[:,0])) print(pearsonr(S_921_y_aug,S_921_X_aug[:,1])) print(pearsonr(S_921_y_aug,S_921_X_aug[:,2])) print(pearsonr(S_921_y_aug,S_921_X_aug[:,3])) print(pearsonr(S_921_y_aug,S_921_X_aug[:,4])) print(pearsonr(S_921_y_aug,S_921_X_aug[:,5])) print(pearsonr(S_921_y_aug,S_921_X_aug[:,6])) print(""............................................."") print(""S_669 single-feature correlations at a glance"") print(pearsonr(S_669_y_aug,S_669_X_aug[:,0])) print(pearsonr(S_669_y_aug,S_669_X_aug[:,1])) print(pearsonr(S_669_y_aug,S_669_X_aug[:,2])) print(pearsonr(S_669_y_aug,S_669_X_aug[:,3])) print(pearsonr(S_669_y_aug,S_669_X_aug[:,4])) print(pearsonr(S_669_y_aug,S_669_X_aug[:,5])) print(pearsonr(S_669_y_aug,S_669_X_aug[:,6])) print(""............................................."") print(""S_2648 single-feature correlations at a glance"") print(pearsonr(S_2648_y_aug,S_2648_X_aug[:,0])) print(pearsonr(S_2648_y_aug,S_2648_X_aug[:,1])) print(pearsonr(S_2648_y_aug,S_2648_X_aug[:,2])) print(pearsonr(S_2648_y_aug,S_2648_X_aug[:,3])) print(pearsonr(S_2648_y_aug,S_2648_X_aug[:,4])) print(pearsonr(S_2648_y_aug,S_2648_X_aug[:,5])) print(pearsonr(S_2648_y_aug,S_2648_X_aug[:,6])) print(""............................................."") print(""Ssym single-feature correlations at a glance"") print(pearsonr(Ssym_y_aug,Ssym_X_aug[:,0])) print(pearsonr(Ssym_y_aug,Ssym_X_aug[:,1])) print(pearsonr(Ssym_y_aug,Ssym_X_aug[:,2])) print(pearsonr(Ssym_y_aug,Ssym_X_aug[:,3])) print(pearsonr(Ssym_y_aug,Ssym_X_aug[:,4])) print(pearsonr("
Quick_Dirty_MPNN_ML_V2.ipynb	13	code	167	True	"pearsonr(Ssym_y,Ssym_X[:,feature_to_index_map[""C""]])[0]"
Quick_Dirty_MPNN_ML_V2.ipynb	14	code	197	True	"# let us draw some correlation bargraphs here for each of the datasets with the 6 features (A,B,C,D,E,F) import matplotlib.pyplot as plt import matplotlib as mpl # let us populate the arrays ""methods"" and ""vals"" automatically here feature_to_index_map = {""A"":0, ""B"":4, ""C"":7, ""D"":2, ""E"":6, ""F"":5} fig = plt.figure(figsize=(6,4)) ax = fig.add_axes([0,0,1,1]) # ax.grid(False) methods = ['A','B','C','D','E',""F""] vals = [pearsonr(Ssym_y,Ssym_X[:,feature_to_index_map[""A""]])[0],pearsonr(Ssym_y,Ssym_X[:,feature_to_index_map[""B""]])[0], pearsonr(Ssym_y,Ssym_X[:,feature_to_index_map[""C""]])[0],pearsonr(Ssym_y,Ssym_X[:,feature_to_index_map[""D""]])[0], pearsonr(Ssym_y,Ssym_X[:,feature_to_index_map[""E""]])[0],pearsonr(Ssym_y,Ssym_X[:,feature_to_index_map[""F""]])[0]] plt.ylabel(""PCC with Experimental DDG"",fontsize=18) plt.xlabel(""Informative Features"",fontsize=18) plt.xticks(fontsize=18, rotation=90) plt.yticks(fontsize=18) plt.ylim(-0.35,0.75) ax.bar(methods,vals,color=""maroon"",width=0.5) mpl.rcParams['grid.color'] = 'white' plt.show()"
Quick_Dirty_MPNN_ML_V2.ipynb	17	code	160	True	"# Now, traing linear regression on S_2648, and test on S_921 and S_669 # rf = RandomForestRegressor(min_samples_split=62).fit(S_2648_X_aug[:,[0,2,4,5,7]],S_2648_y_aug) # rf = RandomForestRegressor(min_samples_split=84).fit(S_2648_X_aug[:,[0,2,4,5,7]],S_2648_y_aug) [not bad] # rf = RandomForestRegressor(min_samples_split=84).fit(S_2648_X_aug[:,[0,2,4,7]],S_2648_y_aug) [not bad] # seems like (0,2,4,5, and 7 are worth keeping with RF) # rf = RandomForestRegressor(min_samples_split=22,n_estimators=300,max_samples=0.2).fit(S_2648_X_aug[:,[0,4,5,7]],S_2648_y_aug) [great for balanced performance on everything] # rf = RandomForestRegressor(min_samples_split=22,n_estimators=300,max_samples=0.5).fit(S_2648_X_aug[:,[0,4,5,7]],S_2648_y_aug) [a bit better for Ssym, a bit worse for S_669] # rf = RandomForestRegressor(min_samples_split=22,n_estimators=300,max_samples=0.5).fit(S_2648_X_aug[:,[0,4,7]],S_2648_y_aug) [worth reporting without PSSM, only S_921 goes down significantly] # rf = RandomForestRegressor(min_samples_split=18,n_estimators=300,max_samples=0.5).fit(S_2648_X_aug[:,[0,4,7]],S_2648_y_aug) [seems good without PSSM] # ""max_samples=0.2"" seems like a great parameter for many cases, most probably, that type of diversity is needed # rf = RandomForestRegressor(min_samples_split=25,n_estimators=300,max_samples=0.2).fit(S_2648_X_aug[:,[0,4,5,7]],S_2648_y_aug) [another cool parameter setting] # rf = RandomForestRegressor(min_samples_split=84,n_estimators=300,max_samples=0.2).fit(S_2648_X_aug[:,[0,2,4,6,7]],S_2648_y_aug) # print(pearsonr(S_2648_y,rf.predict(S_2648_X[:,[0,2,4,6,7]]))) #"
Quick_Dirty_MPNN_ML_V2.ipynb	18	code	159	True	"rf_3 = RandomForestRegressor(min_samples_split=3,n_estimators=300,max_samples=0.2,max_features=""sqrt"").fit(S_2648_X_aug[:,[0,4,5,7]],S_2648_y_aug) print(pearsonr(S_2648_y_aug,rf_3.predict(S_2648_X_aug[:,[0,4,5,7]]))) print(pearsonr(S_921_y_aug,rf_3.predict(S_921_X_aug[:,[0,4,5,7]]))) print(pearsonr(S_669_y_aug,rf_3.predict(S_669_X_aug[:,[0,4,5,7]]))) print(pearsonr(Ssym_y_aug,rf_3.predict(Ssym_X_aug[:,[0,4,5,7]]))) rf_3.feature_importances_"
Quick_Dirty_MPNN_ML_V2.ipynb	19	code	158	True	"rf_25 = RandomForestRegressor(min_samples_split=25,n_estimators=300,max_samples=0.2,max_features=""sqrt"").fit(S_2648_X_aug[:,[0,4,5,7]],S_2648_y_aug) print(pearsonr(S_2648_y_aug,rf_25.predict(S_2648_X_aug[:,[0,4,5,7]]))) print(pearsonr(S_921_y_aug,rf_25.predict(S_921_X_aug[:,[0,4,5,7]]))) print(pearsonr(S_669_y_aug,rf_25.predict(S_669_X_aug[:,[0,4,5,7]]))) print(pearsonr(Ssym_y_aug,rf_25.predict(Ssym_X_aug[:,[0,4,5,7]]))) rf_25.feature_importances_"
Quick_Dirty_MPNN_ML_V2.ipynb	20	code	157	True	"rf_45 = RandomForestRegressor(min_samples_split=45,n_estimators=300,max_samples=0.2,max_features=""sqrt"").fit(S_2648_X_aug[:,[0,4,5,7]],S_2648_y_aug) print(pearsonr(S_2648_y_aug,rf_45.predict(S_2648_X_aug[:,[0,4,5,7]]))) print(pearsonr(S_921_y_aug,rf_45.predict(S_921_X_aug[:,[0,4,5,7]]))) print(pearsonr(S_669_y_aug,rf_45.predict(S_669_X_aug[:,[0,4,5,7]]))) print(pearsonr(Ssym_y_aug,rf_45.predict(Ssym_X_aug[:,[0,4,5,7]]))) rf_45.feature_importances_"
Quick_Dirty_MPNN_ML_V2.ipynb	21	code	156	True	"rf_75 = RandomForestRegressor(min_samples_split=75,n_estimators=300,max_samples=0.2,max_features=""sqrt"").fit(S_2648_X_aug[:,[0,4,5,7]],S_2648_y_aug) print(pearsonr(S_2648_y_aug,rf_75.predict(S_2648_X_aug[:,[0,4,5,7]]))) print(pearsonr(S_921_y_aug,rf_75.predict(S_921_X_aug[:,[0,4,5,7]]))) print(pearsonr(S_669_y_aug,rf_75.predict(S_669_X_aug[:,[0,4,5,7]]))) print(pearsonr(Ssym_y_aug,rf_75.predict(Ssym_X_aug[:,[0,4,5,7]]))) rf_75.feature_importances_"
Quick_Dirty_MPNN_ML_V2.ipynb	22	code	146	True	"rf_2 = RandomForestRegressor(min_samples_split=2,n_estimators=300,max_samples=0.2,max_features=""sqrt"").fit(S_2648_X_aug[:,[0,4,5,7]],S_2648_y_aug) print(pearsonr(S_2648_y_aug,rf_2.predict(S_2648_X_aug[:,[0,4,5,7]]))) print(pearsonr(S_921_y_aug,rf_2.predict(S_921_X_aug[:,[0,4,5,7]]))) print(pearsonr(S_669_y_aug,rf_2.predict(S_669_X_aug[:,[0,4,5,7]]))) print(pearsonr(Ssym_y_aug,rf_2.predict(Ssym_X_aug[:,[0,4,5,7]]))) rf_2.feature_importances_"
Quick_Dirty_MPNN_ML_V2.ipynb	23	code	154	True	# pairwise-correlation heatmaps for figuring out what is going on with the whole (no-effect-of-bias-variance-tradeoff on testing datasets) situation import pandas as pd import seaborn as sns df_S_2648 = pd.DataFrame( {'RF_75-(0.74)': rf_75.predict(S_2648_X_aug[:,[0,4,5,7]]), 'RF_45-(0.76)': rf_45.predict(S_2648_X_aug[:,[0,4,5,7]]), 'RF_25-(0.77)': rf_25.predict(S_2648_X_aug[:,[0,4,5,7]]), 'RF_5-(0.81)': rf_5.predict(S_2648_X_aug[:,[0,4,5,7]]), 'RF_3-(0.82)': rf_3.predict(S_2648_X_aug[:,[0,4,5,7]]), 'RF_2-(0.83)': rf_2.predict(S_2648_X_aug[:,[0,4,5,7]]) }) corr = df_S_2648.corr() sns.set(font_scale=1.4) sns.heatmap(corr, xticklabels=corr.columns, yticklabels=corr.columns)
Quick_Dirty_MPNN_ML_V2.ipynb	24	code		True	# pairwise-correlation heatmaps for figuring out what is going on with the whole (no-effect-of-bias-variance-tradeoff on testing datasets) situation import pandas as pd import seaborn as sns df_921 = pd.DataFrame( {'RF_75': rf_75.predict(S_921_X_aug[:,[0,4,5,7]]), 'RF_45': rf_45.predict(S_921_X_aug[:,[0,4,5,7]]), 'RF_25': rf_25.predict(S_921_X_aug[:,[0,4,5,7]]), 'RF_5': rf_5.predict(S_921_X_aug[:,[0,4,5,7]]), 'RF_3': rf_3.predict(S_921_X_aug[:,[0,4,5,7]]), 'RF_2': rf_2.predict(S_921_X_aug[:,[0,4,5,7]]) }) corr = df_921.corr() sns.set(font_scale=1.4) sns.heatmap(corr, xticklabels=corr.columns, yticklabels=corr.columns)
Quick_Dirty_MPNN_ML_V2.ipynb	25	code	161	True	# pairwise-correlation heatmaps for figuring out what is going on with the whole (no-effect-of-bias-variance-tradeoff on testing datasets) situation import pandas as pd import seaborn as sns df_Ssym = pd.DataFrame( {'RF_75-(0.74)': rf_75.predict(Ssym_X_aug[:,[0,4,5,7]]), 'RF_45-(0.75)': rf_45.predict(Ssym_X_aug[:,[0,4,5,7]]), 'RF_25-(0.75)': rf_25.predict(Ssym_X_aug[:,[0,4,5,7]]), 'RF_5-(0.75)': rf_5.predict(Ssym_X_aug[:,[0,4,5,7]]), 'RF_3-(0.76)': rf_3.predict(Ssym_X_aug[:,[0,4,5,7]]), 'RF_2-(0.76)': rf_2.predict(Ssym_X_aug[:,[0,4,5,7]]) }) corr = df_Ssym.corr() sns.set(font_scale=1.4) sns.heatmap(corr, xticklabels=corr.columns, yticklabels=corr.columns)
Quick_Dirty_MPNN_ML_V2.ipynb	26	code	155	True	# pairwise-correlation heatmaps for figuring out what is going on with the whole (no-effect-of-bias-variance-tradeoff on testing datasets) situation import pandas as pd import seaborn as sns df_S_669 = pd.DataFrame( {'RF_75-(0.60)': rf_75.predict(S_669_X_aug[:,[0,4,5,7]]), 'RF_45-(0.60)': rf_45.predict(S_669_X_aug[:,[0,4,5,7]]), 'RF_25-(0.60)': rf_25.predict(S_669_X_aug[:,[0,4,5,7]]), 'RF_5-(0.60)': rf_5.predict(S_669_X_aug[:,[0,4,5,7]]), 'RF_3-(0.60)': rf_3.predict(S_669_X_aug[:,[0,4,5,7]]), 'RF_2-(0.60)': rf_2.predict(S_669_X_aug[:,[0,4,5,7]]) }) corr = df_S_669.corr() sns.set(font_scale=1.4) sns.heatmap(corr, xticklabels=corr.columns, yticklabels=corr.columns)
Quick_Dirty_MPNN_ML_V2.ipynb	28	code		False	"# Now, add the four features one-by-one, and check how things change with respect to the different feature combinations # A - P_DP (0) # B - BACK_KL (4) # C - W/M (7) # D - Neighbor_Energy (2) # E - Neighbor_Entropy (6) # F - PSSM (5) # the ""feature_to_index_map"" below will be used for generating combinations with letters, # and then converting those letters to indices for accessing the features from X arrays feature_to_index_map = {""A"":0, ""B"":4, ""C"":7, ""D"":2, ""E"":6, ""F"":5} # In the ""results_tracking_dict"" below, outer-level keys will be dataset names, and values will be dictionaries results_tracking_dict = {} # In the inner dictionaries, keys will be feature-name alphabet representations separated by (+) between them, and values will be pearson correlations on both ""direct"" and ""reverse"" mutations results_tracking_dict[""S_921""] = {} results_tracking_dict[""S_669""] = {} results_tracking_dict[""Ssym""] = {} # In the ""model_tracking_dict"" below, keys will be feature-name alphabet representations separated by (+) between them, and values will be RF # trained with the corresponding feature combination on S_2648 dataset model_tracking_dict = {} from itertools import combinations f_names = ""ABCDEF"" one_combinations = list(combinations(f_names,1)) two_combinations = list(combinations(f_names,2)) three_combinations = list(combinations(f_names,3)) four_combinations = list(combinations(f_names,4)) five_combinations = list(combinations(f_names,5)) six_combinations = list(combinations(f_names,6)) # the four combination-lists will be concatenated, and ran through the same inner-loop below "
Quick_Dirty_MPNN_ML_V2.ipynb	29	code		False	"# import pickle # with open(""feature_combo_result_dict.pickle"",""wb"") as f: # pickle.dump(results_tracking_dict,f)"
Quick_Dirty_MPNN_ML_V2.ipynb	30	code		False	"# import pickle # with open(""feature_combo_model_dict.pickle"",""wb"") as f: # pickle.dump(model_tracking_dict,f)"
Quick_Dirty_MPNN_ML_V2.ipynb	31	code		False	"# import pickle # with open(""feature_combo_result_dict.pickle"",""rb"") as f: # results_tracking_dict = pickle.load(f)"
Quick_Dirty_MPNN_ML_V2.ipynb	32	code		True	"S_921_dataframe = pd.DataFrame.from_dict(results_tracking_dict['S_921'],orient=""index"",columns=[""PCC""]) S_921_dataframe = S_921_dataframe.round(decimals=3) # now, create another dataframe from ""S_921_dataframe"" called ""S_921_dataframe_reduced"", # where the rows containing max vals among 1,2,3,4,5, and 6 combos will be saved # as a result, this reduced dataframe will contain only 6 rows # create a new column in the dataframe containing the length of the repsective index values # then we can group by this column, and then take the max from each group to get the desired reduced dataFrame # for index, row in S_921_dataframe.iterrows(): # # print(row[""PCC""]) # print(len(index)) # what the fuck is wrong with the index vals? # why the fuck have the feature names been swapped in some godforsaken weird way? S_921_dataframe[""combo_length""] = [len(i) for i in list(S_921_dataframe.index)] S_921_dataframe[""combo_signature""] = [i for i in list(S_921_dataframe.index)] # print(S_921_dataframe.loc(S_921_dataframe.groupby([""combo_length""]).idxmax())) max_idx = (S_921_dataframe.groupby([""combo_length""])[""PCC""].transform(max) == S_921_dataframe[""PCC""]) S_921_max_results = S_921_dataframe[max_idx] S_921_max_results"
Quick_Dirty_MPNN_ML_V2.ipynb	33	code		True	"S_669_dataframe = pd.DataFrame.from_dict(results_tracking_dict['S_669'],orient=""index"",columns=[""PCC""]) S_669_dataframe = S_669_dataframe.round(decimals=3) # now, create another dataframe from ""S_921_dataframe"" called ""S_921_dataframe_reduced"", # where the rows containing max vals among 1,2,3,4,5, and 6 combos will be saved # as a result, this reduced dataframe will contain only 6 rows # create a new column in the dataframe containing the length of the repsective index values # then we can group by this column, and then take the max from each group to get the desired reduced dataFrame # for index, row in S_921_dataframe.iterrows(): # # print(row[""PCC""]) # print(len(index)) # what the fuck is wrong with the index vals? # why the fuck have the feature names been swapped in some godforsaken weird way? S_669_dataframe[""combo_length""] = [len(i) for i in list(S_669_dataframe.index)] S_669_dataframe[""combo_signature""] = [i for i in list(S_669_dataframe.index)] # print(S_921_dataframe.loc(S_921_dataframe.groupby([""combo_length""]).idxmax())) max_idx = (S_669_dataframe.groupby([""combo_length""])[""PCC""].transform(max) == S_669_dataframe[""PCC""]) S_669_max_results = S_669_dataframe[max_idx] S_669_max_results"
Quick_Dirty_MPNN_ML_V2.ipynb	34	code	140	True	"Ssym_dataframe = pd.DataFrame.from_dict(results_tracking_dict['Ssym'],orient=""index"",columns=[""PCC""]) Ssym_dataframe = Ssym_dataframe.round(decimals=3) # now, create another dataframe from ""S_921_dataframe"" called ""S_921_dataframe_reduced"", # where the rows containing max vals among 1,2,3,4,5, and 6 combos will be saved # as a result, this reduced dataframe will contain only 6 rows # create a new column in the dataframe containing the length of the repsective index values # then we can group by this column, and then take the max from each group to get the desired reduced dataFrame # for index, row in S_921_dataframe.iterrows(): # # print(row[""PCC""]) # print(len(index)) # what the fuck is wrong with the index vals? # why the fuck have the feature names been swapped in some godforsaken weird way? Ssym_dataframe[""combo_length""] = [len(i) for i in list(Ssym_dataframe.index)] Ssym_dataframe[""combo_signature""] = [i for i in list(Ssym_dataframe.index)] # print(S_921_dataframe.loc(S_921_dataframe.groupby([""combo_length""]).idxmax())) max_idx = (Ssym_dataframe.groupby([""combo_length""])[""PCC""].transform(max) == Ssym_dataframe[""PCC""]) Ssym_max_results = Ssym_dataframe[max_idx] Ssym_max_results"
Quick_Dirty_MPNN_ML_V2.ipynb	35	code		False	"# another level of de-correlation by holding out mutations from a specific number of proteins for each of the random forests, and take their ensemble prediction # as the final prediction? # for this, let us at first get the ids of all the S_2648 proteins from the corresponding two-level dict that are not in the corresponding proteins_to_skip_list pdbIds_avail = [] n_muts = [] list_feature_importances = [] for prot,muts in list_two_level_dict[0].items(): if prot not in list_proteins_to_skip[0]: for mut in muts: pdbIds_avail.append(prot) # adding second time for the reverse mutation, since we are trianing on a reverse-augmented version of S_2648 pdbIds_avail.append(prot) id_set = set(pdbIds_avail) pdbIds_avail = np.array(pdbIds_avail) number_of_proteins_in_the_validation_set = 100 # ""n_ensemble"" is the number of random forests to be trained on different protein-level mutant subsets # the subsets will contain all the forward and reverse mutations from the same protein n_ensemble = 20 # ""rf_models"" list will hold the models trained on different protein-level mutation subsets rf_models = [] for i in range(n_ensemble): cur_iteration_X = [] cur_iteration_y = [] val_proteins = random.sample(id_set, k=number_of_proteins_in_the_validation_set) val_indices = (np.where(np.isin(pdbIds_avail, val_proteins) == True))[0] for j,(X,y) in enumerate(zip(S_2648_X_aug,S_2648_y_aug)): if j not in val_indices: cur_iteration_X.append(X) cur_iteration_y.append(y) cur_iteration_X = np.array(cur_iteration_X) cur_iteration_y = np.array(cur_iteration_y) l_model = RandomForestRegressor(min_samples_split="
Quick_Dirty_MPNN_ML_V2.ipynb	36	code		False	# Now, we just have to take ensemble predictions, and see how it goes.....TADAAAA # the elements of these lists are going to be numpy arrays full of predictions # for the corresponding datasets made by each of the trained and saved RF models in the above cell # S_2648_predictions = [] S_921_predictions = [] S_669_predictions = [] Ssym_predictions = [] for rf in rf_models: # S_2648_predictions.append() S_921_predictions.append(rf.predict(S_921_X_aug[:,[0,4,5,7]])) S_669_predictions.append(rf.predict(S_669_X_aug[:,[0,4,5,7]])) Ssym_predictions.append(rf.predict(Ssym_X_aug[:,[0,4,5,7]]))
Quick_Dirty_MPNN_ML_V2.ipynb	38	code		True	"for i in range(n_ensemble-1): print(n_muts[i]) # print(pearsonr(S_921_predictions[i],S_921_predictions[i+1])) print(pearsonr(S_921_predictions[i],S_921_y_aug)) # print(pearsonr(S_669_predictions[i],S_669_predictions[i+1])) print(pearsonr(S_669_predictions[i],S_669_y_aug)) print(pearsonr(Ssym_predictions[i],Ssym_y_aug)) print(list_feature_importances[i]) print(""........................................."")"
Quick_Dirty_MPNN_ML_V2.ipynb	39	code	201	True	# pairwise-correlation heatmaps for manuscript import pandas as pd import seaborn as sns df_Ssym = pd.DataFrame( {'P_DP-(A)': Ssym_X[:,0], 'Neighbor_Reverse_KL-(B)' : Ssym_X[:,4], 'Neighbor_Attention_Change_(W/M)-(C)' : Ssym_X[:,7], 'Neighbor_Energy_Change-(D)' : Ssym_X[:,2], 'Neighbor_Entropy_Change-(E)' : Ssym_X[:,6], 'P_DEC-(F)': Ssym_X[:,5], }) corr = df_Ssym.corr() sns.set(font_scale=1.4) sns.heatmap(corr, xticklabels=corr.columns, yticklabels=corr.columns)
Quick_Dirty_MPNN_ML_V2.ipynb	40	code	205	True	# pairwise-correlation heatmaps for manuscript import pandas as pd import seaborn as sns df_Ssym = pd.DataFrame( {'A': S_2648_X[:,0], 'B' : S_2648_X[:,4], 'C' : S_2648_X[:,7], 'D' : S_2648_X[:,2], 'E' : S_2648_X[:,6], 'F': S_2648_X[:,5] }) corr = df_Ssym.corr() sns.set(font_scale=1.4) sns.heatmap(corr, xticklabels=corr.columns, yticklabels=corr.columns)
Quick_Dirty_MPNN_ML_V2.ipynb	41	code		False	import pandas as pd import seaborn as sns df_Ssym = pd.DataFrame( {'P_DP': S_2648_X[:,0], 'P_DEC': S_2648_X[:,5], 'Neighbor_Reverse_KL' : S_2648_X[:,4], 'Neighbor_Attention_Change_(W/M)' : S_2648_X[:,7], 'Neighbor_Energy_Change' : S_2648_X[:,2], 'Neighbor_Entropy_Change' : S_2648_X[:,6] }) corr = df_Ssym.corr() sns.set(font_scale=1.4) sns.heatmap(corr, xticklabels=corr.columns, yticklabels=corr.columns)
Quick_Dirty_MPNN_ML_V2.ipynb	42	code		True	# pairwise-correlation heatmaps for manuscript import pandas as pd import seaborn as sns df_Ssym = pd.DataFrame( {'P_DP': S_669_X[:,0], 'P_DEC': S_669_X[:,5], 'Neighbor_Reverse_KL' : S_669_X[:,4], 'Neighbor_Attention_Change_(W/M)' : S_669_X[:,7], 'Neighbor_Energy_Change' : S_669_X[:,2], 'Neighbor_Entropy_Change' : S_669_X[:,6] }) corr = df_Ssym.corr() sns.set(font_scale=1.4) sns.heatmap(corr, xticklabels=corr.columns, yticklabels=corr.columns)
Quick_Dirty_MPNN_ML_V2.ipynb	43	code		True	# pairwise-correlation heatmaps for manuscript import pandas as pd import seaborn as sns df_Ssym = pd.DataFrame( {'P_DP': Ssym_X[:,0], 'P_DEC': Ssym_X[:,5], 'Neighbor_Reverse_KL' : Ssym_X[:,4], 'Neighbor_Attention_Change_(W/M)' : Ssym_X[:,7], 'Neighbor_Energy_Change' : Ssym_X[:,2], 'Neighbor_Entropy_Change' : Ssym_X[:,6] }) corr = df_Ssym.corr() sns.set(font_scale=1.4) sns.heatmap(corr, xticklabels=corr.columns, yticklabels=corr.columns)
Quick_Dirty_MPNN_ML_V2.ipynb	44	code		True	# pairwise-correlation heatmaps for manuscript import pandas as pd import seaborn as sns df_Ssym = pd.DataFrame( {'P_DP': S_921_X[:,0], 'P_DEC': S_921_X[:,5], 'Neighbor_Reverse_KL' : S_921_X[:,4], 'Neighbor_Attention_Change_(W/M)' : S_921_X[:,7], 'Neighbor_Energy_Change' : S_921_X[:,2], 'Neighbor_Entropy_Change' : S_921_X[:,6] }) corr = df_Ssym.corr() sns.set(font_scale=1.4) sns.heatmap(corr, xticklabels=corr.columns, yticklabels=corr.columns)
Quick_Dirty_MPNN_ML_V2.ipynb	45	code		False	"# let us now do a final analysis to see if correlations of the four features on S_2648 are good coefficients # but the problem is that, correlation changes based on subset of data chosen # let us do a quick stochastic-hill-climbing with individual correlations constituting the initial solution # out target is to see how far the co-efficients move away from correlations # this can in someway also be used for checking the underlying co-variate shift # objective-function # we are expecting ""X"" to be a numpy array of shape (number_of_samples,n_features) # and ""coefficients"" to be another numpy array of shape (1,n_features) def objective(X, y, coefficients): # generate predictions for dataset yhat = (X*coefficients).sum(axis=-1) # calculate accuracy # taking negative of correlation because the ""hillclimbing"" function written below was intended to # minimize the objective function, and I do not want to tinker around with it at that level right now score = -1*(pearsonr(y,yhat)[0]) return score # hill climbing local search algorithm def hillclimbing(X, y, solution, n_iter, step_size): # evaluate the initial point solution_eval = objective(X, y, solution) # run the hill climb for i in range(n_iter): # take a step candidate = solution + np.random.randn(len(solution)) * step_size # evaluate candidate point candidte_eval = objective(X, y, candidate) # check if we should keep the new point if candidte_eval <= solution_eval: # store the new point solution, solution_eval = candidate, candidte_eval # report progress print('>%d %.5f' % (i, solution_eval)) return [solution, solution_eval] hi"
Quick_Dirty_MPNN_ML_V2_V2.ipynb	2	code	3	False	import numpy as np import pickle import os from tqdm.notebook import tqdm from Bio.PDB.Polypeptide import * from Bio.PDB import * import random
Quick_Dirty_MPNN_ML_V2_V2.ipynb	3	code	4	False	from sklearn.linear_model import LinearRegression from sklearn.linear_model import Ridge from sklearn.linear_model import Lasso from sklearn.ensemble import RandomForestRegressor, AdaBoostRegressor from sklearn.tree import DecisionTreeRegressor from sklearn.preprocessing import StandardScaler from sklearn.decomposition import PCA from sklearn.decomposition import KernelPCA from scipy.stats import entropy from scipy.special import softmax from scipy.special import kl_div from scipy.stats import pearsonr from sklearn.svm import SVR from sklearn.preprocessing import Normalizer from sklearn.ensemble import GradientBoostingRegressor import pandas as pd
Quick_Dirty_MPNN_ML_V2_V2.ipynb	4	code	5	False	"# S_669_pmppn_info_dict_V2.pickle with open(""S_2648_pmppn_info_dict_V2.pickle"",""rb"") as f: S_2648_two_level_dict = pickle.load(f) with open(""S_921_pmppn_info_dict_V2.pickle"",""rb"") as f: S_921_two_level_dict = pickle.load(f) with open(""S_669_pmppn_info_dict_V2.pickle"",""rb"") as f: S_669_two_level_dict = pickle.load(f) with open(""Ssym_pmppn_info_dict_V2.pickle"",""rb"") as f: Ssym_two_level_dict = pickle.load(f)"
Quick_Dirty_MPNN_ML_V2_V2.ipynb	7	code	159	False	"# Create the six numpy arrays here, and then perform training on the next cell X_2648 = [] y_2648 = [] X_921 = [] y_921 = [] X_669 = [] y_669 = [] X_Ssym = [] y_Ssym = [] # This list will correspond to the ""list_mapping_dict,list_dataset_names,list_two_level_dict,list_proteins_to_skip"" lists in the above cells, # and hold (X,y) tuples corresponding to the three datasets in the same order as those lists # currently, I intend to train, and test the model on ""mut_wild_predictions"",""entropy_predictions"", ""neighbor_energy_change_predictions"", ""neighbor_forward_KL_predictions"", # and ""neighbor_backward_KL_predictions"" # fourth and fifth features can probably be reduced to one feature by (0.5*fourth_feature+0.5*fifth_feature) since both of them are extremely correlated list_X = [X_2648,X_921,X_669,X_Ssym] list_y = [y_2648,y_921,y_669,y_Ssym] # The (15,128) ""neighbor_embedding_change_m_w_raw"" numpy arrays will be saved # in the four lists below for each of the datasets separately # this is being done here so that PCA experiments can be performed safely in some cells below n_e_c_raw_2648 = [] n_e_c_raw_921 = [] n_e_c_raw_669 = [] n_e_c_raw_Ssym = [] list_n_e_c_raw = [n_e_c_raw_2648,n_e_c_raw_921,n_e_c_raw_669,n_e_c_raw_Ssym] ####### alpha_tok = ""ACDEFGHIKLMNPQRSTVWYX"" aa_1_N = {a:n for n,a in enumerate(alpha_tok)} for X,y,two_level_dict,mapping_dict,proteins_to_skip, n_e_c_raw in zip(list_X,list_y,list_two_level_dict,list_mapping_dict,list_proteins_to_skip,list_n_e_c_raw): for prot,muts in two_level_dict.items(): if prot not in proteins_to_skip: try: cur_map_dict = mapping_dict[prot"
Quick_Dirty_MPNN_ML_V2_V2.ipynb	8	code	155	True	"# Now, do concatenation, PCA, and whatever you might need to do full_n_e_c_raw_2648 = np.concatenate(n_e_c_raw_2648,axis=0) reduced_dimension = 5 pca_obj = PCA(n_components=reduced_dimension) kpca_obj = KernelPCA(n_components=reduced_dimension+5,kernel=""rbf"") number_of_poins_selected_for_kpca = 10000 random_kpca_indices = np.random.choice(full_n_e_c_raw_2648.shape[0],size=number_of_poins_selected_for_kpca,replace=False) scaling_obj = StandardScaler() scaling_obj.fit(full_n_e_c_raw_2648) pca_obj.fit(scaling_obj.transform(full_n_e_c_raw_2648[random_kpca_indices,:])) print(pca_obj.explained_variance_ratio_) # Take 5 components from both pca and kernel-pca, and test the correlation of summed neighbors # fit kernel-pca on randomly sampled values from the first dimension of ""full_n_e_c_raw_2648"" # for reverse mutations, take (-1)*forward vector, and then transform that vector # should reverse mutations be added before fitting PCA? # for now, leave that, and do the experiments fast kpca_obj.fit(scaling_obj.transform(full_n_e_c_raw_2648[random_kpca_indices,:])) print(kpca_obj.eigenvalues_) print(full_n_e_c_raw_2648.shape) print(type(full_n_e_c_raw_2648))"
Quick_Dirty_MPNN_ML_V2_V2.ipynb	9	code		False	"# Now, use the pca and kpca_objects trained in the above cell to add two features to each of the mutants for X in list_X: for instance in X: # perform PCA-based featurization right here, and put those features back into ""instance"" # at first, project the (15,128) matrix into a (15,5) matrix by taking the top 5 principal components # taking instance[-2] because instance[-1] has been reserved for reverse-mutant corresponding feature calculation cur_pca_reduced_matrix = pca_obj.transform(scaling_obj.transform(instance[-2])) cur_kpca_reduced_matrix = kpca_obj.transform(scaling_obj.transform(instance[-2])) rev_cur_pca_reduced_matrix = pca_obj.transform(scaling_obj.transform(instance[-1])) rev_cur_kpca_reduced_matrix = kpca_obj.transform(scaling_obj.transform(instance[-1])) # now, sum() ""cur_pca_reduced_matrix"" and ""cur_kpca_reduced_matrix"" across dimension 0, and add those as last two entries of instance cur_pca_reduced_sum_feature = cur_pca_reduced_matrix.sum(axis=0) cur_kpca_reduced_sum_feature = cur_kpca_reduced_matrix.sum(axis=0) rev_cur_pca_reduced_sum_feature = rev_cur_pca_reduced_matrix.sum(axis=0) rev_cur_kpca_reduced_sum_feature = rev_cur_kpca_reduced_matrix.sum(axis=0) # now, getting rid of the raw numpy arrays from ""instance"" del instance[-1] del instance[-1] # indices [11,15] of ""instance"" will be neighbor_pca_features instance.extend(cur_pca_reduced_sum_feature) # indices [16,20] of ""instance"" will be neighbor_kpca_features (if we have 5 kpca components) # indices [16,25] of ""instance"" will be neighbor_kpca_features (if we have 10 kpca components) instance.extend(cu"
Quick_Dirty_MPNN_ML_V2_V2.ipynb	10	code	161	False	S_2648_X = np.array(list_X[0]) S_2648_y = np.array(list_y[0]) S_921_X = np.array(list_X[1]) S_921_y = np.array(list_y[1]) S_669_X = np.array(list_X[2]) S_669_y = np.array(list_y[2]) # Flipping the signs of the experimental DDG values in S_669_y to get coherent correlations (positive and higher is better) S_669_y = S_669_y * (-1) Ssym_X = np.array(list_X[3]) Ssym_y = np.array(list_y[3])
Quick_Dirty_MPNN_ML_V2_V2.ipynb	11	code	148	True	"print(""S_921 single-feature correlations at a glance"") print(pearsonr(S_921_y,S_921_X[:,0])) print(pearsonr(S_921_y,S_921_X[:,1])) print(pearsonr(S_921_y,S_921_X[:,2])) print(pearsonr(S_921_y,S_921_X[:,3])) print(pearsonr(S_921_y,S_921_X[:,4])) print(pearsonr(S_921_y,S_921_X[:,5])) print(pearsonr(S_921_y,S_921_X[:,6])) print(pearsonr(S_921_y,S_921_X[:,7])) print(pearsonr(S_921_y,S_921_X[:,8])) print(pearsonr(S_921_y,S_921_X[:,9])) print(pearsonr(S_921_y,S_921_X[:,10])) print(pearsonr(S_921_y,S_921_X[:,11])) print(pearsonr(S_921_y,S_921_X[:,12])) print(pearsonr(S_921_y,S_921_X[:,13])) print(pearsonr(S_921_y,S_921_X[:,14])) print(pearsonr(S_921_y,S_921_X[:,15])) print(pearsonr(S_921_y,S_921_X[:,16])) print(pearsonr(S_921_y,S_921_X[:,17])) print(pearsonr(S_921_y,S_921_X[:,18])) print(pearsonr(S_921_y,S_921_X[:,19])) print(pearsonr(S_921_y,S_921_X[:,20])) print(""............................................."") print(""S_669 single-feature correlations at a glance"") print(pearsonr(S_669_y,S_669_X[:,0])) print(pearsonr(S_669_y,S_669_X[:,1])) print(pearsonr(S_669_y,S_669_X[:,2])) print(pearsonr(S_669_y,S_669_X[:,3])) print(pearsonr(S_669_y,S_669_X[:,4])) print(pearsonr(S_669_y,S_669_X[:,5])) print(pearsonr(S_669_y,S_669_X[:,6])) print(pearsonr(S_669_y,S_669_X[:,7])) print(pearsonr(S_669_y,S_669_X[:,8])) print(pearsonr(S_669_y,S_669_X[:,9])) print(pearsonr(S_669_y,S_669_X[:,10])) print(pearsonr(S_669_y,S_669_X[:,11])) print(pearsonr(S_669_y,S_669_X[:,12])) print(pearsonr(S_669_y,S_669_X[:,13])) print(pearsonr(S_669_y,S_669_X[:,14])) print(pearsonr(S_669_y,S_669_X[:,15])) print(pearso"
Quick_Dirty_MPNN_ML_V2_V2.ipynb	12	code		False	import pandas as pd import seaborn as sns df_S2648 = pd.DataFrame( {'DDG' : S_2648_y, 'P_DP': S_2648_X[:,0], 'P_ET': S_2648_X[:,1], 'P_DEC': S_2648_X[:,5], 'Neighbor_Energy_Change' : S_2648_X[:,2], 'Neighbor_backward_KL' : S_2648_X[:,4], 'Neighbor_Entropy_Change' : S_2648_X[:,6], 'neighbor_attention_change_w/m' : S_2648_X[:,7], 'neighbor_embedding_change' : S_2648_X[:,8], 'pca-1' : S_2648_X[:,11], 'pca-2' : S_2648_X[:,12], 'pca-3' : S_2648_X[:,13], 'pca-4' : S_2648_X[:,14], 'pca-5' : S_2648_X[:,15], 'kpca-1' : S_2648_X[:,16], 'kpca-2' : S_2648_X[:,17], 'kpca-3' : S_2648_X[:,18], 'kpca-4' : S_2648_X[:,19], 'kpca-5' : S_2648_X[:,20] }) corr = df_S2648.corr() sns.set(font_scale=1.4) sns.heatmap(corr, xticklabels=corr.columns, yticklabels=corr.columns)
Quick_Dirty_MPNN_ML_V2_V2.ipynb	13	code		False	import pandas as pd import seaborn as sns df_S921 = pd.DataFrame( {'DDG' : S_921_y, 'P_DP': S_921_X[:,0], 'P_ET': S_921_X[:,1], 'P_DEC': S_921_X[:,5], 'Neighbor_Energy_Change' : S_921_X[:,2], 'Neighbor_backward_KL' : S_921_X[:,4], 'Neighbor_Entropy_Change' : S_921_X[:,6], 'neighbor_attention_change_w/m' : S_921_X[:,7], 'neighbor_embedding_change' : S_921_X[:,8], 'pca-1' : S_921_X[:,11], 'pca-2' : S_921_X[:,12], 'pca-3' : S_921_X[:,13], 'pca-4' : S_921_X[:,14], 'pca-5' : S_921_X[:,15], 'kpca-1' : S_921_X[:,16], 'kpca-2' : S_921_X[:,17], 'kpca-3' : S_921_X[:,18], 'kpca-4' : S_921_X[:,19], 'kpca-5' : S_921_X[:,20] }) corr = df_S921.corr() sns.set(font_scale=1.4) sns.heatmap(corr, xticklabels=corr.columns, yticklabels=corr.columns)
Quick_Dirty_MPNN_ML_V2_V2.ipynb	14	code		False	import pandas as pd import seaborn as sns df_S669 = pd.DataFrame( {'DDG' : S_669_y, 'P_DP': S_669_X[:,0], 'P_ET': S_669_X[:,1], 'P_DEC': S_669_X[:,5], 'Neighbor_Energy_Change' : S_669_X[:,2], 'Neighbor_backward_KL' : S_669_X[:,4], 'Neighbor_Entropy_Change' : S_669_X[:,6], 'neighbor_attention_change_w/m' : S_669_X[:,7], 'neighbor_embedding_change' : S_669_X[:,8], 'pca-1' : S_669_X[:,11], 'pca-2' : S_669_X[:,12], 'pca-3' : S_669_X[:,13], 'pca-4' : S_669_X[:,14], 'pca-5' : S_669_X[:,15], 'kpca-1' : S_669_X[:,16], 'kpca-2' : S_669_X[:,17], 'kpca-3' : S_669_X[:,18], 'kpca-4' : S_669_X[:,19], 'kpca-5' : S_669_X[:,20] }) corr = df_S669.corr() sns.set(font_scale=1.4) sns.heatmap(corr, xticklabels=corr.columns, yticklabels=corr.columns)
Quick_Dirty_MPNN_ML_V2_V2.ipynb	15	code		False	import pandas as pd import seaborn as sns df_Ssym = pd.DataFrame( {'DDG' : Ssym_y, 'P_DP': Ssym_X[:,0], 'P_ET': Ssym_X[:,1], 'P_DEC': Ssym_X[:,5], 'Neighbor_Energy_Change' : Ssym_X[:,2], 'Neighbor_backward_KL' : Ssym_X[:,4], 'Neighbor_Entropy_Change' : Ssym_X[:,6], 'neighbor_attention_change_w/m' : Ssym_X[:,7], 'neighbor_embedding_change' : Ssym_X[:,8], 'pca-1' : Ssym_X[:,11], 'pca-2' : Ssym_X[:,12], 'pca-3' : Ssym_X[:,13], 'pca-4' : Ssym_X[:,14], 'pca-5' : Ssym_X[:,15], 'kpca-1' : Ssym_X[:,16], 'kpca-2' : Ssym_X[:,17], 'kpca-3' : Ssym_X[:,18], 'kpca-4' : Ssym_X[:,19], 'kpca-5' : Ssym_X[:,20] }) corr = df_Ssym.corr() sns.set(font_scale=1.4) sns.heatmap(corr, xticklabels=corr.columns, yticklabels=corr.columns)
Quick_Dirty_MPNN_ML_V2_V2.ipynb	16	code		False	# seems like at least one of the principal components are interesting # now, the task is to add reverse-mutant versions of these features in the cell below, which will definitely be (-1)*these features (could be a bit debatable) # we can also do a transformation on the (-1) 128 dimensional vector for getting a more precise estimate for the reverse mutants
Quick_Dirty_MPNN_ML_V2_V2.ipynb	18	code	162	False	S_2648_X_aug = [] S_2648_y_aug = [] # the two variables below will help to take out the reverse-mutant PCA features out of X n_pca_features = 5 n_kpca_features = 5 for X,y in zip(S_2648_X,S_2648_y): S_2648_X_aug.append(X[0:26]) # take the last ten features out of X, and out them into rev_X ### reverse addition START # Now, make the correct-processing for each of the features for the reverse mutant # for 0 will be multiplied by (-1) # 1 will remain unchanged # 3 and 4 will be swapped # 5 will be multiplied by (-1) # 6 will be multiplied by (-1) # 7 will be 1/7 # 9 and 10 will be swapped rev_X = np.zeros_like(S_2648_X_aug[-1]) rev_X[0] = -1*X[0] rev_X[1] = X[1] rev_X[2] = -1*X[2] rev_X[3] = X[4] rev_X[4] = X[3] rev_X[5] = -1*X[5] rev_X[6] = -1*X[6] rev_X[7] = 1/X[7] rev_X[8] = X[8] rev_X[9] = X[10] rev_X[10] = X[9] rev_X[11:26] = X[26:41] S_2648_X_aug.append(rev_X) ### reverse addition END S_2648_y_aug.append(y) S_2648_y_aug.append(-1*y) S_2648_X_aug = np.array(S_2648_X_aug) S_2648_y_aug = np.array(S_2648_y_aug) S_921_X_aug = [] S_921_y_aug = [] for X,y in zip(S_921_X,S_921_y): S_921_X_aug.append(X[0:26]) rev_X = np.zeros_like(S_921_X_aug[-1]) rev_X[0] = -1*X[0] rev_X[1] = X[1] rev_X[2] = -1*X[2] rev_X[3] = X[4] rev_X[4] = X[3] rev_X[5] = -1*X[5] rev_X[6] = -1*X[6] rev_X[7] = 1/X[7] rev_X[8] = X[8] rev_X[9] = X[10] rev_X[10] = X[9] rev_X[11:26] = X[26:41] S_921_X_aug.append(rev_X) S_921_y_aug.append(y) S_921_y_aug.append(-1*y) S_921_X_aug = np.array(S_921_X_aug) S_921_y_aug = np.array(S_921_y_aug) S_669_X_aug = [] S_669_y_aug = [] for X,y in zip(S_669_X,S_669_y): S_669_X_aug.
Quick_Dirty_MPNN_ML_V2_V2.ipynb	19	code	173	True	# Now, traing linear regression on S_2648, and test on S_921 and S_669 # the setting reg = Ridge(alpha=0.2,normalize=True).fit(S_2648_X_aug[:,[0,2,4,5]], S_2648_y_aug) seems quite good # Ridge(alpha=0.25,normalize=True).fit(S_2648_X_aug[:,[0,2,4,5]], S_2648_y_aug) is also good # Ridge(alpha=0,normalize=True) is also not bad # (center_mut_wild_energy,weighted_neighbor_energy_changes,weighted_neighbor_backward_KL,PSSM) seems the best combination for now # also, ridge with alpha=0.4 seems the best for now (specially, for S_669) # also, ridge with alpha=0.9, and (center_mut_wild_energy,weighted_neighbor_backward_KL,PSSM) gets the maximum for S_669 while reducing for S_sym used_features = [0,2,4,6,7,8,9,10,20,16,17,18,19,11,12,13,14,15,21,22,23,24,25] reg = Ridge(alpha=0,normalize=True,max_iter=5000000).fit(S_2648_X_aug[:,used_features], S_2648_y_aug) print(pearsonr(S_2648_y,reg.predict(S_2648_X[:,used_features]))) print(pearsonr(S_921_y_aug,reg.predict(S_921_X_aug[:,used_features]))) print(pearsonr(S_669_y_aug,reg.predict(S_669_X_aug[:,used_features]))) print(pearsonr(Ssym_y_aug,reg.predict(Ssym_X_aug[:,used_features])))
Quick_Dirty_MPNN_ML_V2_V2.ipynb	21	code	200	True	"used_features = [0,2,4,5,6,7,8,9,10,20,16,17,18,19,11,12,13,14,15,21,22,23,24,25] # used_features = [0,5,6,7,8,9,10,20,16,17,18,19] rf_5 = RandomForestRegressor(min_samples_split=3,n_estimators=1000,max_samples=0.2,max_features=""sqrt"").fit(S_2648_X_aug[:,used_features],S_2648_y_aug) print(pearsonr(S_2648_y_aug,rf_5.predict(S_2648_X_aug[:,used_features]))) print(pearsonr(S_921_y,rf_5.predict(S_921_X[:,used_features]))) print(pearsonr(S_669_y,rf_5.predict(S_669_X[:,used_features]))) print(pearsonr(Ssym_y,rf_5.predict(Ssym_X[:,used_features]))) rf_5.feature_importances_"
Quick_Dirty_MPNN_ML_V2_V2.ipynb	22	code	201	True	"# This is so fucking good, I love it used_features = [0,2,4,5,6,7,8,9,10,20,16,17,18,19,11,12,13,14,15,21,22,23,24,25] # used_features = [0,2,4,5,6,7,8,9,10,20,16,17,18,19] rf_5 = RandomForestRegressor(min_samples_split=3,n_estimators=1000,max_samples=0.2,max_features=""sqrt"").fit(S_2648_X_aug[:,used_features],S_2648_y_aug) print(pearsonr(S_2648_y_aug,rf_5.predict(S_2648_X_aug[:,used_features]))) print(pearsonr(S_921_y_aug,rf_5.predict(S_921_X_aug[:,used_features]))) print(pearsonr(S_669_y_aug,rf_5.predict(S_669_X_aug[:,used_features]))) print(pearsonr(Ssym_y_aug,rf_5.predict(Ssym_X_aug[:,used_features]))) rf_5.feature_importances_"
Quick_Dirty_MPNN_ML_V2_V2.ipynb	23	code		False	"# Now, add the four features one-by-one, and check how things change with respect to the different feature combinations # A - P_DP (0) # B - BACK_KL (4) # C - W/M (7) # D - Neighbor_Energy (2) # E - Neighbor_Entropy (6) # F - PSSM (5) # the ""feature_to_index_map"" below will be used for generating combinations with letters, # and then converting those letters to indices for accessing the features from X arrays feature_to_index_map = {""A"":0, ""B"":4, ""C"":7, ""D"":2, ""E"":6, ""F"":5} # In the ""results_tracking_dict"" below, outer-level keys will be dataset names, and values will be dictionaries results_tracking_dict = {} # In the inner dictionaries, keys will be feature-name alphabet representations separated by (+) between them, and values will be pearson correlations on both ""direct"" and ""reverse"" mutations results_tracking_dict[""S_921""] = {} results_tracking_dict[""S_669""] = {} results_tracking_dict[""Ssym""] = {} # In the ""model_tracking_dict"" below, keys will be feature-name alphabet representations separated by (+) between them, and values will be RF # trained with the corresponding feature combination on S_2648 dataset model_tracking_dict = {} from itertools import combinations f_names = ""ABCDEF"" one_combinations = list(combinations(f_names,1)) two_combinations = list(combinations(f_names,2)) three_combinations = list(combinations(f_names,3)) four_combinations = list(combinations(f_names,4)) five_combinations = list(combinations(f_names,5)) six_combinations = list(combinations(f_names,6)) # the four combination-lists will be concatenated, and ran through the same inner-loop below "
Quick_Dirty_MPNN_ML_V2_V2.ipynb	24	code		False	"# import pickle # with open(""feature_combo_result_dict.pickle"",""wb"") as f: # pickle.dump(results_tracking_dict,f)"
Quick_Dirty_MPNN_ML_V2_V2.ipynb	25	code		False	"# import pickle # with open(""feature_combo_model_dict.pickle"",""wb"") as f: # pickle.dump(model_tracking_dict,f)"
Quick_Dirty_MPNN_ML_V2_V2.ipynb	26	code		False	"# import pickle # with open(""feature_combo_result_dict.pickle"",""rb"") as f: # results_tracking_dict = pickle.load(f)"
Quick_Dirty_MPNN_ML_V2_V2.ipynb	27	code		False	"# Now, add the four features one-by-one, and check how things change with respect to the different feature combinations # A - P_DP (0) # B - BACK_KL (4) # C - W/M (7) # D - Neighbor_Energy (2) # E - Neighbor_Entropy (6) # F - PSSM (5) # the ""feature_to_index_map"" below will be used for generating combinations with letters, # and then converting those letters to indices for accessing the features from X arrays # Just for the sake of testing, training on S_669, and testing on the other datasets feature_to_index_map = {""A"":0, ""B"":4, ""C"":7, ""D"":2, ""E"":6, ""F"":5} # In the ""results_tracking_dict"" below, outer-level keys will be dataset names, and values will be dictionaries S_669_results_tracking_dict = {} # In the inner dictionaries, keys will be feature-name alphabet representations separated by (+) between them, and values will be pearson correlations on both ""direct"" and ""reverse"" mutations S_669_results_tracking_dict[""S_921""] = {} S_669_results_tracking_dict[""S_2648""] = {} S_669_results_tracking_dict[""Ssym""] = {} # In the ""model_tracking_dict"" below, keys will be feature-name alphabet representations separated by (+) between them, and values will be RF # trained with the corresponding feature combination on S_2648 dataset S_669_model_tracking_dict = {} from itertools import combinations f_names = ""ABCDEF"" one_combinations = list(combinations(f_names,1)) two_combinations = list(combinations(f_names,2)) three_combinations = list(combinations(f_names,3)) four_combinations = list(combinations(f_names,4)) five_combinations = list(combinations(f_names,5)) six_combinations = list(co"
Quick_Dirty_MPNN_ML_V2_V2.ipynb	28	code		False	"# import pickle # with open(""S_669_feature_combo_model_dict.pickle"",""wb"") as f: # pickle.dump(S_669_model_tracking_dict,f)"
Quick_Dirty_MPNN_ML_V2_V2.ipynb	29	code		False	"# import pickle # with open(""S_669_feature_combo_result_dict.pickle"",""wb"") as f: # pickle.dump(S_669_results_tracking_dict,f)"
Quick_Dirty_MPNN_ML_V2_V2.ipynb	30	code		True	"S_921_dataframe = pd.DataFrame.from_dict(results_tracking_dict['S_921'],orient=""index"",columns=[""PCC""]) S_921_dataframe = S_921_dataframe.round(decimals=3) # now, create another dataframe from ""S_921_dataframe"" called ""S_921_dataframe_reduced"", # where the rows containing max vals among 1,2,3,4,5, and 6 combos will be saved # as a result, this reduced dataframe will contain only 6 rows # create a new column in the dataframe containing the length of the repsective index values # then we can group by this column, and then take the max from each group to get the desired reduced dataFrame # for index, row in S_921_dataframe.iterrows(): # # print(row[""PCC""]) # print(len(index)) # what the fuck is wrong with the index vals? # why the fuck have the feature names been swapped in some godforsaken weird way? S_921_dataframe[""combo_length""] = [len(i) for i in list(S_921_dataframe.index)] S_921_dataframe[""combo_signature""] = [i for i in list(S_921_dataframe.index)] # print(S_921_dataframe.loc(S_921_dataframe.groupby([""combo_length""]).idxmax())) max_idx = (S_921_dataframe.groupby([""combo_length""])[""PCC""].transform(max) == S_921_dataframe[""PCC""]) S_921_max_results = S_921_dataframe[max_idx] S_921_max_results"
Quick_Dirty_MPNN_ML_V2_V2.ipynb	31	code		True	"S_669_dataframe = pd.DataFrame.from_dict(results_tracking_dict['S_669'],orient=""index"",columns=[""PCC""]) S_669_dataframe = S_669_dataframe.round(decimals=3) # now, create another dataframe from ""S_921_dataframe"" called ""S_921_dataframe_reduced"", # where the rows containing max vals among 1,2,3,4,5, and 6 combos will be saved # as a result, this reduced dataframe will contain only 6 rows # create a new column in the dataframe containing the length of the repsective index values # then we can group by this column, and then take the max from each group to get the desired reduced dataFrame # for index, row in S_921_dataframe.iterrows(): # # print(row[""PCC""]) # print(len(index)) # what the fuck is wrong with the index vals? # why the fuck have the feature names been swapped in some godforsaken weird way? S_669_dataframe[""combo_length""] = [len(i) for i in list(S_669_dataframe.index)] S_669_dataframe[""combo_signature""] = [i for i in list(S_669_dataframe.index)] # print(S_921_dataframe.loc(S_921_dataframe.groupby([""combo_length""]).idxmax())) max_idx = (S_669_dataframe.groupby([""combo_length""])[""PCC""].transform(max) == S_669_dataframe[""PCC""]) S_669_max_results = S_669_dataframe[max_idx] S_669_max_results"
Quick_Dirty_MPNN_ML_V2_V2.ipynb	32	code		True	"Ssym_dataframe = pd.DataFrame.from_dict(results_tracking_dict['Ssym'],orient=""index"",columns=[""PCC""]) Ssym_dataframe = Ssym_dataframe.round(decimals=3) # now, create another dataframe from ""S_921_dataframe"" called ""S_921_dataframe_reduced"", # where the rows containing max vals among 1,2,3,4,5, and 6 combos will be saved # as a result, this reduced dataframe will contain only 6 rows # create a new column in the dataframe containing the length of the repsective index values # then we can group by this column, and then take the max from each group to get the desired reduced dataFrame # for index, row in S_921_dataframe.iterrows(): # # print(row[""PCC""]) # print(len(index)) # what the fuck is wrong with the index vals? # why the fuck have the feature names been swapped in some godforsaken weird way? Ssym_dataframe[""combo_length""] = [len(i) for i in list(Ssym_dataframe.index)] Ssym_dataframe[""combo_signature""] = [i for i in list(Ssym_dataframe.index)] # print(S_921_dataframe.loc(S_921_dataframe.groupby([""combo_length""]).idxmax())) max_idx = (Ssym_dataframe.groupby([""combo_length""])[""PCC""].transform(max) == Ssym_dataframe[""PCC""]) Ssym_max_results = Ssym_dataframe[max_idx] Ssym_max_results"
Quick_Dirty_MPNN_ML_V2_V2.ipynb	33	code		False	"# another level of de-correlation by holding out mutations from a specific number of proteins for each of the random forests, and take their ensemble prediction # as the final prediction? # for this, let us at first get the ids of all the S_2648 proteins from the corresponding two-level dict that are not in the corresponding proteins_to_skip_list pdbIds_avail = [] n_muts = [] list_feature_importances = [] for prot,muts in list_two_level_dict[0].items(): if prot not in list_proteins_to_skip[0]: for mut in muts: pdbIds_avail.append(prot) # adding second time for the reverse mutation, since we are trianing on a reverse-augmented version of S_2648 pdbIds_avail.append(prot) id_set = set(pdbIds_avail) pdbIds_avail = np.array(pdbIds_avail) number_of_proteins_in_the_validation_set = 100 # ""n_ensemble"" is the number of random forests to be trained on different protein-level mutant subsets # the subsets will contain all the forward and reverse mutations from the same protein n_ensemble = 20 # ""rf_models"" list will hold the models trained on different protein-level mutation subsets rf_models = [] for i in range(n_ensemble): cur_iteration_X = [] cur_iteration_y = [] val_proteins = random.sample(id_set, k=number_of_proteins_in_the_validation_set) val_indices = (np.where(np.isin(pdbIds_avail, val_proteins) == True))[0] for j,(X,y) in enumerate(zip(S_2648_X_aug,S_2648_y_aug)): if j not in val_indices: cur_iteration_X.append(X) cur_iteration_y.append(y) cur_iteration_X = np.array(cur_iteration_X) cur_iteration_y = np.array(cur_iteration_y) l_model = RandomForestRegressor(min_samples_split="
Quick_Dirty_MPNN_ML_V2_V2.ipynb	34	code		False	# Now, we just have to take ensemble predictions, and see how it goes.....TADAAAA # the elements of these lists are going to be numpy arrays full of predictions # for the corresponding datasets made by each of the trained and saved RF models in the above cell # S_2648_predictions = [] S_921_predictions = [] S_669_predictions = [] Ssym_predictions = [] for rf in rf_models: # S_2648_predictions.append() S_921_predictions.append(rf.predict(S_921_X_aug[:,[0,4,5,7]])) S_669_predictions.append(rf.predict(S_669_X_aug[:,[0,4,5,7]])) Ssym_predictions.append(rf.predict(Ssym_X_aug[:,[0,4,5,7]]))
Quick_Dirty_MPNN_ML_V2_V2.ipynb	36	code		True	"for i in range(n_ensemble-1): print(n_muts[i]) # print(pearsonr(S_921_predictions[i],S_921_predictions[i+1])) print(pearsonr(S_921_predictions[i],S_921_y_aug)) # print(pearsonr(S_669_predictions[i],S_669_predictions[i+1])) print(pearsonr(S_669_predictions[i],S_669_y_aug)) print(pearsonr(Ssym_predictions[i],Ssym_y_aug)) print(list_feature_importances[i]) print(""........................................."")"
Quick_Dirty_MPNN_ML_V2_V2.ipynb	37	code		True	# pairwise-correlation heatmaps for manuscript import pandas as pd import seaborn as sns df_Ssym = pd.DataFrame( {'P_DP-(A)': Ssym_X[:,0], 'Neighbor_Reverse_KL-(B)' : Ssym_X[:,4], 'Neighbor_Attention_Change_(W/M)-(C)' : Ssym_X[:,7], 'Neighbor_Energy_Change-(D)' : Ssym_X[:,2], 'Neighbor_Entropy_Change-(E)' : Ssym_X[:,6], 'P_DEC-(F)': Ssym_X[:,5], }) corr = df_Ssym.corr() sns.set(font_scale=1.4) sns.heatmap(corr, xticklabels=corr.columns, yticklabels=corr.columns)
Quick_Dirty_MPNN_ML_V2_V2.ipynb	38	code		True	# pairwise-correlation heatmaps for manuscript import pandas as pd import seaborn as sns df_Ssym = pd.DataFrame( {'A': S_2648_X[:,0], 'B' : S_2648_X[:,4], 'C' : S_2648_X[:,7], 'D' : S_2648_X[:,2], 'E' : S_2648_X[:,6], 'F': S_2648_X[:,5] }) corr = df_Ssym.corr() sns.set(font_scale=1.4) sns.heatmap(corr, xticklabels=corr.columns, yticklabels=corr.columns)
Quick_Dirty_MPNN_ML_V2_V2.ipynb	39	code		False	import pandas as pd import seaborn as sns df_Ssym = pd.DataFrame( {'P_DP': S_2648_X[:,0], 'P_DEC': S_2648_X[:,5], 'Neighbor_Reverse_KL' : S_2648_X[:,4], 'Neighbor_Attention_Change_(W/M)' : S_2648_X[:,7], 'Neighbor_Energy_Change' : S_2648_X[:,2], 'Neighbor_Entropy_Change' : S_2648_X[:,6] }) corr = df_Ssym.corr() sns.set(font_scale=1.4) sns.heatmap(corr, xticklabels=corr.columns, yticklabels=corr.columns)
Quick_Dirty_MPNN_ML_V2_V2.ipynb	40	code		True	# pairwise-correlation heatmaps for manuscript import pandas as pd import seaborn as sns df_Ssym = pd.DataFrame( {'P_DP': S_669_X[:,0], 'P_DEC': S_669_X[:,5], 'Neighbor_Reverse_KL' : S_669_X[:,4], 'Neighbor_Attention_Change_(W/M)' : S_669_X[:,7], 'Neighbor_Energy_Change' : S_669_X[:,2], 'Neighbor_Entropy_Change' : S_669_X[:,6] }) corr = df_Ssym.corr() sns.set(font_scale=1.4) sns.heatmap(corr, xticklabels=corr.columns, yticklabels=corr.columns)
Quick_Dirty_MPNN_ML_V2_V2.ipynb	41	code		True	# pairwise-correlation heatmaps for manuscript import pandas as pd import seaborn as sns df_Ssym = pd.DataFrame( {'P_DP': Ssym_X[:,0], 'P_DEC': Ssym_X[:,5], 'Neighbor_Reverse_KL' : Ssym_X[:,4], 'Neighbor_Attention_Change_(W/M)' : Ssym_X[:,7], 'Neighbor_Energy_Change' : Ssym_X[:,2], 'Neighbor_Entropy_Change' : Ssym_X[:,6] }) corr = df_Ssym.corr() sns.set(font_scale=1.4) sns.heatmap(corr, xticklabels=corr.columns, yticklabels=corr.columns)
Quick_Dirty_MPNN_ML_V2_V2.ipynb	42	code		True	# pairwise-correlation heatmaps for manuscript import pandas as pd import seaborn as sns df_Ssym = pd.DataFrame( {'P_DP': S_921_X[:,0], 'P_DEC': S_921_X[:,5], 'Neighbor_Reverse_KL' : S_921_X[:,4], 'Neighbor_Attention_Change_(W/M)' : S_921_X[:,7], 'Neighbor_Energy_Change' : S_921_X[:,2], 'Neighbor_Entropy_Change' : S_921_X[:,6] }) corr = df_Ssym.corr() sns.set(font_scale=1.4) sns.heatmap(corr, xticklabels=corr.columns, yticklabels=corr.columns)
Quick_Dirty_MPNN_ML_V2_V3.ipynb	2	code	3	False	import numpy as np import pickle import os from tqdm.notebook import tqdm from Bio.PDB.Polypeptide import * from Bio.PDB import * import random
Quick_Dirty_MPNN_ML_V2_V3.ipynb	3	code	4	False	from sklearn.linear_model import LinearRegression from sklearn.linear_model import Ridge from sklearn.linear_model import Lasso from sklearn.ensemble import RandomForestRegressor, AdaBoostRegressor from sklearn.tree import DecisionTreeRegressor from sklearn.preprocessing import StandardScaler from sklearn.decomposition import PCA from sklearn.decomposition import KernelPCA from scipy.stats import entropy from scipy.special import softmax from scipy.special import kl_div from scipy.stats import pearsonr from sklearn.svm import SVR from sklearn.preprocessing import Normalizer from sklearn.ensemble import GradientBoostingRegressor import pandas as pd
Quick_Dirty_MPNN_ML_V2_V3.ipynb	4	code	5	False	"# S_669_pmppn_info_dict_V2.pickle with open(""S_2648_pmppn_info_dict_V3.pickle"",""rb"") as f: S_2648_two_level_dict = pickle.load(f) with open(""S_921_pmppn_info_dict_V3.pickle"",""rb"") as f: S_921_two_level_dict = pickle.load(f) with open(""S_669_pmppn_info_dict_V3.pickle"",""rb"") as f: S_669_two_level_dict = pickle.load(f) with open(""Ssym_pmppn_info_dict_V3.pickle"",""rb"") as f: Ssym_two_level_dict = pickle.load(f)"
Quick_Dirty_MPNN_ML_V2_V3.ipynb	7	code	8	False	"# Create the six numpy arrays here, and then perform training on the next cell X_2648 = [] y_2648 = [] X_921 = [] y_921 = [] X_669 = [] y_669 = [] X_Ssym = [] y_Ssym = [] # the neighbor_embedding vectors are being saved in raw format (without minus, ratio, or anything) here for tyler derr feature extraction # for each mutation, we should have 30 of these vectors for each mutation (15 for wildtype center, and 15 for mutated center) neighbor_embeddings_X_2648 = [] neighbor_embeddings_X_921 = [] neighbor_embeddings_X_669 = [] neighbor_embeddings_X_Ssym = [] # the message_embedding vectors are being saved in unprocessed format here for tyler derr feature extraction message_embeddings_X_2648 = [] message_embeddings_X_921 = [] message_embeddings_X_669 = [] message_embeddings_X_Ssym = [] # This list will correspond to the ""list_mapping_dict,list_dataset_names,list_two_level_dict,list_proteins_to_skip"" lists in the above cells, # and hold (X,y) tuples corresponding to the three datasets in the same order as those lists # currently, I intend to train, and test the model on ""mut_wild_predictions"",""entropy_predictions"", ""neighbor_energy_change_predictions"", ""neighbor_forward_KL_predictions"", # and ""neighbor_backward_KL_predictions"" # fourth and fifth features can probably be reduced to one feature by (0.5*fourth_feature+0.5*fifth_feature) since both of them are extremely correlated list_X = [X_2648,X_921,X_669,X_Ssym] list_y = [y_2648,y_921,y_669,y_Ssym] # the two lines below are for tyler derr features neighbor_embeddings_list_X = [neighbor_embeddings_X_2648,neighbor_embeddings_X_921"
Quick_Dirty_MPNN_ML_V2_V3.ipynb	9	code	10	True	"# Now, do concatenation, PCA, and whatever you might need to do full_n_e_c_raw_2648 = np.concatenate(n_e_c_raw_2648,axis=0) reduced_dimension = 5 pca_obj = PCA(n_components=reduced_dimension) kpca_obj = KernelPCA(n_components=reduced_dimension+5,kernel=""rbf"") number_of_poins_selected_for_kpca = 10000 random_kpca_indices = np.random.choice(full_n_e_c_raw_2648.shape[0],size=number_of_poins_selected_for_kpca,replace=False) scaling_obj = StandardScaler() scaling_obj.fit(full_n_e_c_raw_2648) pca_obj.fit(scaling_obj.transform(full_n_e_c_raw_2648[random_kpca_indices,:])) print(pca_obj.explained_variance_ratio_) # Take 5 components from both pca and kernel-pca, and test the correlation of summed neighbors # fit kernel-pca on randomly sampled values from the first dimension of ""full_n_e_c_raw_2648"" # for reverse mutations, take (-1)*forward vector, and then transform that vector # should reverse mutations be added before fitting PCA? # for now, leave that, and do the experiments fast kpca_obj.fit(scaling_obj.transform(full_n_e_c_raw_2648[random_kpca_indices,:])) print(kpca_obj.eigenvalues_) print(full_n_e_c_raw_2648.shape) print(type(full_n_e_c_raw_2648))"
Quick_Dirty_MPNN_ML_V2_V3.ipynb	10	code	11	True	"# same thing as the cell above, done here for projecting the message changes instead of the embedding changes down to lower dimension full_n_m_c_raw_2648 = np.concatenate(n_m_c_raw_2648,axis=0) reduced_dimension = 5 m_pca_obj = PCA(n_components=reduced_dimension) m_kpca_obj = KernelPCA(n_components=reduced_dimension+5,kernel=""rbf"") number_of_poins_selected_for_kpca = 10000 random_kpca_indices = np.random.choice(full_n_m_c_raw_2648.shape[0],size=number_of_poins_selected_for_kpca,replace=False) m_scaling_obj = StandardScaler() m_scaling_obj.fit(full_n_m_c_raw_2648) m_pca_obj.fit(m_scaling_obj.transform(full_n_m_c_raw_2648[random_kpca_indices,:])) print(m_pca_obj.explained_variance_ratio_) # Take 5 components from both pca and kernel-pca, and test the correlation of summed neighbors # fit kernel-pca on randomly sampled values from the first dimension of ""full_n_e_c_raw_2648"" # for reverse mutations, take (-1)*forward vector, and then transform that vector # should reverse mutations be added before fitting PCA? # for now, leave that, and do the experiments fast m_kpca_obj.fit(m_scaling_obj.transform(full_n_m_c_raw_2648[random_kpca_indices,:])) print(m_kpca_obj.eigenvalues_) print(full_n_m_c_raw_2648.shape) print(type(full_n_m_c_raw_2648))"
Quick_Dirty_MPNN_ML_V2_V3.ipynb	11	code		False	"# Now, use the pca and kpca_objects trained in the above cell to add two features to each of the mutants for X, neighbor_embeddings, message_embeddings in zip(list_X,neighbor_embeddings_list_X,message_embeddings_list_X): for instance,embedding,message in zip(X,neighbor_embeddings,message_embeddings): # perform PCA-based featurization right here, and put those features back into ""instance"" # at first, project the (15,128) matrix into a (15,5) matrix by taking the top 5 principal components cur_pca_reduced_matrix = pca_obj.transform(scaling_obj.transform(instance[-4])) cur_kpca_reduced_matrix = kpca_obj.transform(scaling_obj.transform(instance[-4])) rev_cur_pca_reduced_matrix = pca_obj.transform(scaling_obj.transform(instance[-3])) rev_cur_kpca_reduced_matrix = kpca_obj.transform(scaling_obj.transform(instance[-3])) # same thing as the above four lines, for message-change instead of embedding-change m_cur_pca_reduced_matrix = m_pca_obj.transform(m_scaling_obj.transform(instance[-2])) m_cur_kpca_reduced_matrix = m_kpca_obj.transform(m_scaling_obj.transform(instance[-2])) m_rev_cur_pca_reduced_matrix = m_pca_obj.transform(m_scaling_obj.transform(instance[-1])) m_rev_cur_kpca_reduced_matrix = m_kpca_obj.transform(m_scaling_obj.transform(instance[-1])) # now, sum() ""cur_pca_reduced_matrix"" and ""cur_kpca_reduced_matrix"" across dimension 0, and add those as last two entries of instance cur_pca_reduced_sum_feature = cur_pca_reduced_matrix.sum(axis=0) cur_kpca_reduced_sum_feature = cur_kpca_reduced_matrix.sum(axis=0) rev_cur_pca_reduced_sum_feature = rev_cur_pca_reduced_matrix.sum(ax"
Quick_Dirty_MPNN_ML_V2_V3.ipynb	12	code	13	False	S_2648_X = np.array(list_X[0]) S_2648_y = np.array(list_y[0]) S_921_X = np.array(list_X[1]) S_921_y = np.array(list_y[1]) S_669_X = np.array(list_X[2]) S_669_y = np.array(list_y[2]) # Flipping the signs of the experimental DDG values in S_669_y to get coherent correlations (positive and higher is better) S_669_y = S_669_y * (-1) Ssym_X = np.array(list_X[3]) Ssym_y = np.array(list_y[3])
Quick_Dirty_MPNN_ML_V2_V3.ipynb	13	code	14	True	"# print(""S_921 single-feature correlations at a glance"") # print(pearsonr(S_921_y,S_921_X[:,0])) # print(pearsonr(S_921_y,S_921_X[:,7])) # print(pearsonr(S_921_y,S_921_X[:,8])) # print(pearsonr(S_921_y,S_921_X[:,71])) #RATIO # print(pearsonr(S_921_y,S_921_X[:,73])) #DIFF # print(pearsonr(S_921_y,S_921_X[:,72])) #RATIO # print(pearsonr(S_921_y,S_921_X[:,74])) #DIFF # print(""............................................."") # print(""S_669 single-feature correlations at a glance"") # print(pearsonr(S_669_y,S_669_X[:,0])) # print(pearsonr(S_669_y,S_669_X[:,7])) # print(pearsonr(S_669_y,S_669_X[:,8])) # print(pearsonr(S_669_y,S_669_X[:,71])) #RATIO # print(pearsonr(S_669_y,S_669_X[:,73])) #DIFF # print(pearsonr(S_669_y,S_669_X[:,72])) #RATIO # print(pearsonr(S_669_y,S_669_X[:,74])) #DIFF # print(""............................................."") print(""S_2648 single-feature correlations at a glance"") print(pearsonr(S_2648_y,S_2648_X[:,0])) print(pearsonr(S_2648_y,S_2648_X[:,7])) print(pearsonr(S_2648_y,S_2648_X[:,8])) print(pearsonr(S_2648_y,S_2648_X[:,71])) #RATIO print(pearsonr(S_2648_y,S_2648_X[:,73])) #DIFF print(pearsonr(S_2648_y,S_2648_X[:,72])) #RATIO print(pearsonr(S_2648_y,S_2648_X[:,74])) #DIFF print(""............................................."") # print(""Ssym single-feature correlations at a glance"") # print(pearsonr(Ssym_y,Ssym_X[:,0])) # print(pearsonr(Ssym_y,Ssym_X[:,7])) # print(pearsonr(Ssym_y,Ssym_X[:,8])) # print(pearsonr(Ssym_y,Ssym_X[:,71])) #RATIO # print(pearsonr(Ssym_y,Ssym_X[:,73])) #DIFF # print(pearsonr(Ssym_y,Ssym_X[:,72])) #RATIO # print(pearsonr(Ssym_y,"
Quick_Dirty_MPNN_ML_V2_V3.ipynb	14	code	15	True	"# Neighbor Embedding difference-norm feature section logic graph import seaborn as sns import matplotlib.pyplot as plt sns.set(font_scale=1.7) # This d_1 will be created from PCC between S_2648_y and columns (71 and 73) of S_2648_X PCC_ratio = round(pearsonr(S_2648_y,S_2648_X[:,71])[0],2) PCC_diff = round(pearsonr(S_2648_y,S_2648_X[:,73])[0],2) print(PCC_ratio,PCC_diff) dpi_loc = 100 fig = plt.figure(figsize=(7, 5), dpi=dpi_loc) ax = fig.add_axes([0,0,1,1]) # ""CN"" is the short form of Change-Norm methods = ['NR','CN'] vals = [PCC_ratio,PCC_diff] plt.ylabel(""PCC"",fontsize=18,fontweight=""bold"",fontfamily=""serif"") plt.xlabel(""Change Encoding Scheme"",fontsize=18,fontweight=""bold"",fontfamily=""serif"") plt.xticks(fontsize=18,fontweight=""bold"",fontfamily=""serif"") plt.yticks(fontsize=18,fontweight=""bold"",fontfamily=""serif"") ax.bar(methods,vals,color=""BG"",width=0.5) plt.show() # fig = plt.figure(figsize=(6,4)) # ax = fig.add_axes([0,0,1,1]) # methods = ['PMPNN_DEP','PMPNN_ET','PMPNN_DEP_ET','PSSM_DEC','PMPNN_DEP_PSSM_DEC'] # vals = [0.34,0.26,0.34,0.18,0.36] # plt.ylabel(""Pearson Correlation"",fontsize=18) # plt.xlabel(""Informative Features"",fontsize=18) # plt.xticks(fontsize=18, rotation=90) # plt.yticks(fontsize=18) # plt.ylim(0.10,0.40) # ax.bar(methods,vals,color=""maroon"",width=0.3) # plt.show()"
Quick_Dirty_MPNN_ML_V2_V3.ipynb	15	code	16	True	"# Message difference-norm feature section logic graph import seaborn as sns import matplotlib.pyplot as plt sns.set(font_scale=1.7) # This d_1 will be created from PCC between S_2648_y and columns (71 and 73) of S_2648_X PCC_ratio = abs(round(pearsonr(S_2648_y,S_2648_X[:,72])[0],2)) PCC_diff = abs(round(pearsonr(S_2648_y,S_2648_X[:,74])[0],2)) print(PCC_ratio,PCC_diff) dpi_loc = 100 fig = plt.figure(figsize=(7, 5), dpi=dpi_loc) ax = fig.add_axes([0,0,1,1]) # ""CN"" is the short form of Change-Norm methods = ['NR','CN'] vals = [PCC_ratio,PCC_diff] plt.ylabel(""PCC"",fontsize=18,fontweight=""bold"",fontfamily=""serif"") plt.xlabel(""Change Encoding Scheme"",fontsize=18,fontweight=""bold"",fontfamily=""serif"") plt.xticks(fontsize=18,fontweight=""bold"",fontfamily=""serif"") plt.yticks(fontsize=18,fontweight=""bold"",fontfamily=""serif"") ax.bar(methods,vals,color=""BG"",width=0.5) plt.show()"
Quick_Dirty_MPNN_ML_V2_V3.ipynb	16	code	24	True	"import seaborn as sns import matplotlib.pyplot as plt import numpy as np sns.set(font_scale=1.7) neighbor_ratio_PCC = round(pearsonr(S_2648_y,S_2648_X[:,71])[0],2) neighbor_diff_PCC = round(pearsonr(S_2648_y,S_2648_X[:,73])[0],2) message_ratio_PCC = abs(round(pearsonr(S_2648_y,S_2648_X[:,72])[0],2)) message_diff_PCC = abs(round(pearsonr(S_2648_y,S_2648_X[:,74])[0],2)) # set height of bar message_PCC_vals = [message_ratio_PCC,message_diff_PCC] neighbor_PCC_vals = [neighbor_ratio_PCC,neighbor_diff_PCC] encoding_sceheme_names = [""NR"",""CN""] dpi_loc = 200 barWidth = 0.50 fig, axes = plt.subplots(2,1,sharex=True,sharey=True,figsize=(5, 5),dpi=dpi_loc) ax1,ax2 = axes plt.sca(ax1) plt.ylabel(""PCC"",fontsize=12,fontweight=""bold"",fontfamily=""serif"") plt.ylim(0.00,0.40) plt.bar(x=encoding_sceheme_names, height=message_PCC_vals, color ='g', width = barWidth, edgecolor ='grey', label ='message_change_encoding') legend_prop={'size': 10, 'weight':""bold""} plt.legend(prop=legend_prop) plt.sca(ax2) plt.ylabel(""PCC"",fontsize=12,fontweight=""bold"",fontfamily=""serif"") # plt.ylim(0.30,0.85) plt.bar(x=encoding_sceheme_names,height=neighbor_PCC_vals, color ='r', width = barWidth, edgecolor ='grey', label ='embedding_change_encoding') plt.xlabel(""Change Encoding Scheme"",fontsize=12,fontweight=""bold"",fontfamily=""serif"") plt.xticks(fontsize=12,fontweight=""bold"",fontfamily=""serif"") legend_prop={'size': 10, 'weight':""bold""} plt.legend(prop=legend_prop) plt.tight_layout() plt.show()"
Quick_Dirty_MPNN_ML_V2_V3.ipynb	17	code		True	# Neighbor Message norm-ratio feature section logic graph import seaborn as sns import matplotlib.pyplot as plt import pandas as pd sns.set(font_scale=1.7) # This d_1 will be created from PCC between S_2648_y and columns (71 and 73) of S_2648_X PCC_ratio = pearsonr(S_2648_y,S_2648_X[:,71])[0] PCC_diff = pearsonr(S_2648_y,S_2648_X[:,73])[0] print(PCC_ratio,PCC_diff)
Quick_Dirty_MPNN_ML_V2_V3.ipynb	18	code		False	S_2648_X_aug = [] S_2648_y_aug = [] # the two variables below will help to take out the reverse-mutant PCA features out of X n_pca_features = 5 n_kpca_features = 10 for i,(X,y) in enumerate(zip(S_2648_X,S_2648_y)): forward_X = [] # adding non-pca features forward_X.extend(X[0:11]) # adding neighbor-pca features forward_X.extend(X[11:16]) # adding neighbor-kpca features forward_X.extend(X[16:26]) # adding m_pca features forward_X.extend(X[41:46]) # adding m_kpca features forward_X.extend(X[46:56]) S_2648_X_aug.append(np.array(forward_X)) # reverse-mutant addition START rev_X = np.zeros_like(S_2648_X_aug[-1]) rev_X[0] = -1*X[0] rev_X[1] = X[1] rev_X[2] = -1*X[2] rev_X[3] = X[4] rev_X[4] = X[3] rev_X[5] = -1*X[5] rev_X[6] = -1*X[6] rev_X[7] = 1/X[7] rev_X[8] = X[8] rev_X[9] = X[10] rev_X[10] = X[9] rev_X[11:16] = X[26:31] rev_X[16:26] = X[31:41] rev_X[26:31] = X[56:61] rev_X[31:41] = X[61:71] S_2648_X_aug.append(rev_X) ### reverse addition END S_2648_y_aug.append(y) S_2648_y_aug.append(-1*y) S_2648_X_aug = np.array(S_2648_X_aug) S_2648_y_aug = np.array(S_2648_y_aug) S_921_X_aug = [] S_921_y_aug = [] for i,(X,y) in enumerate(zip(S_921_X,S_921_y)): forward_X = [] # adding non-pca features forward_X.extend(X[0:11]) # adding neighbor-pca features forward_X.extend(X[11:16]) # adding neighbor-kpca features forward_X.extend(X[16:26]) # adding m_pca features forward_X.extend(X[41:46]) # adding m_kpca features forward_X.extend(X[46:56]) S_921_X_aug.append(np.array(forward_X)) # reverse-mutant addition START rev_X = np.zeros_like(S_921_X_aug[-1]) rev_X[0] = -1*X[0] rev_X[1] = X[1] rev_X
Quick_Dirty_MPNN_ML_V2_V3.ipynb	19	code		True	# Now, traing linear regression on S_2648, and test on S_921 and S_669 # the setting reg = Ridge(alpha=0.2,normalize=True).fit(S_2648_X_aug[:,[0,2,4,5]], S_2648_y_aug) seems quite good # Ridge(alpha=0.25,normalize=True).fit(S_2648_X_aug[:,[0,2,4,5]], S_2648_y_aug) is also good # Ridge(alpha=0,normalize=True) is also not bad # (center_mut_wild_energy,weighted_neighbor_energy_changes,weighted_neighbor_backward_KL,PSSM) seems the best combination for now # also, ridge with alpha=0.4 seems the best for now (specially, for S_669) # also, ridge with alpha=0.9, and (center_mut_wild_energy,weighted_neighbor_backward_KL,PSSM) gets the maximum for S_669 while reducing for S_sym # used_features = [0,2,4,5,6,7,8,9,10,16,17,18,19,20,21,22,23,24,25,31,32,33,34,35] # used_features = [0,2,4,5,6,7,8,9,10,16,17,18,19,20,21,22,23,24,25,31,32,33,34,35] used_features = [0,5,6,7,8,9,10,31,32,33,34,35] # used_features = [0,2,4,5,6,7,8,9,10,16,17,18,19,20,21,22,23,24,25,31,32,33,34,35] reg = Ridge(alpha=0,normalize=True,max_iter=5000000).fit(S_2648_X_aug[:,used_features], S_2648_y_aug) print(pearsonr(S_2648_y_aug,reg.predict(S_2648_X_aug[:,used_features]))) print(pearsonr(S_921_y_aug[0::2],reg.predict(S_921_X_aug[0::2,used_features]))) print(pearsonr(S_669_y_aug,reg.predict(S_669_X_aug[:,used_features]))) print(pearsonr(Ssym_y_aug,reg.predict(Ssym_X_aug[:,used_features])))
Quick_Dirty_MPNN_ML_V2_V3.ipynb	21	code		True	"# used_features = [0,2,4,5,6,7,8,9,10,20,16,17,18,19,11,12,13,14,15,21,22,23,24,25] # used_features = [0,5,6,7,8,9,10,20,16,17,18,19] # used_features = [0,2,4,5,6,7,8,9,10,20,16,17,18,19,11,21,22,23,24,25] # used_features = [0,2,4,5,6,7,8,9,10,20,16,17,18,19,11,12,13,14,15,21,22,23,24,25,26,31,32,33,34,35,36,37,38,39,40] # used_features = [0,2,4,5,6,7,8,9,10,20,16,17,18,19,11,12,13,14,15,21,22,23,24,25,26,31,32,33,34,35,36,37] # used_features = [0,5,9,10,20,16,17,18,19,11,12,13,14,15,21,22,23,24,25,26,31,32,33,34,35,36,37] # used_features = [0,2,4,5,6,7,8,9,10,16,17,18,19,20,21,22,23,24,25,31,32,33,34,35,36,37] # used_features = [0,2,4,5,6,7,8,9,10,16,17,18,19,20,21,22,23,24,25,31,32,33,34,35] # used_features = [0,2,4,5,6,7,8,9,10,16,17,18,19,20,21,22,23,24,25] # used_features = [0,4,5,6,7,8,9,10,31,32,33,34,35] used_features = [0,5,6,7,8,9,10,31,32,33,34,35] rf_5 = RandomForestRegressor(min_samples_split=2,n_estimators=500,max_samples=0.5,max_features=""sqrt"").fit(S_2648_X_aug[:,used_features],S_2648_y_aug) print(pearsonr(S_2648_y_aug,rf_5.predict(S_2648_X_aug[:,used_features]))) print(pearsonr(S_921_y,rf_5.predict(S_921_X_aug[0::2,used_features]))) print(pearsonr(S_669_y,rf_5.predict(S_669_X_aug[0::2,used_features]))) print(pearsonr(Ssym_y,rf_5.predict(Ssym_X_aug[0::2,used_features]))) rf_5.feature_importances_"
Quick_Dirty_MPNN_ML_V2_V3.ipynb	22	code		True	"used_features = [0,5,6,7,8,9,10,31,32,33,34,35] rf_5 = RandomForestRegressor(min_samples_split=2,n_estimators=500,max_samples=0.5,max_features=""sqrt"").fit(S_2648_X_aug[:,used_features],S_2648_y_aug) print(pearsonr(S_2648_y_aug,rf_5.predict(S_2648_X_aug[:,used_features]))) print(pearsonr(S_921_y,rf_5.predict(S_921_X_aug[0::2,used_features]))) print(pearsonr(S_669_y,rf_5.predict(S_669_X_aug[0::2,used_features]))) print(pearsonr(Ssym_y,rf_5.predict(Ssym_X_aug[0::2,used_features]))) rf_5.feature_importances_"
Quick_Dirty_MPNN_ML_V2_V3.ipynb	23	code		True	"import pandas as pd import seaborn as sns import matplotlib.pyplot as plt used_features = [0,5,6,7,8,9,10,31,32,33,34,35] df_S_2648 = pd.DataFrame( {'DDG' : S_2648_y_aug[0::2], 'A': S_2648_X_aug[0::2,0], # 'P_DEC': Ssym_X[0::2,5], 'B' : S_2648_X_aug[0::2,6], 'C' : S_2648_X_aug[0::2,7], 'D' : S_2648_X_aug[0::2,8], # 'pssm_wild' : Ssym_X[0::2,9], # 'pssm_alternate' : Ssym_X[0::2,10], 'E-1' : S_2648_X_aug[0::2,31], 'E-2' : S_2648_X_aug[0::2,32], 'E-3' : S_2648_X_aug[0::2,33], 'E-4' : S_2648_X_aug[0::2,34], 'E-5' : S_2648_X_aug[0::2,35], 'F' : S_2648_X_aug[0::2,5], 'G' : S_2648_X_aug[0::2,9], 'H' : S_2648_X_aug[0::2,10] }) corr = df_S_2648.corr() sns.set(font_scale=1.7) dpi_loc = 200 plt.figure(figsize=(7, 5), dpi=dpi_loc) g = sns.heatmap(corr, xticklabels=corr.columns, yticklabels=corr.columns, linewidths=1.5, linecolor='black', cmap=""BrBG"", vmax=1.0, vmin=-1.0) g.set_yticklabels(g.get_yticklabels(),rotation=0,fontsize=18,fontweight=""bold"",fontfamily=""serif"") g.set_xticklabels(g.get_xticklabels(),rotation=90,fontsize=18,fontweight=""bold"",fontfamily=""serif"") plt.show() plt.savefig(""Feature-Feature_Correlation.png"",dpi=dpi_loc)"
Quick_Dirty_MPNN_ML_V2_V3.ipynb	24	code		True	corr
Quick_Dirty_MPNN_ML_V2_V3.ipynb	25	code		True	"import math # # adding neighbor-pca features # rev_X[11:16] = X[26:31] # # adding neighbor-kpca features # rev_X[16:26] = X[31:41] # # adding m_pca features # rev_X[26:31] = X[56:61] # # adding m_kpca features # rev_X[31:41] = X[61:71] # This is so fucking good, I love it # used_features = [0,2,4,5,6,7,8,9,10,20,16,17,18,19,11,12,13,14,15,21,22,23,24,25] # used_features = [0,2,4,5,6,7,8,9,10,20,16,17,18,19] # used_features = [0,2,4,5,6,7,8,9,10,20,16,17,18,19,11,21,22,23,24,25] # used_features = [0,2,4,5,6,7,8,9,10,20,16,17,18,19,11,12,13,14,15,21,22,23,24,25,26,31,32,33,34,35,36,37,38,39,40] # used_features = [0,2,4,5,6,7,8,9,10,20,16,17,18,19,11,12,13,14,15,21,22,23,24,25,26,31,32,33,34,35,36,37] # used_features = [0,5,9,10,20,16,17,18,19,11,12,13,14,15,21,22,23,24,25,26,31,32,33,34,35,36,37] # used_features = [0,2,4,5,6,7,8,9,10,16,17,18,19,20,21,22,23,24,25,31,32,33,34,35] # used_features = [0,2,4,5,6,7,8,9,10,16,17,18,19,20,21,22,23,24,25,31,32,33,34,35,36,37,38,39,40] # used_features = [0,2,4,5,6,7,8,9,10,16,17,18,19,20,21,22,23,24,25] # used_features = [0,2,4,5,6,7,8,9,10,31,32,33,34,35] # used_features = [0,2,4,5,6,7,8,9,10,31,32,33,34,35] # used_features = [0,2,5,6,7,8,9,10,31,32,33,34,35] # used_features = [0,5,6,7,8,9,10,31,32,33,34,35] used_features = [0,5,6,7,8,9,10,31,32,33,34,35] rf_5 = RandomForestRegressor(min_samples_split=2,n_estimators=500,max_samples=0.5,max_features=""sqrt"").fit(S_2648_X_aug[:,used_features],S_2648_y_aug[:]) S_2648_aug_preds = rf_5.predict(S_2648_X_aug[:,used_features]) S_921_aug_preds = rf_5.predict(S_921_X_aug[:,used_features]) S_669_"
Quick_Dirty_MPNN_ML_V2_V3.ipynb	26	code		True	"feature_to_index_map = {""A"":0, ""B"":6, ""C"":7, ""D"":8, ""E"":[31,32,33,34,35], ""F"":5, ""G"":9, ""H"":10} # total_predictions need to be saved for each of the 10 models since saving model itself seems to cause memory issues # However, we only need these predictions for the full feature set, and not for every combination list_results_tracking_dict = [] list_model_tracking_dict = [] n_iterations = 10 for n_iter in tqdm(range(n_iterations)): # In the ""results_tracking_dict"" below, outer-level keys will be dataset names, and values will be dictionaries results_tracking_dict = {} # In the inner dictionaries, keys will be feature-name alphabet representations separated by (+) between them, and values will be pearson correlations on both ""direct"" and ""reverse"" mutations results_tracking_dict[""S_2648_total_PCC""] = {} results_tracking_dict[""S_2648_direct_PCC""] = {} results_tracking_dict[""S_2648_reverse_PCC""] = {} results_tracking_dict[""S_2648_total_RMSE""] = {} results_tracking_dict[""S_2648_direct_RMSE""] = {} results_tracking_dict[""S_2648_reverse_RMSE""] = {} results_tracking_dict[""S_921_total_PCC""] = {} results_tracking_dict[""S_921_direct_PCC""] = {} results_tracking_dict[""S_921_reverse_PCC""] = {} results_tracking_dict[""S_921_total_RMSE""] = {} results_tracking_dict[""S_921_direct_RMSE""] = {} results_tracking_dict[""S_921_reverse_RMSE""] = {} results_tracking_dict[""S_669_total_PCC""] = {} results_tracking_dict[""S_669_direct_PCC""] = {} results_tracking_dict[""S_669_reverse_PCC""] = {} results_tracking_dict[""S_669_total_RMSE""] = {} results_tracking_dict[""S_669_direct_RMSE""] = {} results_tracking_dict[""S"
Quick_Dirty_MPNN_ML_V2_V3.ipynb	27	code		False	"# the pickle saved in cell is to be loaded when we need to get average results, and standard daviations # import pickle # with open(""list_incremental_feature_result_dict.pickle"",""wb"") as f: # pickle.dump(list_results_tracking_dict,f)"
Quick_Dirty_MPNN_ML_V2_V3.ipynb	28	code		False	"# import pickle # with open(""list_incremental_feature_result_dict.pickle"",""rb"") as f: # list_results_tracking_dict = pickle.load(f)"
Quick_Dirty_MPNN_ML_V2_V3.ipynb	29	code		False	"# putting everything into lists for taking average, and then printing graphs, and shit # these will actually be lists of dictionaries, where averaging has to be done key-wise list_Ssym_total_PCC = [] list_Ssym_direct_PCC = [] list_Ssym_reverse_PCC = [] # list_Ssym_forward_reverse_PCC = [] list_Ssym_total_RMSE = [] list_Ssym_direct_RMSE = [] list_Ssym_reverse_RMSE = [] list_S_669_total_PCC = [] list_S_669_direct_PCC = [] list_S_669_reverse_PCC = [] # list_S_669_forward_reverse_PCC = [] list_S_669_total_RMSE = [] list_S_669_direct_RMSE = [] list_S_669_reverse_RMSE = [] list_S_921_total_PCC = [] list_S_921_direct_PCC = [] list_S_921_reverse_PCC = [] # list_S_921_forward_reverse_PCC = [] list_S_921_total_RMSE = [] list_S_921_direct_RMSE = [] list_S_921_reverse_RMSE = [] n_iterations = 10 for i in range(n_iterations): list_Ssym_total_PCC.append(list_results_tracking_dict[i][""Ssym_total_PCC""]) list_Ssym_direct_PCC.append(list_results_tracking_dict[i][""Ssym_direct_PCC""]) list_Ssym_reverse_PCC.append(list_results_tracking_dict[i][""Ssym_reverse_PCC""]) # list_Ssym_forward_reverse_PCC.append(list_results_tracking_dict[i][""Ssym_forward_reverse_PCC""]) list_Ssym_total_RMSE.append(list_results_tracking_dict[i][""Ssym_total_RMSE""]) list_Ssym_direct_RMSE.append(list_results_tracking_dict[i][""Ssym_direct_RMSE""]) list_Ssym_reverse_RMSE.append(list_results_tracking_dict[i][""Ssym_reverse_RMSE""]) list_S_669_total_PCC.append(list_results_tracking_dict[i][""S_669_total_PCC""]) list_S_669_direct_PCC.append(list_results_tracking_dict[i][""S_669_direct_PCC""]) list_S_669_reverse_PCC.append(list_results_tr"
Quick_Dirty_MPNN_ML_V2_V3.ipynb	31	code		True	# dict_mean(list_S_921_forward_reverse_PCC) # print(sum(list_S_921_forward_reverse_PCC)/len(list_S_921_forward_reverse_PCC)) # print(sum(list_S_669_forward_reverse_PCC)/len(list_S_669_forward_reverse_PCC)) # print(sum(list_Ssym_forward_reverse_PCC)/len(list_Ssym_forward_reverse_PCC))
Quick_Dirty_MPNN_ML_V2_V3.ipynb	32	code		True	dict_mean(list_Ssym_direct_PCC)
Quick_Dirty_MPNN_ML_V2_V3.ipynb	33	code		False	"# let us do some quick averaging and printing here to get the results, and put them in the table print(""............................................................"") # S_669 print(round(dict_mean(list_S_669_direct_PCC)['A+B+C+D+E+F+G+H'],2)) print(round(dict_mean(list_S_669_reverse_PCC)['A+B+C+D+E+F+G+H'],2)) print(round(dict_mean(list_S_669_total_PCC)['A+B+C+D+E+F+G+H'],2)) # print(round(sum(list_S_669_forward_reverse_PCC)/len(list_S_669_forward_reverse_PCC),2)) print(round(dict_mean(list_S_669_direct_RMSE)['A+B+C+D+E+F+G+H'],2)) print(round(dict_mean(list_S_669_reverse_RMSE)['A+B+C+D+E+F+G+H'],2)) print(round(dict_mean(list_S_669_total_RMSE)['A+B+C+D+E+F+G+H'],2)) print(""............................................................"") # Ssym print(round(dict_mean(list_Ssym_direct_PCC)['A+B+C+D+E+F+G+H'],2)) print(round(dict_mean(list_Ssym_reverse_PCC)['A+B+C+D+E+F+G+H'],2)) print(round(dict_mean(list_Ssym_total_PCC)['A+B+C+D+E+F+G+H'],2)) # print(round(sum(list_Ssym_forward_reverse_PCC)/len(list_Ssym_forward_reverse_PCC),2)) print(round(dict_mean(list_Ssym_direct_RMSE)['A+B+C+D+E+F+G+H'],2)) print(round(dict_mean(list_Ssym_reverse_RMSE)['A+B+C+D+E+F+G+H'],2)) print(round(dict_mean(list_Ssym_total_RMSE)['A+B+C+D+E+F+G+H'],2)) print(""............................................................"") # S_921 print(round(dict_mean(list_S_921_direct_PCC)['A+B+C+D+E+F+G+H'],2)) print(round(dict_mean(list_S_921_reverse_PCC)['A+B+C+D+E+F+G+H'],2)) print(round(dict_mean(list_S_921_total_PCC)['A+B+C+D+E+F+G+H'],2)) # print(round(sum(list_S_921_forward_reverse_PCC)/len(list_S_921_forward"
Quick_Dirty_MPNN_ML_V2_V3.ipynb	34	code		True	dict_mean(list_S_921_direct_PCC)
Quick_Dirty_MPNN_ML_V2_V3.ipynb	35	code		True	"# Now, slowly think how to use the dictionaries to draw the plots # subplots are going to be needed # each of the three plots (three separate figures for three separate independent test sets) # will have three subplots (total on top, direct on bottom left, reverse on bottom right) import seaborn as sns import matplotlib.pyplot as plt sns.set(font_scale=1.7) dpi_loc = 100 fig = plt.figure(figsize=(7, 3), dpi=dpi_loc) ax = fig.add_axes([0,0,1,1]) methods = [i for i in dict_mean(list_S_921_total_PCC).keys()] vals = [i for i in dict_mean(list_S_921_total_PCC).values()] plt.ylabel(""PCC"",fontsize=18,fontweight=""bold"",fontfamily=""serif"") plt.xlabel(""Incremental Feature Combinations"",fontsize=18,fontweight=""bold"",fontfamily=""serif"") plt.xticks(fontsize=18,fontweight=""bold"",fontfamily=""serif"") plt.yticks(fontsize=18,fontweight=""bold"",fontfamily=""serif"") plt.ylim(0.30,0.90) plt.xticks(rotation=90,fontsize=18,fontweight=""bold"",fontfamily=""serif"") ax.bar(methods,vals,color=""G"",width=0.5,edgecolor=""grey"") plt.tight_layout() plt.show()"
Quick_Dirty_MPNN_ML_V2_V3.ipynb	36	code		True	"# Now, slowly think how to use the dictionaries to draw the plots # subplots are going to be needed # each of the three plots (three separate figures for three separate independent test sets) # will have three subplots (total on top, direct on bottom left, reverse on bottom right) import seaborn as sns import matplotlib.pyplot as plt sns.set(font_scale=1.7) dpi_loc = 100 fig = plt.figure(figsize=(7, 3), dpi=dpi_loc) ax = fig.add_axes([0,0,1,1]) methods = [i for i in dict_mean(list_S_669_total_PCC).keys()] vals = [i for i in dict_mean(list_S_669_total_PCC).values()] plt.ylabel(""PCC"",fontsize=18,fontweight=""bold"",fontfamily=""serif"") plt.xlabel(""Incremental Feature Combinations"",fontsize=18,fontweight=""bold"",fontfamily=""serif"") plt.xticks(fontsize=18,fontweight=""bold"",fontfamily=""serif"") plt.yticks(fontsize=18,fontweight=""bold"",fontfamily=""serif"") plt.ylim(0.30,0.90) plt.xticks(rotation=90,fontsize=18,fontweight=""bold"",fontfamily=""serif"") ax.bar(methods,vals,color=""G"",width=0.5,edgecolor=""grey"") plt.tight_layout() plt.show()"
Quick_Dirty_MPNN_ML_V2_V3.ipynb	37	code		True	"# Now, slowly think how to use the dictionaries to draw the plots # subplots are going to be needed # each of the three plots (three separate figures for three separate independent test sets) # will have three subplots (total on top, direct on bottom left, reverse on bottom right) import seaborn as sns import matplotlib.pyplot as plt sns.set(font_scale=1.7) dpi_loc = 100 fig = plt.figure(figsize=(7, 3), dpi=dpi_loc) ax = fig.add_axes([0,0,1,1]) methods = [i for i in dict_mean(list_Ssym_total_PCC).keys()] vals = [i for i in dict_mean(list_Ssym_total_PCC).values()] plt.ylabel(""PCC"",fontsize=18,fontweight=""bold"",fontfamily=""serif"") plt.xlabel(""Incremental Feature Combinations"",fontsize=18,fontweight=""bold"",fontfamily=""serif"") plt.xticks(fontsize=18,fontweight=""bold"",fontfamily=""serif"") plt.yticks(fontsize=18,fontweight=""bold"",fontfamily=""serif"") plt.ylim(0.30,0.90) plt.xticks(rotation=90,fontsize=18,fontweight=""bold"",fontfamily=""serif"") ax.bar(methods,vals,color=""G"",width=0.5,edgecolor=""grey"") plt.tight_layout() plt.show()"
Quick_Dirty_MPNN_ML_V2_V3.ipynb	38	code		True	"import seaborn as sns import matplotlib.pyplot as plt import numpy as np sns.set(font_scale=1.7) # set height of bar S_669_PCC_vals = [i for i in dict_mean(list_S_669_total_PCC).values()] Ssym_PCC_vals = [i for i in dict_mean(list_Ssym_total_PCC).values()] feature_combination_names = [i for i in dict_mean(list_S_669_total_PCC).keys()] dpi_loc = 200 barWidth = 0.25 fig = plt.figure(figsize=(8, 7), dpi=dpi_loc) # Set position of bar on X axis br1 = np.arange(len(feature_combination_names)) br2 = [x + barWidth for x in br1] br3 = [x + barWidth for x in br2] plt.ylabel(""PCC"",fontsize=18,fontweight=""bold"",fontfamily=""serif"") plt.xlabel(""Incremental Feature Combinations"",fontsize=18,fontweight=""bold"",fontfamily=""serif"") plt.xticks(ticks=[r + barWidth for r in range(len(feature_combination_names))],labels=feature_combination_names,rotation=90,fontsize=18,fontweight=""bold"",fontfamily=""serif"") plt.yticks(fontsize=18,fontweight=""bold"",fontfamily=""serif"") plt.ylim(0.30,0.85) # Make the plot plt.bar(br1, S_669_PCC_vals, color ='r', width = barWidth, edgecolor ='grey', label ='S_669') plt.bar(br2, Ssym_PCC_vals, color ='g', width = barWidth, edgecolor ='grey', label ='Ssym') legend_prop={'size': 12, 'weight':""bold""} plt.legend(prop=legend_prop) plt.tight_layout() plt.show()"
Quick_Dirty_MPNN_ML_V2_V3.ipynb	39	code		True	"import seaborn as sns import matplotlib.pyplot as plt import numpy as np sns.set(font_scale=1.7) # set height of bar S_669_PCC_vals = [i for i in dict_mean(list_S_669_total_PCC).values()] Ssym_PCC_vals = [i for i in dict_mean(list_Ssym_total_PCC).values()] feature_combination_names = [i for i in dict_mean(list_S_669_total_PCC).keys()] dpi_loc = 200 barWidth = 0.25 fig, axes = plt.subplots(2,1,sharex=True,sharey=True,figsize=(8, 8),dpi=dpi_loc) ax1,ax2 = axes plt.sca(ax1) plt.ylabel(""PCC"",fontsize=18,fontweight=""bold"",fontfamily=""serif"") plt.ylim(0.30,0.85) plt.bar(x=feature_combination_names, height=Ssym_PCC_vals, color ='g', width = barWidth, edgecolor ='grey', label ='Ssym') # plt.xlabel(""Incremental Feature Combinations"",fontsize=18,fontweight=""bold"",fontfamily=""serif"") # plt.xticks(rotation=90,fontsize=18,fontweight=""bold"",fontfamily=""serif"") legend_prop={'size': 8, 'weight':""bold""} plt.legend(prop=legend_prop) plt.sca(ax2) plt.ylabel(""PCC"",fontsize=18,fontweight=""bold"",fontfamily=""serif"") # plt.ylim(0.30,0.85) plt.bar(x=feature_combination_names,height=S_669_PCC_vals, color ='r', width = barWidth, edgecolor ='grey', label ='S_669') plt.xlabel(""Incremental Feature Combinations"",fontsize=18,fontweight=""bold"",fontfamily=""serif"") plt.xticks(rotation=90,fontsize=18,fontweight=""bold"",fontfamily=""serif"") legend_prop={'size': 8, 'weight':""bold""} plt.legend(prop=legend_prop) plt.tight_layout() plt.show()"
Quick_Dirty_MPNN_ML_V2_V3.ipynb	40	code		False	"# this is the old version of the feature-combination result file, where # random forest is run only once, instead of averaging the results over 10 runs # import pickle # with open(""incremental_feature_result_dict.pickle"",""wb"") as f: # pickle.dump(results_tracking_dict,f)"
Quick_Dirty_MPNN_ML_V2_V3.ipynb	41	code		False	"# import pickle # with open(""incremental_feature_result_dict.pickle"",""rb"") as f: # results_tracking_dict = pickle.load(f)"
Quick_Dirty_MPNN_ML_V2_V4.ipynb	2	code	3	False	import numpy as np import pickle import os from tqdm.notebook import tqdm from Bio.PDB.Polypeptide import * from Bio.PDB import * import random
Quick_Dirty_MPNN_ML_V2_V4.ipynb	3	code	4	False	from sklearn.linear_model import LinearRegression from sklearn.linear_model import Ridge from sklearn.linear_model import Lasso from sklearn.ensemble import RandomForestRegressor, AdaBoostRegressor from sklearn.tree import DecisionTreeRegressor from sklearn.preprocessing import StandardScaler from sklearn.decomposition import PCA from sklearn.decomposition import KernelPCA from scipy.stats import entropy from scipy.special import softmax from scipy.special import kl_div from scipy.stats import pearsonr from sklearn.svm import SVR from sklearn.preprocessing import Normalizer from sklearn.ensemble import GradientBoostingRegressor import pandas as pd
Quick_Dirty_MPNN_ML_V2_V4.ipynb	4	code	5	False	"# S_669_pmppn_info_dict_V2.pickle with open(""S_2648_pmppn_info_dict_V3.pickle"",""rb"") as f: S_2648_two_level_dict = pickle.load(f) with open(""S_921_pmppn_info_dict_V3.pickle"",""rb"") as f: S_921_two_level_dict = pickle.load(f) with open(""S_669_pmppn_info_dict_V3.pickle"",""rb"") as f: S_669_two_level_dict = pickle.load(f) with open(""Ssym_pmppn_info_dict_V3.pickle"",""rb"") as f: Ssym_two_level_dict = pickle.load(f)"
Quick_Dirty_MPNN_ML_V2_V4.ipynb	7	code	47	False	"# Create the six numpy arrays here, and then perform training on the next cell X_2648 = [] y_2648 = [] X_921 = [] y_921 = [] X_669 = [] y_669 = [] X_Ssym = [] y_Ssym = [] # the neighbor_embedding vectors are being saved in raw format (without minus, ratio, or anything) here for tyler derr feature extraction # for each mutation, we should have 30 of these vectors for each mutation (15 for wildtype center, and 15 for mutated center) neighbor_embeddings_X_2648 = [] neighbor_embeddings_X_921 = [] neighbor_embeddings_X_669 = [] neighbor_embeddings_X_Ssym = [] # the message_embedding vectors are being saved in unprocessed format here for tyler derr feature extraction message_embeddings_X_2648 = [] message_embeddings_X_921 = [] message_embeddings_X_669 = [] message_embeddings_X_Ssym = [] # This list will correspond to the ""list_mapping_dict,list_dataset_names,list_two_level_dict,list_proteins_to_skip"" lists in the above cells, # and hold (X,y) tuples corresponding to the three datasets in the same order as those lists # currently, I intend to train, and test the model on ""mut_wild_predictions"",""entropy_predictions"", ""neighbor_energy_change_predictions"", ""neighbor_forward_KL_predictions"", # and ""neighbor_backward_KL_predictions"" # fourth and fifth features can probably be reduced to one feature by (0.5*fourth_feature+0.5*fifth_feature) since both of them are extremely correlated list_X = [X_2648,X_921,X_669,X_Ssym] list_y = [y_2648,y_921,y_669,y_Ssym] # the two lines below are for tyler derr features neighbor_embeddings_list_X = [neighbor_embeddings_X_2648,neighbor_embeddings_X_921"
Quick_Dirty_MPNN_ML_V2_V4.ipynb	9	code	49	True	"# Now, do concatenation, PCA, and whatever you might need to do full_n_e_c_raw_2648 = np.concatenate(n_e_c_raw_2648,axis=0) reduced_dimension = 5 pca_obj = PCA(n_components=reduced_dimension) kpca_obj = KernelPCA(n_components=reduced_dimension+5,kernel=""rbf"") number_of_poins_selected_for_kpca = 10000 random_kpca_indices = np.random.choice(full_n_e_c_raw_2648.shape[0],size=number_of_poins_selected_for_kpca,replace=False) scaling_obj = StandardScaler() scaling_obj.fit(full_n_e_c_raw_2648) pca_obj.fit(scaling_obj.transform(full_n_e_c_raw_2648[random_kpca_indices,:])) print(pca_obj.explained_variance_ratio_) # Take 5 components from both pca and kernel-pca, and test the correlation of summed neighbors # fit kernel-pca on randomly sampled values from the first dimension of ""full_n_e_c_raw_2648"" # for reverse mutations, take (-1)*forward vector, and then transform that vector # should reverse mutations be added before fitting PCA? # for now, leave that, and do the experiments fast kpca_obj.fit(scaling_obj.transform(full_n_e_c_raw_2648[random_kpca_indices,:])) print(kpca_obj.eigenvalues_) print(full_n_e_c_raw_2648.shape) print(type(full_n_e_c_raw_2648))"
Quick_Dirty_MPNN_ML_V2_V4.ipynb	10	code	50	True	"# same thing as the cell above, done here for projecting the message changes instead of the embedding changes down to lower dimension full_n_m_c_raw_2648 = np.concatenate(n_m_c_raw_2648,axis=0) reduced_dimension = 5 m_pca_obj = PCA(n_components=reduced_dimension) m_kpca_obj = KernelPCA(n_components=reduced_dimension+5,kernel=""rbf"") number_of_poins_selected_for_kpca = 10000 random_kpca_indices = np.random.choice(full_n_m_c_raw_2648.shape[0],size=number_of_poins_selected_for_kpca,replace=False) m_scaling_obj = StandardScaler() m_scaling_obj.fit(full_n_m_c_raw_2648) m_pca_obj.fit(m_scaling_obj.transform(full_n_m_c_raw_2648[random_kpca_indices,:])) print(m_pca_obj.explained_variance_ratio_) # Take 5 components from both pca and kernel-pca, and test the correlation of summed neighbors # fit kernel-pca on randomly sampled values from the first dimension of ""full_n_e_c_raw_2648"" # for reverse mutations, take (-1)*forward vector, and then transform that vector # should reverse mutations be added before fitting PCA? # for now, leave that, and do the experiments fast m_kpca_obj.fit(m_scaling_obj.transform(full_n_m_c_raw_2648[random_kpca_indices,:])) print(m_kpca_obj.eigenvalues_) print(full_n_m_c_raw_2648.shape) print(type(full_n_m_c_raw_2648))"
Quick_Dirty_MPNN_ML_V2_V4.ipynb	11	code		False	"# Now, use the pca and kpca_objects trained in the above cell to add two features to each of the mutants for X, neighbor_embeddings, message_embeddings in zip(list_X,neighbor_embeddings_list_X,message_embeddings_list_X): for instance,embedding,message in zip(X,neighbor_embeddings,message_embeddings): # perform PCA-based featurization right here, and put those features back into ""instance"" # at first, project the (15,128) matrix into a (15,5) matrix by taking the top 5 principal components cur_pca_reduced_matrix = pca_obj.transform(scaling_obj.transform(instance[-4])) cur_kpca_reduced_matrix = kpca_obj.transform(scaling_obj.transform(instance[-4])) rev_cur_pca_reduced_matrix = pca_obj.transform(scaling_obj.transform(instance[-3])) rev_cur_kpca_reduced_matrix = kpca_obj.transform(scaling_obj.transform(instance[-3])) # same thing as the above four lines, for message-change instead of embedding-change m_cur_pca_reduced_matrix = m_pca_obj.transform(m_scaling_obj.transform(instance[-2])) m_cur_kpca_reduced_matrix = m_kpca_obj.transform(m_scaling_obj.transform(instance[-2])) m_rev_cur_pca_reduced_matrix = m_pca_obj.transform(m_scaling_obj.transform(instance[-1])) m_rev_cur_kpca_reduced_matrix = m_kpca_obj.transform(m_scaling_obj.transform(instance[-1])) # now, sum() ""cur_pca_reduced_matrix"" and ""cur_kpca_reduced_matrix"" across dimension 0, and add those as last two entries of instance cur_pca_reduced_sum_feature = cur_pca_reduced_matrix.sum(axis=0) cur_kpca_reduced_sum_feature = cur_kpca_reduced_matrix.sum(axis=0) rev_cur_pca_reduced_sum_feature = rev_cur_pca_reduced_matrix.sum(ax"
Quick_Dirty_MPNN_ML_V2_V4.ipynb	12	code	52	False	S_2648_X = np.array(list_X[0]) S_2648_y = np.array(list_y[0]) S_921_X = np.array(list_X[1]) S_921_y = np.array(list_y[1]) S_669_X = np.array(list_X[2]) S_669_y = np.array(list_y[2]) # Flipping the signs of the experimental DDG values in S_669_y to get coherent correlations (positive and higher is better) S_669_y = S_669_y * (-1) Ssym_X = np.array(list_X[3]) Ssym_y = np.array(list_y[3])
Quick_Dirty_MPNN_ML_V2_V4.ipynb	13	code	62	True	"# print(""S_921 single-feature correlations at a glance"") # print(pearsonr(S_921_y,S_921_X[:,0])) # print(pearsonr(S_921_y,S_921_X[:,7])) # print(pearsonr(S_921_y,S_921_X[:,8])) # print(pearsonr(S_921_y,S_921_X[:,71])) #RATIO # print(pearsonr(S_921_y,S_921_X[:,73])) #DIFF # print(pearsonr(S_921_y,S_921_X[:,72])) #RATIO # print(pearsonr(S_921_y,S_921_X[:,74])) #DIFF # print(""............................................."") # print(""S_669 single-feature correlations at a glance"") # print(pearsonr(S_669_y,S_669_X[:,0])) # print(pearsonr(S_669_y,S_669_X[:,7])) # print(pearsonr(S_669_y,S_669_X[:,8])) # print(pearsonr(S_669_y,S_669_X[:,71])) #RATIO # print(pearsonr(S_669_y,S_669_X[:,73])) #DIFF # print(pearsonr(S_669_y,S_669_X[:,72])) #RATIO # print(pearsonr(S_669_y,S_669_X[:,74])) #DIFF # print(""............................................."") print(""S_2648 single-feature correlations at a glance"") print(pearsonr(S_2648_y,S_2648_X[:,0])) print(pearsonr(S_2648_y,S_2648_X[:,7])) print(pearsonr(S_2648_y,S_2648_X[:,8])) print(pearsonr(S_2648_y,S_2648_X[:,71])) #RATIO print(pearsonr(S_2648_y,S_2648_X[:,73])) #DIFF print(pearsonr(S_2648_y,S_2648_X[:,72])) #RATIO print(pearsonr(S_2648_y,S_2648_X[:,74])) #DIFF print(""............................................."") # print(""Ssym single-feature correlations at a glance"") # print(pearsonr(Ssym_y,Ssym_X[:,0])) # print(pearsonr(Ssym_y,Ssym_X[:,7])) # print(pearsonr(Ssym_y,Ssym_X[:,8])) # print(pearsonr(Ssym_y,Ssym_X[:,71])) #RATIO # print(pearsonr(Ssym_y,Ssym_X[:,73])) #DIFF # print(pearsonr(Ssym_y,Ssym_X[:,72])) #RATIO # print(pearsonr(Ssym_y,"
Quick_Dirty_MPNN_ML_V2_V4.ipynb	14	code	83	True	"# Neighbor Embedding difference-norm feature section logic graph import seaborn as sns import matplotlib.pyplot as plt sns.set(font_scale=1.7) # This d_1 will be created from PCC between S_2648_y and columns (71 and 73) of S_2648_X PCC_ratio = round(pearsonr(S_2648_y,S_2648_X[:,71])[0],2) PCC_diff = round(pearsonr(S_2648_y,S_2648_X[:,73])[0],2) print(PCC_ratio,PCC_diff) dpi_loc = 100 fig = plt.figure(figsize=(7, 5), dpi=dpi_loc) ax = fig.add_axes([0,0,1,1]) # ""CN"" is the short form of Change-Norm methods = ['CN','NR'] vals = [PCC_ratio,PCC_diff] plt.ylabel(""PCC"",fontsize=18,fontweight=""bold"",fontfamily=""serif"") plt.xlabel(""Change Encoding Scheme"",fontsize=18,fontweight=""bold"",fontfamily=""serif"") plt.xticks(fontsize=18,fontweight=""bold"",fontfamily=""serif"") plt.yticks(fontsize=18,fontweight=""bold"",fontfamily=""serif"") ax.bar(methods,vals,color=""BG"",width=0.5) plt.show() # fig = plt.figure(figsize=(6,4)) # ax = fig.add_axes([0,0,1,1]) # methods = ['PMPNN_DEP','PMPNN_ET','PMPNN_DEP_ET','PSSM_DEC','PMPNN_DEP_PSSM_DEC'] # vals = [0.34,0.26,0.34,0.18,0.36] # plt.ylabel(""Pearson Correlation"",fontsize=18) # plt.xlabel(""Informative Features"",fontsize=18) # plt.xticks(fontsize=18, rotation=90) # plt.yticks(fontsize=18) # plt.ylim(0.10,0.40) # ax.bar(methods,vals,color=""maroon"",width=0.3) # plt.show()"
Quick_Dirty_MPNN_ML_V2_V4.ipynb	15	code	84	True	"# Neighbor Embedding difference-norm feature section logic graph import seaborn as sns import matplotlib.pyplot as plt sns.set(font_scale=1.7) # This d_1 will be created from PCC between S_2648_y and columns (71 and 73) of S_2648_X PCC_ratio = abs(round(pearsonr(S_2648_y,S_2648_X[:,72])[0],2)) PCC_diff = abs(round(pearsonr(S_2648_y,S_2648_X[:,74])[0],2)) print(PCC_ratio,PCC_diff) dpi_loc = 100 fig = plt.figure(figsize=(7, 5), dpi=dpi_loc) ax = fig.add_axes([0,0,1,1]) # ""CN"" is the short form of Change-Norm methods = ['CN','NR'] vals = [PCC_ratio,PCC_diff] plt.ylabel(""PCC"",fontsize=18,fontweight=""bold"",fontfamily=""serif"") plt.xlabel(""Change Encoding Scheme"",fontsize=18,fontweight=""bold"",fontfamily=""serif"") plt.xticks(fontsize=18,fontweight=""bold"",fontfamily=""serif"") plt.yticks(fontsize=18,fontweight=""bold"",fontfamily=""serif"") ax.bar(methods,vals,color=""BG"",width=0.5) plt.show()"
Quick_Dirty_MPNN_ML_V2_V4.ipynb	16	code		False	# Neighbor Message norm-ratio feature section logic graph import seaborn as sns import matplotlib.pyplot as plt import pandas as pd sns.set(font_scale=1.7) # This d_1 will be created from PCC between S_2648_y and columns (71 and 73) of S_2648_X PCC_ratio = pearsonr(S_2648_y,S_2648_X[:,71])[0] PCC_diff = pearsonr(S_2648_y,S_2648_X[:,73])[0] print(PCC_ratio,PCC_diff)
Quick_Dirty_MPNN_ML_V2_V4.ipynb	17	code	13	False	S_2648_X_aug = [] S_2648_y_aug = [] # the two variables below will help to take out the reverse-mutant PCA features out of X n_pca_features = 5 n_kpca_features = 10 for i,(X,y) in enumerate(zip(S_2648_X,S_2648_y)): forward_X = [] # adding non-pca features forward_X.extend(X[0:11]) # adding neighbor-pca features forward_X.extend(X[11:16]) # adding neighbor-kpca features forward_X.extend(X[16:26]) # adding m_pca features forward_X.extend(X[41:46]) # adding m_kpca features forward_X.extend(X[46:56]) S_2648_X_aug.append(np.array(forward_X)) # reverse-mutant addition START rev_X = np.zeros_like(S_2648_X_aug[-1]) rev_X[0] = -1*X[0] rev_X[1] = X[1] rev_X[2] = -1*X[2] rev_X[3] = X[4] rev_X[4] = X[3] rev_X[5] = -1*X[5] rev_X[6] = -1*X[6] rev_X[7] = 1/X[7] rev_X[8] = X[8] rev_X[9] = X[10] rev_X[10] = X[9] rev_X[11:16] = X[26:31] rev_X[16:26] = X[31:41] rev_X[26:31] = X[56:61] rev_X[31:41] = X[61:71] S_2648_X_aug.append(rev_X) ### reverse addition END S_2648_y_aug.append(y) S_2648_y_aug.append(-1*y) S_2648_X_aug = np.array(S_2648_X_aug) S_2648_y_aug = np.array(S_2648_y_aug) S_921_X_aug = [] S_921_y_aug = [] for i,(X,y) in enumerate(zip(S_921_X,S_921_y)): forward_X = [] # adding non-pca features forward_X.extend(X[0:11]) # adding neighbor-pca features forward_X.extend(X[11:16]) # adding neighbor-kpca features forward_X.extend(X[16:26]) # adding m_pca features forward_X.extend(X[41:46]) # adding m_kpca features forward_X.extend(X[46:56]) S_921_X_aug.append(np.array(forward_X)) # reverse-mutant addition START rev_X = np.zeros_like(S_921_X_aug[-1]) rev_X[0] = -1*X[0] rev_X[1] = X[1] rev_X
Quick_Dirty_MPNN_ML_V2_V4.ipynb	18	code	15	True	# Now, traing linear regression on S_2648, and test on S_921 and S_669 # the setting reg = Ridge(alpha=0.2,normalize=True).fit(S_2648_X_aug[:,[0,2,4,5]], S_2648_y_aug) seems quite good # Ridge(alpha=0.25,normalize=True).fit(S_2648_X_aug[:,[0,2,4,5]], S_2648_y_aug) is also good # Ridge(alpha=0,normalize=True) is also not bad # (center_mut_wild_energy,weighted_neighbor_energy_changes,weighted_neighbor_backward_KL,PSSM) seems the best combination for now # also, ridge with alpha=0.4 seems the best for now (specially, for S_669) # also, ridge with alpha=0.9, and (center_mut_wild_energy,weighted_neighbor_backward_KL,PSSM) gets the maximum for S_669 while reducing for S_sym # used_features = [0,2,4,5,6,7,8,9,10,16,17,18,19,20,21,22,23,24,25,31,32,33,34,35] # used_features = [0,2,4,5,6,7,8,9,10,16,17,18,19,20,21,22,23,24,25,31,32,33,34,35] used_features = [0,5,6,7,8,9,10,31,32,33,34,35] # used_features = [0,2,4,5,6,7,8,9,10,16,17,18,19,20,21,22,23,24,25,31,32,33,34,35] reg = Ridge(alpha=0,normalize=True,max_iter=5000000).fit(S_2648_X_aug[:,used_features], S_2648_y_aug) print(pearsonr(S_2648_y_aug,reg.predict(S_2648_X_aug[:,used_features]))) print(pearsonr(S_921_y_aug[0::2],reg.predict(S_921_X_aug[0::2,used_features]))) print(pearsonr(S_669_y_aug,reg.predict(S_669_X_aug[:,used_features]))) print(pearsonr(Ssym_y_aug,reg.predict(Ssym_X_aug[:,used_features])))
Quick_Dirty_MPNN_ML_V2_V4.ipynb	20	code	19	True	"# used_features = [0,2,4,5,6,7,8,9,10,20,16,17,18,19,11,12,13,14,15,21,22,23,24,25] # used_features = [0,5,6,7,8,9,10,20,16,17,18,19] # used_features = [0,2,4,5,6,7,8,9,10,20,16,17,18,19,11,21,22,23,24,25] # used_features = [0,2,4,5,6,7,8,9,10,20,16,17,18,19,11,12,13,14,15,21,22,23,24,25,26,31,32,33,34,35,36,37,38,39,40] # used_features = [0,2,4,5,6,7,8,9,10,20,16,17,18,19,11,12,13,14,15,21,22,23,24,25,26,31,32,33,34,35,36,37] # used_features = [0,5,9,10,20,16,17,18,19,11,12,13,14,15,21,22,23,24,25,26,31,32,33,34,35,36,37] # used_features = [0,2,4,5,6,7,8,9,10,16,17,18,19,20,21,22,23,24,25,31,32,33,34,35,36,37] # used_features = [0,2,4,5,6,7,8,9,10,16,17,18,19,20,21,22,23,24,25,31,32,33,34,35] # used_features = [0,2,4,5,6,7,8,9,10,16,17,18,19,20,21,22,23,24,25] # used_features = [0,4,5,6,7,8,9,10,31,32,33,34,35] used_features = [0,2,5,6,7,8,9,10,31,32,33,34,35] rf_5 = RandomForestRegressor(min_samples_split=2,n_estimators=500,max_samples=0.5,max_features=""sqrt"").fit(S_2648_X_aug[:,used_features],S_2648_y_aug) print(pearsonr(S_2648_y_aug,rf_5.predict(S_2648_X_aug[:,used_features]))) print(pearsonr(S_921_y,rf_5.predict(S_921_X_aug[0::2,used_features]))) print(pearsonr(S_669_y,rf_5.predict(S_669_X_aug[0::2,used_features]))) print(pearsonr(Ssym_y,rf_5.predict(Ssym_X_aug[0::2,used_features]))) rf_5.feature_importances_"
Quick_Dirty_MPNN_ML_V2_V4.ipynb	21	code	20	True	"used_features = [0,5,6,7,8,9,10,31,32,33,34,35] rf_5 = RandomForestRegressor(min_samples_split=2,n_estimators=500,max_samples=0.5,max_features=""sqrt"").fit(S_2648_X_aug[:,used_features],S_2648_y_aug) print(pearsonr(S_2648_y_aug,rf_5.predict(S_2648_X_aug[:,used_features]))) print(pearsonr(S_921_y,rf_5.predict(S_921_X_aug[0::2,used_features]))) print(pearsonr(S_669_y,rf_5.predict(S_669_X_aug[0::2,used_features]))) print(pearsonr(Ssym_y,rf_5.predict(Ssym_X_aug[0::2,used_features]))) rf_5.feature_importances_"
Quick_Dirty_MPNN_ML_V2_V4.ipynb	22	code	30	True	"import pandas as pd import seaborn as sns import matplotlib.pyplot as plt used_features = [0,5,6,7,8,9,10,31,32,33,34,35] df_S_2648 = pd.DataFrame( {'DDG' : S_2648_y_aug[0::2], 'A': S_2648_X_aug[0::2,0], # 'P_DEC': Ssym_X[0::2,5], 'B' : S_2648_X_aug[0::2,6], 'C' : S_2648_X_aug[0::2,7], 'D' : S_2648_X_aug[0::2,8], # 'pssm_wild' : Ssym_X[0::2,9], # 'pssm_alternate' : Ssym_X[0::2,10], 'E-1' : S_2648_X_aug[0::2,31], 'E-2' : S_2648_X_aug[0::2,32], 'E-3' : S_2648_X_aug[0::2,33], 'E-4' : S_2648_X_aug[0::2,34], 'E-5' : S_2648_X_aug[0::2,35] }) corr = df_S_2648.corr() sns.set(font_scale=1.7) dpi_loc = 200 plt.figure(figsize=(7, 5), dpi=dpi_loc) g = sns.heatmap(corr, xticklabels=corr.columns, yticklabels=corr.columns, linewidths=1.5, linecolor='black', cmap=""BrBG"", vmax=1.0, vmin=-1.0) g.set_yticklabels(g.get_yticklabels(),rotation=0,fontsize=18,fontweight=""bold"",fontfamily=""serif"") g.set_xticklabels(g.get_xticklabels(),rotation=90,fontsize=18,fontweight=""bold"",fontfamily=""serif"") plt.show() plt.savefig(""Feature-Feature_Correlation.png"",dpi=dpi_loc)"
Quick_Dirty_MPNN_ML_V2_V4.ipynb	23	code	32	True	corr
Quick_Dirty_MPNN_ML_V2_V4.ipynb	24	code		True	"import pandas as pd import seaborn as sns import matplotlib.pyplot as plt used_features = [0,5,6,7,8,9,10,31,32,33,34,35] df_Ssym = pd.DataFrame( {'DDG' : Ssym_y[0::2], 'P_DP': Ssym_X[0::2,0], 'P_DEC': Ssym_X[0::2,5], 'Neighbor_Entropy_Change' : Ssym_X[0::2,6], 'neighbor_attention_change_w/m' : Ssym_X[0::2,7], 'neighbor_embedding_change' : Ssym_X[0::2,8], 'pssm_wild' : Ssym_X[0::2,9], 'pssm_alternate' : Ssym_X[0::2,10], 'pca-1' : Ssym_X[0::2,31], 'pca-2' : Ssym_X[0::2,32], 'pca-3' : Ssym_X[0::2,33], 'pca-4' : Ssym_X[0::2,34], 'pca-5' : Ssym_X[0::2,35] }) corr = df_Ssym.corr() sns.set(font_scale=1.4) sns.heatmap(corr, xticklabels=corr.columns, yticklabels=corr.columns, cmap=""PuOr"") plt.show()"
Quick_Dirty_MPNN_ML_V2_V4.ipynb	25	code	76	True	"import math # # adding neighbor-pca features # rev_X[11:16] = X[26:31] # # adding neighbor-kpca features # rev_X[16:26] = X[31:41] # # adding m_pca features # rev_X[26:31] = X[56:61] # # adding m_kpca features # rev_X[31:41] = X[61:71] # This is so fucking good, I love it # used_features = [0,2,4,5,6,7,8,9,10,20,16,17,18,19,11,12,13,14,15,21,22,23,24,25] # used_features = [0,2,4,5,6,7,8,9,10,20,16,17,18,19] # used_features = [0,2,4,5,6,7,8,9,10,20,16,17,18,19,11,21,22,23,24,25] # used_features = [0,2,4,5,6,7,8,9,10,20,16,17,18,19,11,12,13,14,15,21,22,23,24,25,26,31,32,33,34,35,36,37,38,39,40] # used_features = [0,2,4,5,6,7,8,9,10,20,16,17,18,19,11,12,13,14,15,21,22,23,24,25,26,31,32,33,34,35,36,37] # used_features = [0,5,9,10,20,16,17,18,19,11,12,13,14,15,21,22,23,24,25,26,31,32,33,34,35,36,37] # used_features = [0,2,4,5,6,7,8,9,10,16,17,18,19,20,21,22,23,24,25,31,32,33,34,35] # used_features = [0,2,4,5,6,7,8,9,10,16,17,18,19,20,21,22,23,24,25,31,32,33,34,35,36,37,38,39,40] # used_features = [0,2,4,5,6,7,8,9,10,16,17,18,19,20,21,22,23,24,25] # used_features = [0,2,4,5,6,7,8,9,10,31,32,33,34,35] # used_features = [0,2,4,5,6,7,8,9,10,31,32,33,34,35] # used_features = [0,2,5,6,7,8,9,10,31,32,33,34,35] # used_features = [0,5,6,7,8,9,10,31,32,33,34,35] used_features = [0,5,6,7,8,9,10,31,32,33,34,35] rf_5 = RandomForestRegressor(min_samples_split=2,n_estimators=500,max_samples=0.5,max_features=""sqrt"").fit(S_2648_X_aug[:,used_features],S_2648_y_aug[:]) S_2648_aug_preds = rf_5.predict(S_2648_X_aug[:,used_features]) S_921_aug_preds = rf_5.predict(S_921_X_aug[:,used_features]) S_669_"
Quick_Dirty_MPNN_ML_V2_V4.ipynb	26	code	77	False	"feature_to_index_map = {""A"":0, ""B"":6, ""C"":7, ""D"":8, ""E"":[31,32,33,34,35], ""F"":5, ""G"":9, ""H"":10} # In the ""results_tracking_dict"" below, outer-level keys will be dataset names, and values will be dictionaries results_tracking_dict = {} # In the inner dictionaries, keys will be feature-name alphabet representations separated by (+) between them, and values will be pearson correlations on both ""direct"" and ""reverse"" mutations results_tracking_dict[""S_2648_total_PCC""] = {} results_tracking_dict[""S_2648_direct_PCC""] = {} results_tracking_dict[""S_2648_reverse_PCC""] = {} results_tracking_dict[""S_2648_total_RMSE""] = {} results_tracking_dict[""S_2648_direct_RMSE""] = {} results_tracking_dict[""S_2648_reverse_RMSE""] = {} results_tracking_dict[""S_921_total_PCC""] = {} results_tracking_dict[""S_921_direct_PCC""] = {} results_tracking_dict[""S_921_reverse_PCC""] = {} results_tracking_dict[""S_921_total_RMSE""] = {} results_tracking_dict[""S_921_direct_RMSE""] = {} results_tracking_dict[""S_921_reverse_RMSE""] = {} results_tracking_dict[""S_669_total_PCC""] = {} results_tracking_dict[""S_669_direct_PCC""] = {} results_tracking_dict[""S_669_reverse_PCC""] = {} results_tracking_dict[""S_669_total_RMSE""] = {} results_tracking_dict[""S_669_direct_RMSE""] = {} results_tracking_dict[""S_669_reverse_RMSE""] = {} results_tracking_dict[""Ssym_total_PCC""] = {} results_tracking_dict[""Ssym_direct_PCC""] = {} results_tracking_dict[""Ssym_reverse_PCC""] = {} results_tracking_dict[""Ssym_total_RMSE""] = {} results_tracking_dict[""Ssym_direct_RMSE""] = {} results_tracking_dict[""Ssym_reverse_RMSE""] = {} # In the ""model_tracking_dict"" be"
Quick_Dirty_MPNN_ML_V2_V4.ipynb	27	code	78	True	"print(results_tracking_dict[""S_2648_total_PCC""]) print(results_tracking_dict[""S_2648_total_RMSE""])"
Quick_Dirty_MPNN_ML_V2_V4.ipynb	28	code	79	True	"print(results_tracking_dict[""Ssym_total_PCC""]) print(results_tracking_dict[""Ssym_total_RMSE""])"
Quick_Dirty_MPNN_ML_V2_V4.ipynb	29	code	80	True	"print(results_tracking_dict[""S_669_total_PCC""]) print(results_tracking_dict[""S_669_total_RMSE""])"
Quick_Dirty_MPNN_ML_V2_V4.ipynb	30	code	81	True	"print(results_tracking_dict[""S_921_total_PCC""]) print(results_tracking_dict[""S_921_total_RMSE""])"
Quick_Dirty_MPNN_ML_V2_V4.ipynb	31	code		False	"# import pickle # with open(""incremental_feature_result_dict.pickle"",""wb"") as f: # pickle.dump(results_tracking_dict,f)"
Quick_Dirty_MPNN_ML_V2_V4.ipynb	32	code		False	"# import pickle # with open(""incremental_feature_result_dict.pickle"",""rb"") as f: # results_tracking_dict = pickle.load(f)"
Quick_Dirty_MPNN_ML_V2_V4.ipynb	33	code		True	"S_921_dataframe = pd.DataFrame.from_dict(results_tracking_dict['S_921'],orient=""index"",columns=[""PCC""]) S_921_dataframe = S_921_dataframe.round(decimals=3) # now, create another dataframe from ""S_921_dataframe"" called ""S_921_dataframe_reduced"", # where the rows containing max vals among 1,2,3,4,5, and 6 combos will be saved # as a result, this reduced dataframe will contain only 6 rows # create a new column in the dataframe containing the length of the repsective index values # then we can group by this column, and then take the max from each group to get the desired reduced dataFrame # for index, row in S_921_dataframe.iterrows(): # # print(row[""PCC""]) # print(len(index)) # what the fuck is wrong with the index vals? # why the fuck have the feature names been swapped in some godforsaken weird way? # S_921_dataframe[""combo_length""] = [len(i) for i in list(S_921_dataframe.index)] # S_921_dataframe[""combo_signature""] = [i for i in list(S_921_dataframe.index)] # # print(S_921_dataframe.loc(S_921_dataframe.groupby([""combo_length""]).idxmax())) # max_idx = (S_921_dataframe.groupby([""combo_length""])[""PCC""].transform(max) == S_921_dataframe[""PCC""]) # S_921_max_results = S_921_dataframe[max_idx] S_921_max_results"
Quick_Dirty_MPNN_ML_V2_V4.ipynb	34	code		True	"S_669_dataframe = pd.DataFrame.from_dict(results_tracking_dict['S_669'],orient=""index"",columns=[""PCC""]) S_669_dataframe = S_669_dataframe.round(decimals=3) # now, create another dataframe from ""S_921_dataframe"" called ""S_921_dataframe_reduced"", # where the rows containing max vals among 1,2,3,4,5, and 6 combos will be saved # as a result, this reduced dataframe will contain only 6 rows # create a new column in the dataframe containing the length of the repsective index values # then we can group by this column, and then take the max from each group to get the desired reduced dataFrame # for index, row in S_921_dataframe.iterrows(): # # print(row[""PCC""]) # print(len(index)) # what the fuck is wrong with the index vals? # why the fuck have the feature names been swapped in some godforsaken weird way? S_669_dataframe[""combo_length""] = [len(i) for i in list(S_669_dataframe.index)] S_669_dataframe[""combo_signature""] = [i for i in list(S_669_dataframe.index)] # print(S_921_dataframe.loc(S_921_dataframe.groupby([""combo_length""]).idxmax())) max_idx = (S_669_dataframe.groupby([""combo_length""])[""PCC""].transform(max) == S_669_dataframe[""PCC""]) S_669_max_results = S_669_dataframe[max_idx] S_669_max_results"
Quick_Dirty_MPNN_ML_V2_V4.ipynb	35	code		True	"Ssym_dataframe = pd.DataFrame.from_dict(results_tracking_dict['Ssym'],orient=""index"",columns=[""PCC""]) Ssym_dataframe = Ssym_dataframe.round(decimals=3) # now, create another dataframe from ""S_921_dataframe"" called ""S_921_dataframe_reduced"", # where the rows containing max vals among 1,2,3,4,5, and 6 combos will be saved # as a result, this reduced dataframe will contain only 6 rows # create a new column in the dataframe containing the length of the repsective index values # then we can group by this column, and then take the max from each group to get the desired reduced dataFrame # for index, row in S_921_dataframe.iterrows(): # # print(row[""PCC""]) # print(len(index)) # what the fuck is wrong with the index vals? # why the fuck have the feature names been swapped in some godforsaken weird way? Ssym_dataframe[""combo_length""] = [len(i) for i in list(Ssym_dataframe.index)] Ssym_dataframe[""combo_signature""] = [i for i in list(Ssym_dataframe.index)] # print(S_921_dataframe.loc(S_921_dataframe.groupby([""combo_length""]).idxmax())) max_idx = (Ssym_dataframe.groupby([""combo_length""])[""PCC""].transform(max) == Ssym_dataframe[""PCC""]) Ssym_max_results = Ssym_dataframe[max_idx] Ssym_max_results"
Quick_Dirty_MPNN_ML_V2_VGRAPHS_V1.ipynb	3	code	4	False	import numpy as np import pickle import os from tqdm.notebook import tqdm from Bio.PDB.Polypeptide import * from Bio.PDB import * import random
Quick_Dirty_MPNN_ML_V2_VGRAPHS_V1.ipynb	4	code	5	False	from sklearn.linear_model import LinearRegression from sklearn.linear_model import Ridge from sklearn.linear_model import Lasso from sklearn.ensemble import RandomForestRegressor, AdaBoostRegressor from sklearn.tree import DecisionTreeRegressor from sklearn.preprocessing import StandardScaler from sklearn.decomposition import PCA from sklearn.decomposition import KernelPCA from scipy.stats import entropy from scipy.special import softmax from scipy.special import kl_div from scipy.stats import pearsonr from sklearn.svm import SVR from sklearn.preprocessing import Normalizer from sklearn.ensemble import GradientBoostingRegressor import pandas as pd
Quick_Dirty_MPNN_ML_V2_VGRAPHS_V1.ipynb	5	code	6	False	"# S_669_pmppn_info_dict_V2.pickle with open(""S_2648_pmppn_info_dict_V3.pickle"",""rb"") as f: S_2648_two_level_dict = pickle.load(f) with open(""S_921_pmppn_info_dict_V3.pickle"",""rb"") as f: S_921_two_level_dict = pickle.load(f) with open(""S_669_pmppn_info_dict_V3.pickle"",""rb"") as f: S_669_two_level_dict = pickle.load(f) with open(""Ssym_pmppn_info_dict_V3.pickle"",""rb"") as f: Ssym_two_level_dict = pickle.load(f)"
Quick_Dirty_MPNN_ML_V2_VGRAPHS_V1.ipynb	8	code	9	False	"# Create the six numpy arrays here, and then perform training on the next cell X_2648 = [] y_2648 = [] X_921 = [] y_921 = [] X_669 = [] y_669 = [] X_Ssym = [] y_Ssym = [] # the neighbor_embedding vectors are being saved in raw format (without minus, ratio, or anything) here for tyler derr feature extraction # for each mutation, we should have 30 of these vectors for each mutation (15 for wildtype center, and 15 for mutated center) neighbor_embeddings_X_2648 = [] neighbor_embeddings_X_921 = [] neighbor_embeddings_X_669 = [] neighbor_embeddings_X_Ssym = [] # the message_embedding vectors are being saved in unprocessed format here for tyler derr feature extraction message_embeddings_X_2648 = [] message_embeddings_X_921 = [] message_embeddings_X_669 = [] message_embeddings_X_Ssym = [] # This list will correspond to the ""list_mapping_dict,list_dataset_names,list_two_level_dict,list_proteins_to_skip"" lists in the above cells, # and hold (X,y) tuples corresponding to the three datasets in the same order as those lists # currently, I intend to train, and test the model on ""mut_wild_predictions"",""entropy_predictions"", ""neighbor_energy_change_predictions"", ""neighbor_forward_KL_predictions"", # and ""neighbor_backward_KL_predictions"" # fourth and fifth features can probably be reduced to one feature by (0.5*fourth_feature+0.5*fifth_feature) since both of them are extremely correlated list_X = [X_2648,X_921,X_669,X_Ssym] list_y = [y_2648,y_921,y_669,y_Ssym] # the two lines below are for tyler derr features neighbor_embeddings_list_X = [neighbor_embeddings_X_2648,neighbor_embeddings_X_921"
Quick_Dirty_MPNN_ML_V2_VGRAPHS_V1.ipynb	10	code	11	True	"# Now, do concatenation, PCA, and whatever you might need to do full_n_e_c_raw_2648 = np.concatenate(n_e_c_raw_2648,axis=0) reduced_dimension = 5 pca_obj = PCA(n_components=reduced_dimension) kpca_obj = KernelPCA(n_components=reduced_dimension+5,kernel=""rbf"") number_of_poins_selected_for_kpca = 10000 random_kpca_indices = np.random.choice(full_n_e_c_raw_2648.shape[0],size=number_of_poins_selected_for_kpca,replace=False) scaling_obj = StandardScaler() scaling_obj.fit(full_n_e_c_raw_2648) pca_obj.fit(scaling_obj.transform(full_n_e_c_raw_2648[random_kpca_indices,:])) print(pca_obj.explained_variance_ratio_) # Take 5 components from both pca and kernel-pca, and test the correlation of summed neighbors # fit kernel-pca on randomly sampled values from the first dimension of ""full_n_e_c_raw_2648"" # for reverse mutations, take (-1)*forward vector, and then transform that vector # should reverse mutations be added before fitting PCA? # for now, leave that, and do the experiments fast kpca_obj.fit(scaling_obj.transform(full_n_e_c_raw_2648[random_kpca_indices,:])) print(kpca_obj.eigenvalues_) print(full_n_e_c_raw_2648.shape) print(type(full_n_e_c_raw_2648))"
Quick_Dirty_MPNN_ML_V2_VGRAPHS_V1.ipynb	11	code	12	True	"# same thing as the cell above, done here for projecting the message changes instead of the embedding changes down to lower dimension full_n_m_c_raw_2648 = np.concatenate(n_m_c_raw_2648,axis=0) reduced_dimension = 5 m_pca_obj = PCA(n_components=reduced_dimension) m_kpca_obj = KernelPCA(n_components=reduced_dimension+5,kernel=""rbf"") number_of_poins_selected_for_kpca = 10000 random_kpca_indices = np.random.choice(full_n_m_c_raw_2648.shape[0],size=number_of_poins_selected_for_kpca,replace=False) m_scaling_obj = StandardScaler() m_scaling_obj.fit(full_n_m_c_raw_2648) m_pca_obj.fit(m_scaling_obj.transform(full_n_m_c_raw_2648[random_kpca_indices,:])) print(m_pca_obj.explained_variance_ratio_) # Take 5 components from both pca and kernel-pca, and test the correlation of summed neighbors # fit kernel-pca on randomly sampled values from the first dimension of ""full_n_e_c_raw_2648"" # for reverse mutations, take (-1)*forward vector, and then transform that vector # should reverse mutations be added before fitting PCA? # for now, leave that, and do the experiments fast m_kpca_obj.fit(m_scaling_obj.transform(full_n_m_c_raw_2648[random_kpca_indices,:])) print(m_kpca_obj.eigenvalues_) print(full_n_m_c_raw_2648.shape) print(type(full_n_m_c_raw_2648))"
Quick_Dirty_MPNN_ML_V2_VGRAPHS_V1.ipynb	12	code	13	True	"# Now, use the pca and kpca_objects trained in the above cell to add two features to each of the mutants for X, neighbor_embeddings, message_embeddings in zip(list_X,neighbor_embeddings_list_X,message_embeddings_list_X): for instance,embedding,message in zip(X,neighbor_embeddings,message_embeddings): # perform PCA-based featurization right here, and put those features back into ""instance"" # at first, project the (15,128) matrix into a (15,5) matrix by taking the top 5 principal components cur_pca_reduced_matrix = pca_obj.transform(scaling_obj.transform(instance[-4])) cur_kpca_reduced_matrix = kpca_obj.transform(scaling_obj.transform(instance[-4])) rev_cur_pca_reduced_matrix = pca_obj.transform(scaling_obj.transform(instance[-3])) rev_cur_kpca_reduced_matrix = kpca_obj.transform(scaling_obj.transform(instance[-3])) # same thing as the above four lines, for message-change instead of embedding-change m_cur_pca_reduced_matrix = m_pca_obj.transform(m_scaling_obj.transform(instance[-2])) m_cur_kpca_reduced_matrix = m_kpca_obj.transform(m_scaling_obj.transform(instance[-2])) m_rev_cur_pca_reduced_matrix = m_pca_obj.transform(m_scaling_obj.transform(instance[-1])) m_rev_cur_kpca_reduced_matrix = m_kpca_obj.transform(m_scaling_obj.transform(instance[-1])) # now, sum() ""cur_pca_reduced_matrix"" and ""cur_kpca_reduced_matrix"" across dimension 0, and add those as last two entries of instance cur_pca_reduced_sum_feature = cur_pca_reduced_matrix.sum(axis=0) cur_kpca_reduced_sum_feature = cur_kpca_reduced_matrix.sum(axis=0) rev_cur_pca_reduced_sum_feature = rev_cur_pca_reduced_matrix.sum(ax"
Quick_Dirty_MPNN_ML_V2_VGRAPHS_V1.ipynb	13	code	14	False	S_2648_X = np.array(list_X[0]) S_2648_y = np.array(list_y[0]) S_921_X = np.array(list_X[1]) S_921_y = np.array(list_y[1]) S_669_X = np.array(list_X[2]) S_669_y = np.array(list_y[2]) # Flipping the signs of the experimental DDG values in S_669_y to get coherent correlations (positive and higher is better) S_669_y = S_669_y * (-1) Ssym_X = np.array(list_X[3]) Ssym_y = np.array(list_y[3])
Quick_Dirty_MPNN_ML_V2_VGRAPHS_V1.ipynb	14	code	15	True	"# print(""S_921 single-feature correlations at a glance"") # print(pearsonr(S_921_y,S_921_X[:,0])) # print(pearsonr(S_921_y,S_921_X[:,7])) # print(pearsonr(S_921_y,S_921_X[:,8])) # print(pearsonr(S_921_y,S_921_X[:,71])) #RATIO # print(pearsonr(S_921_y,S_921_X[:,73])) #DIFF # print(pearsonr(S_921_y,S_921_X[:,72])) #RATIO # print(pearsonr(S_921_y,S_921_X[:,74])) #DIFF # print(""............................................."") # print(""S_669 single-feature correlations at a glance"") # print(pearsonr(S_669_y,S_669_X[:,0])) # print(pearsonr(S_669_y,S_669_X[:,7])) # print(pearsonr(S_669_y,S_669_X[:,8])) # print(pearsonr(S_669_y,S_669_X[:,71])) #RATIO # print(pearsonr(S_669_y,S_669_X[:,73])) #DIFF # print(pearsonr(S_669_y,S_669_X[:,72])) #RATIO # print(pearsonr(S_669_y,S_669_X[:,74])) #DIFF # print(""............................................."") print(""S_2648 single-feature correlations at a glance"") print(pearsonr(S_2648_y,S_2648_X[:,0])) print(pearsonr(S_2648_y,S_2648_X[:,7])) print(pearsonr(S_2648_y,S_2648_X[:,8])) print(pearsonr(S_2648_y,S_2648_X[:,71])) #RATIO print(pearsonr(S_2648_y,S_2648_X[:,73])) #DIFF print(pearsonr(S_2648_y,S_2648_X[:,72])) #RATIO print(pearsonr(S_2648_y,S_2648_X[:,74])) #DIFF print(""............................................."") # print(""Ssym single-feature correlations at a glance"") # print(pearsonr(Ssym_y,Ssym_X[:,0])) # print(pearsonr(Ssym_y,Ssym_X[:,7])) # print(pearsonr(Ssym_y,Ssym_X[:,8])) # print(pearsonr(Ssym_y,Ssym_X[:,71])) #RATIO # print(pearsonr(Ssym_y,Ssym_X[:,73])) #DIFF # print(pearsonr(Ssym_y,Ssym_X[:,72])) #RATIO # print(pearsonr(Ssym_y,"
Quick_Dirty_MPNN_ML_V2_VGRAPHS_V1.ipynb	15	code	16	True	"# Neighbor Embedding difference-norm feature section logic graph import seaborn as sns import matplotlib.pyplot as plt sns.set(font_scale=1.7) # This d_1 will be created from PCC between S_2648_y and columns (71 and 73) of S_2648_X PCC_ratio = round(pearsonr(S_2648_y,S_2648_X[:,71])[0],2) PCC_diff = round(pearsonr(S_2648_y,S_2648_X[:,73])[0],2) print(PCC_ratio,PCC_diff) dpi_loc = 100 fig = plt.figure(figsize=(7, 5), dpi=dpi_loc) ax = fig.add_axes([0,0,1,1]) # ""CN"" is the short form of Change-Norm methods = ['NR','CN'] vals = [PCC_ratio,PCC_diff] plt.ylabel(""PCC"",fontsize=18,fontweight=""bold"",fontfamily=""serif"") plt.xlabel(""Change Encoding Scheme"",fontsize=18,fontweight=""bold"",fontfamily=""serif"") plt.xticks(fontsize=18,fontweight=""bold"",fontfamily=""serif"") plt.yticks(fontsize=18,fontweight=""bold"",fontfamily=""serif"") ax.bar(methods,vals,color=""BG"",width=0.5) plt.show() # fig = plt.figure(figsize=(6,4)) # ax = fig.add_axes([0,0,1,1]) # methods = ['PMPNN_DEP','PMPNN_ET','PMPNN_DEP_ET','PSSM_DEC','PMPNN_DEP_PSSM_DEC'] # vals = [0.34,0.26,0.34,0.18,0.36] # plt.ylabel(""Pearson Correlation"",fontsize=18) # plt.xlabel(""Informative Features"",fontsize=18) # plt.xticks(fontsize=18, rotation=90) # plt.yticks(fontsize=18) # plt.ylim(0.10,0.40) # ax.bar(methods,vals,color=""maroon"",width=0.3) # plt.show()"
Quick_Dirty_MPNN_ML_V2_VGRAPHS_V1.ipynb	16	code	17	True	"# Message difference-norm feature section logic graph import seaborn as sns import matplotlib.pyplot as plt sns.set(font_scale=1.7) # This d_1 will be created from PCC between S_2648_y and columns (71 and 73) of S_2648_X PCC_ratio = abs(round(pearsonr(S_2648_y,S_2648_X[:,72])[0],2)) PCC_diff = abs(round(pearsonr(S_2648_y,S_2648_X[:,74])[0],2)) print(PCC_ratio,PCC_diff) dpi_loc = 100 fig = plt.figure(figsize=(7, 5), dpi=dpi_loc) ax = fig.add_axes([0,0,1,1]) # ""CN"" is the short form of Change-Norm methods = ['NR','CN'] vals = [PCC_ratio,PCC_diff] plt.ylabel(""PCC"",fontsize=18,fontweight=""bold"",fontfamily=""serif"") plt.xlabel(""Change Encoding Scheme"",fontsize=18,fontweight=""bold"",fontfamily=""serif"") plt.xticks(fontsize=18,fontweight=""bold"",fontfamily=""serif"") plt.yticks(fontsize=18,fontweight=""bold"",fontfamily=""serif"") ax.bar(methods,vals,color=""BG"",width=0.5) plt.show()"
Quick_Dirty_MPNN_ML_V2_VGRAPHS_V1.ipynb	17	code	53	True	"import seaborn as sns import matplotlib.pyplot as plt import numpy as np sns.set(font_scale=1.7) neighbor_ratio_PCC = round(pearsonr(S_2648_y,S_2648_X[:,71])[0],2) neighbor_diff_PCC = round(pearsonr(S_2648_y,S_2648_X[:,73])[0],2) message_ratio_PCC = abs(round(pearsonr(S_2648_y,S_2648_X[:,72])[0],2)) message_diff_PCC = abs(round(pearsonr(S_2648_y,S_2648_X[:,74])[0],2)) # set height of bar message_PCC_vals = [message_ratio_PCC,message_diff_PCC] neighbor_PCC_vals = [neighbor_ratio_PCC,neighbor_diff_PCC] encoding_sceheme_names = [""NR"",""CN""] dpi_loc = 200 barWidth = 0.50 fig, axes = plt.subplots(2,1,sharex=True,sharey=True,figsize=(4, 6),dpi=dpi_loc) ax1,ax2 = axes plt.sca(ax1) plt.ylabel(""PCC"",fontsize=18,fontweight=""bold"",fontfamily=""sans-serif"") plt.ylim(0.00,0.40) plt.bar(x=encoding_sceheme_names, height=message_PCC_vals, color ='g', width = barWidth, edgecolor ='grey', label ='Message-change\nencoding') legend_prop={'size': 9, 'weight':""bold""} plt.legend(prop=legend_prop) plt.sca(ax2) plt.ylabel(""PCC"",fontsize=18,fontweight=""bold"",fontfamily=""sans-serif"") # plt.ylim(0.30,0.85) plt.bar(x=encoding_sceheme_names,height=neighbor_PCC_vals, color ='r', width = barWidth, edgecolor ='grey', label ='Embedding-change\nencoding') plt.xlabel(""Change Encoding\nScheme"",fontsize=18,fontweight=""bold"",fontfamily=""sans-serif"") plt.xticks(fontsize=12,fontweight=""bold"",fontfamily=""sans-serif"") legend_prop={'size': 9, 'weight':""bold""} plt.legend(prop=legend_prop) plt.tight_layout() plt.show()"
Quick_Dirty_MPNN_ML_V2_VGRAPHS_V1.ipynb	18	code	24	True	# Neighbor Message norm-ratio feature section logic graph import seaborn as sns import matplotlib.pyplot as plt import pandas as pd sns.set(font_scale=1.7) # This d_1 will be created from PCC between S_2648_y and columns (71 and 73) of S_2648_X PCC_ratio = pearsonr(S_2648_y,S_2648_X[:,71])[0] PCC_diff = pearsonr(S_2648_y,S_2648_X[:,73])[0] print(PCC_ratio,PCC_diff)
Quick_Dirty_MPNN_ML_V2_VGRAPHS_V1.ipynb	19	code	25	False	S_2648_X_aug = [] S_2648_y_aug = [] # the two variables below will help to take out the reverse-mutant PCA features out of X n_pca_features = 5 n_kpca_features = 10 for i,(X,y) in enumerate(zip(S_2648_X,S_2648_y)): forward_X = [] # adding non-pca features forward_X.extend(X[0:11]) # adding neighbor-pca features forward_X.extend(X[11:16]) # adding neighbor-kpca features forward_X.extend(X[16:26]) # adding m_pca features forward_X.extend(X[41:46]) # adding m_kpca features forward_X.extend(X[46:56]) S_2648_X_aug.append(np.array(forward_X)) # reverse-mutant addition START rev_X = np.zeros_like(S_2648_X_aug[-1]) rev_X[0] = -1*X[0] rev_X[1] = X[1] rev_X[2] = -1*X[2] rev_X[3] = X[4] rev_X[4] = X[3] rev_X[5] = -1*X[5] rev_X[6] = -1*X[6] rev_X[7] = 1/X[7] rev_X[8] = X[8] rev_X[9] = X[10] rev_X[10] = X[9] rev_X[11:16] = X[26:31] rev_X[16:26] = X[31:41] rev_X[26:31] = X[56:61] rev_X[31:41] = X[61:71] S_2648_X_aug.append(rev_X) ### reverse addition END S_2648_y_aug.append(y) S_2648_y_aug.append(-1*y) S_2648_X_aug = np.array(S_2648_X_aug) S_2648_y_aug = np.array(S_2648_y_aug) S_921_X_aug = [] S_921_y_aug = [] for i,(X,y) in enumerate(zip(S_921_X,S_921_y)): forward_X = [] # adding non-pca features forward_X.extend(X[0:11]) # adding neighbor-pca features forward_X.extend(X[11:16]) # adding neighbor-kpca features forward_X.extend(X[16:26]) # adding m_pca features forward_X.extend(X[41:46]) # adding m_kpca features forward_X.extend(X[46:56]) S_921_X_aug.append(np.array(forward_X)) # reverse-mutant addition START rev_X = np.zeros_like(S_921_X_aug[-1]) rev_X[0] = -1*X[0] rev_X[1] = X[1] rev_X
Quick_Dirty_MPNN_ML_V2_VGRAPHS_V1.ipynb	20	code	26	True	# Now, traing linear regression on S_2648, and test on S_921 and S_669 # the setting reg = Ridge(alpha=0.2,normalize=True).fit(S_2648_X_aug[:,[0,2,4,5]], S_2648_y_aug) seems quite good # Ridge(alpha=0.25,normalize=True).fit(S_2648_X_aug[:,[0,2,4,5]], S_2648_y_aug) is also good # Ridge(alpha=0,normalize=True) is also not bad # (center_mut_wild_energy,weighted_neighbor_energy_changes,weighted_neighbor_backward_KL,PSSM) seems the best combination for now # also, ridge with alpha=0.4 seems the best for now (specially, for S_669) # also, ridge with alpha=0.9, and (center_mut_wild_energy,weighted_neighbor_backward_KL,PSSM) gets the maximum for S_669 while reducing for S_sym # used_features = [0,2,4,5,6,7,8,9,10,16,17,18,19,20,21,22,23,24,25,31,32,33,34,35] # used_features = [0,2,4,5,6,7,8,9,10,16,17,18,19,20,21,22,23,24,25,31,32,33,34,35] used_features = [0,5,6,7,8,9,10,31,32,33,34,35] # used_features = [0,2,4,5,6,7,8,9,10,16,17,18,19,20,21,22,23,24,25,31,32,33,34,35] reg = Ridge(alpha=0,normalize=True,max_iter=5000000).fit(S_2648_X_aug[:,used_features], S_2648_y_aug) print(pearsonr(S_2648_y_aug,reg.predict(S_2648_X_aug[:,used_features]))) print(pearsonr(S_921_y_aug[0::2],reg.predict(S_921_X_aug[0::2,used_features]))) print(pearsonr(S_669_y_aug,reg.predict(S_669_X_aug[:,used_features]))) print(pearsonr(Ssym_y_aug,reg.predict(Ssym_X_aug[:,used_features])))
Quick_Dirty_MPNN_ML_V2_VGRAPHS_V1.ipynb	22	code		True	"# used_features = [0,2,4,5,6,7,8,9,10,20,16,17,18,19,11,12,13,14,15,21,22,23,24,25] # used_features = [0,5,6,7,8,9,10,20,16,17,18,19] # used_features = [0,2,4,5,6,7,8,9,10,20,16,17,18,19,11,21,22,23,24,25] # used_features = [0,2,4,5,6,7,8,9,10,20,16,17,18,19,11,12,13,14,15,21,22,23,24,25,26,31,32,33,34,35,36,37,38,39,40] # used_features = [0,2,4,5,6,7,8,9,10,20,16,17,18,19,11,12,13,14,15,21,22,23,24,25,26,31,32,33,34,35,36,37] # used_features = [0,5,9,10,20,16,17,18,19,11,12,13,14,15,21,22,23,24,25,26,31,32,33,34,35,36,37] # used_features = [0,2,4,5,6,7,8,9,10,16,17,18,19,20,21,22,23,24,25,31,32,33,34,35,36,37] # used_features = [0,2,4,5,6,7,8,9,10,16,17,18,19,20,21,22,23,24,25,31,32,33,34,35] # used_features = [0,2,4,5,6,7,8,9,10,16,17,18,19,20,21,22,23,24,25] # used_features = [0,4,5,6,7,8,9,10,31,32,33,34,35] used_features = [0,5,6,7,8,9,10,31,32,33,34,35] rf_5 = RandomForestRegressor(min_samples_split=2,n_estimators=500,max_samples=0.5,max_features=""sqrt"").fit(S_2648_X_aug[:,used_features],S_2648_y_aug) print(pearsonr(S_2648_y_aug,rf_5.predict(S_2648_X_aug[:,used_features]))) print(pearsonr(S_921_y,rf_5.predict(S_921_X_aug[0::2,used_features]))) print(pearsonr(S_669_y,rf_5.predict(S_669_X_aug[0::2,used_features]))) print(pearsonr(Ssym_y,rf_5.predict(Ssym_X_aug[0::2,used_features]))) rf_5.feature_importances_"
Quick_Dirty_MPNN_ML_V2_VGRAPHS_V1.ipynb	23	code		True	"used_features = [0,5,6,7,8,9,10,31,32,33,34,35] rf_5 = RandomForestRegressor(min_samples_split=2,n_estimators=500,max_samples=0.5,max_features=""sqrt"").fit(S_2648_X_aug[:,used_features],S_2648_y_aug) print(pearsonr(S_2648_y_aug,rf_5.predict(S_2648_X_aug[:,used_features]))) print(pearsonr(S_921_y,rf_5.predict(S_921_X_aug[0::2,used_features]))) print(pearsonr(S_669_y,rf_5.predict(S_669_X_aug[0::2,used_features]))) print(pearsonr(Ssym_y,rf_5.predict(Ssym_X_aug[0::2,used_features]))) rf_5.feature_importances_"
Quick_Dirty_MPNN_ML_V2_VGRAPHS_V1.ipynb	24	code	30	True	"import pandas as pd import seaborn as sns import matplotlib.pyplot as plt used_features = [0,5,6,7,8,9,10,31,32,33,34,35] df_S_2648 = pd.DataFrame( {'DDG' : S_2648_y_aug[0::2], 'A': S_2648_X_aug[0::2,0], # 'P_DEC': Ssym_X[0::2,5], 'B' : S_2648_X_aug[0::2,6], 'C' : S_2648_X_aug[0::2,7], 'D' : S_2648_X_aug[0::2,8], # 'pssm_wild' : Ssym_X[0::2,9], # 'pssm_alternate' : Ssym_X[0::2,10], 'E-1' : S_2648_X_aug[0::2,31], 'E-2' : S_2648_X_aug[0::2,32], 'E-3' : S_2648_X_aug[0::2,33], 'E-4' : S_2648_X_aug[0::2,34], 'E-5' : S_2648_X_aug[0::2,35] }) corr = df_S_2648.corr() sns.set(font_scale=1.7) dpi_loc = 200 plt.figure(figsize=(7, 5), dpi=dpi_loc) g = sns.heatmap(corr, xticklabels=corr.columns, yticklabels=corr.columns, linewidths=1.5, linecolor='black', cmap=""BrBG"", vmax=1.0, vmin=-1.0) g.set_yticklabels(g.get_yticklabels(),rotation=0,fontsize=18,fontweight=""bold"",fontfamily=""sans-serif"") g.set_xticklabels(g.get_xticklabels(),rotation=90,fontsize=18,fontweight=""bold"",fontfamily=""sans-serif"") plt.show() plt.savefig(""Feature-Feature_Correlation.png"",dpi=dpi_loc)"
Quick_Dirty_MPNN_ML_V2_VGRAPHS_V1.ipynb	25	code	29	True	"import pandas as pd import seaborn as sns import matplotlib.pyplot as plt used_features = [0,5,6,7,8,9,10,31,32,33,34,35] df_S_2648 = pd.DataFrame( {'DDG' : S_2648_y_aug[0::2], 'A': S_2648_X_aug[0::2,0], # 'P_DEC': Ssym_X[0::2,5], 'B' : S_2648_X_aug[0::2,6], 'C' : S_2648_X_aug[0::2,7], 'D' : S_2648_X_aug[0::2,8], # 'pssm_wild' : Ssym_X[0::2,9], # 'pssm_alternate' : Ssym_X[0::2,10], 'E-1' : S_2648_X_aug[0::2,31], 'E-2' : S_2648_X_aug[0::2,32], 'E-3' : S_2648_X_aug[0::2,33], 'E-4' : S_2648_X_aug[0::2,34], 'E-5' : S_2648_X_aug[0::2,35], 'F' : S_2648_X_aug[0::2,5], 'G' : S_2648_X_aug[0::2,9], 'H' : S_2648_X_aug[0::2,10] }) corr = df_S_2648.corr() sns.set(font_scale=1.7) dpi_loc = 200 plt.figure(figsize=(7, 5), dpi=dpi_loc) g = sns.heatmap(corr, xticklabels=corr.columns, yticklabels=corr.columns, linewidths=1.5, linecolor='black', cmap=""BrBG"", vmax=1.0, vmin=-1.0) g.set_yticklabels(g.get_yticklabels(),rotation=0,fontsize=18,fontweight=""bold"",fontfamily=""sans-serif"") g.set_xticklabels(g.get_xticklabels(),rotation=90,fontsize=18,fontweight=""bold"",fontfamily=""sans-serif"") plt.show() plt.savefig(""Feature-Feature_Correlation.png"",dpi=dpi_loc)"
Quick_Dirty_MPNN_ML_V2_VGRAPHS_V1.ipynb	26	code		True	corr
Quick_Dirty_MPNN_ML_V2_VGRAPHS_V1.ipynb	27	code		True	"import math # # adding neighbor-pca features # rev_X[11:16] = X[26:31] # # adding neighbor-kpca features # rev_X[16:26] = X[31:41] # # adding m_pca features # rev_X[26:31] = X[56:61] # # adding m_kpca features # rev_X[31:41] = X[61:71] # This is so fucking good, I love it # used_features = [0,2,4,5,6,7,8,9,10,20,16,17,18,19,11,12,13,14,15,21,22,23,24,25] # used_features = [0,2,4,5,6,7,8,9,10,20,16,17,18,19] # used_features = [0,2,4,5,6,7,8,9,10,20,16,17,18,19,11,21,22,23,24,25] # used_features = [0,2,4,5,6,7,8,9,10,20,16,17,18,19,11,12,13,14,15,21,22,23,24,25,26,31,32,33,34,35,36,37,38,39,40] # used_features = [0,2,4,5,6,7,8,9,10,20,16,17,18,19,11,12,13,14,15,21,22,23,24,25,26,31,32,33,34,35,36,37] # used_features = [0,5,9,10,20,16,17,18,19,11,12,13,14,15,21,22,23,24,25,26,31,32,33,34,35,36,37] # used_features = [0,2,4,5,6,7,8,9,10,16,17,18,19,20,21,22,23,24,25,31,32,33,34,35] # used_features = [0,2,4,5,6,7,8,9,10,16,17,18,19,20,21,22,23,24,25,31,32,33,34,35,36,37,38,39,40] # used_features = [0,2,4,5,6,7,8,9,10,16,17,18,19,20,21,22,23,24,25] # used_features = [0,2,4,5,6,7,8,9,10,31,32,33,34,35] # used_features = [0,2,4,5,6,7,8,9,10,31,32,33,34,35] # used_features = [0,2,5,6,7,8,9,10,31,32,33,34,35] # used_features = [0,5,6,7,8,9,10,31,32,33,34,35] used_features = [0,5,6,7,8,9,10,31,32,33,34,35] rf_5 = RandomForestRegressor(min_samples_split=2,n_estimators=500,max_samples=0.5,max_features=""sqrt"").fit(S_2648_X_aug[:,used_features],S_2648_y_aug[:]) S_2648_aug_preds = rf_5.predict(S_2648_X_aug[:,used_features]) S_921_aug_preds = rf_5.predict(S_921_X_aug[:,used_features]) S_669_"
Quick_Dirty_MPNN_ML_V2_VGRAPHS_V1.ipynb	28	code		True	"feature_to_index_map = {""A"":0, ""B"":6, ""C"":7, ""D"":8, ""E"":[31,32,33,34,35], ""F"":5, ""G"":9, ""H"":10} # total_predictions need to be saved for each of the 10 models since saving model itself seems to cause memory issues # However, we only need these predictions for the full feature set, and not for every combination list_results_tracking_dict = [] list_model_tracking_dict = [] n_iterations = 10 for n_iter in tqdm(range(n_iterations)): # In the ""results_tracking_dict"" below, outer-level keys will be dataset names, and values will be dictionaries results_tracking_dict = {} # In the inner dictionaries, keys will be feature-name alphabet representations separated by (+) between them, and values will be pearson correlations on both ""direct"" and ""reverse"" mutations results_tracking_dict[""S_2648_total_PCC""] = {} results_tracking_dict[""S_2648_direct_PCC""] = {} results_tracking_dict[""S_2648_reverse_PCC""] = {} results_tracking_dict[""S_2648_total_RMSE""] = {} results_tracking_dict[""S_2648_direct_RMSE""] = {} results_tracking_dict[""S_2648_reverse_RMSE""] = {} results_tracking_dict[""S_921_total_PCC""] = {} results_tracking_dict[""S_921_direct_PCC""] = {} results_tracking_dict[""S_921_reverse_PCC""] = {} results_tracking_dict[""S_921_total_RMSE""] = {} # results_tracking_dict[""S_921_direct_RMSE""] = {} results_tracking_dict[""S_921_reverse_RMSE""] = {} results_tracking_dict[""S_669_total_PCC""] = {} results_tracking_dict[""S_669_direct_PCC""] = {} results_tracking_dict[""S_669_reverse_PCC""] = {} results_tracking_dict[""S_669_total_RMSE""] = {} results_tracking_dict[""S_669_direct_RMSE""] = {} results_tracking_dict["
Quick_Dirty_MPNN_ML_V2_VGRAPHS_V1.ipynb	29	code		False	"# the pickle saved in cell is to be loaded when we need to get average results, and standard daviations # import pickle # with open(""list_incremental_feature_result_dict.pickle"",""wb"") as f: # pickle.dump(list_results_tracking_dict,f)"
Quick_Dirty_MPNN_ML_V2_VGRAPHS_V1.ipynb	30	code	31	False	"# import pickle # with open(""list_incremental_feature_result_dict.pickle"",""rb"") as f: # list_results_tracking_dict = pickle.load(f)"
Quick_Dirty_MPNN_ML_V2_VGRAPHS_V1.ipynb	31	code	32	False	"# putting everything into lists for taking average, and then printing graphs, and shit # these will actually be lists of dictionaries, where averaging has to be done key-wise list_Ssym_total_PCC = [] list_Ssym_direct_PCC = [] list_Ssym_reverse_PCC = [] # list_Ssym_forward_reverse_PCC = [] list_Ssym_total_RMSE = [] list_Ssym_direct_RMSE = [] list_Ssym_reverse_RMSE = [] list_S_669_total_PCC = [] list_S_669_direct_PCC = [] list_S_669_reverse_PCC = [] # list_S_669_forward_reverse_PCC = [] list_S_669_total_RMSE = [] list_S_669_direct_RMSE = [] list_S_669_reverse_RMSE = [] list_S_921_total_PCC = [] list_S_921_direct_PCC = [] list_S_921_reverse_PCC = [] # list_S_921_forward_reverse_PCC = [] list_S_921_total_RMSE = [] list_S_921_direct_RMSE = [] list_S_921_reverse_RMSE = [] n_iterations = 10 for i in range(n_iterations): list_Ssym_total_PCC.append(list_results_tracking_dict[i][""Ssym_total_PCC""]) list_Ssym_direct_PCC.append(list_results_tracking_dict[i][""Ssym_direct_PCC""]) list_Ssym_reverse_PCC.append(list_results_tracking_dict[i][""Ssym_reverse_PCC""]) # list_Ssym_forward_reverse_PCC.append(list_results_tracking_dict[i][""Ssym_forward_reverse_PCC""]) list_Ssym_total_RMSE.append(list_results_tracking_dict[i][""Ssym_total_RMSE""]) list_Ssym_direct_RMSE.append(list_results_tracking_dict[i][""Ssym_direct_RMSE""]) list_Ssym_reverse_RMSE.append(list_results_tracking_dict[i][""Ssym_reverse_RMSE""]) list_S_669_total_PCC.append(list_results_tracking_dict[i][""S_669_total_PCC""]) list_S_669_direct_PCC.append(list_results_tracking_dict[i][""S_669_direct_PCC""]) list_S_669_reverse_PCC.append(list_results_tr"
Quick_Dirty_MPNN_ML_V2_VGRAPHS_V1.ipynb	33	code	35	False	# dict_mean(list_S_921_forward_reverse_PCC) # print(sum(list_S_921_forward_reverse_PCC)/len(list_S_921_forward_reverse_PCC)) # print(sum(list_S_669_forward_reverse_PCC)/len(list_S_669_forward_reverse_PCC)) # print(sum(list_Ssym_forward_reverse_PCC)/len(list_Ssym_forward_reverse_PCC))
Quick_Dirty_MPNN_ML_V2_VGRAPHS_V1.ipynb	34	code	36	True	dict_mean(list_Ssym_direct_PCC)
Quick_Dirty_MPNN_ML_V2_VGRAPHS_V1.ipynb	35	code	37	True	"# let us do some quick averaging and printing here to get the results, and put them in the table print(""............................................................"") # S_669 print(round(dict_mean(list_S_669_direct_PCC)['A+B+C+D+E+F+G+H'],2)) print(round(dict_mean(list_S_669_reverse_PCC)['A+B+C+D+E+F+G+H'],2)) print(round(dict_mean(list_S_669_total_PCC)['A+B+C+D+E+F+G+H'],2)) # print(round(sum(list_S_669_forward_reverse_PCC)/len(list_S_669_forward_reverse_PCC),2)) print(round(dict_mean(list_S_669_direct_RMSE)['A+B+C+D+E+F+G+H'],2)) print(round(dict_mean(list_S_669_reverse_RMSE)['A+B+C+D+E+F+G+H'],2)) print(round(dict_mean(list_S_669_total_RMSE)['A+B+C+D+E+F+G+H'],2)) print(""............................................................"") # Ssym print(round(dict_mean(list_Ssym_direct_PCC)['A+B+C+D+E+F+G+H'],2)) print(round(dict_mean(list_Ssym_reverse_PCC)['A+B+C+D+E+F+G+H'],2)) print(round(dict_mean(list_Ssym_total_PCC)['A+B+C+D+E+F+G+H'],2)) # print(round(sum(list_Ssym_forward_reverse_PCC)/len(list_Ssym_forward_reverse_PCC),2)) print(round(dict_mean(list_Ssym_direct_RMSE)['A+B+C+D+E+F+G+H'],2)) print(round(dict_mean(list_Ssym_reverse_RMSE)['A+B+C+D+E+F+G+H'],2)) print(round(dict_mean(list_Ssym_total_RMSE)['A+B+C+D+E+F+G+H'],2)) print(""............................................................"") # S_921 print(round(dict_mean(list_S_921_direct_PCC)['A+B+C+D+E+F+G+H'],2)) print(round(dict_mean(list_S_921_reverse_PCC)['A+B+C+D+E+F+G+H'],2)) print(round(dict_mean(list_S_921_total_PCC)['A+B+C+D+E+F+G+H'],2)) # print(round(sum(list_S_921_forward_reverse_PCC)/len(list_S_921_forward"
Quick_Dirty_MPNN_ML_V2_VGRAPHS_V1.ipynb	36	code	38	True	dict_mean(list_S_921_direct_PCC)
Quick_Dirty_MPNN_ML_V2_VGRAPHS_V1.ipynb	37	code	54	True	"# Now, slowly think how to use the dictionaries to draw the plots # subplots are going to be needed # each of the three plots (three separate figures for three separate independent test sets) # will have three subplots (total on top, direct on bottom left, reverse on bottom right) import seaborn as sns import matplotlib.pyplot as plt sns.set(font_scale=1.7) dpi_loc = 100 fig = plt.figure(figsize=(7, 3), dpi=dpi_loc) ax = fig.add_axes([0,0,1,1]) methods = [] for i in dict_mean(list_S_921_total_PCC).keys(): if len(i) == 1: methods.append(i) else: j = i.split(""+"") methods.append(f""{j[0]}-{j[-1]}"") vals = [i for i in dict_mean(list_S_921_total_PCC).values()] plt.ylabel(""PCC"",fontsize=18,fontweight=""bold"",fontfamily=""sans-serif"") plt.xlabel(""Incremental Feature Combinations"",fontsize=18,fontweight=""bold"",fontfamily=""sans-serif"") plt.xticks(fontsize=18,fontweight=""bold"",fontfamily=""sans-serif"") plt.yticks(fontsize=18,fontweight=""bold"",fontfamily=""sans-serif"") plt.ylim(0.30,0.90) plt.xticks(rotation=90,fontsize=18,fontweight=""bold"",fontfamily=""sans-serif"") ax.bar(methods,vals,color=""G"",width=0.5,edgecolor=""grey"") plt.tight_layout() plt.show()"
Quick_Dirty_MPNN_ML_V2_VGRAPHS_V1.ipynb	38	code	55	True	"# Now, slowly think how to use the dictionaries to draw the plots # subplots are going to be needed # each of the three plots (three separate figures for three separate independent test sets) # will have three subplots (total on top, direct on bottom left, reverse on bottom right) import seaborn as sns import matplotlib.pyplot as plt sns.set(font_scale=1.7) dpi_loc = 100 fig = plt.figure(figsize=(7, 3), dpi=dpi_loc) ax = fig.add_axes([0,0,1,1]) methods = [] for i in dict_mean(list_S_921_total_PCC).keys(): if len(i) == 1: methods.append(i) else: j = i.split(""+"") methods.append(f""{j[0]}-{j[-1]}"") vals = [i for i in dict_mean(list_S_669_total_PCC).values()] plt.ylabel(""PCC"",fontsize=18,fontweight=""bold"",fontfamily=""sans-serif"") plt.xlabel(""Incremental Feature Combinations"",fontsize=18,fontweight=""bold"",fontfamily=""sans-serif"") plt.xticks(fontsize=18,fontweight=""bold"",fontfamily=""sans-serif"") plt.yticks(fontsize=18,fontweight=""bold"",fontfamily=""sans-serif"") plt.ylim(0.30,0.90) plt.xticks(rotation=90,fontsize=18,fontweight=""bold"",fontfamily=""sans-serif"") ax.bar(methods,vals,color=""G"",width=0.5,edgecolor=""grey"") plt.tight_layout() plt.show()"
Quick_Dirty_MPNN_ML_V2_VGRAPHS_V1.ipynb	39	code	56	True	"# Now, slowly think how to use the dictionaries to draw the plots # subplots are going to be needed # each of the three plots (three separate figures for three separate independent test sets) # will have three subplots (total on top, direct on bottom left, reverse on bottom right) import seaborn as sns import matplotlib.pyplot as plt sns.set(font_scale=1.7) dpi_loc = 100 fig = plt.figure(figsize=(7, 3), dpi=dpi_loc) ax = fig.add_axes([0,0,1,1]) methods = [] for i in dict_mean(list_S_921_total_PCC).keys(): if len(i) == 1: methods.append(i) else: j = i.split(""+"") methods.append(f""{j[0]}-{j[-1]}"") vals = [i for i in dict_mean(list_Ssym_total_PCC).values()] plt.ylabel(""PCC"",fontsize=18,fontweight=""bold"",fontfamily=""serif"") plt.xlabel(""Incremental Feature Combinations"",fontsize=18,fontweight=""bold"",fontfamily=""serif"") plt.xticks(fontsize=18,fontweight=""bold"",fontfamily=""serif"") plt.yticks(fontsize=18,fontweight=""bold"",fontfamily=""serif"") plt.ylim(0.30,0.90) plt.xticks(rotation=90,fontsize=18,fontweight=""bold"",fontfamily=""serif"") ax.bar(methods,vals,color=""G"",width=0.5,edgecolor=""grey"") plt.tight_layout() plt.show()"
Quick_Dirty_MPNN_ML_V2_VGRAPHS_V1.ipynb	40	code	58	True	"import seaborn as sns import matplotlib.pyplot as plt import numpy as np sns.set(font_scale=1.7) # set height of bar S_669_PCC_vals = [i for i in dict_mean(list_S_669_total_PCC).values()] Ssym_PCC_vals = [i for i in dict_mean(list_Ssym_total_PCC).values()] feature_combination_names = [] for i in dict_mean(list_S_669_total_PCC).keys(): if len(i) == 1: feature_combination_names.append(i) else: j = i.split(""+"") feature_combination_names.append(f""{j[0]}-{j[-1]}"") dpi_loc = 200 barWidth = 0.25 fig = plt.figure(figsize=(8, 4), dpi=dpi_loc) # Set position of bar on X axis br1 = np.arange(len(feature_combination_names)) br2 = [x + barWidth for x in br1] br3 = [x + barWidth for x in br2] plt.ylabel(""PCC"",fontsize=18,fontweight=""bold"",fontfamily=""sans-serif"") plt.xlabel(""Incremental Feature Combinations"",fontsize=18,fontweight=""bold"",fontfamily=""sans-serif"") plt.xticks(ticks=[r + barWidth for r in range(len(feature_combination_names))],labels=feature_combination_names,rotation=90,fontsize=18,fontweight=""bold"",fontfamily=""sans-serif"") plt.yticks(fontsize=18,fontweight=""bold"",fontfamily=""sans-serif"") plt.ylim(0.30,0.85) # Make the plot plt.bar(br1, S_669_PCC_vals, color ='r', width = barWidth, edgecolor ='grey', label ='S_669') plt.bar(br2, Ssym_PCC_vals, color ='g', width = barWidth, edgecolor ='grey', label ='Ssym') legend_prop={'size': 12, 'weight':""bold""} plt.legend(prop=legend_prop) plt.tight_layout() plt.show()"
Quick_Dirty_MPNN_ML_V2_VGRAPHS_V1.ipynb	41	code		True	"import seaborn as sns import matplotlib.pyplot as plt import numpy as np sns.set(font_scale=1.7) # set height of bar S_669_PCC_vals = [i for i in dict_mean(list_S_669_total_PCC).values()] Ssym_PCC_vals = [i for i in dict_mean(list_Ssym_total_PCC).values()] feature_combination_names = [i for i in dict_mean(list_S_669_total_PCC).keys()] dpi_loc = 200 barWidth = 0.25 fig, axes = plt.subplots(2,1,sharex=True,sharey=True,figsize=(8, 8),dpi=dpi_loc) ax1,ax2 = axes plt.sca(ax1) plt.ylabel(""PCC"",fontsize=18,fontweight=""bold"",fontfamily=""serif"") plt.ylim(0.30,0.85) plt.bar(x=feature_combination_names, height=Ssym_PCC_vals, color ='g', width = barWidth, edgecolor ='grey', label ='Ssym') # plt.xlabel(""Incremental Feature Combinations"",fontsize=18,fontweight=""bold"",fontfamily=""serif"") # plt.xticks(rotation=90,fontsize=18,fontweight=""bold"",fontfamily=""serif"") legend_prop={'size': 8, 'weight':""bold""} plt.legend(prop=legend_prop) plt.sca(ax2) plt.ylabel(""PCC"",fontsize=18,fontweight=""bold"",fontfamily=""serif"") # plt.ylim(0.30,0.85) plt.bar(x=feature_combination_names,height=S_669_PCC_vals, color ='r', width = barWidth, edgecolor ='grey', label ='S_669') plt.xlabel(""Incremental Feature Combinations"",fontsize=18,fontweight=""bold"",fontfamily=""serif"") plt.xticks(rotation=90,fontsize=18,fontweight=""bold"",fontfamily=""serif"") legend_prop={'size': 8, 'weight':""bold""} plt.legend(prop=legend_prop) plt.tight_layout() plt.show()"
Quick_Dirty_MPNN_ML_V2_VGRAPHS_V1.ipynb	42	code		False	"# this is the old version of the feature-combination result file, where # random forest is run only once, instead of averaging the results over 10 runs # import pickle # with open(""incremental_feature_result_dict.pickle"",""wb"") as f: # pickle.dump(results_tracking_dict,f)"
Quick_Dirty_MPNN_ML_V2_VGRAPHS_V1.ipynb	43	code		False	"# import pickle # with open(""incremental_feature_result_dict.pickle"",""rb"") as f: # results_tracking_dict = pickle.load(f)"
S669_ProteinMPNNTesting_V3.ipynb	6	code		False	hidden_dim = 128 num_layers = 3 # Seems like, backbone_noise is set to 0 at inference path which seems logical backbone_noise=0.00 mpnn_model = ProteinMPNN(num_letters=21, node_features=hidden_dim, edge_features=hidden_dim, hidden_dim=hidden_dim, num_encoder_layers=num_layers, num_decoder_layers=num_layers, augment_eps=backbone_noise, k_neighbors=checkpoint['num_edges']) mpnn_model.to(device) mpnn_model.load_state_dict(checkpoint['model_state_dict']) mpnn_model.eval()
S669_ProteinMPNNTesting_V3.ipynb	8	code	10	True	"# Parse and create dictionaries for all the mutations in PremPS 2648 # This dictionary will be a dictionary of dictionaries, where outer-dict keys will be pdbid+mutchain and inner-dict keys will be (wild+pos+mut) and ddg # the icodes can be brought to picture later # this ""two_level_dict"" is literally used everywhere throughout this code for storing all the numbers that are compared with each other under feature-specific keys dataset = pd.read_csv(""/content/drive/MyDrive/ACCRE_PyRun_Setup/Data_s669_with_predictions.csv"") pdbIdsChains = list(dataset[""Protein""]) pdbIds = [] mutChains = [] for pdbIdChain in pdbIdsChains: pdbIds.append(pdbIdChain[0:-1]) mutChains.append(pdbIdChain[-1]) mutations = list(dataset[""PDB_Mut""]) ddgs = list(dataset[""DDG_checked_dir""]) two_level_dict = {} for pdbId, mutChain, mutation, ddg in tqdm(zip(pdbIds,mutChains,mutations,ddgs)): pos = [int(s) for s in re.findall('-?\d+',mutation)][0] wild = mutation[0] mut = mutation[len(mutation)-1] pdbId = pdbId.lower() inner_dict = {} inner_dict[""mut""] = f""{wild}{pos}{mut}"" inner_dict[""ddg""] = float(ddg) outer_key = f""{pdbId}{mutChain}"" if outer_key not in two_level_dict: two_level_dict[f""{pdbId}{mutChain}""] = [inner_dict] else: two_level_dict[f""{pdbId}{mutChain}""].append(inner_dict)"
S669_ProteinMPNNTesting_V3.ipynb	10	code	12	False	"# changing this ""parse_PDB_biounits()"" function locally for addressing the fucked up integer named chain problem def parse_PDB_biounits(x, atoms=['N', 'CA', 'C'], chain=None): ''' input: x = PDB filename atoms = atoms to extract (optional) output: (length, atoms, coords=(x,y,z)), sequence ''' alpha_1 = list(""ARNDCQEGHILKMFPSTWYV-"") states = len(alpha_1) alpha_3 = ['ALA', 'ARG', 'ASN', 'ASP', 'CYS', 'GLN', 'GLU', 'GLY', 'HIS', 'ILE', 'LEU', 'LYS', 'MET', 'PHE', 'PRO', 'SER', 'THR', 'TRP', 'TYR', 'VAL', 'GAP'] # The following dictionaries are mapping from one-letter to 0-20 index, # three-letter to 0-20 index, # 0-20 index to one-letter, # one-letter to three-letter, and vice-versa aa_1_N = {a: n for n, a in enumerate(alpha_1)} aa_3_N = {a: n for n, a in enumerate(alpha_3)} aa_N_1 = {n: a for n, a in enumerate(alpha_1)} aa_1_3 = {a: b for a, b in zip(alpha_1, alpha_3)} aa_3_1 = {b: a for a, b in zip(alpha_1, alpha_3)} def AA_to_N(x): # [""ARND""] -> [[0,1,2,3]] x = np.array(x); if x.ndim == 0: x = x[None] return [[aa_1_N.get(a, states - 1) for a in y] for y in x] def N_to_AA(x): # [[0,1,2,3]] -> [""ARND""] x = np.array(x); if x.ndim == 1: x = x[None] return ["""".join([aa_N_1.get(a, ""-"") for a in y]) for y in x] xyz, seq, min_resn, max_resn = {}, {}, 1e6, -1e6 for line in open(x, ""rb""): line = line.decode(""utf-8"", ""ignore"").rstrip() if line[:6] == ""HETATM"" and line[17:17 + 3] == ""MSE"": line = line.replace(""HETATM"", ""ATOM "") line = line.replace(""MSE"", ""MET"") if line[:4] == ""ATOM"": ch = line[21:22] # If the input chain is not in the PDB file, which can be the case if the target chain"
S669_ProteinMPNNTesting_V3.ipynb	11	code	13	True	"# read in the PDB files from the directory where the S_2648 PDB Files are stored, and set-them up one by one for featuirization, and passing through the model pdbDirectory = ""/content/drive/MyDrive/ACCRE_PyRun_Setup/S_669_PDB_Files"" parser = PDBParser(QUIET=True) for i,filename in tqdm(enumerate(os.listdir(pdbDirectory))): #ICODE related problematic proteins will be skipped from analysis for now if (filename.split(""."")[0] not in proteins_to_skip): # if i > 70: # break filepath = os.path.join(pdbDirectory,filename) structure = parser.get_structure(id=filename.split(""."")[0],file=filepath) model = structure[0] # Since there is only one chain, and that same chain is both fixed designable for different residues, extracting that name, and putting them in pertinent lists # taking chainname from filename since one of the files ""1rtpA.pdb"" has chain name with ""1"" instead of ""A"" # fuck you motherfucking fucked up PDB file submitter. Have you shoved your head into your ass? chain_name = (filename.split(""."")[0])[-1] fixed_chain_list = [] # the trick is to put the single chain as designable chain, and then create the ""fixed_positions_dict"" dictionary designed_chain_list = [chain_name] chain_list = list(set(designed_chain_list + fixed_chain_list)) # Using the programs custome PDB parser for processing the PDB files pdb_dict_list = parse_PDB(filepath, input_chain_list=chain_list) # tacking max_length parameter value from the original colab notebook since I need to process all residues at the same time # all the PDB files can technically be processed together and put inside the dataset_val"
S669_ProteinMPNNTesting_V3.ipynb	12	code		False	"# # read in the PDB files from the directory where the S_2648 PDB Files are stored, and set-them up one by one for featuirization, and passing through the model # pdbDirectory = ""/content/drive/MyDrive/ACCRE_PyRun_Setup/S_2648_PDB_Files"" # parser = PDBParser(QUIET=True) # for i,filename in tqdm(enumerate(os.listdir(pdbDirectory))): # #ICODE related problematic proteins will be skipped from analysis for now # if (filename.split(""."")[0] not in proteins_to_skip): # if i > 7: # break # filepath = os.path.join(pdbDirectory,filename) # structure = parser.get_structure(id=filename.split(""."")[0],file=filepath) # model = structure[0] # # Since there is only one chain, and that same chain is both fixed designable for different residues, extracting that name, and putting them in pertinent lists # # taking chainname from filename since one of the files ""1rtpA.pdb"" has chain name with ""1"" instead of ""A"" # # fuck you motherfucking fucked up PDB file submitter. Have you shoved your head into your ass? # chain_name = (filename.split(""."")[0])[-1] # fixed_chain_list = [] # # the trick is to put the single chain as designable chain, and then create the ""fixed_positions_dict"" dictionary # designed_chain_list = [chain_name] # chain_list = list(set(designed_chain_list + fixed_chain_list)) # # Using the programs custome PDB parser for processing the PDB files # pdb_dict_list = parse_PDB(filepath, input_chain_list=chain_list) # # tacking max_length parameter value from the original colab notebook since I need to process all residues at the same time # # all the PDB files can technically be process"
S669_ProteinMPNNTesting_V3.ipynb	13	code		False	"# Save the incomplete ""two_level_dict"" as pickle file for a quick dirty comparison # import pickle # with open(""res_dict.pickle"",""wb"") as f: # pickle.dump(two_level_dict,f)"
S669_ProteinMPNNTesting_V3.ipynb	14	code		False	"# import pickle # with open(""res_dict.pickle"",""rb"") as f: # two_level_dict = pickle.load(f)"
S669_ProteinMPNNTesting_V3.ipynb	15	code	14	False	"from scipy.stats import entropy alpha_list = list(""ACDEFGHIKLMNPQRSTVWYX"") # The following dictionary will be used for fetching out the log-probabilities corresponding to the wild-type and mutated residues at the mutation positions aa_to_N = {a:n for n,a in enumerate(alpha_list)} # This list will contain the experimental ddg values for the mutations for which two-level dict contains information regarding log_probabilities true_vals = [] # This list will contain (wild_proba,mut_proba) tuples for the mutations for which two-level dict contains information regarding log_probabilities wild_mut_log_probabilities = [] # saving max probabilites for debugging max_log_probabilities = [] # Want to add entropy of the position with some kind of weight (maybe, just a for loop for checking weight combinations that sum to 1?) position_entropies = [] for prot,muts in two_level_dict.items(): if prot not in proteins_to_skip: try: cur_map_dict = mapping_dict[prot] except: continue for mut in muts: # only fetching those mutations that have corresponding log-probabilities calculated and saved as values of ""log_prob"" key if ""log_prob"" in mut: wild = mut[""mut""][0] alternate = mut[""mut""][-1] true_vals.append(mut[""ddg""]) sequence_index_of_mutation = cur_map_dict[mut[""mut""][0:-1]] position_log_probabilities = mut[""log_prob""][0,sequence_index_of_mutation,:] wild_mut_log_probabilities.append((position_log_probabilities[aa_to_N[wild]],position_log_probabilities[aa_to_N[alternate]])) max_log_probabilities.append(position_log_probabilities.max()) position_entropies.append(entropy(np.exp(position_log_prob"
S669_ProteinMPNNTesting_V3.ipynb	19	code	18	False	"# Now combine ""mut_wild_predictions"" and ""entropy_predictions"" using weight combinations from 0 to 1 in 0.05 increments so that they some to one # so, when one weight is x, the other weight is automatically (1-x) # The keys of this dictionary will be (term1_coeff,term2_coeff) tuples, and values will be the observed correlations coefficient_result_dictionary = {} for i in np.arange(0.0,1.000001,0.005): term1_coeff = round(i,2) term2_coeff = round((1.000001 - i),2) local_preds = (term1_coeff*mut_wild_predictions) + (term2_coeff*entropy_predictions) coefficient_result_dictionary[(term1_coeff,term2_coeff)] = round(pearsonr(experimental_energies,local_preds)[0],2)"
S669_ProteinMPNNTesting_V3.ipynb	21	code	20	False	"# let me get PSSM values and do some comparison quickly # getting the PSSM extraction functions from my custom model data processing scripts from string import ascii_uppercase # In rare cases, some PDB files number chains with 1,2,3 instead of A,B,C def convertChainFromAlphabetToNumber(alphabet): mappingDict = {ch:(idx+1) for idx,ch in enumerate(ascii_uppercase)} return str(mappingDict[alphabet]) # Before executing this function, the PSSM files with naming format ""pdbIdchain.pssm"" needs to be stored # in the pssm_dir def returnPSSMArray(pdbIdPlusChain,pssm_dir=""train_pssm_dir"",convert_upper = False): # Currently, assuming that the pssm file names contain pdbId in upper case if convert_upper: fileName = pdbIdPlusChain.upper() + "".pssm"" else: fileName = pdbIdPlusChain + "".pssm"" try: fullPath = os.path.join(pssm_dir,fileName) f = open(fullPath) except: fileName = pdbIdPlusChain[0:4].upper() + str(convertChainFromAlphabetToNumber(pdbIdPlusChain[4])) + "".pssm"" fullPath = os.path.join(pssm_dir,fileName) f = open(fullPath) # # all the target lines in the PSSM files have (2+20+20+2=44) strings after line.split() target_lines = [line.split() for line in f.readlines() if (len(line.split()))==44] number_of_residues = len(target_lines) pssm_features = np.zeros((number_of_residues,20)) for idx,line in enumerate(target_lines): pssm_features[idx,:] = line[2:22] f.close() return pssm_features # This function also seems necessary for extracting the two pssm values # Must review the three pssm feature functions (this one and the two above) later # These functions seem to be taking up a lot o"
S669_ProteinMPNNTesting_V3.ipynb	22	code	21	False	"pssm_predictions = [] for prot,muts in two_level_dict.items(): if prot not in proteins_to_skip: try: cur_map_dict = mapping_dict[prot] except: continue for mut in muts: # only fetching those mutations that have corresponding log-probabilities calculated and saved as values of ""log_prob"" key if ""log_prob"" in mut: pssm_predictions.append((mut[""wild_pssm""]-mut[""alternate_pssm""]))"
S669_ProteinMPNNTesting_V3.ipynb	24	code	23	False	"# Now combine ""mut_wild_predictions"" and ""pssm_predictions"" using weight combinations from 0 to 1 in 0.05 increments so that they some to one # so, when one weight is x, the other weight is automatically (1-x) # The keys of this dictionary will be (term1_coeff,term2_coeff) tuples, and values will be the observed correlations coefficient_result_dictionary = {} for i in np.arange(0.0,1.000001,0.005): term1_coeff = round(i,2) term2_coeff = round((1.000001 - i),2) local_preds = (term1_coeff*mut_wild_predictions) + (term2_coeff*pssm_predictions) coefficient_result_dictionary[(term1_coeff,term2_coeff)] = round(pearsonr(experimental_energies,local_preds)[0],2)"
S669_ProteinMPNNTesting_V3.ipynb	26	code		False	# coefficient_result_dictionary # (0.82, 0.18): 0.52, # (0.82, 0.19): 0.51, # (0.83, 0.17): 0.52, # (0.84, 0.16): 0.52, # (0.84, 0.17): 0.52, # (0.85, 0.15): 0.52, # (0.86, 0.14): 0.52, # (0.86, 0.15): 0.52, # (0.87, 0.13): 0.52, # (0.88, 0.12): 0.52, # (0.88, 0.13): 0.52, # (0.89, 0.11): 0.52, # (0.9, 0.1): 0.52, # (0.9, 0.11): 0.52, # (0.91, 0.09): 0.52, # (0.92, 0.08): 0.52, # (0.92, 0.09): 0.52, # (0.93, 0.07): 0.52, # (0.94, 0.06): 0.52, # (0.94, 0.07): 0.52, # (0.95, 0.05): 0.52, # (0.96, 0.04): 0.52, # great thing since the decorrelation is actually interesting, and using both definitely seems to help
S669_ProteinMPNNTesting_V3.ipynb	27	code	28	True	"import matplotlib.pyplot as plt fig = plt.figure(figsize=(6,4)) ax = fig.add_axes([0,0,1,1]) methods = ['PMPNN_DEP','PMPNN_ET','PMPNN_DEP_ET','PSSM_DEC','PMPNN_DEP_PSSM_DEC'] vals = [0.34,0.26,0.34,0.18,0.36] plt.ylabel(""Pearson Correlation"",fontsize=18) plt.xlabel(""Informative Features"",fontsize=18) plt.xticks(fontsize=18, rotation=90) plt.yticks(fontsize=18) plt.ylim(0.10,0.40) ax.bar(methods,vals,color=""maroon"",width=0.3) plt.show()"
S669_ProteinMPNNTesting_V3.ipynb	28	code	29	True	import pandas as pd import seaborn as sns mut_wild_predictions = np.array(mut_energies - wild_energies) entropy_predictions = np.array(entropy_conservations) first_second_combined = 0.5*mut_wild_predictions + 0.5*entropy_predictions pssm_predictions = np.array(pssm_predictions) first_pssm_combined = 0.89*mut_wild_predictions + 0.11*pssm_predictions df_Ssym = pd.DataFrame( {'P_DP': mut_wild_predictions, 'P_ET': entropy_predictions, 'P_DP_ET':first_second_combined, 'P_DEC': pssm_predictions, 'PMPNN_DP_PSSM_DEC' : first_pssm_combined }) corr = df_Ssym.corr() sns.set(font_scale=1.4) sns.heatmap(corr, xticklabels=corr.columns, yticklabels=corr.columns)
S669_ProteinMPNNTesting_V6.ipynb	6	code	7	False	"from __future__ import print_function import json, time, os, sys, glob import shutil import numpy as np import torch from torch import optim from torch.utils.data import DataLoader from torch.utils.data.dataset import random_split, Subset import copy import torch.nn as nn import torch.nn.functional as F import random import itertools #A number of functions/classes are adopted from: https://github.com/jingraham/neurips19-graph-protein-design def _scores(S, log_probs, mask): """""" Negative log probabilities """""" criterion = torch.nn.NLLLoss(reduction='none') loss = criterion( log_probs.contiguous().view(-1,log_probs.size(-1)), S.contiguous().view(-1) ).view(S.size()) # The designable positions have mask set to 1.0, so this function seems to be returning the average score for the designable positions scores = torch.sum(loss * mask, dim=-1) / torch.sum(mask, dim=-1) return scores def _S_to_seq(S, mask): # This is the decoding order alphabet = 'ACDEFGHIKLMNPQRSTVWYX' seq = ''.join([alphabet[c] for c, m in zip(S.tolist(), mask.tolist()) if m > 0]) return seq def parse_PDB_biounits(x, atoms=['N','CA','C'], chain=None): ''' input: x = PDB filename atoms = atoms to extract (optional) output: (length, atoms, coords=(x,y,z)), sequence ''' alpha_1 = list(""ARNDCQEGHILKMFPSTWYV-"") states = len(alpha_1) alpha_3 = ['ALA','ARG','ASN','ASP','CYS','GLN','GLU','GLY','HIS','ILE', 'LEU','LYS','MET','PHE','PRO','SER','THR','TRP','TYR','VAL','GAP'] # The following dictionaries are mapping from one-letter to 0-20 index, # three-letter to 0-20 index, # 0-20 index to one-letter, # one-letter to three-le"
S669_ProteinMPNNTesting_V6.ipynb	7	code		False	hidden_dim = 128 num_layers = 3 # Seems like, backbone_noise is set to 0 at inference path which seems logical backbone_noise=0.00 mpnn_model = ProteinMPNN(num_letters=21, node_features=hidden_dim, edge_features=hidden_dim, hidden_dim=hidden_dim, num_encoder_layers=num_layers, num_decoder_layers=num_layers, augment_eps=backbone_noise, k_neighbors=checkpoint['num_edges']) mpnn_model.to(device) mpnn_model.load_state_dict(checkpoint['model_state_dict']) mpnn_model.eval()
S669_ProteinMPNNTesting_V6.ipynb	9	code	10	True	"# Parse and create dictionaries for all the mutations in PremPS 2648 # This dictionary will be a dictionary of dictionaries, where outer-dict keys will be pdbid+mutchain and inner-dict keys will be (wild+pos+mut) and ddg # the icodes can be brought to picture later # this ""two_level_dict"" is literally used everywhere throughout this code for storing all the numbers that are compared with each other under feature-specific keys dataset = pd.read_csv(""/content/drive/MyDrive/ACCRE_PyRun_Setup/Data_s669_with_predictions.csv"") pdbIdsChains = list(dataset[""Protein""]) pdbIds = [] mutChains = [] for pdbIdChain in pdbIdsChains: pdbIds.append(pdbIdChain[0:-1]) mutChains.append(pdbIdChain[-1]) mutations = list(dataset[""PDB_Mut""]) ddgs = list(dataset[""DDG_checked_dir""]) two_level_dict = {} for pdbId, mutChain, mutation, ddg in tqdm(zip(pdbIds,mutChains,mutations,ddgs)): pos = [int(s) for s in re.findall('-?\d+',mutation)][0] wild = mutation[0] mut = mutation[len(mutation)-1] pdbId = pdbId.lower() inner_dict = {} inner_dict[""mut""] = f""{wild}{pos}{mut}"" inner_dict[""ddg""] = float(ddg) outer_key = f""{pdbId}{mutChain}"" if outer_key not in two_level_dict: two_level_dict[f""{pdbId}{mutChain}""] = [inner_dict] else: two_level_dict[f""{pdbId}{mutChain}""].append(inner_dict)"
S669_ProteinMPNNTesting_V6.ipynb	11	code	12	False	"# changing this ""parse_PDB_biounits()"" function locally for addressing the fucked up integer named chain problem def parse_PDB_biounits(x, atoms=['N', 'CA', 'C'], chain=None): ''' input: x = PDB filename atoms = atoms to extract (optional) output: (length, atoms, coords=(x,y,z)), sequence ''' alpha_1 = list(""ARNDCQEGHILKMFPSTWYV-"") states = len(alpha_1) alpha_3 = ['ALA', 'ARG', 'ASN', 'ASP', 'CYS', 'GLN', 'GLU', 'GLY', 'HIS', 'ILE', 'LEU', 'LYS', 'MET', 'PHE', 'PRO', 'SER', 'THR', 'TRP', 'TYR', 'VAL', 'GAP'] # The following dictionaries are mapping from one-letter to 0-20 index, # three-letter to 0-20 index, # 0-20 index to one-letter, # one-letter to three-letter, and vice-versa aa_1_N = {a: n for n, a in enumerate(alpha_1)} aa_3_N = {a: n for n, a in enumerate(alpha_3)} aa_N_1 = {n: a for n, a in enumerate(alpha_1)} aa_1_3 = {a: b for a, b in zip(alpha_1, alpha_3)} aa_3_1 = {b: a for a, b in zip(alpha_1, alpha_3)} def AA_to_N(x): # [""ARND""] -> [[0,1,2,3]] x = np.array(x); if x.ndim == 0: x = x[None] return [[aa_1_N.get(a, states - 1) for a in y] for y in x] def N_to_AA(x): # [[0,1,2,3]] -> [""ARND""] x = np.array(x); if x.ndim == 1: x = x[None] return ["""".join([aa_N_1.get(a, ""-"") for a in y]) for y in x] xyz, seq, min_resn, max_resn = {}, {}, 1e6, -1e6 for line in open(x, ""rb""): line = line.decode(""utf-8"", ""ignore"").rstrip() if line[:6] == ""HETATM"" and line[17:17 + 3] == ""MSE"": line = line.replace(""HETATM"", ""ATOM "") line = line.replace(""MSE"", ""MET"") if line[:4] == ""ATOM"": ch = line[21:22] # If the input chain is not in the PDB file, which can be the case if the target chain"
S669_ProteinMPNNTesting_V6.ipynb	14	code		True	"# read in the PDB files from the directory where the S_2648 PDB Files are stored, and set-them up one by one for featuirization, and passing through the model pdbDirectory = ""/content/drive/MyDrive/ACCRE_PyRun_Setup/S_669_PDB_Files"" parser = PDBParser(QUIET=True) pdbId_info = [] pos_info = [] neighbor_pos = [] neighbor_attention = [] neighbor_attention_softmaxed = [] neighbor_distances_tracking = [] np.set_printoptions(suppress=True,precision=2) loc_proteins = [] for i,filename in tqdm(enumerate(os.listdir(pdbDirectory))): #ICODE related problematic proteins will be skipped from analysis for now if (filename.split(""."")[0] not in proteins_to_skip): # if i > 3: # break loc_proteins.append(filename.split(""."")[0]) filepath = os.path.join(pdbDirectory,filename) structure = parser.get_structure(id=filename.split(""."")[0],file=filepath) model = structure[0] # Since there is only one chain, and that same chain is both fixed designable for different residues, extracting that name, and putting them in pertinent lists # taking chainname from filename since one of the files ""1rtpA.pdb"" has chain name with ""1"" instead of ""A"" # fuck you motherfucking fucked up PDB file submitter. Have you shoved your head into your ass? chain_name = (filename.split(""."")[0])[-1] fixed_chain_list = [] # the trick is to put the single chain as designable chain, and then create the ""fixed_positions_dict"" dictionary designed_chain_list = [chain_name] chain_list = list(set(designed_chain_list + fixed_chain_list)) # Using the programs custome PDB parser for processing the PDB files pdb_dict_list = parse_PDB(file"
S669_ProteinMPNNTesting_V6.ipynb	15	code		False	"# Save the incomplete ""two_level_dict"" as pickle file for a quick dirty comparison # import pickle # with open(""S_669_pmppn_info_dict.pickle"",""wb"") as f: # pickle.dump(two_level_dict,f)"
S669_ProteinMPNNTesting_V6.ipynb	16	code	15	False	"# import pickle # with open(""S_669_pmppn_info_dict.pickle"",""rb"") as f: # two_level_dict = pickle.load(f)"
S669_ProteinMPNNTesting_V6.ipynb	17	code	16	False	"from scipy.stats import entropy from scipy.special import expit alpha_list = list(""ACDEFGHIKLMNPQRSTVWYX"") # The following dictionary will be used for fetching out the log-probabilities corresponding to the wild-type and mutated residues at the mutation positions aa_to_N = {a:n for n,a in enumerate(alpha_list)} # This list will contain the experimental ddg values for the mutations for which two-level dict contains information regarding log_probabilities true_vals = [] # This list will contain (wild_proba,mut_proba) tuples for the mutations for which two-level dict contains information regarding log_probabilities wild_mut_log_probabilities = [] # saving max probabilites for debugging max_log_probabilities = [] # Want to add entropy of the position with some kind of weight (maybe, just a for loop for checking weight combinations that sum to 1?) position_entropies = [] weighted_neighbor_entropies = [] # This ""weighted_neighbor_energy_changes"" will be ((-log(m))-(-log(w))) for each of the topk neighbors, weighted summed by corresponding attention weights weighted_neighbor_energy_changes = [] # backward_weighted_neighbor_energy_changes = [] V2_backward_weighted_neighbor_energy_changes = [] # the neighbor-forward-KL will at this point treat the center-wildtype conditioned neighbor distributions as true, # and center-mutated conditioned neighbor distributions as approximation weighted_neighbor_forward_KL = [] # the neighbor-backward-KL will treat the center-mutated conditioned neighbor distributions as true, # and center-wildtype conditioned neighbor distributions as approximation"
S669_ProteinMPNNTesting_V6.ipynb	21	code	17	False	"# let me get PSSM values and do some comparison quickly # getting the PSSM extraction functions from my custom model data processing scripts from string import ascii_uppercase # In rare cases, some PDB files number chains with 1,2,3 instead of A,B,C def convertChainFromAlphabetToNumber(alphabet): mappingDict = {ch:(idx+1) for idx,ch in enumerate(ascii_uppercase)} return str(mappingDict[alphabet]) # Before executing this function, the PSSM files with naming format ""pdbIdchain.pssm"" needs to be stored # in the pssm_dir def returnPSSMArray(pdbIdPlusChain,pssm_dir=""train_pssm_dir"",convert_upper = False): # Currently, assuming that the pssm file names contain pdbId in upper case if convert_upper: fileName = pdbIdPlusChain.upper() + "".pssm"" else: fileName = pdbIdPlusChain + "".pssm"" try: fullPath = os.path.join(pssm_dir,fileName) f = open(fullPath) except: fileName = pdbIdPlusChain[0:4].upper() + str(convertChainFromAlphabetToNumber(pdbIdPlusChain[4])) + "".pssm"" fullPath = os.path.join(pssm_dir,fileName) f = open(fullPath) # # all the target lines in the PSSM files have (2+20+20+2=44) strings after line.split() target_lines = [line.split() for line in f.readlines() if (len(line.split()))==44] number_of_residues = len(target_lines) pssm_features = np.zeros((number_of_residues,20)) for idx,line in enumerate(target_lines): pssm_features[idx,:] = line[2:22] f.close() return pssm_features # This function also seems necessary for extracting the two pssm values # Must review the three pssm feature functions (this one and the two above) later # These functions seem to be taking up a lot o"
S669_ProteinMPNNTesting_V6.ipynb	22	code		False	"pssm_predictions = [] for prot,muts in two_level_dict.items(): if prot not in proteins_to_skip: try: cur_map_dict = mapping_dict[prot] except: continue for mut in muts: # only fetching those mutations that have corresponding log-probabilities calculated and saved as values of ""log_prob"" key if ""log_prob"" in mut: pssm_predictions.append((mut[""wild_pssm""]-mut[""alternate_pssm""]))"
S669_ProteinMPNNTesting_V6.ipynb	23	code	18	False	"# this will be read in from external scripts (for example, the script loading these features to run ML models) # import pickle # with open(""S_669_full_feature_dict.pickle"",""wb"") as f: # pickle.dump(two_level_dict,f)"
S669_ProteinMPNNTesting_V6.ipynb	25	code		False	"# Now combine ""mut_wild_predictions"" and ""pssm_predictions"" using weight combinations from 0 to 1 in 0.05 increments so that they some to one # so, when one weight is x, the other weight is automatically (1-x) # The keys of this dictionary will be (term1_coeff,term2_coeff) tuples, and values will be the observed correlations coefficient_result_dictionary = {} for i in np.arange(0.0,1.000001,0.005): term1_coeff = round(i,2) term2_coeff = round((1.000001 - i),2) local_preds = (term1_coeff*neighbor_energy_change_predictions) + (term2_coeff*neighbor_backward_KL_predictions) coefficient_result_dictionary[(term1_coeff,term2_coeff)] = round(pearsonr(experimental_energies,local_preds)[0],2)"
S669_ProteinMPNNTesting_V6.ipynb	27	code		True	"import matplotlib.pyplot as plt fig = plt.figure(figsize=(6,4)) ax = fig.add_axes([0,0,1,1]) methods = ['PMPNN_DEP','PMPNN_ET','PMPNN_DEP_ET','PSSM_DEC','PMPNN_DEP_PSSM_DEC'] vals = [0.34,0.26,0.34,0.18,0.36] plt.ylabel(""Pearson Correlation"",fontsize=18) plt.xlabel(""Informative Features"",fontsize=18) plt.xticks(fontsize=18, rotation=90) plt.yticks(fontsize=18) plt.ylim(0.10,0.40) ax.bar(methods,vals,color=""maroon"",width=0.3) plt.show()"
S669_ProteinMPNNTesting_V6.ipynb	28	code		True	import pandas as pd import seaborn as sns df_Ssym = pd.DataFrame( {'P_DP': mut_wild_predictions, 'P_ET': entropy_predictions, 'P_DEC': pssm_predictions, 'Neighbor_Entropy' : neighbor_entropy_predictions, 'Neighbor_Energy_Change' : neighbor_energy_change_predictions, 'Backward_Weighted_Neighbor_Energy_Change' : backward_weighted_neighbor_energy_changes, 'V2_Backward_Weighted_Neighbor_Energy_Change' : V2_backward_weighted_neighbor_energy_changes, 'Neighbor_forward_KL' : neighbor_forward_KL_predictions, 'Neighbor_backward_KL' : neighbor_backward_KL_predictions, 'Backward_Weighted_Neighbor_backward_KL' : backward_weighted_neighbor_backward_KL, 'V2_Backward_Weighted_Neighbor_backward_KL' : V2_backward_weighted_neighbor_backward_KL, 'Neighbor_Entropy_Change' : neighbor_entropy_change_predictions, 'Backward_Weighted_Neighbor_Entropy_Change' : backward_weighted_neighbor_entropy_changes, 'V2_Backward_Weighted_Neighbor_Entropy_Change' : V2_backward_weighted_neighbor_entropy_changes, 'neighbor_attention_change_m/w' : center_neighbor_weight_check_m_w, 'neighbor_attention_change_w/m' : center_neighbor_weight_check_w_m }) corr = df_Ssym.corr() sns.set(font_scale=1.4) sns.heatmap(corr, xticklabels=corr.columns, yticklabels=corr.columns)
S669_ProteinMPNNTesting_V6_V2.ipynb	7	code	8	False	"from __future__ import print_function import json, time, os, sys, glob import shutil import numpy as np import torch from torch import optim from torch.utils.data import DataLoader from torch.utils.data.dataset import random_split, Subset import copy import torch.nn as nn import torch.nn.functional as F import random import itertools #A number of functions/classes are adopted from: https://github.com/jingraham/neurips19-graph-protein-design def _scores(S, log_probs, mask): """""" Negative log probabilities """""" criterion = torch.nn.NLLLoss(reduction='none') loss = criterion( log_probs.contiguous().view(-1,log_probs.size(-1)), S.contiguous().view(-1) ).view(S.size()) # The designable positions have mask set to 1.0, so this function seems to be returning the average score for the designable positions scores = torch.sum(loss * mask, dim=-1) / torch.sum(mask, dim=-1) return scores def _S_to_seq(S, mask): # This is the decoding order alphabet = 'ACDEFGHIKLMNPQRSTVWYX' seq = ''.join([alphabet[c] for c, m in zip(S.tolist(), mask.tolist()) if m > 0]) return seq def parse_PDB_biounits(x, atoms=['N','CA','C'], chain=None): ''' input: x = PDB filename atoms = atoms to extract (optional) output: (length, atoms, coords=(x,y,z)), sequence ''' alpha_1 = list(""ARNDCQEGHILKMFPSTWYV-"") states = len(alpha_1) alpha_3 = ['ALA','ARG','ASN','ASP','CYS','GLN','GLU','GLY','HIS','ILE', 'LEU','LYS','MET','PHE','PRO','SER','THR','TRP','TYR','VAL','GAP'] # The following dictionaries are mapping from one-letter to 0-20 index, # three-letter to 0-20 index, # 0-20 index to one-letter, # one-letter to three-le"
S669_ProteinMPNNTesting_V6_V2.ipynb	8	code		False	hidden_dim = 128 num_layers = 3 # Seems like, backbone_noise is set to 0 at inference path which seems logical backbone_noise=0.00 mpnn_model = ProteinMPNN(num_letters=21, node_features=hidden_dim, edge_features=hidden_dim, hidden_dim=hidden_dim, num_encoder_layers=num_layers, num_decoder_layers=num_layers, augment_eps=backbone_noise, k_neighbors=checkpoint['num_edges']) mpnn_model.to(device) mpnn_model.load_state_dict(checkpoint['model_state_dict']) mpnn_model.eval()
S669_ProteinMPNNTesting_V6_V2.ipynb	10	code	18	True	"# Parse and create dictionaries for all the mutations in PremPS 2648 # This dictionary will be a dictionary of dictionaries, where outer-dict keys will be pdbid+mutchain and inner-dict keys will be (wild+pos+mut) and ddg # the icodes can be brought to picture later # this ""two_level_dict"" is literally used everywhere throughout this code for storing all the numbers that are compared with each other under feature-specific keys dataset = pd.read_csv(""/content/drive/MyDrive/ACCRE_PyRun_Setup/Data_s669_with_predictions.csv"") pdbIdsChains = list(dataset[""Protein""]) pdbIds = [] mutChains = [] for pdbIdChain in pdbIdsChains: pdbIds.append(pdbIdChain[0:-1]) mutChains.append(pdbIdChain[-1]) mutations = list(dataset[""PDB_Mut""]) ddgs = list(dataset[""DDG_checked_dir""]) two_level_dict = {} for pdbId, mutChain, mutation, ddg in tqdm(zip(pdbIds,mutChains,mutations,ddgs)): pos = [int(s) for s in re.findall('-?\d+',mutation)][0] wild = mutation[0] mut = mutation[len(mutation)-1] pdbId = pdbId.lower() inner_dict = {} inner_dict[""mut""] = f""{wild}{pos}{mut}"" inner_dict[""ddg""] = float(ddg) outer_key = f""{pdbId}{mutChain}"" if outer_key not in two_level_dict: two_level_dict[f""{pdbId}{mutChain}""] = [inner_dict] else: two_level_dict[f""{pdbId}{mutChain}""].append(inner_dict)"
S669_ProteinMPNNTesting_V6_V2.ipynb	12	code	13	False	"# changing this ""parse_PDB_biounits()"" function locally for addressing the fucked up integer named chain problem def parse_PDB_biounits(x, atoms=['N', 'CA', 'C'], chain=None): ''' input: x = PDB filename atoms = atoms to extract (optional) output: (length, atoms, coords=(x,y,z)), sequence ''' alpha_1 = list(""ARNDCQEGHILKMFPSTWYV-"") states = len(alpha_1) alpha_3 = ['ALA', 'ARG', 'ASN', 'ASP', 'CYS', 'GLN', 'GLU', 'GLY', 'HIS', 'ILE', 'LEU', 'LYS', 'MET', 'PHE', 'PRO', 'SER', 'THR', 'TRP', 'TYR', 'VAL', 'GAP'] # The following dictionaries are mapping from one-letter to 0-20 index, # three-letter to 0-20 index, # 0-20 index to one-letter, # one-letter to three-letter, and vice-versa aa_1_N = {a: n for n, a in enumerate(alpha_1)} aa_3_N = {a: n for n, a in enumerate(alpha_3)} aa_N_1 = {n: a for n, a in enumerate(alpha_1)} aa_1_3 = {a: b for a, b in zip(alpha_1, alpha_3)} aa_3_1 = {b: a for a, b in zip(alpha_1, alpha_3)} def AA_to_N(x): # [""ARND""] -> [[0,1,2,3]] x = np.array(x); if x.ndim == 0: x = x[None] return [[aa_1_N.get(a, states - 1) for a in y] for y in x] def N_to_AA(x): # [[0,1,2,3]] -> [""ARND""] x = np.array(x); if x.ndim == 1: x = x[None] return ["""".join([aa_N_1.get(a, ""-"") for a in y]) for y in x] xyz, seq, min_resn, max_resn = {}, {}, 1e6, -1e6 for line in open(x, ""rb""): line = line.decode(""utf-8"", ""ignore"").rstrip() if line[:6] == ""HETATM"" and line[17:17 + 3] == ""MSE"": line = line.replace(""HETATM"", ""ATOM "") line = line.replace(""MSE"", ""MET"") if line[:4] == ""ATOM"": ch = line[21:22] # If the input chain is not in the PDB file, which can be the case if the target chain"
S669_ProteinMPNNTesting_V6_V2.ipynb	15	code		False	"# read in the PDB files from the directory where the S_2648 PDB Files are stored, and set-them up one by one for featuirization, and passing through the model pdbDirectory = ""/content/drive/MyDrive/ACCRE_PyRun_Setup/S_669_PDB_Files"" parser = PDBParser(QUIET=True) pdbId_info = [] pos_info = [] neighbor_pos = [] neighbor_attention = [] neighbor_attention_softmaxed = [] neighbor_distances_tracking = [] import time np.set_printoptions(suppress=True,precision=2) loc_proteins = [] for i,filename in tqdm(enumerate(os.listdir(pdbDirectory))): #ICODE related problematic proteins will be skipped from analysis for now if (filename.split(""."")[0] not in proteins_to_skip): prot_start = time.time() print(f""Prot Processing:{i+1}"") loc_proteins.append(filename.split(""."")[0]) filepath = os.path.join(pdbDirectory,filename) structure = parser.get_structure(id=filename.split(""."")[0],file=filepath) model = structure[0] # Since there is only one chain, and that same chain is both fixed designable for different residues, extracting that name, and putting them in pertinent lists # taking chainname from filename since one of the files ""1rtpA.pdb"" has chain name with ""1"" instead of ""A"" # fuck you motherfucking fucked up PDB file submitter. Have you shoved your head into your ass? chain_name = (filename.split(""."")[0])[-1] fixed_chain_list = [] # the trick is to put the single chain as designable chain, and then create the ""fixed_positions_dict"" dictionary designed_chain_list = [chain_name] chain_list = list(set(designed_chain_list + fixed_chain_list)) # Using the programs custome PDB parser for proces"
S669_ProteinMPNNTesting_V6_V2.ipynb	16	code	30	False	"# # Save the incomplete ""two_level_dict"" as pickle file for a quick dirty comparison # import pickle # with open(""S_669_pmppn_info_dict_V3.pickle"",""wb"") as f: # pickle.dump(two_level_dict,f)"
S669_ProteinMPNNTesting_V6_V2.ipynb	17	code	21	False	"# import pickle # with open(""S_669_pmppn_info_dict_V2.pickle"",""rb"") as f: # two_level_dict = pickle.load(f)"
S669_ProteinMPNNTesting_V6_V2.ipynb	18	code	25	False	"from scipy.stats import entropy from scipy.special import expit alpha_list = list(""ACDEFGHIKLMNPQRSTVWYX"") # The following dictionary will be used for fetching out the log-probabilities corresponding to the wild-type and mutated residues at the mutation positions aa_to_N = {a:n for n,a in enumerate(alpha_list)} # This list will contain the experimental ddg values for the mutations for which two-level dict contains information regarding log_probabilities true_vals = [] # This list will contain (wild_proba,mut_proba) tuples for the mutations for which two-level dict contains information regarding log_probabilities wild_mut_log_probabilities = [] # saving max probabilites for debugging max_log_probabilities = [] # Want to add entropy of the position with some kind of weight (maybe, just a for loop for checking weight combinations that sum to 1?) position_entropies = [] weighted_neighbor_entropies = [] # This ""weighted_neighbor_energy_changes"" will be ((-log(m))-(-log(w))) for each of the topk neighbors, weighted summed by corresponding attention weights weighted_neighbor_energy_changes = [] # backward_weighted_neighbor_energy_changes = [] V2_backward_weighted_neighbor_energy_changes = [] # the neighbor-forward-KL will at this point treat the center-wildtype conditioned neighbor distributions as true, # and center-mutated conditioned neighbor distributions as approximation weighted_neighbor_forward_KL = [] # the neighbor-backward-KL will treat the center-mutated conditioned neighbor distributions as true, # and center-wildtype conditioned neighbor distributions as approximation"
S669_ProteinMPNNTesting_V6_V2.ipynb	20	code	26	True	"experimental_energies = [] mut_wild_predictions = [] mut_min_predictions = [] entropy_predictions = [] neighbor_entropy_change_predictions = [] neighbor_energy_change_predictions = [] center_neighbor_weight_check_w_m = [] V2_backward_weighted_neighbor_backward_KL = [] sum_neighbor_embedding_change_m_w = [] neighbor_message_change_m_w = [] for prot,muts in two_level_dict.items(): if prot not in proteins_to_skip: for mut in muts: if ""center_mut_wild_energy"" in mut: experimental_energies.append(mut[""ddg""]) mut_wild_predictions.append(mut[""center_mut_wild_energy""]) mut_min_predictions.append(mut[""center_mut_max_energy""]) entropy_predictions.append(mut[""center_entropy""]) neighbor_entropy_change_predictions.append(mut[""weighted_neighbor_entropy_changes""]) neighbor_energy_change_predictions.append(mut[""weighted_neighbor_energy_changes""]) center_neighbor_weight_check_w_m.append(mut[""center_neighbor_weight_check_w_m""]) V2_backward_weighted_neighbor_backward_KL.append(mut[""V2_backward_weighted_neighbor_backward_KL""]) sum_neighbor_embedding_change_m_w.append(mut[""neighbor_embedding_change_m_w""]) neighbor_message_change_m_w.append(mut[""neighbor_message_change_m_w""]) print(len(experimental_energies),len(mut_wild_predictions)) print(pearsonr(experimental_energies,mut_wild_predictions)) print(pearsonr(experimental_energies,mut_min_predictions)) print(pearsonr(experimental_energies,entropy_predictions)) print(pearsonr(experimental_energies,neighbor_entropy_change_predictions)) print(pearsonr(experimental_energies,neighbor_energy_change_predictions)) print(pearsonr(experimental_energies,cen"
S669_ProteinMPNNTesting_V6_V2.ipynb	21	code	27	False	"# let me get PSSM values and do some comparison quickly # getting the PSSM extraction functions from my custom model data processing scripts from string import ascii_uppercase # In rare cases, some PDB files number chains with 1,2,3 instead of A,B,C def convertChainFromAlphabetToNumber(alphabet): mappingDict = {ch:(idx+1) for idx,ch in enumerate(ascii_uppercase)} return str(mappingDict[alphabet]) # Before executing this function, the PSSM files with naming format ""pdbIdchain.pssm"" needs to be stored # in the pssm_dir def returnPSSMArray(pdbIdPlusChain,pssm_dir=""train_pssm_dir"",convert_upper = False): # Currently, assuming that the pssm file names contain pdbId in upper case if convert_upper: fileName = pdbIdPlusChain.upper() + "".pssm"" else: fileName = pdbIdPlusChain + "".pssm"" try: fullPath = os.path.join(pssm_dir,fileName) f = open(fullPath) except: fileName = pdbIdPlusChain[0:4].upper() + str(convertChainFromAlphabetToNumber(pdbIdPlusChain[4])) + "".pssm"" fullPath = os.path.join(pssm_dir,fileName) f = open(fullPath) # # all the target lines in the PSSM files have (2+20+20+2=44) strings after line.split() target_lines = [line.split() for line in f.readlines() if (len(line.split()))==44] number_of_residues = len(target_lines) pssm_features = np.zeros((number_of_residues,20)) for idx,line in enumerate(target_lines): pssm_features[idx,:] = line[2:22] f.close() return pssm_features # This function also seems necessary for extracting the two pssm values # Must review the three pssm feature functions (this one and the two above) later # These functions seem to be taking up a lot o"
S669_ProteinMPNNTesting_V6_V2.ipynb	22	code	28	False	"pssm_predictions = [] for prot,muts in two_level_dict.items(): if prot not in proteins_to_skip: try: cur_map_dict = mapping_dict[prot] except: continue for mut in muts: # only fetching those mutations that have corresponding log-probabilities calculated and saved as values of ""log_prob"" key if ""log_prob"" in mut: pssm_predictions.append((mut[""wild_pssm""]-mut[""alternate_pssm""]))"
S669_ProteinMPNNTesting_V6_V2.ipynb	23	code	29	True	"experimental_energies = [] mut_wild_predictions = [] mut_min_predictions = [] entropy_predictions = [] neighbor_entropy_change_predictions = [] neighbor_energy_change_predictions = [] center_neighbor_weight_check_w_m = [] V2_backward_weighted_neighbor_backward_KL = [] sum_neighbor_embedding_change_m_w = [] neighbor_message_change_m_w = [] for prot,muts in two_level_dict.items(): if prot not in proteins_to_skip: for mut in muts: if ""center_mut_wild_energy"" in mut: experimental_energies.append(mut[""ddg""]) mut_wild_predictions.append(mut[""center_mut_wild_energy""]) mut_min_predictions.append(mut[""center_mut_max_energy""]) entropy_predictions.append(mut[""center_entropy""]) neighbor_entropy_change_predictions.append(mut[""weighted_neighbor_entropy_changes""]) neighbor_energy_change_predictions.append(mut[""weighted_neighbor_energy_changes""]) center_neighbor_weight_check_w_m.append(mut[""center_neighbor_weight_check_w_m""]) V2_backward_weighted_neighbor_backward_KL.append(mut[""V2_backward_weighted_neighbor_backward_KL""]) sum_neighbor_embedding_change_m_w.append(mut[""neighbor_embedding_change_m_w""]) neighbor_message_change_m_w.append(mut[""neighbor_message_change_m_w""]) print(len(experimental_energies),len(mut_wild_predictions)) print(pearsonr(experimental_energies,mut_wild_predictions)) print(pearsonr(experimental_energies,mut_min_predictions)) print(pearsonr(experimental_energies,entropy_predictions)) print(pearsonr(experimental_energies,neighbor_entropy_change_predictions)) print(pearsonr(experimental_energies,neighbor_energy_change_predictions)) print(pearsonr(experimental_energies,cen"
S669_ProteinMPNNTesting_V6_V2.ipynb	24	code		True	import pandas as pd import seaborn as sns df_Ssym = pd.DataFrame( {'DDG' : experimental_energies, 'P_DP': mut_wild_predictions, 'P_ET': entropy_predictions, 'P_DEC': pssm_predictions, 'Neighbor_Energy_Change' : neighbor_energy_change_predictions, 'Neighbor_backward_KL' : V2_backward_weighted_neighbor_backward_KL, 'Neighbor_Entropy_Change' : neighbor_entropy_change_predictions, 'neighbor_attention_change_w/m' : center_neighbor_weight_check_w_m, 'neighbor_embedding_change' : sum_neighbor_embedding_change_m_w, 'neighbor_message_change' : neighbor_message_change_m_w }) corr = df_Ssym.corr() sns.set(font_scale=1.4) sns.heatmap(corr, xticklabels=corr.columns, yticklabels=corr.columns)
S921_ProteinMPNNTesting_V6_V2.ipynb	7	code	8	False	"from __future__ import print_function import json, time, os, sys, glob import shutil import numpy as np import torch from torch import optim from torch.utils.data import DataLoader from torch.utils.data.dataset import random_split, Subset import copy import torch.nn as nn import torch.nn.functional as F import random import itertools #A number of functions/classes are adopted from: https://github.com/jingraham/neurips19-graph-protein-design def _scores(S, log_probs, mask): """""" Negative log probabilities """""" criterion = torch.nn.NLLLoss(reduction='none') loss = criterion( log_probs.contiguous().view(-1,log_probs.size(-1)), S.contiguous().view(-1) ).view(S.size()) # The designable positions have mask set to 1.0, so this function seems to be returning the average score for the designable positions scores = torch.sum(loss * mask, dim=-1) / torch.sum(mask, dim=-1) return scores def _S_to_seq(S, mask): # This is the decoding order alphabet = 'ACDEFGHIKLMNPQRSTVWYX' seq = ''.join([alphabet[c] for c, m in zip(S.tolist(), mask.tolist()) if m > 0]) return seq def parse_PDB_biounits(x, atoms=['N','CA','C'], chain=None): ''' input: x = PDB filename atoms = atoms to extract (optional) output: (length, atoms, coords=(x,y,z)), sequence ''' alpha_1 = list(""ARNDCQEGHILKMFPSTWYV-"") states = len(alpha_1) alpha_3 = ['ALA','ARG','ASN','ASP','CYS','GLN','GLU','GLY','HIS','ILE', 'LEU','LYS','MET','PHE','PRO','SER','THR','TRP','TYR','VAL','GAP'] # The following dictionaries are mapping from one-letter to 0-20 index, # three-letter to 0-20 index, # 0-20 index to one-letter, # one-letter to three-le"
S921_ProteinMPNNTesting_V6_V2.ipynb	8	code		False	hidden_dim = 128 num_layers = 3 # Seems like, backbone_noise is set to 0 at inference path which seems logical backbone_noise=0.00 mpnn_model = ProteinMPNN(num_letters=21, node_features=hidden_dim, edge_features=hidden_dim, hidden_dim=hidden_dim, num_encoder_layers=num_layers, num_decoder_layers=num_layers, augment_eps=backbone_noise, k_neighbors=checkpoint['num_edges']) mpnn_model.to(device) mpnn_model.load_state_dict(checkpoint['model_state_dict']) mpnn_model.eval()
S921_ProteinMPNNTesting_V6_V2.ipynb	10	code	17	True	"# Parse and create dictionaries for all the mutations in PremPS 2648 # This dictionary will be a dictionary of dictionaries, where outer-dict keys will be pdbid+mutchain and inner-dict keys will be (wild+pos+mut) and ddg # the icodes can be brought to picture later # this ""two_level_dict"" is literally used everywhere throughout this code for storing all the numbers that are compared with each other under feature-specific keys git_url = ""https://raw.githubusercontent.com/SajidAhmeduiu/PremPS/main/Datasets/S921/S921.txt"" dataset = pd.read_csv(git_url,delimiter=""\t"") pdbIds = list(dataset[""PDB Id""]) mutChains = list(dataset[""Mutated Chain""]) mutations = list(dataset[""Mutation_PDB""]) ddgs = list(dataset[""DDGexp""]) two_level_dict = {} for pdbId, mutChain, mutation, ddg in tqdm(zip(pdbIds,mutChains,mutations,ddgs)): pos = [int(s) for s in re.findall('-?\d+',mutation)][0] wild = mutation[0] mut = mutation[len(mutation)-1] pdbId = pdbId.lower() inner_dict = {} inner_dict[""mut""] = f""{wild}{pos}{mut}"" inner_dict[""ddg""] = float(ddg) outer_key = f""{pdbId}{mutChain}"" if outer_key not in two_level_dict: two_level_dict[f""{pdbId}{mutChain}""] = [inner_dict] else: two_level_dict[f""{pdbId}{mutChain}""].append(inner_dict)"
S921_ProteinMPNNTesting_V6_V2.ipynb	12	code	13	False	"# changing this ""parse_PDB_biounits()"" function locally for addressing the fucked up integer named chain problem def parse_PDB_biounits(x, atoms=['N', 'CA', 'C'], chain=None): ''' input: x = PDB filename atoms = atoms to extract (optional) output: (length, atoms, coords=(x,y,z)), sequence ''' alpha_1 = list(""ARNDCQEGHILKMFPSTWYV-"") states = len(alpha_1) alpha_3 = ['ALA', 'ARG', 'ASN', 'ASP', 'CYS', 'GLN', 'GLU', 'GLY', 'HIS', 'ILE', 'LEU', 'LYS', 'MET', 'PHE', 'PRO', 'SER', 'THR', 'TRP', 'TYR', 'VAL', 'GAP'] # The following dictionaries are mapping from one-letter to 0-20 index, # three-letter to 0-20 index, # 0-20 index to one-letter, # one-letter to three-letter, and vice-versa aa_1_N = {a: n for n, a in enumerate(alpha_1)} aa_3_N = {a: n for n, a in enumerate(alpha_3)} aa_N_1 = {n: a for n, a in enumerate(alpha_1)} aa_1_3 = {a: b for a, b in zip(alpha_1, alpha_3)} aa_3_1 = {b: a for a, b in zip(alpha_1, alpha_3)} def AA_to_N(x): # [""ARND""] -> [[0,1,2,3]] x = np.array(x); if x.ndim == 0: x = x[None] return [[aa_1_N.get(a, states - 1) for a in y] for y in x] def N_to_AA(x): # [[0,1,2,3]] -> [""ARND""] x = np.array(x); if x.ndim == 1: x = x[None] return ["""".join([aa_N_1.get(a, ""-"") for a in y]) for y in x] xyz, seq, min_resn, max_resn = {}, {}, 1e6, -1e6 for line in open(x, ""rb""): line = line.decode(""utf-8"", ""ignore"").rstrip() if line[:6] == ""HETATM"" and line[17:17 + 3] == ""MSE"": line = line.replace(""HETATM"", ""ATOM "") line = line.replace(""MSE"", ""MET"") if line[:4] == ""ATOM"": ch = line[21:22] # If the input chain is not in the PDB file, which can be the case if the target chain"
S921_ProteinMPNNTesting_V6_V2.ipynb	15	code		False	"# read in the PDB files from the directory where the S_2648 PDB Files are stored, and set-them up one by one for featuirization, and passing through the model pdbDirectory = ""/content/drive/MyDrive/ACCRE_PyRun_Setup/S_921_PDB_Files"" parser = PDBParser(QUIET=True) pdbId_info = [] pos_info = [] neighbor_pos = [] neighbor_attention = [] neighbor_attention_softmaxed = [] neighbor_distances_tracking = [] import time np.set_printoptions(suppress=True,precision=2) loc_proteins = [] for i,filename in tqdm(enumerate(os.listdir(pdbDirectory))): #ICODE related problematic proteins will be skipped from analysis for now if (filename.split(""."")[0] not in proteins_to_skip): prot_start = time.time() print(f""Prot Processing:{i+1}"") loc_proteins.append(filename.split(""."")[0]) filepath = os.path.join(pdbDirectory,filename) structure = parser.get_structure(id=filename.split(""."")[0],file=filepath) model = structure[0] # Since there is only one chain, and that same chain is both fixed designable for different residues, extracting that name, and putting them in pertinent lists # taking chainname from filename since one of the files ""1rtpA.pdb"" has chain name with ""1"" instead of ""A"" # fuck you motherfucking fucked up PDB file submitter. Have you shoved your head into your ass? chain_name = (filename.split(""."")[0])[-1] fixed_chain_list = [] # the trick is to put the single chain as designable chain, and then create the ""fixed_positions_dict"" dictionary designed_chain_list = [chain_name] chain_list = list(set(designed_chain_list + fixed_chain_list)) # Using the programs custome PDB parser for proces"
S921_ProteinMPNNTesting_V6_V2.ipynb	16	code	27	False	"# # # Save the incomplete ""two_level_dict"" as pickle file for a quick dirty comparison # import pickle # with open(""S_921_pmppn_info_dict_V3.pickle"",""wb"") as f: # pickle.dump(two_level_dict,f)"
S921_ProteinMPNNTesting_V6_V2.ipynb	17	code	20	False	"# import pickle # with open(""S_921_pmppn_info_dict_V2.pickle"",""rb"") as f: # two_level_dict = pickle.load(f)"
S921_ProteinMPNNTesting_V6_V2.ipynb	18	code	21	False	"from scipy.stats import entropy from scipy.special import expit alpha_list = list(""ACDEFGHIKLMNPQRSTVWYX"") # The following dictionary will be used for fetching out the log-probabilities corresponding to the wild-type and mutated residues at the mutation positions aa_to_N = {a:n for n,a in enumerate(alpha_list)} # This list will contain the experimental ddg values for the mutations for which two-level dict contains information regarding log_probabilities true_vals = [] # This list will contain (wild_proba,mut_proba) tuples for the mutations for which two-level dict contains information regarding log_probabilities wild_mut_log_probabilities = [] # saving max probabilites for debugging max_log_probabilities = [] # Want to add entropy of the position with some kind of weight (maybe, just a for loop for checking weight combinations that sum to 1?) position_entropies = [] weighted_neighbor_entropies = [] # This ""weighted_neighbor_energy_changes"" will be ((-log(m))-(-log(w))) for each of the topk neighbors, weighted summed by corresponding attention weights weighted_neighbor_energy_changes = [] # backward_weighted_neighbor_energy_changes = [] V2_backward_weighted_neighbor_energy_changes = [] # the neighbor-forward-KL will at this point treat the center-wildtype conditioned neighbor distributions as true, # and center-mutated conditioned neighbor distributions as approximation weighted_neighbor_forward_KL = [] # the neighbor-backward-KL will treat the center-mutated conditioned neighbor distributions as true, # and center-wildtype conditioned neighbor distributions as approximation"
S921_ProteinMPNNTesting_V6_V2.ipynb	20	code	23	True	"experimental_energies = [] mut_wild_predictions = [] mut_min_predictions = [] entropy_predictions = [] neighbor_entropy_change_predictions = [] neighbor_energy_change_predictions = [] center_neighbor_weight_check_w_m = [] V2_backward_weighted_neighbor_backward_KL = [] sum_neighbor_embedding_change_m_w = [] neighbor_message_change_m_w = [] for prot,muts in two_level_dict.items(): if prot not in proteins_to_skip: for mut in muts: if ""center_mut_wild_energy"" in mut: experimental_energies.append(mut[""ddg""]) mut_wild_predictions.append(mut[""center_mut_wild_energy""]) mut_min_predictions.append(mut[""center_mut_max_energy""]) entropy_predictions.append(mut[""center_entropy""]) neighbor_entropy_change_predictions.append(mut[""weighted_neighbor_entropy_changes""]) neighbor_energy_change_predictions.append(mut[""weighted_neighbor_energy_changes""]) center_neighbor_weight_check_w_m.append(mut[""center_neighbor_weight_check_w_m""]) V2_backward_weighted_neighbor_backward_KL.append(mut[""V2_backward_weighted_neighbor_backward_KL""]) sum_neighbor_embedding_change_m_w.append(mut[""neighbor_embedding_change_m_w""]) neighbor_message_change_m_w.append(mut[""neighbor_message_change_m_w""]) print(len(experimental_energies),len(mut_wild_predictions)) print(pearsonr(experimental_energies,mut_wild_predictions)) print(pearsonr(experimental_energies,mut_min_predictions)) print(pearsonr(experimental_energies,entropy_predictions)) print(pearsonr(experimental_energies,neighbor_entropy_change_predictions)) print(pearsonr(experimental_energies,neighbor_energy_change_predictions)) print(pearsonr(experimental_energies,cen"
S921_ProteinMPNNTesting_V6_V2.ipynb	21	code	24	False	"# let me get PSSM values and do some comparison quickly # getting the PSSM extraction functions from my custom model data processing scripts from string import ascii_uppercase # In rare cases, some PDB files number chains with 1,2,3 instead of A,B,C def convertChainFromAlphabetToNumber(alphabet): mappingDict = {ch:(idx+1) for idx,ch in enumerate(ascii_uppercase)} return str(mappingDict[alphabet]) # Before executing this function, the PSSM files with naming format ""pdbIdchain.pssm"" needs to be stored # in the pssm_dir def returnPSSMArray(pdbIdPlusChain,pssm_dir=""train_pssm_dir"",convert_upper = False): # Currently, assuming that the pssm file names contain pdbId in upper case if convert_upper: fileName = pdbIdPlusChain.upper() + "".pssm"" else: fileName = pdbIdPlusChain + "".pssm"" try: fullPath = os.path.join(pssm_dir,fileName) f = open(fullPath) except: fileName = pdbIdPlusChain[0:4].upper() + str(convertChainFromAlphabetToNumber(pdbIdPlusChain[4])) + "".pssm"" fullPath = os.path.join(pssm_dir,fileName) f = open(fullPath) # # all the target lines in the PSSM files have (2+20+20+2=44) strings after line.split() target_lines = [line.split() for line in f.readlines() if (len(line.split()))==44] number_of_residues = len(target_lines) pssm_features = np.zeros((number_of_residues,20)) for idx,line in enumerate(target_lines): pssm_features[idx,:] = line[2:22] f.close() return pssm_features # This function also seems necessary for extracting the two pssm values # Must review the three pssm feature functions (this one and the two above) later # These functions seem to be taking up a lot o"
S921_ProteinMPNNTesting_V6_V2.ipynb	22	code	25	False	"pssm_predictions = [] for prot,muts in two_level_dict.items(): if prot not in proteins_to_skip: try: cur_map_dict = mapping_dict[prot] except: continue for mut in muts: # only fetching those mutations that have corresponding log-probabilities calculated and saved as values of ""log_prob"" key if ""log_prob"" in mut: pssm_predictions.append((mut[""wild_pssm""]-mut[""alternate_pssm""]))"
S921_ProteinMPNNTesting_V6_V2.ipynb	23	code	26	True	"experimental_energies = [] mut_wild_predictions = [] mut_min_predictions = [] entropy_predictions = [] neighbor_entropy_change_predictions = [] neighbor_energy_change_predictions = [] center_neighbor_weight_check_w_m = [] V2_backward_weighted_neighbor_backward_KL = [] sum_neighbor_embedding_change_m_w = [] neighbor_message_change_m_w = [] for prot,muts in two_level_dict.items(): if prot not in proteins_to_skip: for mut in muts: if ""center_mut_wild_energy"" in mut: experimental_energies.append(mut[""ddg""]) mut_wild_predictions.append(mut[""center_mut_wild_energy""]) mut_min_predictions.append(mut[""center_mut_max_energy""]) entropy_predictions.append(mut[""center_entropy""]) neighbor_entropy_change_predictions.append(mut[""weighted_neighbor_entropy_changes""]) neighbor_energy_change_predictions.append(mut[""weighted_neighbor_energy_changes""]) center_neighbor_weight_check_w_m.append(mut[""center_neighbor_weight_check_w_m""]) V2_backward_weighted_neighbor_backward_KL.append(mut[""V2_backward_weighted_neighbor_backward_KL""]) sum_neighbor_embedding_change_m_w.append(mut[""neighbor_embedding_change_m_w""]) neighbor_message_change_m_w.append(mut[""neighbor_message_change_m_w""]) print(len(experimental_energies),len(mut_wild_predictions)) print(pearsonr(experimental_energies,mut_wild_predictions)) print(pearsonr(experimental_energies,mut_min_predictions)) print(pearsonr(experimental_energies,entropy_predictions)) print(pearsonr(experimental_energies,neighbor_entropy_change_predictions)) print(pearsonr(experimental_energies,neighbor_energy_change_predictions)) print(pearsonr(experimental_energies,cen"
S921_ProteinMPNNTesting_V6_V2.ipynb	24	code		True	import pandas as pd import seaborn as sns df_Ssym = pd.DataFrame( {'DDG' : experimental_energies, 'P_DP': mut_wild_predictions, 'P_ET': entropy_predictions, 'P_DEC': pssm_predictions, 'Neighbor_Energy_Change' : neighbor_energy_change_predictions, 'Neighbor_backward_KL' : V2_backward_weighted_neighbor_backward_KL, 'Neighbor_Entropy_Change' : neighbor_entropy_change_predictions, 'neighbor_attention_change_w/m' : center_neighbor_weight_check_w_m, 'neighbor_embedding_change' : sum_neighbor_embedding_change_m_w, 'Z' : neighbor_message_change_m_w }) corr = df_Ssym.corr() sns.set(font_scale=1.4) sns.heatmap(corr, xticklabels=corr.columns, yticklabels=corr.columns)
Ssym_ProteinMPNNTesting_V3.ipynb	6	code		False	hidden_dim = 128 num_layers = 3 # Seems like, backbone_noise is set to 0 at inference path which seems logical backbone_noise=0.00 mpnn_model = ProteinMPNN(num_letters=21, node_features=hidden_dim, edge_features=hidden_dim, hidden_dim=hidden_dim, num_encoder_layers=num_layers, num_decoder_layers=num_layers, augment_eps=backbone_noise, k_neighbors=checkpoint['num_edges']) mpnn_model.to(device) mpnn_model.load_state_dict(checkpoint['model_state_dict']) mpnn_model.eval()
Ssym_ProteinMPNNTesting_V3.ipynb	8	code	9	True	"# Parse and create dictionaries for all the mutations in PremPS 2648 # This dictionary will be a dictionary of dictionaries, where outer-dict keys will be pdbid+mutchain and inner-dict keys will be (wild+pos+mut) and ddg # the icodes can be brought to picture later # this ""two_level_dict"" is literally used everywhere throughout this code for storing all the numbers that are compared with each other under feature-specific keys git_url = ""https://raw.githubusercontent.com/SajidAhmeduiu/PremPS/main/Datasets/Eight%20test%20sets/Ssym.txt"" dataset = pd.read_csv(git_url,delimiter=""\t"") pdbIds = list(dataset[""PDB Id""]) mutChains = list(dataset[""Mutated Chain""]) mutations = list(dataset[""Mutation_PDB""]) ddgs = list(dataset[""DDGexp""]) labels = list(dataset[""Label""]) two_level_dict = {} for pdbId, mutChain, mutation, ddg, label in tqdm(zip(pdbIds,mutChains,mutations,ddgs,labels)): # Taking forward mutations only since taking both forward and reverse inflates correlation # we do not need to consider reverse mutations for now since our non-machine learning method is symmetric by default since the features can be directly sign flipped for reverse mutations if ""forward"" in label: pos = [int(s) for s in re.findall('-?\d+',mutation)][0] wild = mutation[0] mut = mutation[len(mutation)-1] pdbId = pdbId.lower() inner_dict = {} inner_dict[""mut""] = f""{wild}{pos}{mut}"" inner_dict[""ddg""] = float(ddg) outer_key = f""{pdbId}{mutChain}"" if outer_key not in two_level_dict: two_level_dict[f""{pdbId}{mutChain}""] = [inner_dict] else: two_level_dict[f""{pdbId}{mutChain}""].append(inner_dict)"
Ssym_ProteinMPNNTesting_V3.ipynb	10	code	15	False	"# changing this ""parse_PDB_biounits()"" function locally for addressing the fucked up integer named chain problem def parse_PDB_biounits(x, atoms=['N', 'CA', 'C'], chain=None): ''' input: x = PDB filename atoms = atoms to extract (optional) output: (length, atoms, coords=(x,y,z)), sequence ''' alpha_1 = list(""ARNDCQEGHILKMFPSTWYV-"") states = len(alpha_1) alpha_3 = ['ALA', 'ARG', 'ASN', 'ASP', 'CYS', 'GLN', 'GLU', 'GLY', 'HIS', 'ILE', 'LEU', 'LYS', 'MET', 'PHE', 'PRO', 'SER', 'THR', 'TRP', 'TYR', 'VAL', 'GAP'] # The following dictionaries are mapping from one-letter to 0-20 index, # three-letter to 0-20 index, # 0-20 index to one-letter, # one-letter to three-letter, and vice-versa aa_1_N = {a: n for n, a in enumerate(alpha_1)} aa_3_N = {a: n for n, a in enumerate(alpha_3)} aa_N_1 = {n: a for n, a in enumerate(alpha_1)} aa_1_3 = {a: b for a, b in zip(alpha_1, alpha_3)} aa_3_1 = {b: a for a, b in zip(alpha_1, alpha_3)} def AA_to_N(x): # [""ARND""] -> [[0,1,2,3]] x = np.array(x); if x.ndim == 0: x = x[None] return [[aa_1_N.get(a, states - 1) for a in y] for y in x] def N_to_AA(x): # [[0,1,2,3]] -> [""ARND""] x = np.array(x); if x.ndim == 1: x = x[None] return ["""".join([aa_N_1.get(a, ""-"") for a in y]) for y in x] xyz, seq, min_resn, max_resn = {}, {}, 1e6, -1e6 for line in open(x, ""rb""): line = line.decode(""utf-8"", ""ignore"").rstrip() if line[:6] == ""HETATM"" and line[17:17 + 3] == ""MSE"": line = line.replace(""HETATM"", ""ATOM "") line = line.replace(""MSE"", ""MET"") if line[:4] == ""ATOM"": ch = line[21:22] # If the input chain is not in the PDB file, which can be the case if the target chain"
Ssym_ProteinMPNNTesting_V3.ipynb	11	code	17	True	"# read in the PDB files from the directory where the S_2648 PDB Files are stored, and set-them up one by one for featuirization, and passing through the model pdbDirectory = ""/content/drive/MyDrive/ACCRE_PyRun_Setup/Ssym_PDB_Files"" parser = PDBParser(QUIET=True) for i,filename in tqdm(enumerate(os.listdir(pdbDirectory))): #ICODE related problematic proteins will be skipped from analysis for now # Since we are discarding reverse mutations at two_level_dict creation level, only those corresponding PDB files will be considered if (filename.split(""."")[0] not in proteins_to_skip) and (filename.split(""."")[0] in two_level_dict): # if i > 70: # break filepath = os.path.join(pdbDirectory,filename) structure = parser.get_structure(id=filename.split(""."")[0],file=filepath) model = structure[0] # Since there is only one chain, and that same chain is both fixed designable for different residues, extracting that name, and putting them in pertinent lists # taking chainname from filename since one of the files ""1rtpA.pdb"" has chain name with ""1"" instead of ""A"" # fuck you motherfucking fucked up PDB file submitter. Have you shoved your head into your ass? chain_name = (filename.split(""."")[0])[-1] fixed_chain_list = [] # the trick is to put the single chain as designable chain, and then create the ""fixed_positions_dict"" dictionary designed_chain_list = [chain_name] chain_list = list(set(designed_chain_list + fixed_chain_list)) # Using the programs custome PDB parser for processing the PDB files pdb_dict_list = parse_PDB(filepath, input_chain_list=chain_list) # tacking max_length parameter val"
Ssym_ProteinMPNNTesting_V3.ipynb	12	code		False	"# # read in the PDB files from the directory where the S_2648 PDB Files are stored, and set-them up one by one for featuirization, and passing through the model # pdbDirectory = ""/content/drive/MyDrive/ACCRE_PyRun_Setup/S_2648_PDB_Files"" # parser = PDBParser(QUIET=True) # for i,filename in tqdm(enumerate(os.listdir(pdbDirectory))): # #ICODE related problematic proteins will be skipped from analysis for now # if (filename.split(""."")[0] not in proteins_to_skip): # if i > 7: # break # filepath = os.path.join(pdbDirectory,filename) # structure = parser.get_structure(id=filename.split(""."")[0],file=filepath) # model = structure[0] # # Since there is only one chain, and that same chain is both fixed designable for different residues, extracting that name, and putting them in pertinent lists # # taking chainname from filename since one of the files ""1rtpA.pdb"" has chain name with ""1"" instead of ""A"" # # fuck you motherfucking fucked up PDB file submitter. Have you shoved your head into your ass? # chain_name = (filename.split(""."")[0])[-1] # fixed_chain_list = [] # # the trick is to put the single chain as designable chain, and then create the ""fixed_positions_dict"" dictionary # designed_chain_list = [chain_name] # chain_list = list(set(designed_chain_list + fixed_chain_list)) # # Using the programs custome PDB parser for processing the PDB files # pdb_dict_list = parse_PDB(filepath, input_chain_list=chain_list) # # tacking max_length parameter value from the original colab notebook since I need to process all residues at the same time # # all the PDB files can technically be process"
Ssym_ProteinMPNNTesting_V3.ipynb	13	code		False	"# Save the incomplete ""two_level_dict"" as pickle file for a quick dirty comparison # import pickle # with open(""res_dict.pickle"",""wb"") as f: # pickle.dump(two_level_dict,f)"
Ssym_ProteinMPNNTesting_V3.ipynb	14	code		False	"# import pickle # with open(""res_dict.pickle"",""rb"") as f: # two_level_dict = pickle.load(f)"
Ssym_ProteinMPNNTesting_V3.ipynb	15	code	18	False	"from scipy.stats import entropy alpha_list = list(""ACDEFGHIKLMNPQRSTVWYX"") # The following dictionary will be used for fetching out the log-probabilities corresponding to the wild-type and mutated residues at the mutation positions aa_to_N = {a:n for n,a in enumerate(alpha_list)} # This list will contain the experimental ddg values for the mutations for which two-level dict contains information regarding log_probabilities true_vals = [] # This list will contain (wild_proba,mut_proba) tuples for the mutations for which two-level dict contains information regarding log_probabilities wild_mut_log_probabilities = [] # saving max probabilites for debugging max_log_probabilities = [] # Want to add entropy of the position with some kind of weight (maybe, just a for loop for checking weight combinations that sum to 1?) position_entropies = [] for prot,muts in two_level_dict.items(): if prot not in proteins_to_skip: try: cur_map_dict = mapping_dict[prot] except: continue for mut in muts: # only fetching those mutations that have corresponding log-probabilities calculated and saved as values of ""log_prob"" key if ""log_prob"" in mut: wild = mut[""mut""][0] alternate = mut[""mut""][-1] true_vals.append(mut[""ddg""]) sequence_index_of_mutation = cur_map_dict[mut[""mut""][0:-1]] position_log_probabilities = mut[""log_prob""][0,sequence_index_of_mutation,:] wild_mut_log_probabilities.append((position_log_probabilities[aa_to_N[wild]],position_log_probabilities[aa_to_N[alternate]])) max_log_probabilities.append(position_log_probabilities.max()) position_entropies.append(entropy(np.exp(position_log_prob"
Ssym_ProteinMPNNTesting_V3.ipynb	19	code	22	False	"# Now combine ""mut_wild_predictions"" and ""entropy_predictions"" using weight combinations from 0 to 1 in 0.05 increments so that they some to one # so, when one weight is x, the other weight is automatically (1-x) # The keys of this dictionary will be (term1_coeff,term2_coeff) tuples, and values will be the observed correlations coefficient_result_dictionary = {} for i in np.arange(0.0,1.000001,0.005): term1_coeff = round(i,2) term2_coeff = round((1.000001 - i),2) local_preds = (term1_coeff*mut_wild_predictions) + (term2_coeff*entropy_predictions) coefficient_result_dictionary[(term1_coeff,term2_coeff)] = round(pearsonr(experimental_energies,local_preds)[0],2)"
Ssym_ProteinMPNNTesting_V3.ipynb	21	code	24	False	"# let me get PSSM values and do some comparison quickly # getting the PSSM extraction functions from my custom model data processing scripts from string import ascii_uppercase # In rare cases, some PDB files number chains with 1,2,3 instead of A,B,C def convertChainFromAlphabetToNumber(alphabet): mappingDict = {ch:(idx+1) for idx,ch in enumerate(ascii_uppercase)} return str(mappingDict[alphabet]) # Before executing this function, the PSSM files with naming format ""pdbIdchain.pssm"" needs to be stored # in the pssm_dir def returnPSSMArray(pdbIdPlusChain,pssm_dir=""train_pssm_dir"",convert_upper = False): # Currently, assuming that the pssm file names contain pdbId in upper case if convert_upper: fileName = pdbIdPlusChain.upper() + "".pssm"" else: fileName = pdbIdPlusChain + "".pssm"" try: fullPath = os.path.join(pssm_dir,fileName) f = open(fullPath) except: fileName = pdbIdPlusChain[0:4].upper() + str(convertChainFromAlphabetToNumber(pdbIdPlusChain[4])) + "".pssm"" fullPath = os.path.join(pssm_dir,fileName) f = open(fullPath) # # all the target lines in the PSSM files have (2+20+20+2=44) strings after line.split() target_lines = [line.split() for line in f.readlines() if (len(line.split()))==44] number_of_residues = len(target_lines) pssm_features = np.zeros((number_of_residues,20)) for idx,line in enumerate(target_lines): pssm_features[idx,:] = line[2:22] f.close() return pssm_features # This function also seems necessary for extracting the two pssm values # Must review the three pssm feature functions (this one and the two above) later # These functions seem to be taking up a lot o"
Ssym_ProteinMPNNTesting_V3.ipynb	22	code	25	False	"pssm_predictions = [] for prot,muts in two_level_dict.items(): if prot not in proteins_to_skip: try: cur_map_dict = mapping_dict[prot] except: continue for mut in muts: # only fetching those mutations that have corresponding log-probabilities calculated and saved as values of ""log_prob"" key if ""log_prob"" in mut: pssm_predictions.append((mut[""wild_pssm""]-mut[""alternate_pssm""]))"
Ssym_ProteinMPNNTesting_V3.ipynb	24	code	27	False	"# Now combine ""mut_wild_predictions"" and ""pssm_predictions"" using weight combinations from 0 to 1 in 0.05 increments so that they some to one # so, when one weight is x, the other weight is automatically (1-x) # The keys of this dictionary will be (term1_coeff,term2_coeff) tuples, and values will be the observed correlations coefficient_result_dictionary = {} for i in np.arange(0.0,1.000001,0.005): term1_coeff = round(i,2) term2_coeff = round((1.000001 - i),2) local_preds = (term1_coeff*mut_wild_predictions) + (term2_coeff*pssm_predictions) coefficient_result_dictionary[(term1_coeff,term2_coeff)] = round(pearsonr(experimental_energies,local_preds)[0],2)"
Ssym_ProteinMPNNTesting_V3.ipynb	26	code		False	# coefficient_result_dictionary # (0.89, 0.11): 0.58, # (0.9, 0.1): 0.58, # (0.9, 0.11): 0.58, # (0.91, 0.09): 0.58, # (0.92, 0.08): 0.58, # (0.92, 0.09): 0.58, # (0.93, 0.07): 0.58, # (0.94, 0.06): 0.58, # (0.94, 0.07): 0.58, # (0.95, 0.05): 0.58, # (0.96, 0.04): 0.58, # (0.96, 0.05): 0.58, # great thing since the decorrelation is actually interesting, and using both definitely seems to help
Ssym_ProteinMPNNTesting_V3.ipynb	27	code	30	True	"import matplotlib.pyplot as plt fig = plt.figure(figsize=(6,4)) ax = fig.add_axes([0,0,1,1]) methods = ['PMPNN_DEP','PMPNN_ET','PMPNN_DEP_ET','PSSM_DEC','PMPNN_DEP_PSSM_DEC'] vals = [0.57,0.37,0.57,0.25,0.58] plt.ylabel(""Pearson Correlation"",fontsize=18) plt.xlabel(""Informative Features"",fontsize=18) plt.xticks(fontsize=18, rotation=90) plt.yticks(fontsize=18) plt.ylim(0.20,0.60) ax.bar(methods,vals,color=""maroon"",width=0.3) plt.show()"
Ssym_ProteinMPNNTesting_V3.ipynb	28	code	31	True	import pandas as pd import seaborn as sns mut_wild_predictions = np.array(mut_energies - wild_energies) entropy_predictions = np.array(entropy_conservations) first_second_combined = 0.5*mut_wild_predictions + 0.5*entropy_predictions pssm_predictions = np.array(pssm_predictions) first_pssm_combined = 0.89*mut_wild_predictions + 0.11*pssm_predictions df_Ssym = pd.DataFrame( {'P_DP': mut_wild_predictions, 'P_ET': entropy_predictions, 'P_DP_ET':first_second_combined, 'P_DEC': pssm_predictions, 'PMPNN_DP_PSSM_DEC' : first_pssm_combined }) corr = df_Ssym.corr() sns.set(font_scale=1.4) sns.heatmap(corr, xticklabels=corr.columns, yticklabels=corr.columns)
Ssym_ProteinMPNNTesting_V6.ipynb	6	code	7	False	"from __future__ import print_function import json, time, os, sys, glob import shutil import numpy as np import torch from torch import optim from torch.utils.data import DataLoader from torch.utils.data.dataset import random_split, Subset import copy import torch.nn as nn import torch.nn.functional as F import random import itertools #A number of functions/classes are adopted from: https://github.com/jingraham/neurips19-graph-protein-design def _scores(S, log_probs, mask): """""" Negative log probabilities """""" criterion = torch.nn.NLLLoss(reduction='none') loss = criterion( log_probs.contiguous().view(-1,log_probs.size(-1)), S.contiguous().view(-1) ).view(S.size()) # The designable positions have mask set to 1.0, so this function seems to be returning the average score for the designable positions scores = torch.sum(loss * mask, dim=-1) / torch.sum(mask, dim=-1) return scores def _S_to_seq(S, mask): # This is the decoding order alphabet = 'ACDEFGHIKLMNPQRSTVWYX' seq = ''.join([alphabet[c] for c, m in zip(S.tolist(), mask.tolist()) if m > 0]) return seq def parse_PDB_biounits(x, atoms=['N','CA','C'], chain=None): ''' input: x = PDB filename atoms = atoms to extract (optional) output: (length, atoms, coords=(x,y,z)), sequence ''' alpha_1 = list(""ARNDCQEGHILKMFPSTWYV-"") states = len(alpha_1) alpha_3 = ['ALA','ARG','ASN','ASP','CYS','GLN','GLU','GLY','HIS','ILE', 'LEU','LYS','MET','PHE','PRO','SER','THR','TRP','TYR','VAL','GAP'] # The following dictionaries are mapping from one-letter to 0-20 index, # three-letter to 0-20 index, # 0-20 index to one-letter, # one-letter to three-le"
Ssym_ProteinMPNNTesting_V6.ipynb	7	code		False	hidden_dim = 128 num_layers = 3 # Seems like, backbone_noise is set to 0 at inference path which seems logical backbone_noise=0.00 mpnn_model = ProteinMPNN(num_letters=21, node_features=hidden_dim, edge_features=hidden_dim, hidden_dim=hidden_dim, num_encoder_layers=num_layers, num_decoder_layers=num_layers, augment_eps=backbone_noise, k_neighbors=checkpoint['num_edges']) mpnn_model.to(device) mpnn_model.load_state_dict(checkpoint['model_state_dict']) mpnn_model.eval()
Ssym_ProteinMPNNTesting_V6.ipynb	9	code	10	True	"# Parse and create dictionaries for all the mutations in PremPS 2648 # This dictionary will be a dictionary of dictionaries, where outer-dict keys will be pdbid+mutchain and inner-dict keys will be (wild+pos+mut) and ddg # the icodes can be brought to picture later # this ""two_level_dict"" is literally used everywhere throughout this code for storing all the numbers that are compared with each other under feature-specific keys git_url = ""https://raw.githubusercontent.com/SajidAhmeduiu/PremPS/main/Datasets/Eight%20test%20sets/Ssym.txt"" dataset = pd.read_csv(git_url,delimiter=""\t"") pdbIds = list(dataset[""PDB Id""]) mutChains = list(dataset[""Mutated Chain""]) mutations = list(dataset[""Mutation_PDB""]) ddgs = list(dataset[""DDGexp""]) labels = list(dataset[""Label""]) two_level_dict = {} for pdbId, mutChain, mutation, ddg, label in tqdm(zip(pdbIds,mutChains,mutations,ddgs,labels)): # Taking forward mutations only since taking both forward and reverse inflates correlation # we do not need to consider reverse mutations for now since our non-machine learning method is symmetric by default since the features can be directly sign flipped for reverse mutations if ""forward"" in label: pos = [int(s) for s in re.findall('-?\d+',mutation)][0] wild = mutation[0] mut = mutation[len(mutation)-1] pdbId = pdbId.lower() inner_dict = {} inner_dict[""mut""] = f""{wild}{pos}{mut}"" inner_dict[""ddg""] = float(ddg) outer_key = f""{pdbId}{mutChain}"" if outer_key not in two_level_dict: two_level_dict[f""{pdbId}{mutChain}""] = [inner_dict] else: two_level_dict[f""{pdbId}{mutChain}""].append(inner_dict)"
Ssym_ProteinMPNNTesting_V6.ipynb	11	code	12	False	"# changing this ""parse_PDB_biounits()"" function locally for addressing the fucked up integer named chain problem def parse_PDB_biounits(x, atoms=['N', 'CA', 'C'], chain=None): ''' input: x = PDB filename atoms = atoms to extract (optional) output: (length, atoms, coords=(x,y,z)), sequence ''' alpha_1 = list(""ARNDCQEGHILKMFPSTWYV-"") states = len(alpha_1) alpha_3 = ['ALA', 'ARG', 'ASN', 'ASP', 'CYS', 'GLN', 'GLU', 'GLY', 'HIS', 'ILE', 'LEU', 'LYS', 'MET', 'PHE', 'PRO', 'SER', 'THR', 'TRP', 'TYR', 'VAL', 'GAP'] # The following dictionaries are mapping from one-letter to 0-20 index, # three-letter to 0-20 index, # 0-20 index to one-letter, # one-letter to three-letter, and vice-versa aa_1_N = {a: n for n, a in enumerate(alpha_1)} aa_3_N = {a: n for n, a in enumerate(alpha_3)} aa_N_1 = {n: a for n, a in enumerate(alpha_1)} aa_1_3 = {a: b for a, b in zip(alpha_1, alpha_3)} aa_3_1 = {b: a for a, b in zip(alpha_1, alpha_3)} def AA_to_N(x): # [""ARND""] -> [[0,1,2,3]] x = np.array(x); if x.ndim == 0: x = x[None] return [[aa_1_N.get(a, states - 1) for a in y] for y in x] def N_to_AA(x): # [[0,1,2,3]] -> [""ARND""] x = np.array(x); if x.ndim == 1: x = x[None] return ["""".join([aa_N_1.get(a, ""-"") for a in y]) for y in x] xyz, seq, min_resn, max_resn = {}, {}, 1e6, -1e6 for line in open(x, ""rb""): line = line.decode(""utf-8"", ""ignore"").rstrip() if line[:6] == ""HETATM"" and line[17:17 + 3] == ""MSE"": line = line.replace(""HETATM"", ""ATOM "") line = line.replace(""MSE"", ""MET"") if line[:4] == ""ATOM"": ch = line[21:22] # If the input chain is not in the PDB file, which can be the case if the target chain"
Ssym_ProteinMPNNTesting_V6.ipynb	14	code	19	True	"# read in the PDB files from the directory where the S_2648 PDB Files are stored, and set-them up one by one for featuirization, and passing through the model pdbDirectory = ""/content/drive/MyDrive/ACCRE_PyRun_Setup/Ssym_PDB_Files"" parser = PDBParser(QUIET=True) pdbId_info = [] pos_info = [] neighbor_pos = [] neighbor_attention = [] neighbor_attention_softmaxed = [] neighbor_distances_tracking = [] np.set_printoptions(suppress=True,precision=2) loc_proteins = [] for i,filename in tqdm(enumerate(os.listdir(pdbDirectory))): #ICODE related problematic proteins will be skipped from analysis for now if (filename.split(""."")[0] not in proteins_to_skip) and (filename.split(""."")[0] in two_level_dict): # if i > 3: # break loc_proteins.append(filename.split(""."")[0]) filepath = os.path.join(pdbDirectory,filename) structure = parser.get_structure(id=filename.split(""."")[0],file=filepath) model = structure[0] # Since there is only one chain, and that same chain is both fixed designable for different residues, extracting that name, and putting them in pertinent lists # taking chainname from filename since one of the files ""1rtpA.pdb"" has chain name with ""1"" instead of ""A"" # fuck you motherfucking fucked up PDB file submitter. Have you shoved your head into your ass? chain_name = (filename.split(""."")[0])[-1] fixed_chain_list = [] # the trick is to put the single chain as designable chain, and then create the ""fixed_positions_dict"" dictionary designed_chain_list = [chain_name] chain_list = list(set(designed_chain_list + fixed_chain_list)) # Using the programs custome PDB parser for processin"
Ssym_ProteinMPNNTesting_V6.ipynb	15	code	21	False	"# Save the incomplete ""two_level_dict"" as pickle file for a quick dirty comparison # import pickle # with open(""Ssym_pmppn_info_dict.pickle"",""wb"") as f: # pickle.dump(two_level_dict,f)"
Ssym_ProteinMPNNTesting_V6.ipynb	16	code	18	False	"# import pickle # with open(""Ssym_pmppn_info_dict.pickle"",""rb"") as f: # two_level_dict = pickle.load(f)"
Ssym_ProteinMPNNTesting_V6.ipynb	17	code	19	False	"from scipy.stats import entropy from scipy.special import expit alpha_list = list(""ACDEFGHIKLMNPQRSTVWYX"") # The following dictionary will be used for fetching out the log-probabilities corresponding to the wild-type and mutated residues at the mutation positions aa_to_N = {a:n for n,a in enumerate(alpha_list)} # This list will contain the experimental ddg values for the mutations for which two-level dict contains information regarding log_probabilities true_vals = [] # This list will contain (wild_proba,mut_proba) tuples for the mutations for which two-level dict contains information regarding log_probabilities wild_mut_log_probabilities = [] # saving max probabilites for debugging max_log_probabilities = [] # Want to add entropy of the position with some kind of weight (maybe, just a for loop for checking weight combinations that sum to 1?) position_entropies = [] weighted_neighbor_entropies = [] # This ""weighted_neighbor_energy_changes"" will be ((-log(m))-(-log(w))) for each of the topk neighbors, weighted summed by corresponding attention weights weighted_neighbor_energy_changes = [] # backward_weighted_neighbor_energy_changes = [] V2_backward_weighted_neighbor_energy_changes = [] # the neighbor-forward-KL will at this point treat the center-wildtype conditioned neighbor distributions as true, # and center-mutated conditioned neighbor distributions as approximation weighted_neighbor_forward_KL = [] # the neighbor-backward-KL will treat the center-mutated conditioned neighbor distributions as true, # and center-wildtype conditioned neighbor distributions as approximation"
Ssym_ProteinMPNNTesting_V6.ipynb	21	code	20	False	"# let me get PSSM values and do some comparison quickly # getting the PSSM extraction functions from my custom model data processing scripts from string import ascii_uppercase # In rare cases, some PDB files number chains with 1,2,3 instead of A,B,C def convertChainFromAlphabetToNumber(alphabet): mappingDict = {ch:(idx+1) for idx,ch in enumerate(ascii_uppercase)} return str(mappingDict[alphabet]) # Before executing this function, the PSSM files with naming format ""pdbIdchain.pssm"" needs to be stored # in the pssm_dir def returnPSSMArray(pdbIdPlusChain,pssm_dir=""train_pssm_dir"",convert_upper = False): # Currently, assuming that the pssm file names contain pdbId in upper case if convert_upper: fileName = pdbIdPlusChain.upper() + "".pssm"" else: fileName = pdbIdPlusChain + "".pssm"" try: fullPath = os.path.join(pssm_dir,fileName) f = open(fullPath) except: fileName = pdbIdPlusChain[0:4].upper() + str(convertChainFromAlphabetToNumber(pdbIdPlusChain[4])) + "".pssm"" fullPath = os.path.join(pssm_dir,fileName) f = open(fullPath) # # all the target lines in the PSSM files have (2+20+20+2=44) strings after line.split() target_lines = [line.split() for line in f.readlines() if (len(line.split()))==44] number_of_residues = len(target_lines) pssm_features = np.zeros((number_of_residues,20)) for idx,line in enumerate(target_lines): pssm_features[idx,:] = line[2:22] f.close() return pssm_features # This function also seems necessary for extracting the two pssm values # Must review the three pssm feature functions (this one and the two above) later # These functions seem to be taking up a lot o"
Ssym_ProteinMPNNTesting_V6.ipynb	22	code	21	False	"# this will be read in from external scripts (for example, the script loading these features to run ML models) # import pickle # with open(""Ssym_full_feature_dict.pickle"",""wb"") as f: # pickle.dump(two_level_dict,f)"
Ssym_ProteinMPNNTesting_V6.ipynb	23	code	27	False	"pssm_predictions = [] for prot,muts in two_level_dict.items(): if prot not in proteins_to_skip: try: cur_map_dict = mapping_dict[prot] except: continue for mut in muts: # only fetching those mutations that have corresponding log-probabilities calculated and saved as values of ""log_prob"" key if ""log_prob"" in mut: pssm_predictions.append((mut[""wild_pssm""]-mut[""alternate_pssm""]))"
Ssym_ProteinMPNNTesting_V6.ipynb	25	code		False	"# Now combine ""mut_wild_predictions"" and ""pssm_predictions"" using weight combinations from 0 to 1 in 0.05 increments so that they some to one # so, when one weight is x, the other weight is automatically (1-x) # The keys of this dictionary will be (term1_coeff,term2_coeff) tuples, and values will be the observed correlations coefficient_result_dictionary = {} for i in np.arange(0.0,1.000001,0.005): term1_coeff = round(i,2) term2_coeff = round((1.000001 - i),2) local_preds = (term1_coeff*mut_wild_predictions) + (term2_coeff*pssm_predictions) coefficient_result_dictionary[(term1_coeff,term2_coeff)] = round(pearsonr(experimental_energies,local_preds)[0],2)"
Ssym_ProteinMPNNTesting_V6.ipynb	27	code		True	"import matplotlib.pyplot as plt fig = plt.figure(figsize=(6,4)) ax = fig.add_axes([0,0,1,1]) methods = ['PMPNN_DEP','PMPNN_ET','PMPNN_DEP_ET','PSSM_DEC','PMPNN_DEP_PSSM_DEC'] vals = [0.57,0.37,0.57,0.25,0.58] plt.ylabel(""Pearson Correlation"",fontsize=18) plt.xlabel(""Informative Features"",fontsize=18) plt.xticks(fontsize=18, rotation=90) plt.yticks(fontsize=18) plt.ylim(0.20,0.60) ax.bar(methods,vals,color=""maroon"",width=0.3) plt.show()"
Ssym_ProteinMPNNTesting_V6.ipynb	28	code	29	True	import pandas as pd import seaborn as sns df_Ssym = pd.DataFrame( {'P_DP': mut_wild_predictions, 'P_ET': entropy_predictions, 'P_DEC': pssm_predictions, 'Neighbor_Entropy' : neighbor_entropy_predictions, 'Neighbor_Energy_Change' : neighbor_energy_change_predictions, 'Backward_Weighted_Neighbor_Energy_Change' : backward_weighted_neighbor_energy_changes, 'V2_Backward_Weighted_Neighbor_Energy_Change' : V2_backward_weighted_neighbor_energy_changes, 'Neighbor_forward_KL' : neighbor_forward_KL_predictions, 'Neighbor_backward_KL' : neighbor_backward_KL_predictions, 'Backward_Weighted_Neighbor_backward_KL' : backward_weighted_neighbor_backward_KL, 'V2_Backward_Weighted_Neighbor_backward_KL' : V2_backward_weighted_neighbor_backward_KL, 'Neighbor_Entropy_Change' : neighbor_entropy_change_predictions, 'Backward_Weighted_Neighbor_Entropy_Change' : backward_weighted_neighbor_entropy_changes, 'V2_Backward_Weighted_Neighbor_Entropy_Change' : V2_backward_weighted_neighbor_entropy_changes, 'neighbor_attention_change_m/w' : center_neighbor_weight_check_m_w, 'neighbor_attention_change_w/m' : center_neighbor_weight_check_w_m }) corr = df_Ssym.corr() sns.set(font_scale=1.4) sns.heatmap(corr, xticklabels=corr.columns, yticklabels=corr.columns)
Ssym_ProteinMPNNTesting_V6_V2.ipynb	7	code	9	False	"from __future__ import print_function import json, time, os, sys, glob import shutil import numpy as np import torch from torch import optim from torch.utils.data import DataLoader from torch.utils.data.dataset import random_split, Subset import copy import torch.nn as nn import torch.nn.functional as F import random import itertools #A number of functions/classes are adopted from: https://github.com/jingraham/neurips19-graph-protein-design def _scores(S, log_probs, mask): """""" Negative log probabilities """""" criterion = torch.nn.NLLLoss(reduction='none') loss = criterion( log_probs.contiguous().view(-1,log_probs.size(-1)), S.contiguous().view(-1) ).view(S.size()) # The designable positions have mask set to 1.0, so this function seems to be returning the average score for the designable positions scores = torch.sum(loss * mask, dim=-1) / torch.sum(mask, dim=-1) return scores def _S_to_seq(S, mask): # This is the decoding order alphabet = 'ACDEFGHIKLMNPQRSTVWYX' seq = ''.join([alphabet[c] for c, m in zip(S.tolist(), mask.tolist()) if m > 0]) return seq def parse_PDB_biounits(x, atoms=['N','CA','C'], chain=None): ''' input: x = PDB filename atoms = atoms to extract (optional) output: (length, atoms, coords=(x,y,z)), sequence ''' alpha_1 = list(""ARNDCQEGHILKMFPSTWYV-"") states = len(alpha_1) alpha_3 = ['ALA','ARG','ASN','ASP','CYS','GLN','GLU','GLY','HIS','ILE', 'LEU','LYS','MET','PHE','PRO','SER','THR','TRP','TYR','VAL','GAP'] # The following dictionaries are mapping from one-letter to 0-20 index, # three-letter to 0-20 index, # 0-20 index to one-letter, # one-letter to three-le"
Ssym_ProteinMPNNTesting_V6_V2.ipynb	8	code		False	hidden_dim = 128 num_layers = 3 # Seems like, backbone_noise is set to 0 at inference path which seems logical backbone_noise=0.00 mpnn_model = ProteinMPNN(num_letters=21, node_features=hidden_dim, edge_features=hidden_dim, hidden_dim=hidden_dim, num_encoder_layers=num_layers, num_decoder_layers=num_layers, augment_eps=backbone_noise, k_neighbors=checkpoint['num_edges']) mpnn_model.to(device) mpnn_model.load_state_dict(checkpoint['model_state_dict']) mpnn_model.eval()
Ssym_ProteinMPNNTesting_V6_V2.ipynb	10	code	12	True	"# Parse and create dictionaries for all the mutations in PremPS 2648 # This dictionary will be a dictionary of dictionaries, where outer-dict keys will be pdbid+mutchain and inner-dict keys will be (wild+pos+mut) and ddg # the icodes can be brought to picture later # this ""two_level_dict"" is literally used everywhere throughout this code for storing all the numbers that are compared with each other under feature-specific keys git_url = ""https://raw.githubusercontent.com/SajidAhmeduiu/PremPS/main/Datasets/Eight%20test%20sets/Ssym.txt"" dataset = pd.read_csv(git_url,delimiter=""\t"") pdbIds = list(dataset[""PDB Id""]) mutChains = list(dataset[""Mutated Chain""]) mutations = list(dataset[""Mutation_PDB""]) ddgs = list(dataset[""DDGexp""]) labels = list(dataset[""Label""]) two_level_dict = {} for pdbId, mutChain, mutation, ddg, label in tqdm(zip(pdbIds,mutChains,mutations,ddgs,labels)): # Taking forward mutations only since taking both forward and reverse inflates correlation # we do not need to consider reverse mutations for now since our non-machine learning method is symmetric by default since the features can be directly sign flipped for reverse mutations if ""forward"" in label: pos = [int(s) for s in re.findall('-?\d+',mutation)][0] wild = mutation[0] mut = mutation[len(mutation)-1] pdbId = pdbId.lower() inner_dict = {} inner_dict[""mut""] = f""{wild}{pos}{mut}"" inner_dict[""ddg""] = float(ddg) outer_key = f""{pdbId}{mutChain}"" if outer_key not in two_level_dict: two_level_dict[f""{pdbId}{mutChain}""] = [inner_dict] else: two_level_dict[f""{pdbId}{mutChain}""].append(inner_dict)"
Ssym_ProteinMPNNTesting_V6_V2.ipynb	12	code	14	False	"# changing this ""parse_PDB_biounits()"" function locally for addressing the fucked up integer named chain problem def parse_PDB_biounits(x, atoms=['N', 'CA', 'C'], chain=None): ''' input: x = PDB filename atoms = atoms to extract (optional) output: (length, atoms, coords=(x,y,z)), sequence ''' alpha_1 = list(""ARNDCQEGHILKMFPSTWYV-"") states = len(alpha_1) alpha_3 = ['ALA', 'ARG', 'ASN', 'ASP', 'CYS', 'GLN', 'GLU', 'GLY', 'HIS', 'ILE', 'LEU', 'LYS', 'MET', 'PHE', 'PRO', 'SER', 'THR', 'TRP', 'TYR', 'VAL', 'GAP'] # The following dictionaries are mapping from one-letter to 0-20 index, # three-letter to 0-20 index, # 0-20 index to one-letter, # one-letter to three-letter, and vice-versa aa_1_N = {a: n for n, a in enumerate(alpha_1)} aa_3_N = {a: n for n, a in enumerate(alpha_3)} aa_N_1 = {n: a for n, a in enumerate(alpha_1)} aa_1_3 = {a: b for a, b in zip(alpha_1, alpha_3)} aa_3_1 = {b: a for a, b in zip(alpha_1, alpha_3)} def AA_to_N(x): # [""ARND""] -> [[0,1,2,3]] x = np.array(x); if x.ndim == 0: x = x[None] return [[aa_1_N.get(a, states - 1) for a in y] for y in x] def N_to_AA(x): # [[0,1,2,3]] -> [""ARND""] x = np.array(x); if x.ndim == 1: x = x[None] return ["""".join([aa_N_1.get(a, ""-"") for a in y]) for y in x] xyz, seq, min_resn, max_resn = {}, {}, 1e6, -1e6 for line in open(x, ""rb""): line = line.decode(""utf-8"", ""ignore"").rstrip() if line[:6] == ""HETATM"" and line[17:17 + 3] == ""MSE"": line = line.replace(""HETATM"", ""ATOM "") line = line.replace(""MSE"", ""MET"") if line[:4] == ""ATOM"": ch = line[21:22] # If the input chain is not in the PDB file, which can be the case if the target chain"
Ssym_ProteinMPNNTesting_V6_V2.ipynb	15	code		False	"# read in the PDB files from the directory where the S_2648 PDB Files are stored, and set-them up one by one for featuirization, and passing through the model pdbDirectory = ""/content/drive/MyDrive/ACCRE_PyRun_Setup/Ssym_PDB_Files"" parser = PDBParser(QUIET=True) pdbId_info = [] pos_info = [] neighbor_pos = [] neighbor_attention = [] neighbor_attention_softmaxed = [] neighbor_distances_tracking = [] import time np.set_printoptions(suppress=True,precision=2) loc_proteins = [] for i,filename in tqdm(enumerate(os.listdir(pdbDirectory))): #ICODE related problematic proteins will be skipped from analysis for now if (filename.split(""."")[0] not in proteins_to_skip) and (filename.split(""."")[0] in two_level_dict): prot_start = time.time() print(f""Prot Processing:{i+1}"") loc_proteins.append(filename.split(""."")[0]) filepath = os.path.join(pdbDirectory,filename) structure = parser.get_structure(id=filename.split(""."")[0],file=filepath) model = structure[0] # Since there is only one chain, and that same chain is both fixed designable for different residues, extracting that name, and putting them in pertinent lists # taking chainname from filename since one of the files ""1rtpA.pdb"" has chain name with ""1"" instead of ""A"" # fuck you motherfucking fucked up PDB file submitter. Have you shoved your head into your ass? chain_name = (filename.split(""."")[0])[-1] fixed_chain_list = [] # the trick is to put the single chain as designable chain, and then create the ""fixed_positions_dict"" dictionary designed_chain_list = [chain_name] chain_list = list(set(designed_chain_list + fixed_chain_list)) # Us"
Ssym_ProteinMPNNTesting_V6_V2.ipynb	16	code	25	False	"# # Save the incomplete ""two_level_dict"" as pickle file for a quick dirty comparison # import pickle # with open(""Ssym_pmppn_info_dict_V3.pickle"",""wb"") as f: # pickle.dump(two_level_dict,f)"
Ssym_ProteinMPNNTesting_V6_V2.ipynb	17	code	17	False	"# import pickle # with open(""Ssym_pmppn_info_dict_V2.pickle"",""rb"") as f: # two_level_dict = pickle.load(f)"
Ssym_ProteinMPNNTesting_V6_V2.ipynb	18	code	19	False	"from scipy.stats import entropy from scipy.special import expit alpha_list = list(""ACDEFGHIKLMNPQRSTVWYX"") # The following dictionary will be used for fetching out the log-probabilities corresponding to the wild-type and mutated residues at the mutation positions aa_to_N = {a:n for n,a in enumerate(alpha_list)} # This list will contain the experimental ddg values for the mutations for which two-level dict contains information regarding log_probabilities true_vals = [] # This list will contain (wild_proba,mut_proba) tuples for the mutations for which two-level dict contains information regarding log_probabilities wild_mut_log_probabilities = [] # saving max probabilites for debugging max_log_probabilities = [] # Want to add entropy of the position with some kind of weight (maybe, just a for loop for checking weight combinations that sum to 1?) position_entropies = [] weighted_neighbor_entropies = [] # This ""weighted_neighbor_energy_changes"" will be ((-log(m))-(-log(w))) for each of the topk neighbors, weighted summed by corresponding attention weights weighted_neighbor_energy_changes = [] # backward_weighted_neighbor_energy_changes = [] V2_backward_weighted_neighbor_energy_changes = [] # the neighbor-forward-KL will at this point treat the center-wildtype conditioned neighbor distributions as true, # and center-mutated conditioned neighbor distributions as approximation weighted_neighbor_forward_KL = [] # the neighbor-backward-KL will treat the center-mutated conditioned neighbor distributions as true, # and center-wildtype conditioned neighbor distributions as approximation"
Ssym_ProteinMPNNTesting_V6_V2.ipynb	20	code	21	True	"experimental_energies = [] mut_wild_predictions = [] mut_min_predictions = [] entropy_predictions = [] neighbor_entropy_change_predictions = [] neighbor_energy_change_predictions = [] center_neighbor_weight_check_w_m = [] V2_backward_weighted_neighbor_backward_KL = [] sum_neighbor_embedding_change_m_w = [] neighbor_message_change_m_w = [] for prot,muts in two_level_dict.items(): if prot not in proteins_to_skip: for mut in muts: if ""center_mut_wild_energy"" in mut: experimental_energies.append(mut[""ddg""]) mut_wild_predictions.append(mut[""center_mut_wild_energy""]) mut_min_predictions.append(mut[""center_mut_max_energy""]) entropy_predictions.append(mut[""center_entropy""]) neighbor_entropy_change_predictions.append(mut[""weighted_neighbor_entropy_changes""]) neighbor_energy_change_predictions.append(mut[""weighted_neighbor_energy_changes""]) center_neighbor_weight_check_w_m.append(mut[""center_neighbor_weight_check_w_m""]) V2_backward_weighted_neighbor_backward_KL.append(mut[""V2_backward_weighted_neighbor_backward_KL""]) sum_neighbor_embedding_change_m_w.append(mut[""neighbor_embedding_change_m_w""]) neighbor_message_change_m_w.append(mut[""neighbor_message_change_m_w""]) print(len(experimental_energies),len(mut_wild_predictions)) print(pearsonr(experimental_energies,mut_wild_predictions)) print(pearsonr(experimental_energies,mut_min_predictions)) print(pearsonr(experimental_energies,entropy_predictions)) print(pearsonr(experimental_energies,neighbor_entropy_change_predictions)) print(pearsonr(experimental_energies,neighbor_energy_change_predictions)) print(pearsonr(experimental_energies,cen"
Ssym_ProteinMPNNTesting_V6_V2.ipynb	21	code	22	False	"# let me get PSSM values and do some comparison quickly # getting the PSSM extraction functions from my custom model data processing scripts from string import ascii_uppercase # In rare cases, some PDB files number chains with 1,2,3 instead of A,B,C def convertChainFromAlphabetToNumber(alphabet): mappingDict = {ch:(idx+1) for idx,ch in enumerate(ascii_uppercase)} return str(mappingDict[alphabet]) # Before executing this function, the PSSM files with naming format ""pdbIdchain.pssm"" needs to be stored # in the pssm_dir def returnPSSMArray(pdbIdPlusChain,pssm_dir=""train_pssm_dir"",convert_upper = False): # Currently, assuming that the pssm file names contain pdbId in upper case if convert_upper: fileName = pdbIdPlusChain.upper() + "".pssm"" else: fileName = pdbIdPlusChain + "".pssm"" try: fullPath = os.path.join(pssm_dir,fileName) f = open(fullPath) except: fileName = pdbIdPlusChain[0:4].upper() + str(convertChainFromAlphabetToNumber(pdbIdPlusChain[4])) + "".pssm"" fullPath = os.path.join(pssm_dir,fileName) f = open(fullPath) # # all the target lines in the PSSM files have (2+20+20+2=44) strings after line.split() target_lines = [line.split() for line in f.readlines() if (len(line.split()))==44] number_of_residues = len(target_lines) pssm_features = np.zeros((number_of_residues,20)) for idx,line in enumerate(target_lines): pssm_features[idx,:] = line[2:22] f.close() return pssm_features # This function also seems necessary for extracting the two pssm values # Must review the three pssm feature functions (this one and the two above) later # These functions seem to be taking up a lot o"
Ssym_ProteinMPNNTesting_V6_V2.ipynb	22	code	23	False	"pssm_predictions = [] for prot,muts in two_level_dict.items(): if prot not in proteins_to_skip: try: cur_map_dict = mapping_dict[prot] except: continue for mut in muts: # only fetching those mutations that have corresponding log-probabilities calculated and saved as values of ""log_prob"" key if ""log_prob"" in mut: pssm_predictions.append((mut[""wild_pssm""]-mut[""alternate_pssm""]))"
Ssym_ProteinMPNNTesting_V6_V2.ipynb	23	code	24	True	"experimental_energies = [] mut_wild_predictions = [] mut_min_predictions = [] entropy_predictions = [] neighbor_entropy_change_predictions = [] neighbor_energy_change_predictions = [] center_neighbor_weight_check_w_m = [] V2_backward_weighted_neighbor_backward_KL = [] sum_neighbor_embedding_change_m_w = [] neighbor_message_change_m_w = [] for prot,muts in two_level_dict.items(): if prot not in proteins_to_skip: for mut in muts: if ""center_mut_wild_energy"" in mut: experimental_energies.append(mut[""ddg""]) mut_wild_predictions.append(mut[""center_mut_wild_energy""]) mut_min_predictions.append(mut[""center_mut_max_energy""]) entropy_predictions.append(mut[""center_entropy""]) neighbor_entropy_change_predictions.append(mut[""weighted_neighbor_entropy_changes""]) neighbor_energy_change_predictions.append(mut[""weighted_neighbor_energy_changes""]) center_neighbor_weight_check_w_m.append(mut[""center_neighbor_weight_check_w_m""]) V2_backward_weighted_neighbor_backward_KL.append(mut[""V2_backward_weighted_neighbor_backward_KL""]) sum_neighbor_embedding_change_m_w.append(mut[""neighbor_embedding_change_m_w""]) neighbor_message_change_m_w.append(mut[""neighbor_message_change_m_w""]) print(len(experimental_energies),len(mut_wild_predictions)) print(pearsonr(experimental_energies,mut_wild_predictions)) print(pearsonr(experimental_energies,mut_min_predictions)) print(pearsonr(experimental_energies,entropy_predictions)) print(pearsonr(experimental_energies,neighbor_entropy_change_predictions)) print(pearsonr(experimental_energies,neighbor_energy_change_predictions)) print(pearsonr(experimental_energies,cen"
Ssym_ProteinMPNNTesting_V6_V2.ipynb	24	code		True	import pandas as pd import seaborn as sns df_Ssym = pd.DataFrame( {'DDG' : experimental_energies, 'P_DP': mut_wild_predictions, 'P_ET': entropy_predictions, 'P_DEC': pssm_predictions, 'Neighbor_Energy_Change' : neighbor_energy_change_predictions, 'Neighbor_backward_KL' : V2_backward_weighted_neighbor_backward_KL, 'Neighbor_Entropy_Change' : neighbor_entropy_change_predictions, 'neighbor_attention_change_w/m' : center_neighbor_weight_check_w_m, 'neighbor_embedding_change' : sum_neighbor_embedding_change_m_w, 'neighbor_message_change' : neighbor_message_change_m_w }) corr = df_Ssym.corr() sns.set(font_scale=1.4) sns.heatmap(corr, xticklabels=corr.columns, yticklabels=corr.columns)
proteinmpnn_quickdemo.ipynb	0	markdown		False	#ProteinMPNN This notebook is intended as a quick demo, more features to come!
proteinmpnn_quickdemo.ipynb	2	code		True	"#@title Setup Model import matplotlib.pyplot as plt import shutil import warnings import numpy as np import torch from torch import optim from torch.utils.data import DataLoader from torch.utils.data.dataset import random_split, Subset import copy import torch.nn as nn import torch.nn.functional as F import random import os.path from protein_mpnn_utils import loss_nll, loss_smoothed, gather_edges, gather_nodes, gather_nodes_t, cat_neighbors_nodes, _scores, _S_to_seq, tied_featurize, parse_PDB from protein_mpnn_utils import StructureDataset, StructureDatasetPDB, ProteinMPNN device = torch.device(""cuda:0"" if (torch.cuda.is_available()) else ""cpu"") #v_48_010=version with 48 edges 0.10A noise model_name = ""v_48_020"" #@param [""v_48_002"", ""v_48_010"", ""v_48_020"", ""v_48_030""] backbone_noise=0.00 # Standard deviation of Gaussian noise to add to backbone atoms path_to_model_weights='/content/ProteinMPNN/vanilla_proteinmpnn/vanilla_model_weights' hidden_dim = 128 num_layers = 3 model_folder_path = path_to_model_weights if model_folder_path[-1] != '/': model_folder_path = model_folder_path + '/' checkpoint_path = model_folder_path + f'{model_name}.pt' checkpoint = torch.load(checkpoint_path, map_location=device) print('Number of edges:', checkpoint['num_edges']) noise_level_print = checkpoint['noise_level'] print(f'Training noise level: {noise_level_print}A') model = ProteinMPNN(num_letters=21, node_features=hidden_dim, edge_features=hidden_dim, hidden_dim=hidden_dim, num_encoder_layers=num_layers, num_decoder_layers=num_layers, augment_eps=backbone_noise, k_neighbors=checkpoint['num_e"
proteinmpnn_quickdemo.ipynb	4	markdown		False	Examples: 1) pdb: 6MRR, homomer: False, designed_chain: A 2) pdb: 1O91, homomer: True, designed_chain: A B C, for correct symmetric tying lenghts of homomer chains should be the same
proteinmpnn_quickdemo.ipynb	5	code		True	"import re from google.colab import files import numpy as np ######################### # Have to upload my own cleaned PDB files with single chains when trying to do DDG def get_pdb(pdb_code=""""): if pdb_code is None or pdb_code == """": upload_dict = files.upload() pdb_string = upload_dict[list(upload_dict.keys())[0]] with open(""tmp.pdb"",""wb"") as out: out.write(pdb_string) return ""tmp.pdb"" else: os.system(f""wget -qnc https://files.rcsb.org/view/{pdb_code}.pdb"") return f""{pdb_code}.pdb"" #@markdown ### Input Options pdb='1O91' #@param {type:""string""} pdb_path = get_pdb(pdb) #@markdown - pdb code (leave blank to get an upload prompt) # I do not think I need to care about homomer, designed_chain, and fixed_chain stuff for # DDG since my cleaned PDB files for DDG dataset will have single chains ### DONT care START homomer = True #@param {type:""boolean""} designed_chain = ""A B C"" #@param {type:""string""} fixed_chain = """" #@param {type:""string""} if designed_chain == """": designed_chain_list = [] else: designed_chain_list = re.sub(""[^A-Za-z]+"","","", designed_chain).split("","") if fixed_chain == """": fixed_chain_list = [] else: fixed_chain_list = re.sub(""[^A-Za-z]+"","","", fixed_chain).split("","") ### DONT care END # For DDG, I can define the only chain I have in my cleaned DDG dataset PDB files # This chains in this list are parsed one by one by the chain parsing function, which is called # later in this cell chain_list = list(set(designed_chain_list + fixed_chain_list)) #@markdown - specified which chain(s) to design and which chain(s) to keep fixed. #@markdown Use comma:`A,B` to specifiy mor"
proteinmpnn_quickdemo.ipynb	6	code		True	"#@title RUN # Looking for ""all_probs_list"" and ""all_log_probs_list"" lists, and how they are calculated by interacting with the model with torch.no_grad(): print('Generating sequences...') # Each element of dataset_valid is a dictionary with keys ['seq_chain_A', 'coords_chain_A', 'name', 'num_of_chains', 'seq'], will have more keys for more chains, # here, seq_chain_A and seq are the same string, probably seq will be a concatenation of more strings when there are more chains # ""coords_chain_A"" for example is another dictionary with keys ['N_chain_A', 'CA_chain_A', 'C_chain_A', 'O_chain_A'], and values lists probably (x,y,z) values coordinated with seq for ix, protein in enumerate(dataset_valid): score_list = [] all_probs_list = [] all_log_probs_list = [] # S_sample_list will contain the sampled sequences S_sample_list = [] # ""BATCH_COPIES"" defines the number of sequences to be sampled through a single call to the model forward in the next cell # Here protein is a dictionary with keys ['seq_chain_A', 'coords_chain_A', 'name', 'num_of_chains', 'seq'] batch_clones = [copy.deepcopy(protein) for i in range(BATCH_COPIES)] # Most of the options sent to ""tied_featurize"" function will be set to None for my usecase involving single chain predictions without any PSSM information # ""masked_list_list"" contains names of the designable chains (which is my target for single chain energy), whereas ""visible_list_list"" # contains names of the fixed chains (which should be empty for my single chain energy) # for my single chain energy case, ""letter_list_list"" should be equal to ""masked_list_lis"
